,p_mp
2023-01-01 00:00:00,-0.0
2023-01-01 01:00:00,4.0576170013227274e-42
2023-01-01 02:00:00,4.1884545419838986e-43
2023-01-01 03:00:00,6.529157535774251e-42
2023-01-01 04:00:00,210.19199144363276
2023-01-01 05:00:00,1029.9881995039243
2023-01-01 06:00:00,842.0197130050669
2023-01-01 07:00:00,1368.3765775266052
2023-01-01 08:00:00,1310.5007813094255
2023-01-01 09:00:00,1483.6613931659983
2023-01-01 10:00:00,1536.931974400947
2023-01-01 11:00:00,1582.4217464745943
2023-01-01 12:00:00,737.272171289303
2023-01-01 13:00:00,1774.4333071796302
2023-01-01 14:00:00,549.3166632449237
2023-01-01 15:00:00,584.7913564577065
2023-01-01 16:00:00,213.01247096588534
2023-01-01 17:00:00,0.0
2023-01-01 18:00:00,-0.0
2023-01-01 19:00:00,6.142262694261102e-43
2023-01-01 20:00:00,0.0
2023-01-01 21:00:00,-0.0
2023-01-01 22:00:00,-0.0
2023-01-01 23:00:00,-0.0
2023-01-02 00:00:00,5.192180774626863e-42
2023-01-02 01:00:00,-0.0
2023-01-02 02:00:00,-0.0
2023-01-02 03:00:00,0.0
2023-01-02 04:00:00,279.89249376725155
2023-01-02 05:00:00,1019.4076463149959
2023-01-02 06:00:00,1603.460176126838
2023-01-02 07:00:00,1919.2823653005441
2023-01-02 08:00:00,2154.4319070775605
2023-01-02 09:00:00,2206.0899972636985
2023-01-02 10:00:00,2238.481777986148
2023-01-02 11:00:00,2124.550362121918
2023-01-02 12:00:00,1774.6854138922743
2023-01-02 13:00:00,1660.7009432386346
2023-01-02 14:00:00,1378.0727735620167
2023-01-02 15:00:00,789.0196653061652
2023-01-02 16:00:00,212.4184081201979
2023-01-02 17:00:00,-0.0
2023-01-02 18:00:00,-0.0
2023-01-02 19:00:00,0.0
2023-01-02 20:00:00,-0.0
2023-01-02 21:00:00,-0.0
2023-01-02 22:00:00,0.0
2023-01-02 23:00:00,-0.0
2023-01-03 00:00:00,0.0
2023-01-03 01:00:00,3.171525047407186e-42
2023-01-03 02:00:00,-0.0
2023-01-03 03:00:00,0.0
2023-01-03 04:00:00,264.7140701297867
2023-01-03 05:00:00,1000.4127358908468
2023-01-03 06:00:00,1536.446899193742
2023-01-03 07:00:00,1776.7726623145031
2023-01-03 08:00:00,2059.288559907088
2023-01-03 09:00:00,2119.1949105615204
2023-01-03 10:00:00,2229.780276191461
2023-01-03 11:00:00,2107.732720581372
2023-01-03 12:00:00,2009.5915109088035
2023-01-03 13:00:00,1646.026714091921
2023-01-03 14:00:00,1146.6978263160968
2023-01-03 15:00:00,719.7618249984822
2023-01-03 16:00:00,121.04144901385469
2023-01-03 17:00:00,-0.0
2023-01-03 18:00:00,-0.0
2023-01-03 19:00:00,7.251668239539245e-42
2023-01-03 20:00:00,0.0
2023-01-03 21:00:00,-0.0
2023-01-03 22:00:00,0.0
2023-01-03 23:00:00,-0.0
2023-01-04 00:00:00,-0.0
2023-01-04 01:00:00,-0.0
2023-01-04 02:00:00,-0.0
2023-01-04 03:00:00,-0.0
2023-01-04 04:00:00,256.0235262403909
2023-01-04 05:00:00,945.8778025943958
2023-01-04 06:00:00,1535.883382484062
2023-01-04 07:00:00,1839.8363972263423
2023-01-04 08:00:00,2106.4800741878457
2023-01-04 09:00:00,2193.038596198962
2023-01-04 10:00:00,2199.5777965260327
2023-01-04 11:00:00,2107.3051583419187
2023-01-04 12:00:00,1963.834196650172
2023-01-04 13:00:00,1731.0208215468476
2023-01-04 14:00:00,274.4703387397734
2023-01-04 15:00:00,372.1396130653458
2023-01-04 16:00:00,144.99278597027657
2023-01-04 17:00:00,-0.0
2023-01-04 18:00:00,-0.0
2023-01-04 19:00:00,-0.0
2023-01-04 20:00:00,-0.0
2023-01-04 21:00:00,6.245885393914972e-42
2023-01-04 22:00:00,9.10833644321612e-42
2023-01-04 23:00:00,-0.0
2023-01-05 00:00:00,0.0
2023-01-05 01:00:00,-0.0
2023-01-05 02:00:00,-0.0
2023-01-05 03:00:00,-0.0
2023-01-05 04:00:00,32.16688440837336
2023-01-05 05:00:00,85.23315626891592
2023-01-05 06:00:00,529.3018227469637
2023-01-05 07:00:00,1169.6633487347324
2023-01-05 08:00:00,1658.411438831078
2023-01-05 09:00:00,1584.1483545297162
2023-01-05 10:00:00,1624.8088860344644
2023-01-05 11:00:00,1182.2501433689808
2023-01-05 12:00:00,875.4069316204299
2023-01-05 13:00:00,505.82007850563394
2023-01-05 14:00:00,570.451102336341
2023-01-05 15:00:00,278.1967188675527
2023-01-05 16:00:00,152.23257674343296
2023-01-05 17:00:00,6.112788271059002e-42
2023-01-05 18:00:00,-0.0
2023-01-05 19:00:00,0.0
2023-01-05 20:00:00,9.705274788237706e-42
2023-01-05 21:00:00,1.0718768737055677e-41
2023-01-05 22:00:00,-0.0
2023-01-05 23:00:00,7.158722433492477e-42
2023-01-06 00:00:00,4.156909590006158e-42
2023-01-06 01:00:00,-0.0
2023-01-06 02:00:00,0.0
2023-01-06 03:00:00,-0.0
2023-01-06 04:00:00,32.475582532187076
2023-01-06 05:00:00,86.48378374839668
2023-01-06 06:00:00,243.41269055516415
2023-01-06 07:00:00,376.646424395899
2023-01-06 08:00:00,518.9741930727208
2023-01-06 09:00:00,1411.0485539477268
2023-01-06 10:00:00,1244.463302168106
2023-01-06 11:00:00,802.1022100397024
2023-01-06 12:00:00,600.2444591579122
2023-01-06 13:00:00,665.9971980187087
2023-01-06 14:00:00,211.69330178924267
2023-01-06 15:00:00,183.7032948459885
2023-01-06 16:00:00,176.38281627069938
2023-01-06 17:00:00,-0.0
2023-01-06 18:00:00,0.0
2023-01-06 19:00:00,4.8271924871905874e-42
2023-01-06 20:00:00,0.0
2023-01-06 21:00:00,-0.0
2023-01-06 22:00:00,1.6690742061889378e-42
2023-01-06 23:00:00,-0.0
2023-01-07 00:00:00,-0.0
2023-01-07 01:00:00,0.0
2023-01-07 02:00:00,3.638756170190372e-42
2023-01-07 03:00:00,-0.0
2023-01-07 04:00:00,201.88802718354768
2023-01-07 05:00:00,201.4810782932177
2023-01-07 06:00:00,617.105427625095
2023-01-07 07:00:00,1091.8602695269763
2023-01-07 08:00:00,1690.0727125386784
2023-01-07 09:00:00,1332.9672410037037
2023-01-07 10:00:00,1631.4393764536871
2023-01-07 11:00:00,1883.867177020845
2023-01-07 12:00:00,2091.4662445731306
2023-01-07 13:00:00,823.6651337650811
2023-01-07 14:00:00,489.28679016042645
2023-01-07 15:00:00,849.2306882613033
2023-01-07 16:00:00,213.62099039219805
2023-01-07 17:00:00,3.4070305712249105e-43
2023-01-07 18:00:00,-0.0
2023-01-07 19:00:00,-0.0
2023-01-07 20:00:00,-0.0
2023-01-07 21:00:00,0.0
2023-01-07 22:00:00,0.0
2023-01-07 23:00:00,-0.0
2023-01-08 00:00:00,0.0
2023-01-08 01:00:00,0.0
2023-01-08 02:00:00,0.0
2023-01-08 03:00:00,-0.0
2023-01-08 04:00:00,233.47351011507664
2023-01-08 05:00:00,944.7009201867979
2023-01-08 06:00:00,1469.2527267249432
2023-01-08 07:00:00,1712.7569609018797
2023-01-08 08:00:00,2061.5328234512012
2023-01-08 09:00:00,1991.9751715748498
2023-01-08 10:00:00,1867.284859007596
2023-01-08 11:00:00,2145.9383998066737
2023-01-08 12:00:00,1887.3584649071465
2023-01-08 13:00:00,1778.2319039986207
2023-01-08 14:00:00,1436.7001921341478
2023-01-08 15:00:00,882.148382026699
2023-01-08 16:00:00,214.84734205403592
2023-01-08 17:00:00,-0.0
2023-01-08 18:00:00,-0.0
2023-01-08 19:00:00,-0.0
2023-01-08 20:00:00,0.0
2023-01-08 21:00:00,0.0
2023-01-08 22:00:00,-0.0
2023-01-08 23:00:00,-0.0
2023-01-09 00:00:00,0.0
2023-01-09 01:00:00,2.7711107724487223e-42
2023-01-09 02:00:00,-0.0
2023-01-09 03:00:00,8.522629760710419e-43
2023-01-09 04:00:00,256.51323241461597
2023-01-09 05:00:00,958.1332845304886
2023-01-09 06:00:00,1563.326892958812
2023-01-09 07:00:00,1890.819942997529
2023-01-09 08:00:00,2089.1927152510275
2023-01-09 09:00:00,2216.042930891296
2023-01-09 10:00:00,2239.258598823982
2023-01-09 11:00:00,2157.71700869858
2023-01-09 12:00:00,2021.2105480002913
2023-01-09 13:00:00,1783.206796300769
2023-01-09 14:00:00,1454.2107125706539
2023-01-09 15:00:00,847.4958730072266
2023-01-09 16:00:00,207.38856112258978
2023-01-09 17:00:00,4.069513056798743e-42
2023-01-09 18:00:00,0.0
2023-01-09 19:00:00,-0.0
2023-01-09 20:00:00,8.495781180668688e-42
2023-01-09 21:00:00,-0.0
2023-01-09 22:00:00,0.0
2023-01-09 23:00:00,0.0
2023-01-10 00:00:00,0.0
2023-01-10 01:00:00,-0.0
2023-01-10 02:00:00,-0.0
2023-01-10 03:00:00,0.0
2023-01-10 04:00:00,264.7103958931759
2023-01-10 05:00:00,937.7404150322229
2023-01-10 06:00:00,1526.2470194507446
2023-01-10 07:00:00,1846.2809931664576
2023-01-10 08:00:00,2028.594140062963
2023-01-10 09:00:00,2158.7148877579825
2023-01-10 10:00:00,2186.317051610846
2023-01-10 11:00:00,2121.923996038163
2023-01-10 12:00:00,1997.2893355226008
2023-01-10 13:00:00,1770.693741103617
2023-01-10 14:00:00,1448.635551154491
2023-01-10 15:00:00,847.0458582407447
2023-01-10 16:00:00,195.81564789044782
2023-01-10 17:00:00,8.260155537732379e-42
2023-01-10 18:00:00,-0.0
2023-01-10 19:00:00,0.0
2023-01-10 20:00:00,-0.0
2023-01-10 21:00:00,-0.0
2023-01-10 22:00:00,-0.0
2023-01-10 23:00:00,0.0
2023-01-11 00:00:00,-0.0
2023-01-11 01:00:00,0.0
2023-01-11 02:00:00,0.0
2023-01-11 03:00:00,0.0
2023-01-11 04:00:00,86.05202159746298
2023-01-11 05:00:00,271.6980245831645
2023-01-11 06:00:00,630.8437587780456
2023-01-11 07:00:00,1402.346909088373
2023-01-11 08:00:00,1792.59609185879
2023-01-11 09:00:00,2094.040828648772
2023-01-11 10:00:00,2203.991389169848
2023-01-11 11:00:00,2143.333135449294
2023-01-11 12:00:00,2017.6227358588287
2023-01-11 13:00:00,1787.0780681324795
2023-01-11 14:00:00,1461.390275740242
2023-01-11 15:00:00,872.626326290094
2023-01-11 16:00:00,211.44541392297918
2023-01-11 17:00:00,-0.0
2023-01-11 18:00:00,7.998000633430971e-42
2023-01-11 19:00:00,-0.0
2023-01-11 20:00:00,-0.0
2023-01-11 21:00:00,0.0
2023-01-11 22:00:00,1.1284298565487192e-41
2023-01-11 23:00:00,0.0
2023-01-12 00:00:00,0.0
2023-01-12 01:00:00,-0.0
2023-01-12 02:00:00,-0.0
2023-01-12 03:00:00,0.0
2023-01-12 04:00:00,189.00633942848464
2023-01-12 05:00:00,521.531510758053
2023-01-12 06:00:00,1410.5092452901686
2023-01-12 07:00:00,1785.094996969642
2023-01-12 08:00:00,1998.4181719184091
2023-01-12 09:00:00,2120.7149867132057
2023-01-12 10:00:00,2172.8156418745975
2023-01-12 11:00:00,2125.4436932220597
2023-01-12 12:00:00,2013.2944376055088
2023-01-12 13:00:00,1788.8413366187763
2023-01-12 14:00:00,1464.8883133344443
2023-01-12 15:00:00,887.8240918330677
2023-01-12 16:00:00,208.89365039214272
2023-01-12 17:00:00,-0.0
2023-01-12 18:00:00,0.0
2023-01-12 19:00:00,0.0
2023-01-12 20:00:00,-0.0
2023-01-12 21:00:00,0.0
2023-01-12 22:00:00,-0.0
2023-01-12 23:00:00,-0.0
2023-01-13 00:00:00,-0.0
2023-01-13 01:00:00,-0.0
2023-01-13 02:00:00,-0.0
2023-01-13 03:00:00,-0.0
2023-01-13 04:00:00,149.51207828425726
2023-01-13 05:00:00,911.4543494491427
2023-01-13 06:00:00,1339.792682495671
2023-01-13 07:00:00,1483.0254836359022
2023-01-13 08:00:00,1941.2197639849062
2023-01-13 09:00:00,2151.960271287078
2023-01-13 10:00:00,2158.1113935485237
2023-01-13 11:00:00,2106.7568250627837
2023-01-13 12:00:00,1973.9752599621524
2023-01-13 13:00:00,1745.4855116861447
2023-01-13 14:00:00,1404.1441097965771
2023-01-13 15:00:00,831.3932726338338
2023-01-13 16:00:00,165.90283912634686
2023-01-13 17:00:00,8.763909287489233e-42
2023-01-13 18:00:00,-0.0
2023-01-13 19:00:00,0.0
2023-01-13 20:00:00,-0.0
2023-01-13 21:00:00,-0.0
2023-01-13 22:00:00,6.112788271059002e-42
2023-01-13 23:00:00,-0.0
2023-01-14 00:00:00,0.0
2023-01-14 01:00:00,-0.0
2023-01-14 02:00:00,-0.0
2023-01-14 03:00:00,5.91464950720177e-43
2023-01-14 04:00:00,237.3910264660744
2023-01-14 05:00:00,904.902603209884
2023-01-14 06:00:00,1478.8189707387244
2023-01-14 07:00:00,1735.4029188005388
2023-01-14 08:00:00,1941.413740867381
2023-01-14 09:00:00,2105.702076375831
2023-01-14 10:00:00,2131.629215046201
2023-01-14 11:00:00,2077.6298209123042
2023-01-14 12:00:00,1925.7875626862797
2023-01-14 13:00:00,1680.9368673969632
2023-01-14 14:00:00,1414.4224289636297
2023-01-14 15:00:00,862.9325941782132
2023-01-14 16:00:00,205.49530981992012
2023-01-14 17:00:00,-0.0
2023-01-14 18:00:00,0.0
2023-01-14 19:00:00,-0.0
2023-01-14 20:00:00,0.0
2023-01-14 21:00:00,0.0
2023-01-14 22:00:00,2.4012453866864942e-42
2023-01-14 23:00:00,-0.0
2023-01-15 00:00:00,-0.0
2023-01-15 01:00:00,-0.0
2023-01-15 02:00:00,-0.0
2023-01-15 03:00:00,-0.0
2023-01-15 04:00:00,230.30405346801246
2023-01-15 05:00:00,864.5475674286982
2023-01-15 06:00:00,1401.4079054051958
2023-01-15 07:00:00,1770.603994084274
2023-01-15 08:00:00,1928.3917978745085
2023-01-15 09:00:00,2054.2056902380637
2023-01-15 10:00:00,2098.922520055098
2023-01-15 11:00:00,2074.740666535152
2023-01-15 12:00:00,1941.7807720060975
2023-01-15 13:00:00,1713.7614873790424
2023-01-15 14:00:00,1400.172806335754
2023-01-15 15:00:00,854.502950009874
2023-01-15 16:00:00,206.00035270030767
2023-01-15 17:00:00,3.2922262151363807e-41
2023-01-15 18:00:00,-0.0
2023-01-15 19:00:00,-0.0
2023-01-15 20:00:00,0.0
2023-01-15 21:00:00,0.0
2023-01-15 22:00:00,-0.0
2023-01-15 23:00:00,-0.0
2023-01-16 00:00:00,-0.0
2023-01-16 01:00:00,0.0
2023-01-16 02:00:00,0.0
2023-01-16 03:00:00,-0.0
2023-01-16 04:00:00,237.64614702344682
2023-01-16 05:00:00,876.7712131204484
2023-01-16 06:00:00,1319.2686425569875
2023-01-16 07:00:00,1692.7937995446841
2023-01-16 08:00:00,1876.040570244459
2023-01-16 09:00:00,2038.2023635383841
2023-01-16 10:00:00,2097.215036100597
2023-01-16 11:00:00,2037.664456743492
2023-01-16 12:00:00,1933.3541939992522
2023-01-16 13:00:00,1676.825122013143
2023-01-16 14:00:00,1387.727135268361
2023-01-16 15:00:00,868.6878891756506
2023-01-16 16:00:00,192.77763867569652
2023-01-16 17:00:00,-0.0
2023-01-16 18:00:00,-0.0
2023-01-16 19:00:00,-0.0
2023-01-16 20:00:00,-0.0
2023-01-16 21:00:00,-0.0
2023-01-16 22:00:00,0.0
2023-01-16 23:00:00,7.936337072591366e-42
2023-01-17 00:00:00,0.0
2023-01-17 01:00:00,1.0191228660423426e-41
2023-01-17 02:00:00,-0.0
2023-01-17 03:00:00,-0.0
2023-01-17 04:00:00,231.49665312950765
2023-01-17 05:00:00,716.858271860636
2023-01-17 06:00:00,1424.071331955407
2023-01-17 07:00:00,1760.9806388304198
2023-01-17 08:00:00,1956.4763562883825
2023-01-17 09:00:00,2099.3973075734825
2023-01-17 10:00:00,2133.8886555387644
2023-01-17 11:00:00,2072.511514696331
2023-01-17 12:00:00,1931.1819303674756
2023-01-17 13:00:00,1634.2317318429446
2023-01-17 14:00:00,1161.802709404467
2023-01-17 15:00:00,798.2682854101206
2023-01-17 16:00:00,202.59973101736026
2023-01-17 17:00:00,-0.0
2023-01-17 18:00:00,2.1619840116952732e-43
2023-01-17 19:00:00,-0.0
2023-01-17 20:00:00,-0.0
2023-01-17 21:00:00,8.198444994811897e-42
2023-01-17 22:00:00,0.0
2023-01-17 23:00:00,0.0
2023-01-18 00:00:00,-0.0
2023-01-18 01:00:00,-0.0
2023-01-18 02:00:00,0.0
2023-01-18 03:00:00,-0.0
2023-01-18 04:00:00,120.33522016236925
2023-01-18 05:00:00,512.2529980528102
2023-01-18 06:00:00,1118.9643770884963
2023-01-18 07:00:00,1725.382311230498
2023-01-18 08:00:00,1863.831881589671
2023-01-18 09:00:00,2019.0879093073652
2023-01-18 10:00:00,2063.328335838463
2023-01-18 11:00:00,1832.906273902381
2023-01-18 12:00:00,1875.4346395134771
2023-01-18 13:00:00,1612.4350860242478
2023-01-18 14:00:00,1310.2361319941608
2023-01-18 15:00:00,842.415639759535
2023-01-18 16:00:00,201.30811553006293
2023-01-18 17:00:00,-0.0
2023-01-18 18:00:00,-0.0
2023-01-18 19:00:00,0.0
2023-01-18 20:00:00,-0.0
2023-01-18 21:00:00,0.0
2023-01-18 22:00:00,-0.0
2023-01-18 23:00:00,-0.0
2023-01-19 00:00:00,-0.0
2023-01-19 01:00:00,0.0
2023-01-19 02:00:00,0.0
2023-01-19 03:00:00,0.0
2023-01-19 04:00:00,215.92095566889466
2023-01-19 05:00:00,852.6667393578945
2023-01-19 06:00:00,1424.8827533175515
2023-01-19 07:00:00,1758.3184928862754
2023-01-19 08:00:00,1954.758477408057
2023-01-19 09:00:00,2071.4084848663574
2023-01-19 10:00:00,2097.857012850049
2023-01-19 11:00:00,2022.8366559222363
2023-01-19 12:00:00,1888.1144880214881
2023-01-19 13:00:00,1652.51273619405
2023-01-19 14:00:00,1358.5796894779205
2023-01-19 15:00:00,843.5522634430678
2023-01-19 16:00:00,195.8097642687479
2023-01-19 17:00:00,-0.0
2023-01-19 18:00:00,-0.0
2023-01-19 19:00:00,0.0
2023-01-19 20:00:00,-0.0
2023-01-19 21:00:00,-0.0
2023-01-19 22:00:00,-0.0
2023-01-19 23:00:00,-0.0
2023-01-20 00:00:00,-0.0
2023-01-20 01:00:00,-0.0
2023-01-20 02:00:00,1.0145784960403777e-41
2023-01-20 03:00:00,0.0
2023-01-20 04:00:00,150.2838606339966
2023-01-20 05:00:00,346.9594936747923
2023-01-20 06:00:00,566.6244466479114
2023-01-20 07:00:00,932.3113635612502
2023-01-20 08:00:00,1779.6747370323662
2023-01-20 09:00:00,1977.5945994748288
2023-01-20 10:00:00,2014.0103712516343
2023-01-20 11:00:00,1882.7524396705878
2023-01-20 12:00:00,1803.7772057634181
2023-01-20 13:00:00,1663.630726818998
2023-01-20 14:00:00,1311.8975238692656
2023-01-20 15:00:00,860.4620504909958
2023-01-20 16:00:00,197.88234911337037
2023-01-20 17:00:00,3.414675541021465e-42
2023-01-20 18:00:00,6.397035814373106e-43
2023-01-20 19:00:00,5.975412931009123e-42
2023-01-20 20:00:00,-0.0
2023-01-20 21:00:00,-0.0
2023-01-20 22:00:00,-0.0
2023-01-20 23:00:00,-0.0
2023-01-21 00:00:00,0.0
2023-01-21 01:00:00,-0.0
2023-01-21 02:00:00,-0.0
2023-01-21 03:00:00,-0.0
2023-01-21 04:00:00,218.8097049297402
2023-01-21 05:00:00,834.3202986833818
2023-01-21 06:00:00,1404.1006751697685
2023-01-21 07:00:00,1723.0554969422747
2023-01-21 08:00:00,1921.4568698824833
2023-01-21 09:00:00,2034.7837138827551
2023-01-21 10:00:00,2078.820835137779
2023-01-21 11:00:00,2024.8458518932687
2023-01-21 12:00:00,1899.57219887246
2023-01-21 13:00:00,1684.77788332325
2023-01-21 14:00:00,1367.285292754795
2023-01-21 15:00:00,869.5439826259119
2023-01-21 16:00:00,201.4026085811475
2023-01-21 17:00:00,-0.0
2023-01-21 18:00:00,-0.0
2023-01-21 19:00:00,-0.0
2023-01-21 20:00:00,-0.0
2023-01-21 21:00:00,-0.0
2023-01-21 22:00:00,-0.0
2023-01-21 23:00:00,7.392875550756033e-42
2023-01-22 00:00:00,5.91464950720177e-43
2023-01-22 01:00:00,5.546588612931061e-42
2023-01-22 02:00:00,0.0
2023-01-22 03:00:00,0.0
2023-01-22 04:00:00,210.619293343221
2023-01-22 05:00:00,842.1302000712961
2023-01-22 06:00:00,1413.466138896107
2023-01-22 07:00:00,1732.9026876278467
2023-01-22 08:00:00,1926.8731331142458
2023-01-22 09:00:00,2041.7305346595413
2023-01-22 10:00:00,2079.203567847388
2023-01-22 11:00:00,2018.054999807226
2023-01-22 12:00:00,1892.3676670307316
2023-01-22 13:00:00,1666.7694152777544
2023-01-22 14:00:00,1340.591421814047
2023-01-22 15:00:00,905.7043120390672
2023-01-22 16:00:00,198.826628863535
2023-01-22 17:00:00,-0.0
2023-01-22 18:00:00,-0.0
2023-01-22 19:00:00,0.0
2023-01-22 20:00:00,-0.0
2023-01-22 21:00:00,-0.0
2023-01-22 22:00:00,-0.0
2023-01-22 23:00:00,6.112788271059002e-42
2023-01-23 00:00:00,7.998000633430971e-42
2023-01-23 01:00:00,0.0
2023-01-23 02:00:00,-0.0
2023-01-23 03:00:00,-0.0
2023-01-23 04:00:00,206.27198486890154
2023-01-23 05:00:00,808.9756251043538
2023-01-23 06:00:00,1331.061221747469
2023-01-23 07:00:00,1602.1494359988292
2023-01-23 08:00:00,1844.9673338965995
2023-01-23 09:00:00,1993.7465135098898
2023-01-23 10:00:00,2049.076263262991
2023-01-23 11:00:00,2003.8392067567054
2023-01-23 12:00:00,1828.9471153983259
2023-01-23 13:00:00,1664.6672167852112
2023-01-23 14:00:00,1016.6087123200358
2023-01-23 15:00:00,695.1565128062521
2023-01-23 16:00:00,197.16393653198838
2023-01-23 17:00:00,-0.0
2023-01-23 18:00:00,-0.0
2023-01-23 19:00:00,0.0
2023-01-23 20:00:00,8.490780126202532e-42
2023-01-23 21:00:00,7.936337072591366e-42
2023-01-23 22:00:00,-0.0
2023-01-23 23:00:00,5.546588612931061e-42
2023-01-24 00:00:00,0.0
2023-01-24 01:00:00,-0.0
2023-01-24 02:00:00,-0.0
2023-01-24 03:00:00,0.0
2023-01-24 04:00:00,203.87692218045734
2023-01-24 05:00:00,820.524964291804
2023-01-24 06:00:00,1374.3634626462342
2023-01-24 07:00:00,1695.269648017117
2023-01-24 08:00:00,1906.9006313812145
2023-01-24 09:00:00,2023.1871190172924
2023-01-24 10:00:00,2052.4664105401393
2023-01-24 11:00:00,1993.379101649003
2023-01-24 12:00:00,1856.7423847656264
2023-01-24 13:00:00,1646.7819512833223
2023-01-24 14:00:00,1347.8342301457926
2023-01-24 15:00:00,861.8051470408027
2023-01-24 16:00:00,195.8368652356333
2023-01-24 17:00:00,-0.0
2023-01-24 18:00:00,-0.0
2023-01-24 19:00:00,-0.0
2023-01-24 20:00:00,-0.0
2023-01-24 21:00:00,-0.0
2023-01-24 22:00:00,0.0
2023-01-24 23:00:00,0.0
2023-01-25 00:00:00,-0.0
2023-01-25 01:00:00,0.0
2023-01-25 02:00:00,-0.0
2023-01-25 03:00:00,-0.0
2023-01-25 04:00:00,186.1216018042802
2023-01-25 05:00:00,285.9418738660373
2023-01-25 06:00:00,754.9930875038484
2023-01-25 07:00:00,1566.0255778177104
2023-01-25 08:00:00,1908.9852884784282
2023-01-25 09:00:00,2054.740039037301
2023-01-25 10:00:00,2079.398157091187
2023-01-25 11:00:00,1786.1470850433097
2023-01-25 12:00:00,1506.7869691172966
2023-01-25 13:00:00,1662.818117725421
2023-01-25 14:00:00,1348.289767269587
2023-01-25 15:00:00,838.8878681433202
2023-01-25 16:00:00,197.0720749981812
2023-01-25 17:00:00,-0.0
2023-01-25 18:00:00,0.0
2023-01-25 19:00:00,-0.0
2023-01-25 20:00:00,-0.0
2023-01-25 21:00:00,-0.0
2023-01-25 22:00:00,-0.0
2023-01-25 23:00:00,-0.0
2023-01-26 00:00:00,-0.0
2023-01-26 01:00:00,0.0
2023-01-26 02:00:00,0.0
2023-01-26 03:00:00,-0.0
2023-01-26 04:00:00,156.76316036125453
2023-01-26 05:00:00,112.9719246192208
2023-01-26 06:00:00,791.0020514168168
2023-01-26 07:00:00,1562.9940413291877
2023-01-26 08:00:00,1806.8707492918068
2023-01-26 09:00:00,1989.6128372729697
2023-01-26 10:00:00,2052.822490982412
2023-01-26 11:00:00,1980.109815727714
2023-01-26 12:00:00,1839.5645202027908
2023-01-26 13:00:00,1550.9044699327033
2023-01-26 14:00:00,1334.1909350945296
2023-01-26 15:00:00,810.5360154687637
2023-01-26 16:00:00,192.49321272094681
2023-01-26 17:00:00,-0.0
2023-01-26 18:00:00,0.0
2023-01-26 19:00:00,6.112788271059002e-42
2023-01-26 20:00:00,2.21208108318978e-42
2023-01-26 21:00:00,1.0888330117175561e-41
2023-01-26 22:00:00,0.0
2023-01-26 23:00:00,-0.0
2023-01-27 00:00:00,-0.0
2023-01-27 01:00:00,0.0
2023-01-27 02:00:00,0.0
2023-01-27 03:00:00,1.6400347353439296e-42
2023-01-27 04:00:00,53.662722525285346
2023-01-27 05:00:00,499.5763159659782
2023-01-27 06:00:00,701.3830677912242
2023-01-27 07:00:00,682.0315124871111
2023-01-27 08:00:00,1185.849983196551
2023-01-27 09:00:00,1874.9639752317207
2023-01-27 10:00:00,2018.3178887420474
2023-01-27 11:00:00,1875.841071906207
2023-01-27 12:00:00,1761.1236204411498
2023-01-27 13:00:00,1523.2666180861472
2023-01-27 14:00:00,1165.466645220364
2023-01-27 15:00:00,868.9727266134138
2023-01-27 16:00:00,193.73974411416927
2023-01-27 17:00:00,-0.0
2023-01-27 18:00:00,1.2122933154816153e-41
2023-01-27 19:00:00,-0.0
2023-01-27 20:00:00,7.251668239539245e-42
2023-01-27 21:00:00,-0.0
2023-01-27 22:00:00,-0.0
2023-01-27 23:00:00,-0.0
2023-01-28 00:00:00,-0.0
2023-01-28 01:00:00,-0.0
2023-01-28 02:00:00,0.0
2023-01-28 03:00:00,0.0
2023-01-28 04:00:00,185.24381413067312
2023-01-28 05:00:00,785.3939775049962
2023-01-28 06:00:00,1312.3943045839771
2023-01-28 07:00:00,1619.4950578300434
2023-01-28 08:00:00,1830.9271582095796
2023-01-28 09:00:00,1954.5674368317464
2023-01-28 10:00:00,1990.1078416597982
2023-01-28 11:00:00,1938.1607506735966
2023-01-28 12:00:00,1813.055293722334
2023-01-28 13:00:00,1614.002500736411
2023-01-28 14:00:00,1316.7730440540972
2023-01-28 15:00:00,838.2762950534733
2023-01-28 16:00:00,187.99642936600304
2023-01-28 17:00:00,1.0993748519557085e-41
2023-01-28 18:00:00,-0.0
2023-01-28 19:00:00,-0.0
2023-01-28 20:00:00,-0.0
2023-01-28 21:00:00,-0.0
2023-01-28 22:00:00,0.0
2023-01-28 23:00:00,-0.0
2023-01-29 00:00:00,-0.0
2023-01-29 01:00:00,-0.0
2023-01-29 02:00:00,7.035567378620773e-42
2023-01-29 03:00:00,-0.0
2023-01-29 04:00:00,180.55577870634352
2023-01-29 05:00:00,84.66174451940103
2023-01-29 06:00:00,275.6688385995246
2023-01-29 07:00:00,820.9775219719371
2023-01-29 08:00:00,1296.2989008495792
2023-01-29 09:00:00,559.2355912348452
2023-01-29 10:00:00,1201.7529442686998
2023-01-29 11:00:00,1068.1953057220198
2023-01-29 12:00:00,463.8181423240605
2023-01-29 13:00:00,230.70470477720622
2023-01-29 14:00:00,618.5752943273583
2023-01-29 15:00:00,349.33269754522
2023-01-29 16:00:00,71.73404180118968
2023-01-29 17:00:00,3.7862614632653134e-42
2023-01-29 18:00:00,-0.0
2023-01-29 19:00:00,-0.0
2023-01-29 20:00:00,-0.0
2023-01-29 21:00:00,0.0
2023-01-29 22:00:00,0.0
2023-01-29 23:00:00,-0.0
2023-01-30 00:00:00,0.0
2023-01-30 01:00:00,3.372534557448496e-42
2023-01-30 02:00:00,6.142262694261102e-43
2023-01-30 03:00:00,-0.0
2023-01-30 04:00:00,27.323465111972606
2023-01-30 05:00:00,72.52493098835413
2023-01-30 06:00:00,335.81016617699066
2023-01-30 07:00:00,1620.935241155045
2023-01-30 08:00:00,1679.7402314621374
2023-01-30 09:00:00,1230.948876095819
2023-01-30 10:00:00,411.9565524239031
2023-01-30 11:00:00,412.56642365967485
2023-01-30 12:00:00,766.2541243738035
2023-01-30 13:00:00,397.15522440472387
2023-01-30 14:00:00,781.0375677891794
2023-01-30 15:00:00,193.45870002531046
2023-01-30 16:00:00,98.29690115973288
2023-01-30 17:00:00,-0.0
2023-01-30 18:00:00,-0.0
2023-01-30 19:00:00,0.0
2023-01-30 20:00:00,-0.0
2023-01-30 21:00:00,0.0
2023-01-30 22:00:00,-0.0
2023-01-30 23:00:00,-0.0
2023-01-31 00:00:00,-0.0
2023-01-31 01:00:00,-0.0
2023-01-31 02:00:00,-0.0
2023-01-31 03:00:00,-0.0
2023-01-31 04:00:00,19.357316197362795
2023-01-31 05:00:00,161.30225259149677
2023-01-31 06:00:00,480.2752431944361
2023-01-31 07:00:00,945.1849062923388
2023-01-31 08:00:00,1413.7908109560885
2023-01-31 09:00:00,1859.3116744357126
2023-01-31 10:00:00,1790.811292323246
2023-01-31 11:00:00,824.8118530374412
2023-01-31 12:00:00,1551.5616783225369
2023-01-31 13:00:00,1185.049708922462
2023-01-31 14:00:00,466.0510478429046
2023-01-31 15:00:00,284.1970501561369
2023-01-31 16:00:00,131.0073818234093
2023-01-31 17:00:00,0.0
2023-01-31 18:00:00,-0.0
2023-01-31 19:00:00,0.0
2023-01-31 20:00:00,0.0
2023-01-31 21:00:00,2.4012453866864942e-42
2023-01-31 22:00:00,-0.0
2023-01-31 23:00:00,9.44999326086756e-43
2023-02-01 00:00:00,-0.0
2023-02-01 01:00:00,-0.0
2023-02-01 02:00:00,-0.0
2023-02-01 03:00:00,-0.0
2023-02-01 04:00:00,16.84778257899047
2023-02-01 05:00:00,159.2959948288034
2023-02-01 06:00:00,172.78286763046378
2023-02-01 07:00:00,555.830426296874
2023-02-01 08:00:00,1055.9209716581558
2023-02-01 09:00:00,1857.6289402263974
2023-02-01 10:00:00,1265.2506298210897
2023-02-01 11:00:00,644.9988832403681
2023-02-01 12:00:00,1343.1617457921159
2023-02-01 13:00:00,339.92874468378824
2023-02-01 14:00:00,126.692609274118
2023-02-01 15:00:00,410.4447427671304
2023-02-01 16:00:00,39.50186948342863
2023-02-01 17:00:00,0.0
2023-02-01 18:00:00,-0.0
2023-02-01 19:00:00,-0.0
2023-02-01 20:00:00,-0.0
2023-02-01 21:00:00,-0.0
2023-02-01 22:00:00,-0.0
2023-02-01 23:00:00,-0.0
2023-02-02 00:00:00,-0.0
2023-02-02 01:00:00,-0.0
2023-02-02 02:00:00,0.0
2023-02-02 03:00:00,-0.0
2023-02-02 04:00:00,26.957551316255692
2023-02-02 05:00:00,498.9583275370366
2023-02-02 06:00:00,712.188356553836
2023-02-02 07:00:00,1411.4239913572428
2023-02-02 08:00:00,1489.6336251865123
2023-02-02 09:00:00,590.7924330545752
2023-02-02 10:00:00,999.8349255893626
2023-02-02 11:00:00,1872.917795861896
2023-02-02 12:00:00,1766.611593336733
2023-02-02 13:00:00,1414.5791890258745
2023-02-02 14:00:00,126.59758920972149
2023-02-02 15:00:00,73.3253483852654
2023-02-02 16:00:00,29.223584474485985
2023-02-02 17:00:00,-0.0
2023-02-02 18:00:00,7.936337072591366e-42
2023-02-02 19:00:00,0.0
2023-02-02 20:00:00,-0.0
2023-02-02 21:00:00,-0.0
2023-02-02 22:00:00,0.0
2023-02-02 23:00:00,0.0
2023-02-03 00:00:00,-0.0
2023-02-03 01:00:00,-0.0
2023-02-03 02:00:00,-0.0
2023-02-03 03:00:00,-0.0
2023-02-03 04:00:00,128.1739499187721
2023-02-03 05:00:00,138.9895122562334
2023-02-03 06:00:00,278.10971128744757
2023-02-03 07:00:00,843.926641096279
2023-02-03 08:00:00,1431.4537170366614
2023-02-03 09:00:00,1301.4164264270814
2023-02-03 10:00:00,798.6401686790606
2023-02-03 11:00:00,1681.6362646931223
2023-02-03 12:00:00,556.5957257954068
2023-02-03 13:00:00,414.7080398613878
2023-02-03 14:00:00,212.3282462425233
2023-02-03 15:00:00,71.51183333108479
2023-02-03 16:00:00,29.461793791729587
2023-02-03 17:00:00,9.10833644321612e-42
2023-02-03 18:00:00,-0.0
2023-02-03 19:00:00,9.10833644321612e-42
2023-02-03 20:00:00,1.3789011317838301e-42
2023-02-03 21:00:00,-0.0
2023-02-03 22:00:00,-0.0
2023-02-03 23:00:00,-0.0
2023-02-04 00:00:00,-0.0
2023-02-04 01:00:00,-0.0
2023-02-04 02:00:00,1.546658957938982e-41
2023-02-04 03:00:00,-0.0
2023-02-04 04:00:00,120.86069104044954
2023-02-04 05:00:00,721.9879432970603
2023-02-04 06:00:00,1275.8108333861485
2023-02-04 07:00:00,1498.5459547457463
2023-02-04 08:00:00,1665.1301957143212
2023-02-04 09:00:00,1558.6865554238634
2023-02-04 10:00:00,1913.5123003559495
2023-02-04 11:00:00,1856.2281306948846
2023-02-04 12:00:00,1775.3348431003783
2023-02-04 13:00:00,1555.8106118286419
2023-02-04 14:00:00,1200.3430957961484
2023-02-04 15:00:00,718.0957345467929
2023-02-04 16:00:00,169.34253253817758
2023-02-04 17:00:00,0.0
2023-02-04 18:00:00,9.301562374896311e-42
2023-02-04 19:00:00,0.0
2023-02-04 20:00:00,-0.0
2023-02-04 21:00:00,-0.0
2023-02-04 22:00:00,-0.0
2023-02-04 23:00:00,0.0
2023-02-05 00:00:00,4.2347479109218007e-42
2023-02-05 01:00:00,0.0
2023-02-05 02:00:00,-0.0
2023-02-05 03:00:00,-0.0
2023-02-05 04:00:00,131.29938934253556
2023-02-05 05:00:00,429.4540230454626
2023-02-05 06:00:00,1210.552020677094
2023-02-05 07:00:00,1037.6873574181984
2023-02-05 08:00:00,1753.5394335798364
2023-02-05 09:00:00,1846.3256667188698
2023-02-05 10:00:00,1917.7065475243705
2023-02-05 11:00:00,1870.574467273572
2023-02-05 12:00:00,1725.9207779734043
2023-02-05 13:00:00,1304.327165923025
2023-02-05 14:00:00,960.3256499332263
2023-02-05 15:00:00,727.4678927396332
2023-02-05 16:00:00,167.85415507804646
2023-02-05 17:00:00,-0.0
2023-02-05 18:00:00,0.0
2023-02-05 19:00:00,0.0
2023-02-05 20:00:00,-0.0
2023-02-05 21:00:00,-0.0
2023-02-05 22:00:00,0.0
2023-02-05 23:00:00,0.0
2023-02-06 00:00:00,-0.0
2023-02-06 01:00:00,-0.0
2023-02-06 02:00:00,-0.0
2023-02-06 03:00:00,-0.0
2023-02-06 04:00:00,104.39281090856593
2023-02-06 05:00:00,717.6419695600782
2023-02-06 06:00:00,1151.274407460994
2023-02-06 07:00:00,-0.0
2023-02-06 08:00:00,1707.7433237525174
2023-02-06 09:00:00,1562.1196797868608
2023-02-06 10:00:00,1197.1252966844713
2023-02-06 11:00:00,1805.4975117456604
2023-02-06 12:00:00,494.3155156811337
2023-02-06 13:00:00,1330.0903522773667
2023-02-06 14:00:00,430.86678576187205
2023-02-06 15:00:00,746.7645206997338
2023-02-06 16:00:00,166.4760353538403
2023-02-06 17:00:00,-0.0
2023-02-06 18:00:00,2.4012453866864942e-42
2023-02-06 19:00:00,7.035567378620773e-42
2023-02-06 20:00:00,-0.0
2023-02-06 21:00:00,-0.0
2023-02-06 22:00:00,0.0
2023-02-06 23:00:00,0.0
2023-02-07 00:00:00,-0.0
2023-02-07 01:00:00,1.546658957938982e-41
2023-02-07 02:00:00,0.0
2023-02-07 03:00:00,-0.0
2023-02-07 04:00:00,129.71981467334868
2023-02-07 05:00:00,709.0532708154868
2023-02-07 06:00:00,1084.0797282818846
2023-02-07 07:00:00,1451.1708206156088
2023-02-07 08:00:00,1666.210445628661
2023-02-07 09:00:00,1808.2267881369708
2023-02-07 10:00:00,1863.9962885510074
2023-02-07 11:00:00,1548.1855846659953
2023-02-07 12:00:00,1213.194691196216
2023-02-07 13:00:00,1092.7791923632735
2023-02-07 14:00:00,590.1364857511958
2023-02-07 15:00:00,533.7448111499041
2023-02-07 16:00:00,158.0203242278009
2023-02-07 17:00:00,-0.0
2023-02-07 18:00:00,-0.0
2023-02-07 19:00:00,1.2122933154816153e-41
2023-02-07 20:00:00,-0.0
2023-02-07 21:00:00,0.0
2023-02-07 22:00:00,-0.0
2023-02-07 23:00:00,-0.0
2023-02-08 00:00:00,1.0718768737055677e-41
2023-02-08 01:00:00,-0.0
2023-02-08 02:00:00,-0.0
2023-02-08 03:00:00,0.0
2023-02-08 04:00:00,14.319004915147985
2023-02-08 05:00:00,256.89185729119214
2023-02-08 06:00:00,339.99895111953805
2023-02-08 07:00:00,532.3352521370628
2023-02-08 08:00:00,484.28579267367087
2023-02-08 09:00:00,398.442814528012
2023-02-08 10:00:00,323.0079878211488
2023-02-08 11:00:00,462.25455580912626
2023-02-08 12:00:00,367.91825938656564
2023-02-08 13:00:00,609.9175209241145
2023-02-08 14:00:00,732.0281590461942
2023-02-08 15:00:00,401.8904369490558
2023-02-08 16:00:00,113.84829439959071
2023-02-08 17:00:00,-0.0
2023-02-08 18:00:00,0.0
2023-02-08 19:00:00,0.0
2023-02-08 20:00:00,0.0
2023-02-08 21:00:00,0.0
2023-02-08 22:00:00,-0.0
2023-02-08 23:00:00,-0.0
2023-02-09 00:00:00,-0.0
2023-02-09 01:00:00,-0.0
2023-02-09 02:00:00,-0.0
2023-02-09 03:00:00,-0.0
2023-02-09 04:00:00,14.329837658557556
2023-02-09 05:00:00,63.91516308527995
2023-02-09 06:00:00,120.67048958750662
2023-02-09 07:00:00,269.726321642083
2023-02-09 08:00:00,386.9170502463753
2023-02-09 09:00:00,403.5080123783244
2023-02-09 10:00:00,411.41740614926107
2023-02-09 11:00:00,372.2228931575157
2023-02-09 12:00:00,724.348386369769
2023-02-09 13:00:00,769.9416791955814
2023-02-09 14:00:00,469.0646042331618
2023-02-09 15:00:00,150.44789866980284
2023-02-09 16:00:00,116.3113183077292
2023-02-09 17:00:00,-0.0
2023-02-09 18:00:00,-0.0
2023-02-09 19:00:00,-0.0
2023-02-09 20:00:00,-0.0
2023-02-09 21:00:00,-0.0
2023-02-09 22:00:00,0.0
2023-02-09 23:00:00,-0.0
2023-02-10 00:00:00,-0.0
2023-02-10 01:00:00,-0.0
2023-02-10 02:00:00,-0.0
2023-02-10 03:00:00,0.0
2023-02-10 04:00:00,56.25988900112573
2023-02-10 05:00:00,64.32543348626606
2023-02-10 06:00:00,162.8757995583193
2023-02-10 07:00:00,265.74003211385326
2023-02-10 08:00:00,731.4549897491311
2023-02-10 09:00:00,861.948588045086
2023-02-10 10:00:00,450.7612312917678
2023-02-10 11:00:00,596.3097677249476
2023-02-10 12:00:00,546.2666396060414
2023-02-10 13:00:00,681.2357415317391
2023-02-10 14:00:00,806.9547032865978
2023-02-10 15:00:00,481.8943616484167
2023-02-10 16:00:00,95.25157074610298
2023-02-10 17:00:00,-0.0
2023-02-10 18:00:00,-0.0
2023-02-10 19:00:00,2.6725322242134365e-42
2023-02-10 20:00:00,-0.0
2023-02-10 21:00:00,-0.0
2023-02-10 22:00:00,-0.0
2023-02-10 23:00:00,-0.0
2023-02-11 00:00:00,0.0
2023-02-11 01:00:00,-0.0
2023-02-11 02:00:00,-0.0
2023-02-11 03:00:00,0.0
2023-02-11 04:00:00,86.42650377968862
2023-02-11 05:00:00,410.9894189360794
2023-02-11 06:00:00,413.77169707807457
2023-02-11 07:00:00,261.1787582202686
2023-02-11 08:00:00,213.19220463158672
2023-02-11 09:00:00,365.126513035977
2023-02-11 10:00:00,277.5464720550969
2023-02-11 11:00:00,333.37371608528156
2023-02-11 12:00:00,397.7111633319722
2023-02-11 13:00:00,278.9953320971811
2023-02-11 14:00:00,233.94971703940698
2023-02-11 15:00:00,128.81026479995742
2023-02-11 16:00:00,69.09025244075649
2023-02-11 17:00:00,1.0718768737055677e-41
2023-02-11 18:00:00,-0.0
2023-02-11 19:00:00,-0.0
2023-02-11 20:00:00,-0.0
2023-02-11 21:00:00,7.633249589253003e-42
2023-02-11 22:00:00,-0.0
2023-02-11 23:00:00,-0.0
2023-02-12 00:00:00,-0.0
2023-02-12 01:00:00,6.4542832055189564e-43
2023-02-12 02:00:00,-0.0
2023-02-12 03:00:00,5.0895428120982614e-42
2023-02-12 04:00:00,82.20773476335532
2023-02-12 05:00:00,274.55036102727917
2023-02-12 06:00:00,619.7383438178174
2023-02-12 07:00:00,828.8572808494964
2023-02-12 08:00:00,1524.4482922768416
2023-02-12 09:00:00,1770.2480427497694
2023-02-12 10:00:00,1778.947168213013
2023-02-12 11:00:00,1761.942759030411
2023-02-12 12:00:00,1460.035651099555
2023-02-12 13:00:00,799.150232756239
2023-02-12 14:00:00,119.91586132952834
2023-02-12 15:00:00,96.34760333907053
2023-02-12 16:00:00,26.443473909824835
2023-02-12 17:00:00,-0.0
2023-02-12 18:00:00,-0.0
2023-02-12 19:00:00,0.0
2023-02-12 20:00:00,-0.0
2023-02-12 21:00:00,-0.0
2023-02-12 22:00:00,0.0
2023-02-12 23:00:00,0.0
2023-02-13 00:00:00,9.10833644321612e-42
2023-02-13 01:00:00,-0.0
2023-02-13 02:00:00,-0.0
2023-02-13 03:00:00,-0.0
2023-02-13 04:00:00,11.777141394215429
2023-02-13 05:00:00,160.64214300571
2023-02-13 06:00:00,689.0077497194418
2023-02-13 07:00:00,1335.8269020008463
2023-02-13 08:00:00,1550.8758647992884
2023-02-13 09:00:00,1721.360609481529
2023-02-13 10:00:00,1800.5186212947183
2023-02-13 11:00:00,1754.267919698703
2023-02-13 12:00:00,1603.3516300749757
2023-02-13 13:00:00,1037.0223499651715
2023-02-13 14:00:00,1121.325691107563
2023-02-13 15:00:00,64.7015990819234
2023-02-13 16:00:00,93.23705444825775
2023-02-13 17:00:00,-0.0
2023-02-13 18:00:00,-0.0
2023-02-13 19:00:00,-0.0
2023-02-13 20:00:00,-0.0
2023-02-13 21:00:00,0.0
2023-02-13 22:00:00,-0.0
2023-02-13 23:00:00,-0.0
2023-02-14 00:00:00,-0.0
2023-02-14 01:00:00,-0.0
2023-02-14 02:00:00,-0.0
2023-02-14 03:00:00,-0.0
2023-02-14 04:00:00,53.2294883798937
2023-02-14 05:00:00,642.7118877641651
2023-02-14 06:00:00,1095.6505744059002
2023-02-14 07:00:00,1345.8681752427567
2023-02-14 08:00:00,1584.8259430900355
2023-02-14 09:00:00,1716.1635439680647
2023-02-14 10:00:00,1750.571117934872
2023-02-14 11:00:00,1731.9280718587836
2023-02-14 12:00:00,1477.5854038450782
2023-02-14 13:00:00,1388.009829563377
2023-02-14 14:00:00,1026.71046543282
2023-02-14 15:00:00,573.0043557010003
2023-02-14 16:00:00,100.71347539954614
2023-02-14 17:00:00,-0.0
2023-02-14 18:00:00,0.0
2023-02-14 19:00:00,0.0
2023-02-14 20:00:00,-0.0
2023-02-14 21:00:00,-0.0
2023-02-14 22:00:00,-0.0
2023-02-14 23:00:00,0.0
2023-02-15 00:00:00,0.0
2023-02-15 01:00:00,-0.0
2023-02-15 02:00:00,-0.0
2023-02-15 03:00:00,4.552907668168768e-42
2023-02-15 04:00:00,24.508380529392593
2023-02-15 05:00:00,174.18764659980945
2023-02-15 06:00:00,663.0942925275276
2023-02-15 07:00:00,1373.8327853286899
2023-02-15 08:00:00,1591.142736347358
2023-02-15 09:00:00,1728.4626915665194
2023-02-15 10:00:00,1772.4502744139807
2023-02-15 11:00:00,1727.226115160726
2023-02-15 12:00:00,1599.2719337502754
2023-02-15 13:00:00,1379.8168178184978
2023-02-15 14:00:00,1111.5626758101153
2023-02-15 15:00:00,693.5309648905072
2023-02-15 16:00:00,118.38360774166141
2023-02-15 17:00:00,-0.0
2023-02-15 18:00:00,-0.0
2023-02-15 19:00:00,-0.0
2023-02-15 20:00:00,-0.0
2023-02-15 21:00:00,-0.0
2023-02-15 22:00:00,0.0
2023-02-15 23:00:00,-0.0
2023-02-16 00:00:00,-0.0
2023-02-16 01:00:00,7.035567378620773e-42
2023-02-16 02:00:00,-0.0
2023-02-16 03:00:00,0.0
2023-02-16 04:00:00,84.93948522674144
2023-02-16 05:00:00,608.1439375245619
2023-02-16 06:00:00,1023.2467231096193
2023-02-16 07:00:00,1308.7901559457216
2023-02-16 08:00:00,1479.1506992908821
2023-02-16 09:00:00,1682.4195501097674
2023-02-16 10:00:00,1717.8671370028057
2023-02-16 11:00:00,1549.682592236216
2023-02-16 12:00:00,421.5395486129366
2023-02-16 13:00:00,167.54896977470227
2023-02-16 14:00:00,191.40572682361238
2023-02-16 15:00:00,472.1874713062751
2023-02-16 16:00:00,31.8325899340134
2023-02-16 17:00:00,0.0
2023-02-16 18:00:00,0.0
2023-02-16 19:00:00,0.0
2023-02-16 20:00:00,8.584228948526027e-42
2023-02-16 21:00:00,-0.0
2023-02-16 22:00:00,-0.0
2023-02-16 23:00:00,-0.0
2023-02-17 00:00:00,1.0718768737055677e-41
2023-02-17 01:00:00,-0.0
2023-02-17 02:00:00,-0.0
2023-02-17 03:00:00,-0.0
2023-02-17 04:00:00,53.66129464453361
2023-02-17 05:00:00,329.97877539182593
2023-02-17 06:00:00,786.9110291540626
2023-02-17 07:00:00,1216.8032495378304
2023-02-17 08:00:00,1543.4875030797791
2023-02-17 09:00:00,1440.2275520205176
2023-02-17 10:00:00,991.248388062768
2023-02-17 11:00:00,1479.342661216888
2023-02-17 12:00:00,708.9975796271422
2023-02-17 13:00:00,336.3207713870192
2023-02-17 14:00:00,420.4492467078094
2023-02-17 15:00:00,84.67406546610184
2023-02-17 16:00:00,37.19777691055318
2023-02-17 17:00:00,-0.0
2023-02-17 18:00:00,-0.0
2023-02-17 19:00:00,0.0
2023-02-17 20:00:00,-0.0
2023-02-17 21:00:00,-0.0
2023-02-17 22:00:00,-0.0
2023-02-17 23:00:00,-0.0
2023-02-18 00:00:00,1.546658957938982e-41
2023-02-18 01:00:00,-0.0
2023-02-18 02:00:00,0.0
2023-02-18 03:00:00,4.484183624191127e-42
2023-02-18 04:00:00,16.87507809887239
2023-02-18 05:00:00,115.09528116157404
2023-02-18 06:00:00,992.8487190847421
2023-02-18 07:00:00,1303.9942709492834
2023-02-18 08:00:00,1527.8898118770753
2023-02-18 09:00:00,1178.5323662505825
2023-02-18 10:00:00,1231.9648089409807
2023-02-18 11:00:00,1505.7179841184186
2023-02-18 12:00:00,510.87407357339237
2023-02-18 13:00:00,1331.8552201346108
2023-02-18 14:00:00,210.69516959735307
2023-02-18 15:00:00,145.95077791650283
2023-02-18 16:00:00,52.57238514308515
2023-02-18 17:00:00,-0.0
2023-02-18 18:00:00,0.0
2023-02-18 19:00:00,-0.0
2023-02-18 20:00:00,0.0
2023-02-18 21:00:00,0.0
2023-02-18 22:00:00,-0.0
2023-02-18 23:00:00,-0.0
2023-02-19 00:00:00,-0.0
2023-02-19 01:00:00,-0.0
2023-02-19 02:00:00,-0.0
2023-02-19 03:00:00,-0.0
2023-02-19 04:00:00,9.361968629936452
2023-02-19 05:00:00,71.69853452660936
2023-02-19 06:00:00,794.9315734626513
2023-02-19 07:00:00,1121.5701416128313
2023-02-19 08:00:00,1348.2317590334653
2023-02-19 09:00:00,1603.4547315503414
2023-02-19 10:00:00,1665.1341962707204
2023-02-19 11:00:00,1273.272374839891
2023-02-19 12:00:00,1351.3121967892334
2023-02-19 13:00:00,1321.7174956801398
2023-02-19 14:00:00,961.5348460908325
2023-02-19 15:00:00,564.1899103772633
2023-02-19 16:00:00,101.87058176369462
2023-02-19 17:00:00,-0.0
2023-02-19 18:00:00,-0.0
2023-02-19 19:00:00,-0.0
2023-02-19 20:00:00,-0.0
2023-02-19 21:00:00,-0.0
2023-02-19 22:00:00,7.936337072591366e-42
2023-02-19 23:00:00,-0.0
2023-02-20 00:00:00,-0.0
2023-02-20 01:00:00,-0.0
2023-02-20 02:00:00,-0.0
2023-02-20 03:00:00,0.0
2023-02-20 04:00:00,72.48516363860426
2023-02-20 05:00:00,591.5068435246882
2023-02-20 06:00:00,923.447515454371
2023-02-20 07:00:00,1227.0687736287916
2023-02-20 08:00:00,1523.1943178529427
2023-02-20 09:00:00,1664.0126929703683
2023-02-20 10:00:00,1696.5345392077193
2023-02-20 11:00:00,1649.0923745541595
2023-02-20 12:00:00,1517.884117035583
2023-02-20 13:00:00,1289.6677669720998
2023-02-20 14:00:00,194.26692048334488
2023-02-20 15:00:00,494.2407301208889
2023-02-20 16:00:00,53.55625941899619
2023-02-20 17:00:00,-0.0
2023-02-20 18:00:00,2.4340762789189807e-41
2023-02-20 19:00:00,0.0
2023-02-20 20:00:00,2.339730334322761e-41
2023-02-20 21:00:00,0.0
2023-02-20 22:00:00,0.0
2023-02-20 23:00:00,4.069513056798743e-42
2023-02-21 00:00:00,-0.0
2023-02-21 01:00:00,-0.0
2023-02-21 02:00:00,0.0
2023-02-21 03:00:00,0.0
2023-02-21 04:00:00,71.78924211841948
2023-02-21 05:00:00,601.7457685053394
2023-02-21 06:00:00,1027.1209350260795
2023-02-21 07:00:00,1341.7721032343768
2023-02-21 08:00:00,1334.8389197695644
2023-02-21 09:00:00,1316.9710666318672
2023-02-21 10:00:00,1627.691360427367
2023-02-21 11:00:00,1295.0807918702592
2023-02-21 12:00:00,950.2812813029482
2023-02-21 13:00:00,990.0444791895063
2023-02-21 14:00:00,796.9611577276629
2023-02-21 15:00:00,142.3533942900496
2023-02-21 16:00:00,61.16942205160972
2023-02-21 17:00:00,-0.0
2023-02-21 18:00:00,-0.0
2023-02-21 19:00:00,-0.0
2023-02-21 20:00:00,0.0
2023-02-21 21:00:00,-0.0
2023-02-21 22:00:00,-0.0
2023-02-21 23:00:00,0.0
2023-02-22 00:00:00,3.4070305712249105e-43
2023-02-22 01:00:00,0.0
2023-02-22 02:00:00,-0.0
2023-02-22 03:00:00,-0.0
2023-02-22 04:00:00,14.54970396830513
2023-02-22 05:00:00,108.24423351796821
2023-02-22 06:00:00,616.724663831182
2023-02-22 07:00:00,790.0363367247544
2023-02-22 08:00:00,952.6605216064032
2023-02-22 09:00:00,1332.1026942151634
2023-02-22 10:00:00,1352.761378140391
2023-02-22 11:00:00,1663.9848958965754
2023-02-22 12:00:00,1536.6360308236544
2023-02-22 13:00:00,749.262031233502
2023-02-22 14:00:00,657.5037558035714
2023-02-22 15:00:00,468.152772718444
2023-02-22 16:00:00,74.95177067902783
2023-02-22 17:00:00,9.705274788237706e-42
2023-02-22 18:00:00,-0.0
2023-02-22 19:00:00,-0.0
2023-02-22 20:00:00,0.0
2023-02-22 21:00:00,0.0
2023-02-22 22:00:00,-0.0
2023-02-22 23:00:00,0.0
2023-02-23 00:00:00,-0.0
2023-02-23 01:00:00,-0.0
2023-02-23 02:00:00,-0.0
2023-02-23 03:00:00,0.0
2023-02-23 04:00:00,57.57307481754057
2023-02-23 05:00:00,112.57193707604678
2023-02-23 06:00:00,525.0169969607125
2023-02-23 07:00:00,1122.1281900239499
2023-02-23 08:00:00,1501.7550317520497
2023-02-23 09:00:00,1643.0072946741002
2023-02-23 10:00:00,1690.9932353809202
2023-02-23 11:00:00,1655.0180109258638
2023-02-23 12:00:00,1523.1295504920927
2023-02-23 13:00:00,1245.9420255283387
2023-02-23 14:00:00,973.47379583678
2023-02-23 15:00:00,607.8997460460436
2023-02-23 16:00:00,81.7699208973209
2023-02-23 17:00:00,-0.0
2023-02-23 18:00:00,-0.0
2023-02-23 19:00:00,0.0
2023-02-23 20:00:00,-0.0
2023-02-23 21:00:00,4.721917223839846e-42
2023-02-23 22:00:00,6.231051798732831e-43
2023-02-23 23:00:00,-0.0
2023-02-24 00:00:00,-0.0
2023-02-24 01:00:00,0.0
2023-02-24 02:00:00,0.0
2023-02-24 03:00:00,3.638756170190372e-42
2023-02-24 04:00:00,59.56324349571564
2023-02-24 05:00:00,573.3211027604036
2023-02-24 06:00:00,972.5557570566629
2023-02-24 07:00:00,1279.813293365847
2023-02-24 08:00:00,1488.6394379022524
2023-02-24 09:00:00,1630.029906428436
2023-02-24 10:00:00,1664.632082762159
2023-02-24 11:00:00,1622.3838554363417
2023-02-24 12:00:00,1493.3237549106732
2023-02-24 13:00:00,1283.286350286283
2023-02-24 14:00:00,985.0427184896855
2023-02-24 15:00:00,598.7284546858704
2023-02-24 16:00:00,82.86922174610069
2023-02-24 17:00:00,-0.0
2023-02-24 18:00:00,0.0
2023-02-24 19:00:00,-0.0
2023-02-24 20:00:00,-0.0
2023-02-24 21:00:00,0.0
2023-02-24 22:00:00,0.0
2023-02-24 23:00:00,9.705274788237706e-42
2023-02-25 00:00:00,-0.0
2023-02-25 01:00:00,0.0
2023-02-25 02:00:00,5.91464950720177e-43
2023-02-25 03:00:00,8.425484433443642e-42
2023-02-25 04:00:00,54.80140052450657
2023-02-25 05:00:00,461.78214457519374
2023-02-25 06:00:00,777.7265752662929
2023-02-25 07:00:00,602.9260521755294
2023-02-25 08:00:00,1381.600641165476
2023-02-25 09:00:00,1571.0290901677013
2023-02-25 10:00:00,1230.2507630998925
2023-02-25 11:00:00,1459.50039130607
2023-02-25 12:00:00,1462.195970088956
2023-02-25 13:00:00,1192.5952350833536
2023-02-25 14:00:00,463.38027907109546
2023-02-25 15:00:00,207.4906606452023
2023-02-25 16:00:00,73.19229494374346
2023-02-25 17:00:00,-0.0
2023-02-25 18:00:00,2.7911499629416457e-42
2023-02-25 19:00:00,0.0
2023-02-25 20:00:00,0.0
2023-02-25 21:00:00,-0.0
2023-02-25 22:00:00,0.0
2023-02-25 23:00:00,-0.0
2023-02-26 00:00:00,-0.0
2023-02-26 01:00:00,-0.0
2023-02-26 02:00:00,0.0
2023-02-26 03:00:00,8.495781180668688e-42
2023-02-26 04:00:00,54.980229837001254
2023-02-26 05:00:00,126.25380769112444
2023-02-26 06:00:00,289.59345875272476
2023-02-26 07:00:00,646.8968779432896
2023-02-26 08:00:00,534.3840974655319
2023-02-26 09:00:00,546.7508287553495
2023-02-26 10:00:00,612.8481709920724
2023-02-26 11:00:00,398.75912087039956
2023-02-26 12:00:00,669.9028553847064
2023-02-26 13:00:00,644.1989494539525
2023-02-26 14:00:00,424.33750644631385
2023-02-26 15:00:00,90.24332747664523
2023-02-26 16:00:00,37.2322898179908
2023-02-26 17:00:00,0.0
2023-02-26 18:00:00,0.0
2023-02-26 19:00:00,-0.0
2023-02-26 20:00:00,-0.0
2023-02-26 21:00:00,0.0
2023-02-26 22:00:00,-0.0
2023-02-26 23:00:00,0.0
2023-02-27 00:00:00,-0.0
2023-02-27 01:00:00,-0.0
2023-02-27 02:00:00,4.156909590006158e-42
2023-02-27 03:00:00,-0.0
2023-02-27 04:00:00,6.934112875441528
2023-02-27 05:00:00,365.3881153074613
2023-02-27 06:00:00,813.1448047122053
2023-02-27 07:00:00,1086.0801761205028
2023-02-27 08:00:00,1416.5595822567577
2023-02-27 09:00:00,1556.1083074491505
2023-02-27 10:00:00,1608.243797514319
2023-02-27 11:00:00,1557.7476752687094
2023-02-27 12:00:00,1400.2944486029144
2023-02-27 13:00:00,1093.6036684958826
2023-02-27 14:00:00,910.8116901781885
2023-02-27 15:00:00,551.4122649260759
2023-02-27 16:00:00,11.578424210663005
2023-02-27 17:00:00,-0.0
2023-02-27 18:00:00,-0.0
2023-02-27 19:00:00,-0.0
2023-02-27 20:00:00,-0.0
2023-02-27 21:00:00,2.4834254004342708e-42
2023-02-27 22:00:00,-0.0
2023-02-27 23:00:00,-0.0
2023-02-28 00:00:00,-0.0
2023-02-28 01:00:00,0.0
2023-02-28 02:00:00,1.6506973777794036e-42
2023-02-28 03:00:00,0.0
2023-02-28 04:00:00,46.118418348543656
2023-02-28 05:00:00,509.5652328580983
2023-02-28 06:00:00,891.2670443718836
2023-02-28 07:00:00,1160.955281265967
2023-02-28 08:00:00,1396.8234564130987
2023-02-28 09:00:00,1266.4754777637675
2023-02-28 10:00:00,1590.0499867291715
2023-02-28 11:00:00,1462.5608853978545
2023-02-28 12:00:00,1398.54579828034
2023-02-28 13:00:00,1209.320148552157
2023-02-28 14:00:00,807.5153634336574
2023-02-28 15:00:00,380.2834210759646
2023-02-28 16:00:00,19.557645628745412
2023-02-28 17:00:00,0.0
2023-02-28 18:00:00,1.0299557746813346e-41
2023-02-28 19:00:00,-0.0
2023-02-28 20:00:00,0.0
2023-02-28 21:00:00,-0.0
2023-02-28 22:00:00,0.0
2023-02-28 23:00:00,-0.0
2023-03-01 00:00:00,0.0
2023-03-01 01:00:00,-0.0
2023-03-01 02:00:00,4.370149363727968e-42
2023-03-01 03:00:00,-0.0
2023-03-01 04:00:00,43.193055805867104
2023-03-01 05:00:00,502.0397483159477
2023-03-01 06:00:00,873.7920698700177
2023-03-01 07:00:00,1161.6610337084683
2023-03-01 08:00:00,1379.5432877999249
2023-03-01 09:00:00,1520.8614050379965
2023-03-01 10:00:00,1583.4902814224229
2023-03-01 11:00:00,1558.9881403757247
2023-03-01 12:00:00,1426.4346073264924
2023-03-01 13:00:00,161.4931295887745
2023-03-01 14:00:00,718.0327767770971
2023-03-01 15:00:00,529.0725892862569
2023-03-01 16:00:00,6.1810239663735755
2023-03-01 17:00:00,-0.0
2023-03-01 18:00:00,5.546588612931061e-42
2023-03-01 19:00:00,-0.0
2023-03-01 20:00:00,-0.0
2023-03-01 21:00:00,-0.0
2023-03-01 22:00:00,0.0
2023-03-01 23:00:00,-0.0
2023-03-02 00:00:00,-0.0
2023-03-02 01:00:00,-0.0
2023-03-02 02:00:00,-0.0
2023-03-02 03:00:00,-0.0
2023-03-02 04:00:00,40.73651130249397
2023-03-02 05:00:00,487.44554993342854
2023-03-02 06:00:00,884.5754163255457
2023-03-02 07:00:00,1182.4216424608962
2023-03-02 08:00:00,1410.8944494717125
2023-03-02 09:00:00,1544.9299819765292
2023-03-02 10:00:00,1603.0339344210483
2023-03-02 11:00:00,1561.4289357876496
2023-03-02 12:00:00,1408.8145650573695
2023-03-02 13:00:00,1136.4916701651262
2023-03-02 14:00:00,872.4063459970193
2023-03-02 15:00:00,522.6606443511857
2023-03-02 16:00:00,43.10855594780175
2023-03-02 17:00:00,0.0
2023-03-02 18:00:00,-0.0
2023-03-02 19:00:00,-0.0
2023-03-02 20:00:00,1.0888330117175561e-41
2023-03-02 21:00:00,-0.0
2023-03-02 22:00:00,1.1284298565487192e-41
2023-03-02 23:00:00,-0.0
2023-03-03 00:00:00,0.0
2023-03-03 01:00:00,-0.0
2023-03-03 02:00:00,-0.0
2023-03-03 03:00:00,3.372534557448496e-42
2023-03-03 04:00:00,11.91494424122139
2023-03-03 05:00:00,490.4175224136741
2023-03-03 06:00:00,863.77432636808
2023-03-03 07:00:00,1159.014088403411
2023-03-03 08:00:00,1365.8754241293632
2023-03-03 09:00:00,1527.520580859363
2023-03-03 10:00:00,1571.4675900647508
2023-03-03 11:00:00,1494.7648918135915
2023-03-03 12:00:00,1389.1656415412078
2023-03-03 13:00:00,1120.8862176121456
2023-03-03 14:00:00,832.8895801596016
2023-03-03 15:00:00,501.0843287645073
2023-03-03 16:00:00,45.490570803480395
2023-03-03 17:00:00,4.3028907106983154e-42
2023-03-03 18:00:00,-0.0
2023-03-03 19:00:00,0.0
2023-03-03 20:00:00,-0.0
2023-03-03 21:00:00,0.0
2023-03-03 22:00:00,-0.0
2023-03-03 23:00:00,-0.0
2023-03-04 00:00:00,0.0
2023-03-04 01:00:00,-0.0
2023-03-04 02:00:00,0.0
2023-03-04 03:00:00,0.0
2023-03-04 04:00:00,24.876928605472987
2023-03-04 05:00:00,469.0994124448152
2023-03-04 06:00:00,834.4969504951115
2023-03-04 07:00:00,1112.4469415817885
2023-03-04 08:00:00,1329.3723859654986
2023-03-04 09:00:00,1444.9592464386674
2023-03-04 10:00:00,1516.4061274646547
2023-03-04 11:00:00,1452.6516335920594
2023-03-04 12:00:00,1336.8393075325134
2023-03-04 13:00:00,1130.365521213013
2023-03-04 14:00:00,541.2772653553468
2023-03-04 15:00:00,175.3470457836334
2023-03-04 16:00:00,33.50182404874225
2023-03-04 17:00:00,0.0
2023-03-04 18:00:00,0.0
2023-03-04 19:00:00,-0.0
2023-03-04 20:00:00,-0.0
2023-03-04 21:00:00,-0.0
2023-03-04 22:00:00,0.0
2023-03-04 23:00:00,-0.0
2023-03-05 00:00:00,-0.0
2023-03-05 01:00:00,3.7862614632653134e-42
2023-03-05 02:00:00,-0.0
2023-03-05 03:00:00,0.0
2023-03-05 04:00:00,4.529131109210952
2023-03-05 05:00:00,63.79368110639772
2023-03-05 06:00:00,354.26904690395884
2023-03-05 07:00:00,311.84557190541193
2023-03-05 08:00:00,617.4428193362144
2023-03-05 09:00:00,1470.4664647459638
2023-03-05 10:00:00,862.1908469884562
2023-03-05 11:00:00,1430.9816093680272
2023-03-05 12:00:00,1326.6244891935307
2023-03-05 13:00:00,1062.4145041223328
2023-03-05 14:00:00,473.24460728935344
2023-03-05 15:00:00,350.38242477790516
2023-03-05 16:00:00,26.4733899011864
2023-03-05 17:00:00,0.0
2023-03-05 18:00:00,-0.0
2023-03-05 19:00:00,6.368064296641472e-42
2023-03-05 20:00:00,-0.0
2023-03-05 21:00:00,-0.0
2023-03-05 22:00:00,9.44999326086756e-43
2023-03-05 23:00:00,4.3028907106983154e-42
2023-03-06 00:00:00,-0.0
2023-03-06 01:00:00,-0.0
2023-03-06 02:00:00,0.0
2023-03-06 03:00:00,2.594380344771702e-42
2023-03-06 04:00:00,4.496386719414596
2023-03-06 05:00:00,90.46719796775818
2023-03-06 06:00:00,268.2516481189963
2023-03-06 07:00:00,732.0433520266201
2023-03-06 08:00:00,804.4117906858282
2023-03-06 09:00:00,977.1240581812277
2023-03-06 10:00:00,1085.5028681390882
2023-03-06 11:00:00,884.3599414666515
2023-03-06 12:00:00,840.0927043952521
2023-03-06 13:00:00,615.6657929298431
2023-03-06 14:00:00,287.81648928704664
2023-03-06 15:00:00,310.9625167888291
2023-03-06 16:00:00,26.43880424788001
2023-03-06 17:00:00,1.9907981416603836e-41
2023-03-06 18:00:00,6.876832222370973e-42
2023-03-06 19:00:00,-0.0
2023-03-06 20:00:00,-0.0
2023-03-06 21:00:00,1.0123575895482921e-41
2023-03-06 22:00:00,-0.0
2023-03-06 23:00:00,0.0
2023-03-07 00:00:00,-0.0
2023-03-07 01:00:00,-0.0
2023-03-07 02:00:00,2.21208108318978e-42
2023-03-07 03:00:00,0.0
2023-03-07 04:00:00,4.506489892407028
2023-03-07 05:00:00,236.50838979378844
2023-03-07 06:00:00,423.85239513203993
2023-03-07 07:00:00,718.1951745131419
2023-03-07 08:00:00,714.8716612385379
2023-03-07 09:00:00,922.7759528750009
2023-03-07 10:00:00,1164.1252385848627
2023-03-07 11:00:00,592.4050743266388
2023-03-07 12:00:00,1091.5597338171399
2023-03-07 13:00:00,1075.795805814963
2023-03-07 14:00:00,549.7209157635058
2023-03-07 15:00:00,428.8087119728589
2023-03-07 16:00:00,26.56084357289177
2023-03-07 17:00:00,-0.0
2023-03-07 18:00:00,2.401237378502046e-42
2023-03-07 19:00:00,0.0
2023-03-07 20:00:00,-0.0
2023-03-07 21:00:00,-0.0
2023-03-07 22:00:00,0.0
2023-03-07 23:00:00,-0.0
2023-03-08 00:00:00,-0.0
2023-03-08 01:00:00,-0.0
2023-03-08 02:00:00,2.6725322242134365e-42
2023-03-08 03:00:00,-0.0
2023-03-08 04:00:00,4.5366379656645215
2023-03-08 05:00:00,426.70439167297945
2023-03-08 06:00:00,784.4956460640873
2023-03-08 07:00:00,1077.1935289821631
2023-03-08 08:00:00,1302.8016771627103
2023-03-08 09:00:00,1455.3419405860207
2023-03-08 10:00:00,1453.6051832526036
2023-03-08 11:00:00,1378.74413104815
2023-03-08 12:00:00,1248.824401736254
2023-03-08 13:00:00,1043.6169547042214
2023-03-08 14:00:00,768.3951197971661
2023-03-08 15:00:00,412.92549608577394
2023-03-08 16:00:00,19.359549959108087
2023-03-08 17:00:00,6.461087510653319e-42
2023-03-08 18:00:00,0.0
2023-03-08 19:00:00,-0.0
2023-03-08 20:00:00,2.594380344771702e-42
2023-03-08 21:00:00,-0.0
2023-03-08 22:00:00,-0.0
2023-03-08 23:00:00,0.0
2023-03-09 00:00:00,0.0
2023-03-09 01:00:00,0.0
2023-03-09 02:00:00,2.6235834910102964e-42
2023-03-09 03:00:00,-0.0
2023-03-09 04:00:00,9.464325647102902
2023-03-09 05:00:00,415.5469242298866
2023-03-09 06:00:00,757.9767144542334
2023-03-09 07:00:00,1021.9730101082457
2023-03-09 08:00:00,1221.3598383419953
2023-03-09 09:00:00,1342.9111271793786
2023-03-09 10:00:00,1389.3724217538838
2023-03-09 11:00:00,1391.1303899552997
2023-03-09 12:00:00,1256.881227302568
2023-03-09 13:00:00,949.8093109131028
2023-03-09 14:00:00,638.8113189045781
2023-03-09 15:00:00,332.02250374704084
2023-03-09 16:00:00,3.959067127673422
2023-03-09 17:00:00,0.0
2023-03-09 18:00:00,0.0
2023-03-09 19:00:00,0.0
2023-03-09 20:00:00,-0.0
2023-03-09 21:00:00,-0.0
2023-03-09 22:00:00,-0.0
2023-03-09 23:00:00,1.3789011317838301e-42
2023-03-10 00:00:00,-0.0
2023-03-10 01:00:00,-0.0
2023-03-10 02:00:00,-0.0
2023-03-10 03:00:00,-0.0
2023-03-10 04:00:00,2.1485620990466594
2023-03-10 05:00:00,401.97917614222837
2023-03-10 06:00:00,742.8405994898848
2023-03-10 07:00:00,1010.5455063251609
2023-03-10 08:00:00,1213.3915167446817
2023-03-10 09:00:00,1333.351030455946
2023-03-10 10:00:00,1351.7128440202519
2023-03-10 11:00:00,1302.8555345644218
2023-03-10 12:00:00,1210.926378246202
2023-03-10 13:00:00,855.0439058881332
2023-03-10 14:00:00,672.2462521447941
2023-03-10 15:00:00,397.59872155908613
2023-03-10 16:00:00,17.156124878832227
2023-03-10 17:00:00,-0.0
2023-03-10 18:00:00,-0.0
2023-03-10 19:00:00,-0.0
2023-03-10 20:00:00,-0.0
2023-03-10 21:00:00,0.0
2023-03-10 22:00:00,0.0
2023-03-10 23:00:00,0.0
2023-03-11 00:00:00,3.7862614632653134e-42
2023-03-11 01:00:00,-0.0
2023-03-11 02:00:00,-0.0
2023-03-11 03:00:00,-0.0
2023-03-11 04:00:00,9.400931813194315
2023-03-11 05:00:00,399.98689686148623
2023-03-11 06:00:00,733.3209411838789
2023-03-11 07:00:00,997.9419851674198
2023-03-11 08:00:00,1200.530761136804
2023-03-11 09:00:00,1315.7356927480596
2023-03-11 10:00:00,1363.621458380248
2023-03-11 11:00:00,1310.7561676407927
2023-03-11 12:00:00,1180.0626452826273
2023-03-11 13:00:00,974.1298685311702
2023-03-11 14:00:00,707.3466581959451
2023-03-11 15:00:00,380.7756592738233
2023-03-11 16:00:00,10.303479625045947
2023-03-11 17:00:00,-0.0
2023-03-11 18:00:00,0.0
2023-03-11 19:00:00,6.461087510653319e-42
2023-03-11 20:00:00,-0.0
2023-03-11 21:00:00,-0.0
2023-03-11 22:00:00,-0.0
2023-03-11 23:00:00,-0.0
2023-03-12 00:00:00,9.44999326086756e-43
2023-03-12 01:00:00,-0.0
2023-03-12 02:00:00,-0.0
2023-03-12 03:00:00,-0.0
2023-03-12 04:00:00,14.342334008354126
2023-03-12 05:00:00,379.2701681060495
2023-03-12 06:00:00,387.5044819998639
2023-03-12 07:00:00,566.8903466347865
2023-03-12 08:00:00,1123.6063773841995
2023-03-12 09:00:00,1430.6508376073064
2023-03-12 10:00:00,1482.8523808130183
2023-03-12 11:00:00,1423.6203519248036
2023-03-12 12:00:00,193.7121357879553
2023-03-12 13:00:00,172.11371382099523
2023-03-12 14:00:00,644.8041808470856
2023-03-12 15:00:00,187.54100590968025
2023-03-12 16:00:00,1.9926275577560988
2023-03-12 17:00:00,0.0
2023-03-12 18:00:00,0.0
2023-03-12 19:00:00,-0.0
2023-03-12 20:00:00,-0.0
2023-03-12 21:00:00,-0.0
2023-03-12 22:00:00,0.0
2023-03-12 23:00:00,0.0
2023-03-13 00:00:00,-0.0
2023-03-13 01:00:00,2.1309681416818234e-42
2023-03-13 02:00:00,-0.0
2023-03-13 03:00:00,0.0
2023-03-13 04:00:00,11.878835196497239
2023-03-13 05:00:00,336.24938553824705
2023-03-13 06:00:00,633.2131524320524
2023-03-13 07:00:00,1035.3779438764755
2023-03-13 08:00:00,898.1058753188271
2023-03-13 09:00:00,1396.3304458245782
2023-03-13 10:00:00,1458.998884199017
2023-03-13 11:00:00,1056.9728836545455
2023-03-13 12:00:00,1189.9777281072018
2023-03-13 13:00:00,896.9075910631407
2023-03-13 14:00:00,619.0155855742462
2023-03-13 15:00:00,352.5752170310659
2023-03-13 16:00:00,-0.0
2023-03-13 17:00:00,-0.0
2023-03-13 18:00:00,2.21208108318978e-42
2023-03-13 19:00:00,-0.0
2023-03-13 20:00:00,-0.0
2023-03-13 21:00:00,-0.0
2023-03-13 22:00:00,0.0
2023-03-13 23:00:00,-0.0
2023-03-14 00:00:00,-0.0
2023-03-14 01:00:00,-0.0
2023-03-14 02:00:00,0.0
2023-03-14 03:00:00,-0.0
2023-03-14 04:00:00,6.9865107799903665
2023-03-14 05:00:00,368.7711742267294
2023-03-14 06:00:00,687.9296987638872
2023-03-14 07:00:00,1015.5182328257603
2023-03-14 08:00:00,1081.2656757827626
2023-03-14 09:00:00,1354.78008980204
2023-03-14 10:00:00,1382.7970236998588
2023-03-14 11:00:00,1387.893763512546
2023-03-14 12:00:00,1237.90004355975
2023-03-14 13:00:00,953.8472924817803
2023-03-14 14:00:00,681.2242679573567
2023-03-14 15:00:00,346.09543409360134
2023-03-14 16:00:00,-0.0
2023-03-14 17:00:00,-0.0
2023-03-14 18:00:00,0.0
2023-03-14 19:00:00,-0.0
2023-03-14 20:00:00,-0.0
2023-03-14 21:00:00,-0.0
2023-03-14 22:00:00,3.7862614632653134e-42
2023-03-14 23:00:00,-0.0
2023-03-15 00:00:00,-0.0
2023-03-15 01:00:00,-0.0
2023-03-15 02:00:00,-0.0
2023-03-15 03:00:00,0.0
2023-03-15 04:00:00,4.552077217917906
2023-03-15 05:00:00,354.0174528040978
2023-03-15 06:00:00,668.5844195447714
2023-03-15 07:00:00,927.846203144779
2023-03-15 08:00:00,1150.226480307424
2023-03-15 09:00:00,1227.673414939837
2023-03-15 10:00:00,1324.3501393032702
2023-03-15 11:00:00,1316.3408616161862
2023-03-15 12:00:00,658.3942287470943
2023-03-15 13:00:00,979.8713648319281
2023-03-15 14:00:00,532.5905499629316
2023-03-15 15:00:00,334.6458496683296
2023-03-15 16:00:00,-0.0
2023-03-15 17:00:00,0.0
2023-03-15 18:00:00,1.3789011317838301e-42
2023-03-15 19:00:00,-0.0
2023-03-15 20:00:00,-0.0
2023-03-15 21:00:00,-0.0
2023-03-15 22:00:00,-0.0
2023-03-15 23:00:00,-0.0
2023-03-16 00:00:00,0.0
2023-03-16 01:00:00,-0.0
2023-03-16 02:00:00,-0.0
2023-03-16 03:00:00,3.171525047407186e-42
2023-03-16 04:00:00,-0.0
2023-03-16 05:00:00,342.9810166544097
2023-03-16 06:00:00,655.7881372022832
2023-03-16 07:00:00,915.1925752847395
2023-03-16 08:00:00,1108.056577387033
2023-03-16 09:00:00,1227.6688124442703
2023-03-16 10:00:00,1353.2868579436545
2023-03-16 11:00:00,1359.1113169709804
2023-03-16 12:00:00,1169.0477202145144
2023-03-16 13:00:00,969.8209785544617
2023-03-16 14:00:00,649.4326026479183
2023-03-16 15:00:00,279.74081845037483
2023-03-16 16:00:00,0.0
2023-03-16 17:00:00,9.44999326086756e-43
2023-03-16 18:00:00,-0.0
2023-03-16 19:00:00,-0.0
2023-03-16 20:00:00,-0.0
2023-03-16 21:00:00,-0.0
2023-03-16 22:00:00,-0.0
2023-03-16 23:00:00,-0.0
2023-03-17 00:00:00,4.041359763242275e-42
2023-03-17 01:00:00,0.0
2023-03-17 02:00:00,-0.0
2023-03-17 03:00:00,0.0
2023-03-17 04:00:00,0.0
2023-03-17 05:00:00,329.32265720316116
2023-03-17 06:00:00,637.4880210944895
2023-03-17 07:00:00,889.3258229493243
2023-03-17 08:00:00,1099.2470845993826
2023-03-17 09:00:00,1240.162496337976
2023-03-17 10:00:00,1279.5918514734271
2023-03-17 11:00:00,1254.1659886645557
2023-03-17 12:00:00,1110.6932101493992
2023-03-17 13:00:00,872.8509855277453
2023-03-17 14:00:00,642.618407132669
2023-03-17 15:00:00,303.9671143819863
2023-03-17 16:00:00,0.0
2023-03-17 17:00:00,-0.0
2023-03-17 18:00:00,0.0
2023-03-17 19:00:00,-0.0
2023-03-17 20:00:00,-0.0
2023-03-17 21:00:00,-0.0
2023-03-17 22:00:00,0.0
2023-03-17 23:00:00,-0.0
2023-03-18 00:00:00,-0.0
2023-03-18 01:00:00,-0.0
2023-03-18 02:00:00,-0.0
2023-03-18 03:00:00,0.0
2023-03-18 04:00:00,-0.0
2023-03-18 05:00:00,328.55047602992477
2023-03-18 06:00:00,630.0532792421227
2023-03-18 07:00:00,880.2639196235613
2023-03-18 08:00:00,1064.8894502543126
2023-03-18 09:00:00,1178.8378115530766
2023-03-18 10:00:00,1197.0608613229472
2023-03-18 11:00:00,1150.7031262370026
2023-03-18 12:00:00,1126.408739975471
2023-03-18 13:00:00,865.9962403289799
2023-03-18 14:00:00,605.8903843895563
2023-03-18 15:00:00,245.02850443827862
2023-03-18 16:00:00,1.5260294196215035e-41
2023-03-18 17:00:00,1.7163599848944475e-41
2023-03-18 18:00:00,-0.0
2023-03-18 19:00:00,0.0
2023-03-18 20:00:00,-0.0
2023-03-18 21:00:00,0.0
2023-03-18 22:00:00,-0.0
2023-03-18 23:00:00,-0.0
2023-03-19 00:00:00,1.3789011317838301e-42
2023-03-19 01:00:00,0.0
2023-03-19 02:00:00,-0.0
2023-03-19 03:00:00,-0.0
2023-03-19 04:00:00,-0.0
2023-03-19 05:00:00,292.63903788665243
2023-03-19 06:00:00,654.4754669895785
2023-03-19 07:00:00,833.4552970285935
2023-03-19 08:00:00,1162.0148281601976
2023-03-19 09:00:00,1160.7811462399834
2023-03-19 10:00:00,1168.359207665639
2023-03-19 11:00:00,1124.5198455491334
2023-03-19 12:00:00,1001.4134810013071
2023-03-19 13:00:00,808.6230272799236
2023-03-19 14:00:00,562.8004372187374
2023-03-19 15:00:00,271.1966975982644
2023-03-19 16:00:00,-0.0
2023-03-19 17:00:00,-0.0
2023-03-19 18:00:00,-0.0
2023-03-19 19:00:00,-0.0
2023-03-19 20:00:00,0.0
2023-03-19 21:00:00,-0.0
2023-03-19 22:00:00,1.3789011317838301e-42
2023-03-19 23:00:00,2.4834254004342708e-42
2023-03-20 00:00:00,-0.0
2023-03-20 01:00:00,-0.0
2023-03-20 02:00:00,4.370149363727968e-42
2023-03-20 03:00:00,1.1978977909769892e-42
2023-03-20 04:00:00,-0.0
2023-03-20 05:00:00,136.30823788492296
2023-03-20 06:00:00,236.5766115845169
2023-03-20 07:00:00,784.5622714640631
2023-03-20 08:00:00,1141.6964420832037
2023-03-20 09:00:00,1196.7660516899296
2023-03-20 10:00:00,1296.9733423825953
2023-03-20 11:00:00,1210.9258254128333
2023-03-20 12:00:00,1082.1877804230228
2023-03-20 13:00:00,888.0190207998118
2023-03-20 14:00:00,548.3629733461762
2023-03-20 15:00:00,266.5965758551066
2023-03-20 16:00:00,-0.0
2023-03-20 17:00:00,7.315155469112761e-42
2023-03-20 18:00:00,0.0
2023-03-20 19:00:00,0.0
2023-03-20 20:00:00,0.0
2023-03-20 21:00:00,-0.0
2023-03-20 22:00:00,-0.0
2023-03-20 23:00:00,-0.0
2023-03-21 00:00:00,-0.0
2023-03-21 01:00:00,4.484183624191127e-42
2023-03-21 02:00:00,-0.0
2023-03-21 03:00:00,-0.0
2023-03-21 04:00:00,-0.0
2023-03-21 05:00:00,299.8396077057916
2023-03-21 06:00:00,579.0473859452231
2023-03-21 07:00:00,-0.0
2023-03-21 08:00:00,0.0
2023-03-21 09:00:00,1106.890384626536
2023-03-21 10:00:00,1139.4723363369817
2023-03-21 11:00:00,1087.993805365067
2023-03-21 12:00:00,962.053895560427
2023-03-21 13:00:00,766.1791626649945
2023-03-21 14:00:00,525.1297906853285
2023-03-21 15:00:00,242.93330509043182
2023-03-21 16:00:00,3.637265062348746e-42
2023-03-21 17:00:00,-0.0
2023-03-21 18:00:00,7.748255693711505e-42
2023-03-21 19:00:00,-0.0
2023-03-21 20:00:00,-0.0
2023-03-21 21:00:00,-0.0
2023-03-21 22:00:00,-0.0
2023-03-21 23:00:00,-0.0
2023-03-22 00:00:00,0.0
2023-03-22 01:00:00,2.5166109703743285e-42
2023-03-22 02:00:00,-0.0
2023-03-22 03:00:00,-0.0
2023-03-22 04:00:00,-0.0
2023-03-22 05:00:00,247.32797037255537
2023-03-22 06:00:00,626.8588821714711
2023-03-22 07:00:00,-0.0
2023-03-22 08:00:00,1040.7882102537758
2023-03-22 09:00:00,1150.4617603943161
2023-03-22 10:00:00,1271.1184773514212
2023-03-22 11:00:00,1176.4279160407782
2023-03-22 12:00:00,994.7767878367667
2023-03-22 13:00:00,767.8373703795071
2023-03-22 14:00:00,526.1642171668516
2023-03-22 15:00:00,234.8383527698801
2023-03-22 16:00:00,0.0
2023-03-22 17:00:00,8.260155537732379e-42
2023-03-22 18:00:00,0.0
2023-03-22 19:00:00,-0.0
2023-03-22 20:00:00,0.0
2023-03-22 21:00:00,-0.0
2023-03-22 22:00:00,-0.0
2023-03-22 23:00:00,4.370149363727968e-42
2023-03-23 00:00:00,-0.0
2023-03-23 01:00:00,-0.0
2023-03-23 02:00:00,1.546658957938982e-41
2023-03-23 03:00:00,-0.0
2023-03-23 04:00:00,-0.0
2023-03-23 05:00:00,273.6079277457082
2023-03-23 06:00:00,539.4280905987029
2023-03-23 07:00:00,831.4703756077286
2023-03-23 08:00:00,985.6473038852673
2023-03-23 09:00:00,1147.9175496585794
2023-03-23 10:00:00,1137.7341664176404
2023-03-23 11:00:00,1189.6856427485686
2023-03-23 12:00:00,1074.9443524859641
2023-03-23 13:00:00,794.6953828974648
2023-03-23 14:00:00,567.4205177355868
2023-03-23 15:00:00,240.59935919666927
2023-03-23 16:00:00,-0.0
2023-03-23 17:00:00,-0.0
2023-03-23 18:00:00,-0.0
2023-03-23 19:00:00,0.0
2023-03-23 20:00:00,-0.0
2023-03-23 21:00:00,0.0
2023-03-23 22:00:00,-0.0
2023-03-23 23:00:00,5.0895428120982614e-42
2023-03-24 00:00:00,3.7862614632653134e-42
2023-03-24 01:00:00,-0.0
2023-03-24 02:00:00,-0.0
2023-03-24 03:00:00,-0.0
2023-03-24 04:00:00,-0.0
2023-03-24 05:00:00,272.93143248961184
2023-03-24 06:00:00,520.5380782756898
2023-03-24 07:00:00,888.9988380959578
2023-03-24 08:00:00,1054.8960787185426
2023-03-24 09:00:00,1248.8140010541745
2023-03-24 10:00:00,1156.384787477575
2023-03-24 11:00:00,1206.6819701987577
2023-03-24 12:00:00,353.15491287457303
2023-03-24 13:00:00,502.9652134278347
2023-03-24 14:00:00,148.4687574464139
2023-03-24 15:00:00,152.05935995725162
2023-03-24 16:00:00,-0.0
2023-03-24 17:00:00,-0.0
2023-03-24 18:00:00,-0.0
2023-03-24 19:00:00,-0.0
2023-03-24 20:00:00,0.0
2023-03-24 21:00:00,0.0
2023-03-24 22:00:00,0.0
2023-03-24 23:00:00,-0.0
2023-03-25 00:00:00,-0.0
2023-03-25 01:00:00,-0.0
2023-03-25 02:00:00,0.0
2023-03-25 03:00:00,-0.0
2023-03-25 04:00:00,0.0
2023-03-25 05:00:00,161.37397668013259
2023-03-25 06:00:00,438.390548698842
2023-03-25 07:00:00,876.3202342001534
2023-03-25 08:00:00,994.9548704414588
2023-03-25 09:00:00,1254.0568204922358
2023-03-25 10:00:00,1203.1952704156388
2023-03-25 11:00:00,1229.3887656706604
2023-03-25 12:00:00,910.3845168025344
2023-03-25 13:00:00,601.9349272573937
2023-03-25 14:00:00,441.6656722390451
2023-03-25 15:00:00,106.956929921743
2023-03-25 16:00:00,0.0
2023-03-25 17:00:00,-0.0
2023-03-25 18:00:00,-0.0
2023-03-25 19:00:00,6.876832222370973e-42
2023-03-25 20:00:00,-0.0
2023-03-25 21:00:00,0.0
2023-03-25 22:00:00,-0.0
2023-03-25 23:00:00,0.0
2023-03-26 00:00:00,2.594380344771702e-42
2023-03-26 01:00:00,-0.0
2023-03-26 02:00:00,-0.0
2023-03-26 03:00:00,2.4834254004342708e-42
2023-03-26 04:00:00,-0.0
2023-03-26 05:00:00,161.4144304189146
2023-03-26 06:00:00,568.5134643614526
2023-03-26 07:00:00,881.1969879931946
2023-03-26 08:00:00,903.9729343246663
2023-03-26 09:00:00,992.7122518729266
2023-03-26 10:00:00,1221.0471388631893
2023-03-26 11:00:00,828.437877831069
2023-03-26 12:00:00,1063.3001005112358
2023-03-26 13:00:00,838.2064445327533
2023-03-26 14:00:00,504.9118391362028
2023-03-26 15:00:00,165.91419463666813
2023-03-26 16:00:00,0.0
2023-03-26 17:00:00,0.0
2023-03-26 18:00:00,-0.0
2023-03-26 19:00:00,-0.0
2023-03-26 20:00:00,0.0
2023-03-26 21:00:00,-0.0
2023-03-26 22:00:00,-0.0
2023-03-26 23:00:00,-0.0
2023-03-27 00:00:00,0.0
2023-03-27 01:00:00,0.0
2023-03-27 02:00:00,-0.0
2023-03-27 03:00:00,-0.0
2023-03-27 04:00:00,-0.0
2023-03-27 05:00:00,46.07691771506613
2023-03-27 06:00:00,399.91239866275754
2023-03-27 07:00:00,908.0649861838267
2023-03-27 08:00:00,969.6003591908515
2023-03-27 09:00:00,1300.3593337740942
2023-03-27 10:00:00,1322.3492007206428
2023-03-27 11:00:00,754.765404831501
2023-03-27 12:00:00,1042.2943044188398
2023-03-27 13:00:00,744.7706919689452
2023-03-27 14:00:00,546.7776113262493
2023-03-27 15:00:00,181.7629988440121
2023-03-27 16:00:00,-0.0
2023-03-27 17:00:00,-0.0
2023-03-27 18:00:00,-0.0
2023-03-27 19:00:00,8.598006783416157e-43
2023-03-27 20:00:00,-0.0
2023-03-27 21:00:00,0.0
2023-03-27 22:00:00,-0.0
2023-03-27 23:00:00,-0.0
2023-03-28 00:00:00,-0.0
2023-03-28 01:00:00,-0.0
2023-03-28 02:00:00,2.2926701044885593e-42
2023-03-28 03:00:00,-0.0
2023-03-28 04:00:00,-0.0
2023-03-28 05:00:00,218.0384308825703
2023-03-28 06:00:00,468.49737272537993
2023-03-28 07:00:00,702.2888568600079
2023-03-28 08:00:00,877.2356022980578
2023-03-28 09:00:00,996.0756584024705
2023-03-28 10:00:00,1019.1854153895373
2023-03-28 11:00:00,978.7302339839063
2023-03-28 12:00:00,844.0546217987807
2023-03-28 13:00:00,651.2158499052865
2023-03-28 14:00:00,425.2399688682958
2023-03-28 15:00:00,166.76221025894094
2023-03-28 16:00:00,-0.0
2023-03-28 17:00:00,0.0
2023-03-28 18:00:00,7.435918467211509e-42
2023-03-28 19:00:00,1.6506973777794036e-42
2023-03-28 20:00:00,0.0
2023-03-28 21:00:00,0.0
2023-03-28 22:00:00,-0.0
2023-03-28 23:00:00,0.0
2023-03-29 00:00:00,0.0
2023-03-29 01:00:00,6.142262694261102e-43
2023-03-29 02:00:00,4.721917223839846e-42
2023-03-29 03:00:00,0.0
2023-03-29 04:00:00,-0.0
2023-03-29 05:00:00,223.32703468508166
2023-03-29 06:00:00,458.4490614778795
2023-03-29 07:00:00,674.390862137714
2023-03-29 08:00:00,849.2165500650218
2023-03-29 09:00:00,1133.1185658991426
2023-03-29 10:00:00,1185.5878195623575
2023-03-29 11:00:00,1112.361018083594
2023-03-29 12:00:00,942.4785136136461
2023-03-29 13:00:00,622.6694212088449
2023-03-29 14:00:00,407.67340342440315
2023-03-29 15:00:00,187.110911822114
2023-03-29 16:00:00,-0.0
2023-03-29 17:00:00,0.0
2023-03-29 18:00:00,-0.0
2023-03-29 19:00:00,-0.0
2023-03-29 20:00:00,-0.0
2023-03-29 21:00:00,-0.0
2023-03-29 22:00:00,-0.0
2023-03-29 23:00:00,0.0
2023-03-30 00:00:00,-0.0
2023-03-30 01:00:00,0.0
2023-03-30 02:00:00,-0.0
2023-03-30 03:00:00,2.6235834910102964e-42
2023-03-30 04:00:00,-0.0
2023-03-30 05:00:00,53.78904488403821
2023-03-30 06:00:00,143.61333074696378
2023-03-30 07:00:00,381.09053589305597
2023-03-30 08:00:00,1013.6506647491484
2023-03-30 09:00:00,1230.5149457135547
2023-03-30 10:00:00,930.831701736105
2023-03-30 11:00:00,901.6561970144257
2023-03-30 12:00:00,760.5999270389091
2023-03-30 13:00:00,681.753135537067
2023-03-30 14:00:00,163.54703611734018
2023-03-30 15:00:00,177.75663475162108
2023-03-30 16:00:00,-0.0
2023-03-30 17:00:00,-0.0
2023-03-30 18:00:00,-0.0
2023-03-30 19:00:00,-0.0
2023-03-30 20:00:00,2.5176312364881817e-42
2023-03-30 21:00:00,6.142262694261102e-43
2023-03-30 22:00:00,0.0
2023-03-30 23:00:00,0.0
2023-03-31 00:00:00,-0.0
2023-03-31 01:00:00,-0.0
2023-03-31 02:00:00,0.0
2023-03-31 03:00:00,4.089080804842188e-42
2023-03-31 04:00:00,-0.0
2023-03-31 05:00:00,37.96209416395463
2023-03-31 06:00:00,210.7793666129424
2023-03-31 07:00:00,746.6153227051364
2023-03-31 08:00:00,801.7670020800775
2023-03-31 09:00:00,463.07851444970083
2023-03-31 10:00:00,722.6018662750895
2023-03-31 11:00:00,949.1912433726461
2023-03-31 12:00:00,1034.2178324153992
2023-03-31 13:00:00,707.4860271623879
2023-03-31 14:00:00,355.05504924967175
2023-03-31 15:00:00,163.94566800594646
2023-03-31 16:00:00,-0.0
2023-03-31 17:00:00,-0.0
2023-03-31 18:00:00,0.0
2023-03-31 19:00:00,2.5176312364881817e-42
2023-03-31 20:00:00,-0.0
2023-03-31 21:00:00,-0.0
2023-03-31 22:00:00,0.0
2023-03-31 23:00:00,-0.0
2023-04-01 00:00:00,-0.0
2023-04-01 01:00:00,-0.0
2023-04-01 02:00:00,0.0
2023-04-01 03:00:00,3.479489308481342e-42
2023-04-01 04:00:00,0.0
2023-04-01 05:00:00,215.75572026617058
2023-04-01 06:00:00,446.58559791517695
2023-04-01 07:00:00,633.5813701026018
2023-04-01 08:00:00,775.293222654779
2023-04-01 09:00:00,1024.1816489267292
2023-04-01 10:00:00,987.9136332350977
2023-04-01 11:00:00,678.1842414716157
2023-04-01 12:00:00,535.8448241775574
2023-04-01 13:00:00,761.662266748481
2023-04-01 14:00:00,467.4079097147231
2023-04-01 15:00:00,157.9959197533543
2023-04-01 16:00:00,-0.0
2023-04-01 17:00:00,0.0
2023-04-01 18:00:00,-0.0
2023-04-01 19:00:00,0.0
2023-04-01 20:00:00,-0.0
2023-04-01 21:00:00,-0.0
2023-04-01 22:00:00,4.484183624191127e-42
2023-04-01 23:00:00,-0.0
2023-04-02 00:00:00,-0.0
2023-04-02 01:00:00,0.0
2023-04-02 02:00:00,4.041359763242275e-42
2023-04-02 03:00:00,0.0
2023-04-02 04:00:00,0.0
2023-04-02 05:00:00,195.66257967673602
2023-04-02 06:00:00,421.602214694052
2023-04-02 07:00:00,606.0211073180953
2023-04-02 08:00:00,756.0825111388103
2023-04-02 09:00:00,866.6145015128322
2023-04-02 10:00:00,908.4985421880477
2023-04-02 11:00:00,873.9600200688946
2023-04-02 12:00:00,986.2425652429719
2023-04-02 13:00:00,641.047863319874
2023-04-02 14:00:00,326.3502354101027
2023-04-02 15:00:00,138.95749951181125
2023-04-02 16:00:00,0.0
2023-04-02 17:00:00,0.0
2023-04-02 18:00:00,-0.0
2023-04-02 19:00:00,9.705274788237706e-42
2023-04-02 20:00:00,-0.0
2023-04-02 21:00:00,-0.0
2023-04-02 22:00:00,7.158722433492477e-42
2023-04-02 23:00:00,-0.0
2023-04-03 00:00:00,0.0
2023-04-03 01:00:00,-0.0
2023-04-03 02:00:00,-0.0
2023-04-03 03:00:00,-0.0
2023-04-03 04:00:00,4.156909590006158e-42
2023-04-03 05:00:00,172.9864291104552
2023-04-03 06:00:00,353.7646465620599
2023-04-03 07:00:00,822.892041025152
2023-04-03 08:00:00,864.053116300946
2023-04-03 09:00:00,847.4745310830486
2023-04-03 10:00:00,864.1364506753793
2023-04-03 11:00:00,815.8539724306821
2023-04-03 12:00:00,691.786405533277
2023-04-03 13:00:00,532.3138493622213
2023-04-03 14:00:00,296.7897486495763
2023-04-03 15:00:00,143.47795312195197
2023-04-03 16:00:00,-0.0
2023-04-03 17:00:00,-0.0
2023-04-03 18:00:00,-0.0
2023-04-03 19:00:00,-0.0
2023-04-03 20:00:00,0.0
2023-04-03 21:00:00,-0.0
2023-04-03 22:00:00,0.0
2023-04-03 23:00:00,-0.0
2023-04-04 00:00:00,-0.0
2023-04-04 01:00:00,-0.0
2023-04-04 02:00:00,3.4070305712249105e-43
2023-04-04 03:00:00,0.0
2023-04-04 04:00:00,0.0
2023-04-04 05:00:00,133.46688743458023
2023-04-04 06:00:00,341.5620344941837
2023-04-04 07:00:00,560.7418147493667
2023-04-04 08:00:00,1048.8310815820016
2023-04-04 09:00:00,920.0996046596191
2023-04-04 10:00:00,1207.3166722200597
2023-04-04 11:00:00,907.1539918651737
2023-04-04 12:00:00,892.82849889203
2023-04-04 13:00:00,613.3188847693275
2023-04-04 14:00:00,290.5229160456933
2023-04-04 15:00:00,124.23300891517964
2023-04-04 16:00:00,-0.0
2023-04-04 17:00:00,0.0
2023-04-04 18:00:00,7.73793955953695e-43
2023-04-04 19:00:00,3.4070305712249105e-43
2023-04-04 20:00:00,-0.0
2023-04-04 21:00:00,2.8379655475793727e-42
2023-04-04 22:00:00,-0.0
2023-04-04 23:00:00,2.2303003869793147e-42
2023-04-05 00:00:00,-0.0
2023-04-05 01:00:00,0.0
2023-04-05 02:00:00,-0.0
2023-04-05 03:00:00,-0.0
2023-04-05 04:00:00,-0.0
2023-04-05 05:00:00,165.43936359514467
2023-04-05 06:00:00,329.52054646004984
2023-04-05 07:00:00,542.3810203277221
2023-04-05 08:00:00,709.3024589091857
2023-04-05 09:00:00,826.6479289513863
2023-04-05 10:00:00,852.0224794420429
2023-04-05 11:00:00,919.3007741354586
2023-04-05 12:00:00,716.7182747513002
2023-04-05 13:00:00,491.78716409160603
2023-04-05 14:00:00,274.953521640042
2023-04-05 15:00:00,123.42928739693583
2023-04-05 16:00:00,2.21208108318978e-42
2023-04-05 17:00:00,-0.0
2023-04-05 18:00:00,0.0
2023-04-05 19:00:00,2.5176312364881817e-42
2023-04-05 20:00:00,-0.0
2023-04-05 21:00:00,0.0
2023-04-05 22:00:00,-0.0
2023-04-05 23:00:00,-0.0
2023-04-06 00:00:00,-0.0
2023-04-06 01:00:00,-0.0
2023-04-06 02:00:00,-0.0
2023-04-06 03:00:00,-0.0
2023-04-06 04:00:00,-0.0
2023-04-06 05:00:00,159.67462919168167
2023-04-06 06:00:00,416.0558950522438
2023-04-06 07:00:00,607.8499031528437
2023-04-06 08:00:00,755.1168226028481
2023-04-06 09:00:00,952.5514421920589
2023-04-06 10:00:00,1053.94298455482
2023-04-06 11:00:00,412.98964657371323
2023-04-06 12:00:00,878.1718789259105
2023-04-06 13:00:00,592.5504283480826
2023-04-06 14:00:00,390.1011414185677
2023-04-06 15:00:00,118.60687177910064
2023-04-06 16:00:00,-0.0
2023-04-06 17:00:00,-0.0
2023-04-06 18:00:00,-0.0
2023-04-06 19:00:00,-0.0
2023-04-06 20:00:00,-0.0
2023-04-06 21:00:00,-0.0
2023-04-06 22:00:00,0.0
2023-04-06 23:00:00,-0.0
2023-04-07 00:00:00,-0.0
2023-04-07 01:00:00,0.0
2023-04-07 02:00:00,-0.0
2023-04-07 03:00:00,-0.0
2023-04-07 04:00:00,-0.0
2023-04-07 05:00:00,157.84567039192308
2023-04-07 06:00:00,292.659749907021
2023-04-07 07:00:00,498.7826499514774
2023-04-07 08:00:00,654.4749620185711
2023-04-07 09:00:00,754.5864021721786
2023-04-07 10:00:00,781.6832070731641
2023-04-07 11:00:00,734.5240104943388
2023-04-07 12:00:00,610.0260695280443
2023-04-07 13:00:00,438.0070781522951
2023-04-07 14:00:00,230.93833909860288
2023-04-07 15:00:00,113.6741202368692
2023-04-07 16:00:00,-0.0
2023-04-07 17:00:00,-0.0
2023-04-07 18:00:00,8.425484433443642e-42
2023-04-07 19:00:00,-0.0
2023-04-07 20:00:00,0.0
2023-04-07 21:00:00,2.5166109703743285e-42
2023-04-07 22:00:00,-0.0
2023-04-07 23:00:00,-0.0
2023-04-08 00:00:00,-0.0
2023-04-08 01:00:00,0.0
2023-04-08 02:00:00,0.0
2023-04-08 03:00:00,-0.0
2023-04-08 04:00:00,-0.0
2023-04-08 05:00:00,182.61116136138145
2023-04-08 06:00:00,474.8226021690538
2023-04-08 07:00:00,757.8225884362146
2023-04-08 08:00:00,940.196491633646
2023-04-08 09:00:00,913.0873315362886
2023-04-08 10:00:00,1032.986706320468
2023-04-08 11:00:00,878.3327651450212
2023-04-08 12:00:00,605.7518708089171
2023-04-08 13:00:00,434.9807784418536
2023-04-08 14:00:00,385.16036019297405
2023-04-08 15:00:00,122.13413156684015
2023-04-08 16:00:00,-0.0
2023-04-08 17:00:00,1.0123575895482921e-41
2023-04-08 18:00:00,-0.0
2023-04-08 19:00:00,0.0
2023-04-08 20:00:00,-0.0
2023-04-08 21:00:00,-0.0
2023-04-08 22:00:00,-0.0
2023-04-08 23:00:00,0.0
2023-04-09 00:00:00,-0.0
2023-04-09 01:00:00,-0.0
2023-04-09 02:00:00,-0.0
2023-04-09 03:00:00,0.0
2023-04-09 04:00:00,3.479489308481342e-42
2023-04-09 05:00:00,178.21924264487384
2023-04-09 06:00:00,475.8882764673181
2023-04-09 07:00:00,568.2637542956256
2023-04-09 08:00:00,659.3743094704257
2023-04-09 09:00:00,854.8251854925084
2023-04-09 10:00:00,831.9126452020477
2023-04-09 11:00:00,776.9749831881854
2023-04-09 12:00:00,664.1495730091732
2023-04-09 13:00:00,578.8777330359488
2023-04-09 14:00:00,138.926192161895
2023-04-09 15:00:00,115.00752842225955
2023-04-09 16:00:00,0.0
2023-04-09 17:00:00,-0.0
2023-04-09 18:00:00,-0.0
2023-04-09 19:00:00,-0.0
2023-04-09 20:00:00,0.0
2023-04-09 21:00:00,-0.0
2023-04-09 22:00:00,0.0
2023-04-09 23:00:00,6.245885393914972e-42
2023-04-10 00:00:00,-0.0
2023-04-10 01:00:00,-0.0
2023-04-10 02:00:00,8.584228948526027e-42
2023-04-10 03:00:00,0.0
2023-04-10 04:00:00,7.251668239539245e-42
2023-04-10 05:00:00,194.1036281338198
2023-04-10 06:00:00,469.35211852352097
2023-04-10 07:00:00,747.0452706542306
2023-04-10 08:00:00,788.4220277811096
2023-04-10 09:00:00,793.3175172151836
2023-04-10 10:00:00,729.7260477746518
2023-04-10 11:00:00,1046.271198170805
2023-04-10 12:00:00,885.0718647836943
2023-04-10 13:00:00,399.7951375103221
2023-04-10 14:00:00,295.4865273460709
2023-04-10 15:00:00,86.12911145732431
2023-04-10 16:00:00,0.0
2023-04-10 17:00:00,0.0
2023-04-10 18:00:00,-0.0
2023-04-10 19:00:00,-0.0
2023-04-10 20:00:00,-0.0
2023-04-10 21:00:00,-0.0
2023-04-10 22:00:00,-0.0
2023-04-10 23:00:00,-0.0
2023-04-11 00:00:00,-0.0
2023-04-11 01:00:00,-0.0
2023-04-11 02:00:00,0.0
2023-04-11 03:00:00,0.0
2023-04-11 04:00:00,0.0
2023-04-11 05:00:00,189.49001888481948
2023-04-11 06:00:00,331.8705441933712
2023-04-11 07:00:00,646.4795610890872
2023-04-11 08:00:00,937.1595075436061
2023-04-11 09:00:00,830.7822988215727
2023-04-11 10:00:00,1135.0935792384857
2023-04-11 11:00:00,1082.016416245993
2023-04-11 12:00:00,924.5749474983053
2023-04-11 13:00:00,568.9288252932133
2023-04-11 14:00:00,360.77619061963344
2023-04-11 15:00:00,102.7237453223348
2023-04-11 16:00:00,0.0
2023-04-11 17:00:00,-0.0
2023-04-11 18:00:00,-0.0
2023-04-11 19:00:00,-0.0
2023-04-11 20:00:00,6.142262694261102e-43
2023-04-11 21:00:00,3.372534557448496e-42
2023-04-11 22:00:00,-0.0
2023-04-11 23:00:00,0.0
2023-04-12 00:00:00,4.0576170013227274e-42
2023-04-12 01:00:00,-0.0
2023-04-12 02:00:00,-0.0
2023-04-12 03:00:00,-0.0
2023-04-12 04:00:00,-0.0
2023-04-12 05:00:00,200.6948972631932
2023-04-12 06:00:00,259.0119615664615
2023-04-12 07:00:00,513.1089419216672
2023-04-12 08:00:00,583.1408274028746
2023-04-12 09:00:00,859.6898383948097
2023-04-12 10:00:00,1110.7034551664506
2023-04-12 11:00:00,878.3967621718155
2023-04-12 12:00:00,686.1276027344293
2023-04-12 13:00:00,461.02353057381174
2023-04-12 14:00:00,247.98954896223728
2023-04-12 15:00:00,105.1448393653875
2023-04-12 16:00:00,-0.0
2023-04-12 17:00:00,-0.0
2023-04-12 18:00:00,4.370149363727968e-42
2023-04-12 19:00:00,-0.0
2023-04-12 20:00:00,-0.0
2023-04-12 21:00:00,3.372534557448496e-42
2023-04-12 22:00:00,-0.0
2023-04-12 23:00:00,0.0
2023-04-13 00:00:00,0.0
2023-04-13 01:00:00,0.0
2023-04-13 02:00:00,2.5462572485398976e-42
2023-04-13 03:00:00,-0.0
2023-04-13 04:00:00,-0.0
2023-04-13 05:00:00,169.53153122963624
2023-04-13 06:00:00,236.51086690511693
2023-04-13 07:00:00,413.6616749207472
2023-04-13 08:00:00,546.5494601578096
2023-04-13 09:00:00,646.2116976643238
2023-04-13 10:00:00,677.1055185196709
2023-04-13 11:00:00,631.6183784640676
2023-04-13 12:00:00,496.588650508672
2023-04-13 13:00:00,353.6420328078247
2023-04-13 14:00:00,206.9387719232372
2023-04-13 15:00:00,90.37419489708945
2023-04-13 16:00:00,-0.0
2023-04-13 17:00:00,6.112278899146181e-43
2023-04-13 18:00:00,0.0
2023-04-13 19:00:00,-0.0
2023-04-13 20:00:00,6.876832222370973e-42
2023-04-13 21:00:00,1.0377238941125604e-41
2023-04-13 22:00:00,-0.0
2023-04-13 23:00:00,0.0
2023-04-14 00:00:00,-0.0
2023-04-14 01:00:00,-0.0
2023-04-14 02:00:00,-0.0
2023-04-14 03:00:00,-0.0
2023-04-14 04:00:00,-0.0
2023-04-14 05:00:00,150.8882574295422
2023-04-14 06:00:00,208.97918324301904
2023-04-14 07:00:00,388.8851651358093
2023-04-14 08:00:00,534.0526114286258
2023-04-14 09:00:00,633.5470890199697
2023-04-14 10:00:00,835.0268692376544
2023-04-14 11:00:00,937.7856917798917
2023-04-14 12:00:00,728.4284717359553
2023-04-14 13:00:00,650.2167685850411
2023-04-14 14:00:00,332.95651273234256
2023-04-14 15:00:00,67.52225059942475
2023-04-14 16:00:00,-0.0
2023-04-14 17:00:00,5.0895428120982614e-42
2023-04-14 18:00:00,-0.0
2023-04-14 19:00:00,-0.0
2023-04-14 20:00:00,0.0
2023-04-14 21:00:00,-0.0
2023-04-14 22:00:00,-0.0
2023-04-14 23:00:00,-0.0
2023-04-15 00:00:00,-0.0
2023-04-15 01:00:00,-0.0
2023-04-15 02:00:00,-0.0
2023-04-15 03:00:00,-0.0
2023-04-15 04:00:00,-0.0
2023-04-15 05:00:00,178.1449480835078
2023-04-15 06:00:00,443.2090022582575
2023-04-15 07:00:00,520.149312021769
2023-04-15 08:00:00,714.903044864051
2023-04-15 09:00:00,629.1161243099597
2023-04-15 10:00:00,658.8634634026819
2023-04-15 11:00:00,623.2361889393218
2023-04-15 12:00:00,491.84316555586537
2023-04-15 13:00:00,313.82049864012265
2023-04-15 14:00:00,220.44421601097466
2023-04-15 15:00:00,86.93042565310638
2023-04-15 16:00:00,-0.0
2023-04-15 17:00:00,-0.0
2023-04-15 18:00:00,-0.0
2023-04-15 19:00:00,-0.0
2023-04-15 20:00:00,-0.0
2023-04-15 21:00:00,0.0
2023-04-15 22:00:00,-0.0
2023-04-15 23:00:00,1.659481237349054e-42
2023-04-16 00:00:00,0.0
2023-04-16 01:00:00,0.0
2023-04-16 02:00:00,-0.0
2023-04-16 03:00:00,0.0
2023-04-16 04:00:00,7.558384900119257e-43
2023-04-16 05:00:00,141.17298687864363
2023-04-16 06:00:00,245.81414995856582
2023-04-16 07:00:00,362.5228794021858
2023-04-16 08:00:00,505.9000867865294
2023-04-16 09:00:00,603.3899116740014
2023-04-16 10:00:00,639.911902357558
2023-04-16 11:00:00,627.8300253452684
2023-04-16 12:00:00,475.47963134420075
2023-04-16 13:00:00,312.3011339264877
2023-04-16 14:00:00,205.72284585887206
2023-04-16 15:00:00,83.62358060779425
2023-04-16 16:00:00,1.0377238941125604e-41
2023-04-16 17:00:00,0.0
2023-04-16 18:00:00,-0.0
2023-04-16 19:00:00,0.0
2023-04-16 20:00:00,-0.0
2023-04-16 21:00:00,-0.0
2023-04-16 22:00:00,-0.0
2023-04-16 23:00:00,0.0
2023-04-17 00:00:00,-0.0
2023-04-17 01:00:00,0.0
2023-04-17 02:00:00,-0.0
2023-04-17 03:00:00,3.4582113234573346e-43
2023-04-17 04:00:00,0.0
2023-04-17 05:00:00,153.57495102856734
2023-04-17 06:00:00,271.7196468649261
2023-04-17 07:00:00,356.54510025127354
2023-04-17 08:00:00,486.7579229843418
2023-04-17 09:00:00,589.4292702628771
2023-04-17 10:00:00,608.5111305418396
2023-04-17 11:00:00,545.7652500810524
2023-04-17 12:00:00,420.80297516650745
2023-04-17 13:00:00,265.4011576217507
2023-04-17 14:00:00,204.7845696281394
2023-04-17 15:00:00,79.67409185602686
2023-04-17 16:00:00,-0.0
2023-04-17 17:00:00,-0.0
2023-04-17 18:00:00,0.0
2023-04-17 19:00:00,-0.0
2023-04-17 20:00:00,0.0
2023-04-17 21:00:00,0.0
2023-04-17 22:00:00,-0.0
2023-04-17 23:00:00,0.0
2023-04-18 00:00:00,-0.0
2023-04-18 01:00:00,0.0
2023-04-18 02:00:00,-0.0
2023-04-18 03:00:00,-0.0
2023-04-18 04:00:00,1.4009225226352415e-42
2023-04-18 05:00:00,148.05584580629747
2023-04-18 06:00:00,254.58618926764137
2023-04-18 07:00:00,319.6174108070697
2023-04-18 08:00:00,463.85393916185905
2023-04-18 09:00:00,567.1405071493009
2023-04-18 10:00:00,584.6308003196974
2023-04-18 11:00:00,522.651130670243
2023-04-18 12:00:00,399.07653209468583
2023-04-18 13:00:00,239.99323678171191
2023-04-18 14:00:00,206.5135356635917
2023-04-18 15:00:00,74.85313042707764
2023-04-18 16:00:00,1.655009595613468e-42
2023-04-18 17:00:00,1.14102905881219e-42
2023-04-18 18:00:00,6.112788271059002e-42
2023-04-18 19:00:00,-0.0
2023-04-18 20:00:00,0.0
2023-04-18 21:00:00,-0.0
2023-04-18 22:00:00,6.529157535774251e-42
2023-04-18 23:00:00,-0.0
2023-04-19 00:00:00,2.1280795906721608e-42
2023-04-19 01:00:00,-0.0
2023-04-19 02:00:00,6.500184996359644e-43
2023-04-19 03:00:00,-0.0
2023-04-19 04:00:00,-0.0
2023-04-19 05:00:00,147.85828164803564
2023-04-19 06:00:00,244.66971518722028
2023-04-19 07:00:00,302.6319597417619
2023-04-19 08:00:00,446.46152424608107
2023-04-19 09:00:00,550.5680977135173
2023-04-19 10:00:00,568.3889158517223
2023-04-19 11:00:00,507.8841179076038
2023-04-19 12:00:00,388.7731884571798
2023-04-19 13:00:00,232.41688623054424
2023-04-19 14:00:00,201.14089225841656
2023-04-19 15:00:00,70.78149080701935
2023-04-19 16:00:00,-0.0
2023-04-19 17:00:00,6.112788271059002e-42
2023-04-19 18:00:00,3.7862614632653134e-42
2023-04-19 19:00:00,0.0
2023-04-19 20:00:00,2.5176312364881817e-42
2023-04-19 21:00:00,0.0
2023-04-19 22:00:00,-0.0
2023-04-19 23:00:00,0.0
2023-04-20 00:00:00,0.0
2023-04-20 01:00:00,-0.0
2023-04-20 02:00:00,4.201083450610907e-43
2023-04-20 03:00:00,-0.0
2023-04-20 04:00:00,-0.0
2023-04-20 05:00:00,145.07575763252143
2023-04-20 06:00:00,238.05474425288443
2023-04-20 07:00:00,290.4623394328769
2023-04-20 08:00:00,425.6568797967198
2023-04-20 09:00:00,535.1801995472797
2023-04-20 10:00:00,552.4942340417638
2023-04-20 11:00:00,491.26166561556624
2023-04-20 12:00:00,367.34762408557503
2023-04-20 13:00:00,217.54673496000623
2023-04-20 14:00:00,203.12827533531407
2023-04-20 15:00:00,70.47614140378171
2023-04-20 16:00:00,-0.0
2023-04-20 17:00:00,0.0
2023-04-20 18:00:00,6.222631239469596e-43
2023-04-20 19:00:00,-0.0
2023-04-20 20:00:00,-0.0
2023-04-20 21:00:00,-0.0
2023-04-20 22:00:00,-0.0
2023-04-20 23:00:00,-0.0
2023-04-21 00:00:00,4.041359763242275e-42
2023-04-21 01:00:00,-0.0
2023-04-21 02:00:00,0.0
2023-04-21 03:00:00,0.0
2023-04-21 04:00:00,0.0
2023-04-21 05:00:00,163.71380722606438
2023-04-21 06:00:00,421.6598348937242
2023-04-21 07:00:00,619.5627517530279
2023-04-21 08:00:00,534.2937152536474
2023-04-21 09:00:00,818.7869773777459
2023-04-21 10:00:00,976.2500391234564
2023-04-21 11:00:00,624.6621544233963
2023-04-21 12:00:00,788.3914930185306
2023-04-21 13:00:00,577.1265730219927
2023-04-21 14:00:00,321.4061561258049
2023-04-21 15:00:00,60.548100418154434
2023-04-21 16:00:00,-0.0
2023-04-21 17:00:00,-0.0
2023-04-21 18:00:00,-0.0
2023-04-21 19:00:00,4.937449810034863e-42
2023-04-21 20:00:00,0.0
2023-04-21 21:00:00,-0.0
2023-04-21 22:00:00,0.0
2023-04-21 23:00:00,0.0
2023-04-22 00:00:00,-0.0
2023-04-22 01:00:00,-0.0
2023-04-22 02:00:00,0.0
2023-04-22 03:00:00,-0.0
2023-04-22 04:00:00,-0.0
2023-04-22 05:00:00,167.21405435990113
2023-04-22 06:00:00,293.77262924669884
2023-04-22 07:00:00,662.7727038600324
2023-04-22 08:00:00,843.1941841946566
2023-04-22 09:00:00,593.5918806615414
2023-04-22 10:00:00,675.0992520682312
2023-04-22 11:00:00,659.4855792391016
2023-04-22 12:00:00,791.5216071605926
2023-04-22 13:00:00,223.70058859048123
2023-04-22 14:00:00,231.42401385409795
2023-04-22 15:00:00,63.57292364109105
2023-04-22 16:00:00,-0.0
2023-04-22 17:00:00,-0.0
2023-04-22 18:00:00,1.0123575895482921e-41
2023-04-22 19:00:00,-0.0
2023-04-22 20:00:00,2.1309681416818234e-42
2023-04-22 21:00:00,6.142262694261102e-43
2023-04-22 22:00:00,-0.0
2023-04-22 23:00:00,0.0
2023-04-23 00:00:00,0.0
2023-04-23 01:00:00,-0.0
2023-04-23 02:00:00,1.2318646857841175e-42
2023-04-23 03:00:00,-0.0
2023-04-23 04:00:00,0.0
2023-04-23 05:00:00,133.2452214568569
2023-04-23 06:00:00,371.7816320269971
2023-04-23 07:00:00,273.2061919408029
2023-04-23 08:00:00,386.1504256597683
2023-04-23 09:00:00,470.8339966063022
2023-04-23 10:00:00,608.9759900295819
2023-04-23 11:00:00,448.4492077725594
2023-04-23 12:00:00,326.38816013344604
2023-04-23 13:00:00,269.6157069462342
2023-04-23 14:00:00,198.56886313288032
2023-04-23 15:00:00,62.03627481061867
2023-04-23 16:00:00,9.44999326086756e-43
2023-04-23 17:00:00,-0.0
2023-04-23 18:00:00,-0.0
2023-04-23 19:00:00,2.5176312364881817e-42
2023-04-23 20:00:00,0.0
2023-04-23 21:00:00,-0.0
2023-04-23 22:00:00,-0.0
2023-04-23 23:00:00,-0.0
2023-04-24 00:00:00,-0.0
2023-04-24 01:00:00,-0.0
2023-04-24 02:00:00,-0.0
2023-04-24 03:00:00,-0.0
2023-04-24 04:00:00,-0.0
2023-04-24 05:00:00,132.13894127944263
2023-04-24 06:00:00,234.05134580708452
2023-04-24 07:00:00,231.7639809476945
2023-04-24 08:00:00,364.1360206566024
2023-04-24 09:00:00,452.6571601492686
2023-04-24 10:00:00,479.326731167108
2023-04-24 11:00:00,427.71606819113504
2023-04-24 12:00:00,308.3182451510689
2023-04-24 13:00:00,383.6751188163366
2023-04-24 14:00:00,201.49530507078484
2023-04-24 15:00:00,56.564469505621304
2023-04-24 16:00:00,-0.0
2023-04-24 17:00:00,-0.0
2023-04-24 18:00:00,-0.0
2023-04-24 19:00:00,-0.0
2023-04-24 20:00:00,2.1309681416818234e-42
2023-04-24 21:00:00,-0.0
2023-04-24 22:00:00,0.0
2023-04-24 23:00:00,2.6303062418641643e-42
2023-04-25 00:00:00,-0.0
2023-04-25 01:00:00,-0.0
2023-04-25 02:00:00,2.5462572485398976e-42
2023-04-25 03:00:00,-0.0
2023-04-25 04:00:00,3.1506756862663935e-42
2023-04-25 05:00:00,156.29317506261935
2023-04-25 06:00:00,182.92489292039286
2023-04-25 07:00:00,626.6015324816988
2023-04-25 08:00:00,539.3628361304317
2023-04-25 09:00:00,829.8811453634128
2023-04-25 10:00:00,949.4996736200975
2023-04-25 11:00:00,296.76841165096164
2023-04-25 12:00:00,312.5264232638963
2023-04-25 13:00:00,499.2434316678654
2023-04-25 14:00:00,284.3135062177764
2023-04-25 15:00:00,6.115213049835709
2023-04-25 16:00:00,-0.0
2023-04-25 17:00:00,0.0
2023-04-25 18:00:00,0.0
2023-04-25 19:00:00,0.0
2023-04-25 20:00:00,-0.0
2023-04-25 21:00:00,1.6506973777794036e-42
2023-04-25 22:00:00,-0.0
2023-04-25 23:00:00,-0.0
2023-04-26 00:00:00,-0.0
2023-04-26 01:00:00,4.484183624191127e-42
2023-04-26 02:00:00,-0.0
2023-04-26 03:00:00,-0.0
2023-04-26 04:00:00,0.0
2023-04-26 05:00:00,155.63962014268714
2023-04-26 06:00:00,404.34071180454265
2023-04-26 07:00:00,621.706864754519
2023-04-26 08:00:00,818.7015484060498
2023-04-26 09:00:00,840.385449456579
2023-04-26 10:00:00,927.2691219390783
2023-04-26 11:00:00,862.124969375856
2023-04-26 12:00:00,538.4279721227321
2023-04-26 13:00:00,466.24429912625936
2023-04-26 14:00:00,282.631297908242
2023-04-26 15:00:00,42.65051870622501
2023-04-26 16:00:00,9.570096755109104e-42
2023-04-26 17:00:00,0.0
2023-04-26 18:00:00,-0.0
2023-04-26 19:00:00,-0.0
2023-04-26 20:00:00,0.0
2023-04-26 21:00:00,0.0
2023-04-26 22:00:00,-0.0
2023-04-26 23:00:00,-0.0
2023-04-27 00:00:00,-0.0
2023-04-27 01:00:00,-0.0
2023-04-27 02:00:00,0.0
2023-04-27 03:00:00,0.0
2023-04-27 04:00:00,-0.0
2023-04-27 05:00:00,143.4718762348041
2023-04-27 06:00:00,269.37017511657825
2023-04-27 07:00:00,305.12810383548816
2023-04-27 08:00:00,321.68595439970295
2023-04-27 09:00:00,444.33927883105713
2023-04-27 10:00:00,436.6043760014956
2023-04-27 11:00:00,451.3872514839234
2023-04-27 12:00:00,258.5110021883328
2023-04-27 13:00:00,500.15066302619846
2023-04-27 14:00:00,242.58930678324762
2023-04-27 15:00:00,37.05653897752508
2023-04-27 16:00:00,-0.0
2023-04-27 17:00:00,-0.0
2023-04-27 18:00:00,-0.0
2023-04-27 19:00:00,-0.0
2023-04-27 20:00:00,0.0
2023-04-27 21:00:00,7.936337072591366e-42
2023-04-27 22:00:00,0.0
2023-04-27 23:00:00,7.435918467211509e-42
2023-04-28 00:00:00,-0.0
2023-04-28 01:00:00,-0.0
2023-04-28 02:00:00,-0.0
2023-04-28 03:00:00,-0.0
2023-04-28 04:00:00,-0.0
2023-04-28 05:00:00,152.59818480270172
2023-04-28 06:00:00,380.91962291459424
2023-04-28 07:00:00,605.9572193264154
2023-04-28 08:00:00,415.5156476570268
2023-04-28 09:00:00,640.3112663531543
2023-04-28 10:00:00,895.5407365762852
2023-04-28 11:00:00,843.2789456666029
2023-04-28 12:00:00,579.8745978962334
2023-04-28 13:00:00,373.00662944725815
2023-04-28 14:00:00,207.56368746030452
2023-04-28 15:00:00,33.28003828196405
2023-04-28 16:00:00,-0.0
2023-04-28 17:00:00,-0.0
2023-04-28 18:00:00,-0.0
2023-04-28 19:00:00,1.6506973777794036e-42
2023-04-28 20:00:00,5.0895428120982614e-42
2023-04-28 21:00:00,-0.0
2023-04-28 22:00:00,-0.0
2023-04-28 23:00:00,-0.0
2023-04-29 00:00:00,0.0
2023-04-29 01:00:00,4.2347479109218007e-42
2023-04-29 02:00:00,-0.0
2023-04-29 03:00:00,-0.0
2023-04-29 04:00:00,0.0
2023-04-29 05:00:00,145.67220724401665
2023-04-29 06:00:00,371.2993113978151
2023-04-29 07:00:00,565.5848088651989
2023-04-29 08:00:00,750.9293915940904
2023-04-29 09:00:00,458.0705878408095
2023-04-29 10:00:00,389.23017158259637
2023-04-29 11:00:00,333.7746399191401
2023-04-29 12:00:00,488.72943291568123
2023-04-29 13:00:00,269.1232310766616
2023-04-29 14:00:00,259.68987737800063
2023-04-29 15:00:00,24.056024346922314
2023-04-29 16:00:00,2.7911499629416457e-42
2023-04-29 17:00:00,0.0
2023-04-29 18:00:00,-0.0
2023-04-29 19:00:00,-0.0
2023-04-29 20:00:00,-0.0
2023-04-29 21:00:00,-0.0
2023-04-29 22:00:00,-0.0
2023-04-29 23:00:00,-0.0
2023-04-30 00:00:00,-0.0
2023-04-30 01:00:00,0.0
2023-04-30 02:00:00,-0.0
2023-04-30 03:00:00,-0.0
2023-04-30 04:00:00,3.372534557448496e-42
2023-04-30 05:00:00,130.9419073781446
2023-04-30 06:00:00,299.0464184635332
2023-04-30 07:00:00,622.9008159247778
2023-04-30 08:00:00,495.0891166356111
2023-04-30 09:00:00,737.1125181238558
2023-04-30 10:00:00,300.1064856333022
2023-04-30 11:00:00,811.2680477891004
2023-04-30 12:00:00,730.6716886823357
2023-04-30 13:00:00,438.48421629592355
2023-04-30 14:00:00,269.40766486466595
2023-04-30 15:00:00,17.66258290576485
2023-04-30 16:00:00,-0.0
2023-04-30 17:00:00,-0.0
2023-04-30 18:00:00,2.8379655475793727e-42
2023-04-30 19:00:00,2.8386577636558946e-42
2023-04-30 20:00:00,-0.0
2023-04-30 21:00:00,-0.0
2023-04-30 22:00:00,2.2303003869793147e-42
2023-04-30 23:00:00,-0.0
2023-05-01 00:00:00,4.0576170013227274e-42
2023-05-01 01:00:00,-0.0
2023-05-01 02:00:00,2.5430355580969537e-42
2023-05-01 03:00:00,-0.0
2023-05-01 04:00:00,8.108368030764874e-42
2023-05-01 05:00:00,126.82809430022822
2023-05-01 06:00:00,392.95041686018664
2023-05-01 07:00:00,360.0886762329002
2023-05-01 08:00:00,682.5137389859324
2023-05-01 09:00:00,609.3543245097488
2023-05-01 10:00:00,422.2175530512054
2023-05-01 11:00:00,381.2323220501775
2023-05-01 12:00:00,333.7285304156357
2023-05-01 13:00:00,283.45932399139946
2023-05-01 14:00:00,154.10457152798622
2023-05-01 15:00:00,26.406481191401383
2023-05-01 16:00:00,-0.0
2023-05-01 17:00:00,9.44999326086756e-43
2023-05-01 18:00:00,-0.0
2023-05-01 19:00:00,-0.0
2023-05-01 20:00:00,-0.0
2023-05-01 21:00:00,-0.0
2023-05-01 22:00:00,-0.0
2023-05-01 23:00:00,-0.0
2023-05-02 00:00:00,0.0
2023-05-02 01:00:00,-0.0
2023-05-02 02:00:00,0.0
2023-05-02 03:00:00,-0.0
2023-05-02 04:00:00,-0.0
2023-05-02 05:00:00,109.03493944433284
2023-05-02 06:00:00,254.65145299965744
2023-05-02 07:00:00,0.0
2023-05-02 08:00:00,232.19383496315072
2023-05-02 09:00:00,308.65347003430105
2023-05-02 10:00:00,315.16134736483775
2023-05-02 11:00:00,252.79041391503443
2023-05-02 12:00:00,245.83079342892657
2023-05-02 13:00:00,221.78618817167288
2023-05-02 14:00:00,159.30113686374946
2023-05-02 15:00:00,28.436716685741718
2023-05-02 16:00:00,-0.0
2023-05-02 17:00:00,3.806331974204124e-42
2023-05-02 18:00:00,-0.0
2023-05-02 19:00:00,-0.0
2023-05-02 20:00:00,-0.0
2023-05-02 21:00:00,1.1284298565487192e-41
2023-05-02 22:00:00,-0.0
2023-05-02 23:00:00,0.0
2023-05-03 00:00:00,0.0
2023-05-03 01:00:00,0.0
2023-05-03 02:00:00,-0.0
2023-05-03 03:00:00,-0.0
2023-05-03 04:00:00,0.0
2023-05-03 05:00:00,105.2324234622518
2023-05-03 06:00:00,220.98832640408904
2023-05-03 07:00:00,567.5917427667041
2023-05-03 08:00:00,574.3337923072634
2023-05-03 09:00:00,764.5344339211329
2023-05-03 10:00:00,744.7593277320387
2023-05-03 11:00:00,834.7601227563248
2023-05-03 12:00:00,452.9778580898717
2023-05-03 13:00:00,137.65391664286716
2023-05-03 14:00:00,88.91223054165619
2023-05-03 15:00:00,22.045746790347142
2023-05-03 16:00:00,-0.0
2023-05-03 17:00:00,-0.0
2023-05-03 18:00:00,-0.0
2023-05-03 19:00:00,-0.0
2023-05-03 20:00:00,-0.0
2023-05-03 21:00:00,-0.0
2023-05-03 22:00:00,0.0
2023-05-03 23:00:00,-0.0
2023-05-04 00:00:00,0.0
2023-05-04 01:00:00,-0.0
2023-05-04 02:00:00,-0.0
2023-05-04 03:00:00,-0.0
2023-05-04 04:00:00,0.0
2023-05-04 05:00:00,110.75941447163083
2023-05-04 06:00:00,221.3570297577821
2023-05-04 07:00:00,285.51695662865717
2023-05-04 08:00:00,283.22136862625365
2023-05-04 09:00:00,274.90781189070645
2023-05-04 10:00:00,281.62728481048794
2023-05-04 11:00:00,227.73186247458054
2023-05-04 12:00:00,257.5099671793596
2023-05-04 13:00:00,395.9092428657181
2023-05-04 14:00:00,247.83289422984268
2023-05-04 15:00:00,16.99716096694884
2023-05-04 16:00:00,-0.0
2023-05-04 17:00:00,-0.0
2023-05-04 18:00:00,9.301562374896311e-42
2023-05-04 19:00:00,4.370149363727968e-42
2023-05-04 20:00:00,-0.0
2023-05-04 21:00:00,0.0
2023-05-04 22:00:00,0.0
2023-05-04 23:00:00,-0.0
2023-05-05 00:00:00,0.0
2023-05-05 01:00:00,6.142262694261102e-43
2023-05-05 02:00:00,-0.0
2023-05-05 03:00:00,-0.0
2023-05-05 04:00:00,0.0
2023-05-05 05:00:00,69.13973589752005
2023-05-05 06:00:00,316.45665499422444
2023-05-05 07:00:00,599.4249284449937
2023-05-05 08:00:00,443.1126169291363
2023-05-05 09:00:00,642.9549143317946
2023-05-05 10:00:00,893.2278258670184
2023-05-05 11:00:00,815.5695047436061
2023-05-05 12:00:00,583.8827823492209
2023-05-05 13:00:00,341.43241764840866
2023-05-05 14:00:00,233.2687738444427
2023-05-05 15:00:00,19.718465629622166
2023-05-05 16:00:00,0.0
2023-05-05 17:00:00,4.370149363727968e-42
2023-05-05 18:00:00,-0.0
2023-05-05 19:00:00,0.0
2023-05-05 20:00:00,0.0
2023-05-05 21:00:00,0.0
2023-05-05 22:00:00,0.0
2023-05-05 23:00:00,0.0
2023-05-06 00:00:00,0.0
2023-05-06 01:00:00,6.529157535774251e-42
2023-05-06 02:00:00,-0.0
2023-05-06 03:00:00,0.0
2023-05-06 04:00:00,0.0
2023-05-06 05:00:00,119.2641211572767
2023-05-06 06:00:00,316.74990951558794
2023-05-06 07:00:00,582.42980182061
2023-05-06 08:00:00,438.165530738382
2023-05-06 09:00:00,253.86880305283464
2023-05-06 10:00:00,252.22747358772858
2023-05-06 11:00:00,198.8923993845283
2023-05-06 12:00:00,254.253934575973
2023-05-06 13:00:00,246.63437678269474
2023-05-06 14:00:00,239.63712982801067
2023-05-06 15:00:00,21.44204999863622
2023-05-06 16:00:00,-0.0
2023-05-06 17:00:00,-0.0
2023-05-06 18:00:00,-0.0
2023-05-06 19:00:00,0.0
2023-05-06 20:00:00,-0.0
2023-05-06 21:00:00,-0.0
2023-05-06 22:00:00,-0.0
2023-05-06 23:00:00,-0.0
2023-05-07 00:00:00,-0.0
2023-05-07 01:00:00,-0.0
2023-05-07 02:00:00,0.0
2023-05-07 03:00:00,0.0
2023-05-07 04:00:00,0.0
2023-05-07 05:00:00,121.25685793995116
2023-05-07 06:00:00,293.1565964458108
2023-05-07 07:00:00,492.1934220998326
2023-05-07 08:00:00,360.3732372291991
2023-05-07 09:00:00,698.8028606905173
2023-05-07 10:00:00,526.4907206852619
2023-05-07 11:00:00,160.20440092838555
2023-05-07 12:00:00,269.0161399060857
2023-05-07 13:00:00,166.42805084961662
2023-05-07 14:00:00,242.0734665872158
2023-05-07 15:00:00,12.860814302785055
2023-05-07 16:00:00,-0.0
2023-05-07 17:00:00,-0.0
2023-05-07 18:00:00,-0.0
2023-05-07 19:00:00,0.0
2023-05-07 20:00:00,-0.0
2023-05-07 21:00:00,0.0
2023-05-07 22:00:00,-0.0
2023-05-07 23:00:00,-0.0
2023-05-08 00:00:00,-0.0
2023-05-08 01:00:00,8.289177675704103e-42
2023-05-08 02:00:00,0.0
2023-05-08 03:00:00,4.721917223839846e-42
2023-05-08 04:00:00,1.7722248391575632e-43
2023-05-08 05:00:00,98.33666566556076
2023-05-08 06:00:00,202.0890856058523
2023-05-08 07:00:00,174.31398943515555
2023-05-08 08:00:00,191.8752061537588
2023-05-08 09:00:00,163.21115577184176
2023-05-08 10:00:00,195.9092917635389
2023-05-08 11:00:00,258.6072091822634
2023-05-08 12:00:00,524.75533720475
2023-05-08 13:00:00,153.09040338612473
2023-05-08 14:00:00,39.24473499814828
2023-05-08 15:00:00,2.0114691577646213
2023-05-08 16:00:00,-0.0
2023-05-08 17:00:00,-0.0
2023-05-08 18:00:00,0.0
2023-05-08 19:00:00,0.0
2023-05-08 20:00:00,-0.0
2023-05-08 21:00:00,-0.0
2023-05-08 22:00:00,0.0
2023-05-08 23:00:00,-0.0
2023-05-09 00:00:00,-0.0
2023-05-09 01:00:00,-0.0
2023-05-09 02:00:00,0.0
2023-05-09 03:00:00,-0.0
2023-05-09 04:00:00,3.710861689227908e-42
2023-05-09 05:00:00,117.91970911485917
2023-05-09 06:00:00,338.2106046567377
2023-05-09 07:00:00,315.8740499611243
2023-05-09 08:00:00,296.27608856584044
2023-05-09 09:00:00,807.1275273461672
2023-05-09 10:00:00,893.1179563680574
2023-05-09 11:00:00,801.1254446662257
2023-05-09 12:00:00,253.5933054112319
2023-05-09 13:00:00,475.23218375468275
2023-05-09 14:00:00,140.61656919855173
2023-05-09 15:00:00,1.9997867902170314
2023-05-09 16:00:00,-0.0
2023-05-09 17:00:00,0.0
2023-05-09 18:00:00,-0.0
2023-05-09 19:00:00,4.359344606671504e-43
2023-05-09 20:00:00,-0.0
2023-05-09 21:00:00,-0.0
2023-05-09 22:00:00,0.0
2023-05-09 23:00:00,0.0
2023-05-10 00:00:00,-0.0
2023-05-10 01:00:00,-0.0
2023-05-10 02:00:00,-0.0
2023-05-10 03:00:00,-0.0
2023-05-10 04:00:00,-0.0
2023-05-10 05:00:00,64.24794924597082
2023-05-10 06:00:00,249.32384212138703
2023-05-10 07:00:00,172.22984623175364
2023-05-10 08:00:00,748.483793029686
2023-05-10 09:00:00,839.7953019087075
2023-05-10 10:00:00,832.4910043694149
2023-05-10 11:00:00,800.8515450719054
2023-05-10 12:00:00,415.7391339943017
2023-05-10 13:00:00,409.68346196973425
2023-05-10 14:00:00,233.6530899881891
2023-05-10 15:00:00,1.9875793425944726
2023-05-10 16:00:00,0.0
2023-05-10 17:00:00,0.0
2023-05-10 18:00:00,-0.0
2023-05-10 19:00:00,5.192180774626863e-42
2023-05-10 20:00:00,6.7625277093540974e-43
2023-05-10 21:00:00,-0.0
2023-05-10 22:00:00,0.0
2023-05-10 23:00:00,0.0
2023-05-11 00:00:00,0.0
2023-05-11 01:00:00,-0.0
2023-05-11 02:00:00,1.705766112108438e-43
2023-05-11 03:00:00,2.2471702648484955e-42
2023-05-11 04:00:00,-0.0
2023-05-11 05:00:00,95.50339205013114
2023-05-11 06:00:00,170.24100494205044
2023-05-11 07:00:00,221.67557065952684
2023-05-11 08:00:00,247.83938445792083
2023-05-11 09:00:00,266.50344649540074
2023-05-11 10:00:00,302.9525898064274
2023-05-11 11:00:00,271.772690363258
2023-05-11 12:00:00,256.14218599643965
2023-05-11 13:00:00,208.60262487922435
2023-05-11 14:00:00,154.37291702052278
2023-05-11 15:00:00,0.0
2023-05-11 16:00:00,5.546588612931061e-42
2023-05-11 17:00:00,-0.0
2023-05-11 18:00:00,0.0
2023-05-11 19:00:00,0.0
2023-05-11 20:00:00,-0.0
2023-05-11 21:00:00,-0.0
2023-05-11 22:00:00,-0.0
2023-05-11 23:00:00,-0.0
2023-05-12 00:00:00,-0.0
2023-05-12 01:00:00,-0.0
2023-05-12 02:00:00,-0.0
2023-05-12 03:00:00,-0.0
2023-05-12 04:00:00,-0.0
2023-05-12 05:00:00,95.1315408638596
2023-05-12 06:00:00,356.71515172661134
2023-05-12 07:00:00,568.9128052613657
2023-05-12 08:00:00,732.968836360065
2023-05-12 09:00:00,825.7523161639776
2023-05-12 10:00:00,824.89442557844
2023-05-12 11:00:00,383.4869227068608
2023-05-12 12:00:00,656.3112289230074
2023-05-12 13:00:00,417.1997832444877
2023-05-12 14:00:00,168.38612136692478
2023-05-12 15:00:00,0.0
2023-05-12 16:00:00,-0.0
2023-05-12 17:00:00,0.0
2023-05-12 18:00:00,0.0
2023-05-12 19:00:00,0.0
2023-05-12 20:00:00,-0.0
2023-05-12 21:00:00,-0.0
2023-05-12 22:00:00,-0.0
2023-05-12 23:00:00,0.0
2023-05-13 00:00:00,2.5268579373022615e-42
2023-05-13 01:00:00,-0.0
2023-05-13 02:00:00,1.6690742061889378e-42
2023-05-13 03:00:00,-0.0
2023-05-13 04:00:00,0.0
2023-05-13 05:00:00,99.28065899396239
2023-05-13 06:00:00,210.08499458535297
2023-05-13 07:00:00,254.29854642281865
2023-05-13 08:00:00,285.50594550808984
2023-05-13 09:00:00,349.7767645479796
2023-05-13 10:00:00,783.0868216111131
2023-05-13 11:00:00,746.1810749388716
2023-05-13 12:00:00,629.8208588496944
2023-05-13 13:00:00,415.08671046604576
2023-05-13 14:00:00,217.97740819801857
2023-05-13 15:00:00,-0.0
2023-05-13 16:00:00,-0.0
2023-05-13 17:00:00,-0.0
2023-05-13 18:00:00,0.0
2023-05-13 19:00:00,4.0576170013227274e-42
2023-05-13 20:00:00,0.0
2023-05-13 21:00:00,-0.0
2023-05-13 22:00:00,-0.0
2023-05-13 23:00:00,-0.0
2023-05-14 00:00:00,0.0
2023-05-14 01:00:00,0.0
2023-05-14 02:00:00,-0.0
2023-05-14 03:00:00,-0.0
2023-05-14 04:00:00,0.0
2023-05-14 05:00:00,109.71508293150974
2023-05-14 06:00:00,128.8119604381906
2023-05-14 07:00:00,256.6109747893239
2023-05-14 08:00:00,624.4767181324328
2023-05-14 09:00:00,666.0955848822435
2023-05-14 10:00:00,291.9604536826406
2023-05-14 11:00:00,357.00113746835746
2023-05-14 12:00:00,498.86170466126333
2023-05-14 13:00:00,445.6658735704755
2023-05-14 14:00:00,84.2430145217588
2023-05-14 15:00:00,-0.0
2023-05-14 16:00:00,-0.0
2023-05-14 17:00:00,-0.0
2023-05-14 18:00:00,6.529157535774251e-42
2023-05-14 19:00:00,-0.0
2023-05-14 20:00:00,-0.0
2023-05-14 21:00:00,0.0
2023-05-14 22:00:00,-0.0
2023-05-14 23:00:00,0.0
2023-05-15 00:00:00,-0.0
2023-05-15 01:00:00,-0.0
2023-05-15 02:00:00,-0.0
2023-05-15 03:00:00,-0.0
2023-05-15 04:00:00,0.0
2023-05-15 05:00:00,106.75339875419593
2023-05-15 06:00:00,332.9505436787428
2023-05-15 07:00:00,198.20825683066684
2023-05-15 08:00:00,721.7219061340209
2023-05-15 09:00:00,823.6020791744705
2023-05-15 10:00:00,799.1542774117233
2023-05-15 11:00:00,690.7619777304458
2023-05-15 12:00:00,656.9524622185547
2023-05-15 13:00:00,408.3629352245708
2023-05-15 14:00:00,210.42823911439666
2023-05-15 15:00:00,0.0
2023-05-15 16:00:00,-0.0
2023-05-15 17:00:00,-0.0
2023-05-15 18:00:00,-0.0
2023-05-15 19:00:00,-0.0
2023-05-15 20:00:00,0.0
2023-05-15 21:00:00,-0.0
2023-05-15 22:00:00,-0.0
2023-05-15 23:00:00,-0.0
2023-05-16 00:00:00,-0.0
2023-05-16 01:00:00,-0.0
2023-05-16 02:00:00,0.0
2023-05-16 03:00:00,-0.0
2023-05-16 04:00:00,-0.0
2023-05-16 05:00:00,85.93562344382266
2023-05-16 06:00:00,179.34872636567846
2023-05-16 07:00:00,233.6607087796667
2023-05-16 08:00:00,257.88507470405517
2023-05-16 09:00:00,276.10505911062165
2023-05-16 10:00:00,399.6464342027304
2023-05-16 11:00:00,707.6647774235515
2023-05-16 12:00:00,544.8545115512463
2023-05-16 13:00:00,341.5486629969381
2023-05-16 14:00:00,149.63279949454324
2023-05-16 15:00:00,0.0
2023-05-16 16:00:00,4.721917223839846e-42
2023-05-16 17:00:00,0.0
2023-05-16 18:00:00,-0.0
2023-05-16 19:00:00,0.0
2023-05-16 20:00:00,-0.0
2023-05-16 21:00:00,0.0
2023-05-16 22:00:00,0.0
2023-05-16 23:00:00,-0.0
2023-05-17 00:00:00,1.5996319044148395e-42
2023-05-17 01:00:00,-0.0
2023-05-17 02:00:00,7.0586275855625605e-43
2023-05-17 03:00:00,-0.0
2023-05-17 04:00:00,-0.0
2023-05-17 05:00:00,96.2877322191744
2023-05-17 06:00:00,190.04242196592955
2023-05-17 07:00:00,241.5889255818989
2023-05-17 08:00:00,259.03750042181787
2023-05-17 09:00:00,269.3126256027778
2023-05-17 10:00:00,247.37274395744848
2023-05-17 11:00:00,243.6302917809603
2023-05-17 12:00:00,233.11482725397448
2023-05-17 13:00:00,200.95458636733503
2023-05-17 14:00:00,147.10441142377618
2023-05-17 15:00:00,0.0
2023-05-17 16:00:00,-0.0
2023-05-17 17:00:00,-0.0
2023-05-17 18:00:00,-0.0
2023-05-17 19:00:00,-0.0
2023-05-17 20:00:00,0.0
2023-05-17 21:00:00,-0.0
2023-05-17 22:00:00,-0.0
2023-05-17 23:00:00,0.0
2023-05-18 00:00:00,-0.0
2023-05-18 01:00:00,-0.0
2023-05-18 02:00:00,2.6530077678945837e-42
2023-05-18 03:00:00,0.0
2023-05-18 04:00:00,6.0621535668469665e-43
2023-05-18 05:00:00,100.99031641089728
2023-05-18 06:00:00,168.22413075093877
2023-05-18 07:00:00,401.218276571599
2023-05-18 08:00:00,693.4407895961709
2023-05-18 09:00:00,299.803349523282
2023-05-18 10:00:00,305.91277384605814
2023-05-18 11:00:00,305.11002636249117
2023-05-18 12:00:00,575.5252417735182
2023-05-18 13:00:00,375.4062058387201
2023-05-18 14:00:00,140.79700751647815
2023-05-18 15:00:00,9.44999326086756e-43
2023-05-18 16:00:00,-0.0
2023-05-18 17:00:00,-0.0
2023-05-18 18:00:00,0.0
2023-05-18 19:00:00,0.0
2023-05-18 20:00:00,6.231051798732831e-43
2023-05-18 21:00:00,-0.0
2023-05-18 22:00:00,-0.0
2023-05-18 23:00:00,-0.0
2023-05-19 00:00:00,-0.0
2023-05-19 01:00:00,0.0
2023-05-19 02:00:00,-0.0
2023-05-19 03:00:00,-0.0
2023-05-19 04:00:00,-0.0
2023-05-19 05:00:00,97.22436329187943
2023-05-19 06:00:00,313.742323656106
2023-05-19 07:00:00,201.50727272956453
2023-05-19 08:00:00,707.5722734138476
2023-05-19 09:00:00,514.2908508480839
2023-05-19 10:00:00,833.3853470613221
2023-05-19 11:00:00,387.31299358491987
2023-05-19 12:00:00,593.4989425805124
2023-05-19 13:00:00,377.8448643040375
2023-05-19 14:00:00,49.72495442610392
2023-05-19 15:00:00,0.0
2023-05-19 16:00:00,-0.0
2023-05-19 17:00:00,0.0
2023-05-19 18:00:00,6.0621535668469665e-43
2023-05-19 19:00:00,-0.0
2023-05-19 20:00:00,2.8602160974902315e-42
2023-05-19 21:00:00,-0.0
2023-05-19 22:00:00,1.1517643159415085e-42
2023-05-19 23:00:00,-0.0
2023-05-20 00:00:00,-0.0
2023-05-20 01:00:00,0.0
2023-05-20 02:00:00,0.0
2023-05-20 03:00:00,-0.0
2023-05-20 04:00:00,0.0
2023-05-20 05:00:00,84.48275276052807
2023-05-20 06:00:00,178.95506733354074
2023-05-20 07:00:00,232.74811270933603
2023-05-20 08:00:00,251.06768625977287
2023-05-20 09:00:00,262.2726250854773
2023-05-20 10:00:00,260.8645723246769
2023-05-20 11:00:00,252.77043333558018
2023-05-20 12:00:00,235.1192470825014
2023-05-20 13:00:00,207.5880442396935
2023-05-20 14:00:00,140.0424986820421
2023-05-20 15:00:00,-0.0
2023-05-20 16:00:00,4.359344606671504e-43
2023-05-20 17:00:00,-0.0
2023-05-20 18:00:00,-0.0
2023-05-20 19:00:00,-0.0
2023-05-20 20:00:00,0.0
2023-05-20 21:00:00,0.0
2023-05-20 22:00:00,-0.0
2023-05-20 23:00:00,1.2075760022962324e-42
2023-05-21 00:00:00,-0.0
2023-05-21 01:00:00,-0.0
2023-05-21 02:00:00,5.555075684839425e-43
2023-05-21 03:00:00,0.0
2023-05-21 04:00:00,0.0
2023-05-21 05:00:00,97.0824747632494
2023-05-21 06:00:00,183.2163178723143
2023-05-21 07:00:00,237.32649871134473
2023-05-21 08:00:00,258.3020775024029
2023-05-21 09:00:00,269.0445362238318
2023-05-21 10:00:00,267.40069565943577
2023-05-21 11:00:00,240.92246315846307
2023-05-21 12:00:00,232.55286834707636
2023-05-21 13:00:00,197.0673199836912
2023-05-21 14:00:00,140.02815293940643
2023-05-21 15:00:00,0.0
2023-05-21 16:00:00,0.0
2023-05-21 17:00:00,7.25834776533796e-43
2023-05-21 18:00:00,0.0
2023-05-21 19:00:00,-0.0
2023-05-21 20:00:00,-0.0
2023-05-21 21:00:00,-0.0
2023-05-21 22:00:00,-0.0
2023-05-21 23:00:00,-0.0
2023-05-22 00:00:00,-0.0
2023-05-22 01:00:00,-0.0
2023-05-22 02:00:00,-0.0
2023-05-22 03:00:00,-0.0
2023-05-22 04:00:00,0.0
2023-05-22 05:00:00,82.70207187479913
2023-05-22 06:00:00,182.25223099343026
2023-05-22 07:00:00,248.62605255977562
2023-05-22 08:00:00,270.65958040960896
2023-05-22 09:00:00,282.7603468391637
2023-05-22 10:00:00,749.9717424176109
2023-05-22 11:00:00,573.3154425411742
2023-05-22 12:00:00,534.4914115362429
2023-05-22 13:00:00,243.13107466484672
2023-05-22 14:00:00,190.01831181678483
2023-05-22 15:00:00,-0.0
2023-05-22 16:00:00,-0.0
2023-05-22 17:00:00,0.0
2023-05-22 18:00:00,-0.0
2023-05-22 19:00:00,-0.0
2023-05-22 20:00:00,0.0
2023-05-22 21:00:00,0.0
2023-05-22 22:00:00,-0.0
2023-05-22 23:00:00,-0.0
2023-05-23 00:00:00,-0.0
2023-05-23 01:00:00,-0.0
2023-05-23 02:00:00,-0.0
2023-05-23 03:00:00,0.0
2023-05-23 04:00:00,0.0
2023-05-23 05:00:00,83.79648083216765
2023-05-23 06:00:00,318.7995541496249
2023-05-23 07:00:00,541.3468461465121
2023-05-23 08:00:00,704.4906987941093
2023-05-23 09:00:00,615.9099285879846
2023-05-23 10:00:00,332.54478929629
2023-05-23 11:00:00,267.7319496965343
2023-05-23 12:00:00,264.96063963159196
2023-05-23 13:00:00,226.16361487546018
2023-05-23 14:00:00,172.96099771420998
2023-05-23 15:00:00,0.0
2023-05-23 16:00:00,-0.0
2023-05-23 17:00:00,3.638756170190372e-42
2023-05-23 18:00:00,0.0
2023-05-23 19:00:00,0.0
2023-05-23 20:00:00,-0.0
2023-05-23 21:00:00,0.0
2023-05-23 22:00:00,-0.0
2023-05-23 23:00:00,1.1517643159415085e-42
2023-05-24 00:00:00,2.126715377115853e-43
2023-05-24 01:00:00,-0.0
2023-05-24 02:00:00,-0.0
2023-05-24 03:00:00,-0.0
2023-05-24 04:00:00,-0.0
2023-05-24 05:00:00,85.66898226458026
2023-05-24 06:00:00,255.5796786877771
2023-05-24 07:00:00,272.7052161394853
2023-05-24 08:00:00,268.0946463647091
2023-05-24 09:00:00,268.7585759586781
2023-05-24 10:00:00,279.662398619593
2023-05-24 11:00:00,260.57991742035614
2023-05-24 12:00:00,250.02112979684807
2023-05-24 13:00:00,202.61486200802796
2023-05-24 14:00:00,145.84028569341746
2023-05-24 15:00:00,-0.0
2023-05-24 16:00:00,0.0
2023-05-24 17:00:00,0.0
2023-05-24 18:00:00,-0.0
2023-05-24 19:00:00,-0.0
2023-05-24 20:00:00,0.0
2023-05-24 21:00:00,0.0
2023-05-24 22:00:00,0.0
2023-05-24 23:00:00,-0.0
2023-05-25 00:00:00,-0.0
2023-05-25 01:00:00,0.0
2023-05-25 02:00:00,-0.0
2023-05-25 03:00:00,0.0
2023-05-25 04:00:00,-0.0
2023-05-25 05:00:00,80.09740604611855
2023-05-25 06:00:00,303.10742921625257
2023-05-25 07:00:00,497.42778936637706
2023-05-25 08:00:00,655.9362298542779
2023-05-25 09:00:00,267.72470081841254
2023-05-25 10:00:00,270.98273420386295
2023-05-25 11:00:00,252.09390250714148
2023-05-25 12:00:00,248.81378072773865
2023-05-25 13:00:00,213.71782815473182
2023-05-25 14:00:00,144.60157058615448
2023-05-25 15:00:00,-0.0
2023-05-25 16:00:00,0.0
2023-05-25 17:00:00,-0.0
2023-05-25 18:00:00,2.6725322242134365e-42
2023-05-25 19:00:00,-0.0
2023-05-25 20:00:00,-0.0
2023-05-25 21:00:00,0.0
2023-05-25 22:00:00,-0.0
2023-05-25 23:00:00,-0.0
2023-05-26 00:00:00,-0.0
2023-05-26 01:00:00,-0.0
2023-05-26 02:00:00,2.8379655475793727e-42
2023-05-26 03:00:00,-0.0
2023-05-26 04:00:00,-0.0
2023-05-26 05:00:00,79.15235763064871
2023-05-26 06:00:00,174.31355129064895
2023-05-26 07:00:00,271.2531981155321
2023-05-26 08:00:00,298.2035257105809
2023-05-26 09:00:00,276.6430841714318
2023-05-26 10:00:00,279.0494783754058
2023-05-26 11:00:00,710.5278502956793
2023-05-26 12:00:00,600.6482602179668
2023-05-26 13:00:00,382.0058397212022
2023-05-26 14:00:00,185.9522763304254
2023-05-26 15:00:00,-0.0
2023-05-26 16:00:00,4.089080804842188e-42
2023-05-26 17:00:00,0.0
2023-05-26 18:00:00,2.1787466288555358e-42
2023-05-26 19:00:00,-0.0
2023-05-26 20:00:00,-0.0
2023-05-26 21:00:00,0.0
2023-05-26 22:00:00,-0.0
2023-05-26 23:00:00,-0.0
2023-05-27 00:00:00,-0.0
2023-05-27 01:00:00,-0.0
2023-05-27 02:00:00,-0.0
2023-05-27 03:00:00,8.522629760710419e-43
2023-05-27 04:00:00,-0.0
2023-05-27 05:00:00,82.00365580571945
2023-05-27 06:00:00,252.62698814663355
2023-05-27 07:00:00,254.60117348253286
2023-05-27 08:00:00,279.2282912061586
2023-05-27 09:00:00,337.55054222635243
2023-05-27 10:00:00,545.4377068571378
2023-05-27 11:00:00,401.8037241028941
2023-05-27 12:00:00,259.41513459492046
2023-05-27 13:00:00,269.6910965296564
2023-05-27 14:00:00,155.93898267170394
2023-05-27 15:00:00,2.8379655475793727e-42
2023-05-27 16:00:00,-0.0
2023-05-27 17:00:00,0.0
2023-05-27 18:00:00,-0.0
2023-05-27 19:00:00,-0.0
2023-05-27 20:00:00,-0.0
2023-05-27 21:00:00,5.509204535296447e-43
2023-05-27 22:00:00,0.0
2023-05-27 23:00:00,-0.0
2023-05-28 00:00:00,-0.0
2023-05-28 01:00:00,0.0
2023-05-28 02:00:00,-0.0
2023-05-28 03:00:00,-0.0
2023-05-28 04:00:00,0.0
2023-05-28 05:00:00,72.30386299001314
2023-05-28 06:00:00,307.10680968268287
2023-05-28 07:00:00,348.09743069699897
2023-05-28 08:00:00,302.10843933129155
2023-05-28 09:00:00,307.9098951713238
2023-05-28 10:00:00,293.55867329250793
2023-05-28 11:00:00,297.3776737439886
2023-05-28 12:00:00,244.06000250746354
2023-05-28 13:00:00,209.03036630521083
2023-05-28 14:00:00,139.90785883375307
2023-05-28 15:00:00,-0.0
2023-05-28 16:00:00,1.1978977909769892e-42
2023-05-28 17:00:00,-0.0
2023-05-28 18:00:00,1.1284021356987713e-42
2023-05-28 19:00:00,-0.0
2023-05-28 20:00:00,-0.0
2023-05-28 21:00:00,-0.0
2023-05-28 22:00:00,-0.0
2023-05-28 23:00:00,0.0
2023-05-29 00:00:00,-0.0
2023-05-29 01:00:00,-0.0
2023-05-29 02:00:00,-0.0
2023-05-29 03:00:00,-0.0
2023-05-29 04:00:00,-0.0
2023-05-29 05:00:00,77.97943528604446
2023-05-29 06:00:00,199.80745407351998
2023-05-29 07:00:00,247.6573755374839
2023-05-29 08:00:00,310.87362333889376
2023-05-29 09:00:00,361.84316813644983
2023-05-29 10:00:00,526.3757953924106
2023-05-29 11:00:00,685.7129918876248
2023-05-29 12:00:00,548.3816914032204
2023-05-29 13:00:00,305.65471568876626
2023-05-29 14:00:00,186.11500830894556
2023-05-29 15:00:00,0.0
2023-05-29 16:00:00,0.0
2023-05-29 17:00:00,0.0
2023-05-29 18:00:00,0.0
2023-05-29 19:00:00,-0.0
2023-05-29 20:00:00,0.0
2023-05-29 21:00:00,4.4175499580648174e-42
2023-05-29 22:00:00,-0.0
2023-05-29 23:00:00,-0.0
2023-05-30 00:00:00,-0.0
2023-05-30 01:00:00,-0.0
2023-05-30 02:00:00,-0.0
2023-05-30 03:00:00,0.0
2023-05-30 04:00:00,1.2548942789237434e-42
2023-05-30 05:00:00,74.00754210227318
2023-05-30 06:00:00,299.1960019344666
2023-05-30 07:00:00,498.8209636996734
2023-05-30 08:00:00,563.3450840589144
2023-05-30 09:00:00,631.8615907771452
2023-05-30 10:00:00,753.9986623941289
2023-05-30 11:00:00,595.8144605860704
2023-05-30 12:00:00,499.72714320925326
2023-05-30 13:00:00,277.52513544624986
2023-05-30 14:00:00,187.5976252177095
2023-05-30 15:00:00,-0.0
2023-05-30 16:00:00,1.0718768737055677e-41
2023-05-30 17:00:00,-0.0
2023-05-30 18:00:00,-0.0
2023-05-30 19:00:00,-0.0
2023-05-30 20:00:00,4.721917223839846e-42
2023-05-30 21:00:00,-0.0
2023-05-30 22:00:00,-0.0
2023-05-30 23:00:00,-0.0
2023-05-31 00:00:00,-0.0
2023-05-31 01:00:00,3.1506756862663935e-42
2023-05-31 02:00:00,0.0
2023-05-31 03:00:00,0.0
2023-05-31 04:00:00,-0.0
2023-05-31 05:00:00,10.931323014983581
2023-05-31 06:00:00,215.20058523799466
2023-05-31 07:00:00,278.7595445106682
2023-05-31 08:00:00,277.5934948108948
2023-05-31 09:00:00,548.1785930114961
2023-05-31 10:00:00,560.868689859157
2023-05-31 11:00:00,537.4484962837541
2023-05-31 12:00:00,480.2157118832569
2023-05-31 13:00:00,232.35778911296927
2023-05-31 14:00:00,167.6351176877322
2023-05-31 15:00:00,0.0
2023-05-31 16:00:00,-0.0
2023-05-31 17:00:00,-0.0
2023-05-31 18:00:00,-0.0
2023-05-31 19:00:00,-0.0
2023-05-31 20:00:00,1.8718364124736865e-42
2023-05-31 21:00:00,2.2303003869793147e-42
2023-05-31 22:00:00,-0.0
2023-05-31 23:00:00,0.0
2023-06-01 00:00:00,-0.0
2023-06-01 01:00:00,-0.0
2023-06-01 02:00:00,-0.0
2023-06-01 03:00:00,0.0
2023-06-01 04:00:00,-0.0
2023-06-01 05:00:00,70.00652019600237
2023-06-01 06:00:00,184.04058710632282
2023-06-01 07:00:00,242.71213284768052
2023-06-01 08:00:00,256.8058833205168
2023-06-01 09:00:00,260.11960154571665
2023-06-01 10:00:00,261.20199061221217
2023-06-01 11:00:00,252.78220929804456
2023-06-01 12:00:00,234.85355502087606
2023-06-01 13:00:00,202.30077295791577
2023-06-01 14:00:00,135.02643422853754
2023-06-01 15:00:00,1.1284021356987713e-42
2023-06-01 16:00:00,-0.0
2023-06-01 17:00:00,-0.0
2023-06-01 18:00:00,0.0
2023-06-01 19:00:00,-0.0
2023-06-01 20:00:00,-0.0
2023-06-01 21:00:00,2.6530077678945837e-42
2023-06-01 22:00:00,0.0
2023-06-01 23:00:00,0.0
2023-06-02 00:00:00,0.0
2023-06-02 01:00:00,0.0
2023-06-02 02:00:00,0.0
2023-06-02 03:00:00,0.0
2023-06-02 04:00:00,-0.0
2023-06-02 05:00:00,65.69286658856959
2023-06-02 06:00:00,169.88405899795634
2023-06-02 07:00:00,221.29969779132858
2023-06-02 08:00:00,250.3758182911301
2023-06-02 09:00:00,274.3180576636552
2023-06-02 10:00:00,265.34414321620346
2023-06-02 11:00:00,254.3081511636817
2023-06-02 12:00:00,241.19611512046748
2023-06-02 13:00:00,195.9292307760291
2023-06-02 14:00:00,131.71317252082775
2023-06-02 15:00:00,-0.0
2023-06-02 16:00:00,-0.0
2023-06-02 17:00:00,-0.0
2023-06-02 18:00:00,-0.0
2023-06-02 19:00:00,0.0
2023-06-02 20:00:00,0.0
2023-06-02 21:00:00,2.126715377115853e-43
2023-06-02 22:00:00,-0.0
2023-06-02 23:00:00,0.0
2023-06-03 00:00:00,-0.0
2023-06-03 01:00:00,-0.0
2023-06-03 02:00:00,0.0
2023-06-03 03:00:00,-0.0
2023-06-03 04:00:00,-0.0
2023-06-03 05:00:00,68.82935480985415
2023-06-03 06:00:00,296.69106435827723
2023-06-03 07:00:00,289.3742662195865
2023-06-03 08:00:00,477.8412360339458
2023-06-03 09:00:00,249.38876198191707
2023-06-03 10:00:00,262.3822651518648
2023-06-03 11:00:00,303.5218887656066
2023-06-03 12:00:00,417.2827148119636
2023-06-03 13:00:00,331.97217691059427
2023-06-03 14:00:00,164.0206713421885
2023-06-03 15:00:00,-0.0
2023-06-03 16:00:00,2.7807028572779246e-42
2023-06-03 17:00:00,0.0
2023-06-03 18:00:00,0.0
2023-06-03 19:00:00,-0.0
2023-06-03 20:00:00,1.8718364124736865e-42
2023-06-03 21:00:00,-0.0
2023-06-03 22:00:00,0.0
2023-06-03 23:00:00,-0.0
2023-06-04 00:00:00,-0.0
2023-06-04 01:00:00,1.1453845060648702e-42
2023-06-04 02:00:00,-0.0
2023-06-04 03:00:00,-0.0
2023-06-04 04:00:00,-0.0
2023-06-04 05:00:00,65.25204992093757
2023-06-04 06:00:00,212.40705877753945
2023-06-04 07:00:00,200.03355105188498
2023-06-04 08:00:00,658.3727351155078
2023-06-04 09:00:00,491.1538011714988
2023-06-04 10:00:00,489.15086799274866
2023-06-04 11:00:00,429.7882262101517
2023-06-04 12:00:00,577.0665226827471
2023-06-04 13:00:00,320.96316678466434
2023-06-04 14:00:00,179.83502348720904
2023-06-04 15:00:00,-0.0
2023-06-04 16:00:00,-0.0
2023-06-04 17:00:00,-0.0
2023-06-04 18:00:00,-0.0
2023-06-04 19:00:00,-0.0
2023-06-04 20:00:00,0.0
2023-06-04 21:00:00,0.0
2023-06-04 22:00:00,0.0
2023-06-04 23:00:00,-0.0
2023-06-05 00:00:00,-0.0
2023-06-05 01:00:00,1.999154893332197e-42
2023-06-05 02:00:00,-0.0
2023-06-05 03:00:00,-0.0
2023-06-05 04:00:00,-0.0
2023-06-05 05:00:00,65.86839848103024
2023-06-05 06:00:00,193.1208000762923
2023-06-05 07:00:00,256.54211094346067
2023-06-05 08:00:00,259.2086399845698
2023-06-05 09:00:00,265.8602930776952
2023-06-05 10:00:00,267.9033483067591
2023-06-05 11:00:00,308.67030809489665
2023-06-05 12:00:00,579.5347963552318
2023-06-05 13:00:00,272.2941256326165
2023-06-05 14:00:00,133.0952505797375
2023-06-05 15:00:00,0.0
2023-06-05 16:00:00,-0.0
2023-06-05 17:00:00,-0.0
2023-06-05 18:00:00,-0.0
2023-06-05 19:00:00,-0.0
2023-06-05 20:00:00,0.0
2023-06-05 21:00:00,-0.0
2023-06-05 22:00:00,-0.0
2023-06-05 23:00:00,-0.0
2023-06-06 00:00:00,0.0
2023-06-06 01:00:00,-0.0
2023-06-06 02:00:00,2.194593327803888e-43
2023-06-06 03:00:00,-0.0
2023-06-06 04:00:00,0.0
2023-06-06 05:00:00,8.990975531876046
2023-06-06 06:00:00,175.99943693678864
2023-06-06 07:00:00,-0.0
2023-06-06 08:00:00,507.5999533806691
2023-06-06 09:00:00,664.734204093419
2023-06-06 10:00:00,747.633033733235
2023-06-06 11:00:00,716.7680996715062
2023-06-06 12:00:00,539.9264100769631
2023-06-06 13:00:00,230.53859145618557
2023-06-06 14:00:00,144.89748522962694
2023-06-06 15:00:00,0.0
2023-06-06 16:00:00,6.529157535774251e-42
2023-06-06 17:00:00,2.560982634036844e-42
2023-06-06 18:00:00,-0.0
2023-06-06 19:00:00,0.0
2023-06-06 20:00:00,-0.0
2023-06-06 21:00:00,-0.0
2023-06-06 22:00:00,0.0
2023-06-06 23:00:00,-0.0
2023-06-07 00:00:00,0.0
2023-06-07 01:00:00,-0.0
2023-06-07 02:00:00,-0.0
2023-06-07 03:00:00,-0.0
2023-06-07 04:00:00,-0.0
2023-06-07 05:00:00,60.408577672214875
2023-06-07 06:00:00,190.3734619592394
2023-06-07 07:00:00,244.21915236249288
2023-06-07 08:00:00,269.22004642492664
2023-06-07 09:00:00,284.2164610857167
2023-06-07 10:00:00,284.58064179896166
2023-06-07 11:00:00,263.08479706841945
2023-06-07 12:00:00,269.80230156172786
2023-06-07 13:00:00,210.04981234813457
2023-06-07 14:00:00,131.7867876263563
2023-06-07 15:00:00,-0.0
2023-06-07 16:00:00,-0.0
2023-06-07 17:00:00,-0.0
2023-06-07 18:00:00,0.0
2023-06-07 19:00:00,0.0
2023-06-07 20:00:00,-0.0
2023-06-07 21:00:00,0.0
2023-06-07 22:00:00,0.0
2023-06-07 23:00:00,-0.0
2023-06-08 00:00:00,-0.0
2023-06-08 01:00:00,0.0
2023-06-08 02:00:00,7.551946638916193e-44
2023-06-08 03:00:00,-0.0
2023-06-08 04:00:00,-0.0
2023-06-08 05:00:00,59.922709242100616
2023-06-08 06:00:00,286.74714179592013
2023-06-08 07:00:00,352.87734899913914
2023-06-08 08:00:00,197.19956722127125
2023-06-08 09:00:00,726.9285745286091
2023-06-08 10:00:00,294.9162626335636
2023-06-08 11:00:00,249.08792313090672
2023-06-08 12:00:00,236.2239236744342
2023-06-08 13:00:00,197.22934800526016
2023-06-08 14:00:00,149.4882171073557
2023-06-08 15:00:00,-0.0
2023-06-08 16:00:00,1.6205274891202032e-41
2023-06-08 17:00:00,-0.0
2023-06-08 18:00:00,-0.0
2023-06-08 19:00:00,-0.0
2023-06-08 20:00:00,-0.0
2023-06-08 21:00:00,-0.0
2023-06-08 22:00:00,-0.0
2023-06-08 23:00:00,0.0
2023-06-09 00:00:00,-0.0
2023-06-09 01:00:00,0.0
2023-06-09 02:00:00,0.0
2023-06-09 03:00:00,-0.0
2023-06-09 04:00:00,-0.0
2023-06-09 05:00:00,57.72715421038944
2023-06-09 06:00:00,186.8248281197528
2023-06-09 07:00:00,240.5645461517184
2023-06-09 08:00:00,266.8832813086539
2023-06-09 09:00:00,283.1480978368342
2023-06-09 10:00:00,299.6536559902656
2023-06-09 11:00:00,253.49386099472318
2023-06-09 12:00:00,250.79987805559145
2023-06-09 13:00:00,210.88743264960942
2023-06-09 14:00:00,136.53647270297435
2023-06-09 15:00:00,-0.0
2023-06-09 16:00:00,-0.0
2023-06-09 17:00:00,0.0
2023-06-09 18:00:00,0.0
2023-06-09 19:00:00,-0.0
2023-06-09 20:00:00,-0.0
2023-06-09 21:00:00,-0.0
2023-06-09 22:00:00,0.0
2023-06-09 23:00:00,4.4765907169870935e-43
2023-06-10 00:00:00,2.660805646152208e-42
2023-06-10 01:00:00,-0.0
2023-06-10 02:00:00,-0.0
2023-06-10 03:00:00,-0.0
2023-06-10 04:00:00,-0.0
2023-06-10 05:00:00,55.34922719212236
2023-06-10 06:00:00,166.86056627860148
2023-06-10 07:00:00,231.94405002947423
2023-06-10 08:00:00,566.1871309277665
2023-06-10 09:00:00,727.7802265088276
2023-06-10 10:00:00,553.1170884310912
2023-06-10 11:00:00,691.309314217758
2023-06-10 12:00:00,117.16649896445897
2023-06-10 13:00:00,235.720178935918
2023-06-10 14:00:00,140.36227554619643
2023-06-10 15:00:00,2.5166109703743285e-42
2023-06-10 16:00:00,0.0
2023-06-10 17:00:00,-0.0
2023-06-10 18:00:00,-0.0
2023-06-10 19:00:00,3.7017351420623917e-42
2023-06-10 20:00:00,-0.0
2023-06-10 21:00:00,-0.0
2023-06-10 22:00:00,-0.0
2023-06-10 23:00:00,-0.0
2023-06-11 00:00:00,-0.0
2023-06-11 01:00:00,0.0
2023-06-11 02:00:00,-0.0
2023-06-11 03:00:00,-0.0
2023-06-11 04:00:00,0.0
2023-06-11 05:00:00,55.58658268318747
2023-06-11 06:00:00,180.68955429505587
2023-06-11 07:00:00,232.02183266722855
2023-06-11 08:00:00,467.95138723515356
2023-06-11 09:00:00,627.4102771436229
2023-06-11 10:00:00,286.4137215088187
2023-06-11 11:00:00,264.8482455118469
2023-06-11 12:00:00,259.08602572739625
2023-06-11 13:00:00,213.5635308398426
2023-06-11 14:00:00,133.7706437740126
2023-06-11 15:00:00,-0.0
2023-06-11 16:00:00,0.0
2023-06-11 17:00:00,6.231051798732831e-43
2023-06-11 18:00:00,-0.0
2023-06-11 19:00:00,-0.0
2023-06-11 20:00:00,-0.0
2023-06-11 21:00:00,-0.0
2023-06-11 22:00:00,-0.0
2023-06-11 23:00:00,-0.0
2023-06-12 00:00:00,0.0
2023-06-12 01:00:00,-0.0
2023-06-12 02:00:00,-0.0
2023-06-12 03:00:00,0.0
2023-06-12 04:00:00,0.0
2023-06-12 05:00:00,56.18738840704519
2023-06-12 06:00:00,190.0807416191178
2023-06-12 07:00:00,258.924580464425
2023-06-12 08:00:00,278.641851462632
2023-06-12 09:00:00,1.0191228660423426e-41
2023-06-12 10:00:00,267.51864867334064
2023-06-12 11:00:00,250.68215021027174
2023-06-12 12:00:00,257.1083490165089
2023-06-12 13:00:00,182.64683390134402
2023-06-12 14:00:00,66.21789972430902
2023-06-12 15:00:00,-0.0
2023-06-12 16:00:00,0.0
2023-06-12 17:00:00,0.0
2023-06-12 18:00:00,0.0
2023-06-12 19:00:00,-0.0
2023-06-12 20:00:00,0.0
2023-06-12 21:00:00,-0.0
2023-06-12 22:00:00,0.0
2023-06-12 23:00:00,2.6945378267391768e-42
2023-06-13 00:00:00,0.0
2023-06-13 01:00:00,-0.0
2023-06-13 02:00:00,-0.0
2023-06-13 03:00:00,-0.0
2023-06-13 04:00:00,0.0
2023-06-13 05:00:00,53.03966769098296
2023-06-13 06:00:00,172.62561598791453
2023-06-13 07:00:00,223.74687192086935
2023-06-13 08:00:00,397.8410967806206
2023-06-13 09:00:00,452.1393303146602
2023-06-13 10:00:00,285.67842213586704
2023-06-13 11:00:00,262.2617145709628
2023-06-13 12:00:00,251.7638351414423
2023-06-13 13:00:00,198.90972722863683
2023-06-13 14:00:00,126.75555238126569
2023-06-13 15:00:00,0.0
2023-06-13 16:00:00,2.8379655475793727e-42
2023-06-13 17:00:00,-0.0
2023-06-13 18:00:00,8.522629760710419e-43
2023-06-13 19:00:00,-0.0
2023-06-13 20:00:00,-0.0
2023-06-13 21:00:00,-0.0
2023-06-13 22:00:00,0.0
2023-06-13 23:00:00,-0.0
2023-06-14 00:00:00,-0.0
2023-06-14 01:00:00,-0.0
2023-06-14 02:00:00,-0.0
2023-06-14 03:00:00,0.0
2023-06-14 04:00:00,-0.0
2023-06-14 05:00:00,53.475205943210504
2023-06-14 06:00:00,163.12093994325735
2023-06-14 07:00:00,221.86078264233436
2023-06-14 08:00:00,252.24938102097428
2023-06-14 09:00:00,267.66467699957343
2023-06-14 10:00:00,265.6080705483277
2023-06-14 11:00:00,256.2279718470183
2023-06-14 12:00:00,234.82607139193973
2023-06-14 13:00:00,199.41106078418255
2023-06-14 14:00:00,131.2768877067795
2023-06-14 15:00:00,-0.0
2023-06-14 16:00:00,2.7807028572779246e-42
2023-06-14 17:00:00,0.0
2023-06-14 18:00:00,0.0
2023-06-14 19:00:00,0.0
2023-06-14 20:00:00,0.0
2023-06-14 21:00:00,-0.0
2023-06-14 22:00:00,0.0
2023-06-14 23:00:00,-0.0
2023-06-15 00:00:00,0.0
2023-06-15 01:00:00,-0.0
2023-06-15 02:00:00,-0.0
2023-06-15 03:00:00,-0.0
2023-06-15 04:00:00,0.0
2023-06-15 05:00:00,50.610196744065234
2023-06-15 06:00:00,182.84289017898203
2023-06-15 07:00:00,246.66271474937477
2023-06-15 08:00:00,443.5230618821328
2023-06-15 09:00:00,525.3953416817999
2023-06-15 10:00:00,328.9559018105889
2023-06-15 11:00:00,302.133536697898
2023-06-15 12:00:00,271.1706164819292
2023-06-15 13:00:00,230.50287082076974
2023-06-15 14:00:00,140.58273686049247
2023-06-15 15:00:00,9.10833644321612e-42
2023-06-15 16:00:00,4.156909590006158e-42
2023-06-15 17:00:00,-0.0
2023-06-15 18:00:00,-0.0
2023-06-15 19:00:00,-0.0
2023-06-15 20:00:00,-0.0
2023-06-15 21:00:00,0.0
2023-06-15 22:00:00,-0.0
2023-06-15 23:00:00,7.533210481514839e-43
2023-06-16 00:00:00,-0.0
2023-06-16 01:00:00,-0.0
2023-06-16 02:00:00,-0.0
2023-06-16 03:00:00,-0.0
2023-06-16 04:00:00,-0.0
2023-06-16 05:00:00,47.31022565968138
2023-06-16 06:00:00,160.96077925938783
2023-06-16 07:00:00,232.13779332077516
2023-06-16 08:00:00,347.17723535722354
2023-06-16 09:00:00,745.8238336152256
2023-06-16 10:00:00,560.8783184760466
2023-06-16 11:00:00,625.7058396535773
2023-06-16 12:00:00,568.5822927972539
2023-06-16 13:00:00,350.8696396271771
2023-06-16 14:00:00,137.90573970730892
2023-06-16 15:00:00,-0.0
2023-06-16 16:00:00,8.598006783416157e-43
2023-06-16 17:00:00,0.0
2023-06-16 18:00:00,-0.0
2023-06-16 19:00:00,3.710861689227908e-42
2023-06-16 20:00:00,-0.0
2023-06-16 21:00:00,-0.0
2023-06-16 22:00:00,-0.0
2023-06-16 23:00:00,-0.0
2023-06-17 00:00:00,5.582958197977452e-43
2023-06-17 01:00:00,-0.0
2023-06-17 02:00:00,-0.0
2023-06-17 03:00:00,-0.0
2023-06-17 04:00:00,-0.0
2023-06-17 05:00:00,48.20601200111743
2023-06-17 06:00:00,168.14687011352842
2023-06-17 07:00:00,235.93707676356522
2023-06-17 08:00:00,261.65807493035106
2023-06-17 09:00:00,266.725269245016
2023-06-17 10:00:00,267.1155275278451
2023-06-17 11:00:00,285.7575304950288
2023-06-17 12:00:00,257.10569479199023
2023-06-17 13:00:00,214.35912016179597
2023-06-17 14:00:00,130.2812804250505
2023-06-17 15:00:00,-0.0
2023-06-17 16:00:00,-0.0
2023-06-17 17:00:00,-0.0
2023-06-17 18:00:00,0.0
2023-06-17 19:00:00,-0.0
2023-06-17 20:00:00,4.0584157051698766e-42
2023-06-17 21:00:00,0.0
2023-06-17 22:00:00,-0.0
2023-06-17 23:00:00,-0.0
2023-06-18 00:00:00,6.0621535668469665e-43
2023-06-18 01:00:00,-0.0
2023-06-18 02:00:00,-0.0
2023-06-18 03:00:00,-0.0
2023-06-18 04:00:00,0.0
2023-06-18 05:00:00,48.77522252973171
2023-06-18 06:00:00,169.461319639806
2023-06-18 07:00:00,235.23506579599638
2023-06-18 08:00:00,262.31812388545495
2023-06-18 09:00:00,293.99833199616256
2023-06-18 10:00:00,371.464897750225
2023-06-18 11:00:00,498.31869591452534
2023-06-18 12:00:00,312.31344371305585
2023-06-18 13:00:00,264.4287928946732
2023-06-18 14:00:00,189.41364771526435
2023-06-18 15:00:00,-0.0
2023-06-18 16:00:00,0.0
2023-06-18 17:00:00,0.0
2023-06-18 18:00:00,4.201083450610907e-43
2023-06-18 19:00:00,-0.0
2023-06-18 20:00:00,-0.0
2023-06-18 21:00:00,0.0
2023-06-18 22:00:00,0.0
2023-06-18 23:00:00,-0.0
2023-06-19 00:00:00,-0.0
2023-06-19 01:00:00,-0.0
2023-06-19 02:00:00,-0.0
2023-06-19 03:00:00,-0.0
2023-06-19 04:00:00,-0.0
2023-06-19 05:00:00,45.5675621477407
2023-06-19 06:00:00,201.44296189195617
2023-06-19 07:00:00,260.83529853574737
2023-06-19 08:00:00,275.24020351088075
2023-06-19 09:00:00,292.4427589610493
2023-06-19 10:00:00,279.56223284582467
2023-06-19 11:00:00,267.53749057225485
2023-06-19 12:00:00,263.91447924864707
2023-06-19 13:00:00,204.28365117287987
2023-06-19 14:00:00,136.04600924111102
2023-06-19 15:00:00,5.975412931009123e-42
2023-06-19 16:00:00,-0.0
2023-06-19 17:00:00,-0.0
2023-06-19 18:00:00,0.0
2023-06-19 19:00:00,-0.0
2023-06-19 20:00:00,-0.0
2023-06-19 21:00:00,-0.0
2023-06-19 22:00:00,-0.0
2023-06-19 23:00:00,-0.0
2023-06-20 00:00:00,1.1453845060648702e-42
2023-06-20 01:00:00,0.0
2023-06-20 02:00:00,0.0
2023-06-20 03:00:00,-0.0
2023-06-20 04:00:00,-0.0
2023-06-20 05:00:00,45.22391547671001
2023-06-20 06:00:00,265.2299644626652
2023-06-20 07:00:00,480.386887367017
2023-06-20 08:00:00,609.345581531167
2023-06-20 09:00:00,642.4865447288162
2023-06-20 10:00:00,494.78528623654336
2023-06-20 11:00:00,497.5202452263213
2023-06-20 12:00:00,537.6795726214988
2023-06-20 13:00:00,299.21236707471735
2023-06-20 14:00:00,179.60720444091928
2023-06-20 15:00:00,-0.0
2023-06-20 16:00:00,-0.0
2023-06-20 17:00:00,-0.0
2023-06-20 18:00:00,-0.0
2023-06-20 19:00:00,0.0
2023-06-20 20:00:00,-0.0
2023-06-20 21:00:00,-0.0
2023-06-20 22:00:00,-0.0
2023-06-20 23:00:00,-0.0
2023-06-21 00:00:00,-0.0
2023-06-21 01:00:00,0.0
2023-06-21 02:00:00,0.0
2023-06-21 03:00:00,0.0
2023-06-21 04:00:00,0.0
2023-06-21 05:00:00,44.82009831432544
2023-06-21 06:00:00,199.2696158007023
2023-06-21 07:00:00,316.8358019759451
2023-06-21 08:00:00,618.9457215272813
2023-06-21 09:00:00,427.50126866952684
2023-06-21 10:00:00,317.67537006017153
2023-06-21 11:00:00,275.4533606184085
2023-06-21 12:00:00,284.75769153748536
2023-06-21 13:00:00,309.7517496582563
2023-06-21 14:00:00,176.15365781259777
2023-06-21 15:00:00,-0.0
2023-06-21 16:00:00,-0.0
2023-06-21 17:00:00,7.74511749936791e-43
2023-06-21 18:00:00,-0.0
2023-06-21 19:00:00,-0.0
2023-06-21 20:00:00,8.522629760710419e-43
2023-06-21 21:00:00,-0.0
2023-06-21 22:00:00,0.0
2023-06-21 23:00:00,3.349247789106249e-42
2023-06-22 00:00:00,2.6485946427887397e-42
2023-06-22 01:00:00,-0.0
2023-06-22 02:00:00,-0.0
2023-06-22 03:00:00,-0.0
2023-06-22 04:00:00,-0.0
2023-06-22 05:00:00,45.26447029431629
2023-06-22 06:00:00,237.7975540242754
2023-06-22 07:00:00,443.5946450361857
2023-06-22 08:00:00,575.3159954391815
2023-06-22 09:00:00,662.3922041715855
2023-06-22 10:00:00,750.9876923439973
2023-06-22 11:00:00,467.1252234636264
2023-06-22 12:00:00,566.0959969770596
2023-06-22 13:00:00,157.4742011740744
2023-06-22 14:00:00,185.99552258516965
2023-06-22 15:00:00,-0.0
2023-06-22 16:00:00,-0.0
2023-06-22 17:00:00,-0.0
2023-06-22 18:00:00,0.0
2023-06-22 19:00:00,-0.0
2023-06-22 20:00:00,-0.0
2023-06-22 21:00:00,-0.0
2023-06-22 22:00:00,1.2087864759204824e-42
2023-06-22 23:00:00,0.0
2023-06-23 00:00:00,0.0
2023-06-23 01:00:00,-0.0
2023-06-23 02:00:00,0.0
2023-06-23 03:00:00,8.462086137335944e-43
2023-06-23 04:00:00,0.0
2023-06-23 05:00:00,33.16825565079828
2023-06-23 06:00:00,266.795523944758
2023-06-23 07:00:00,271.7208136213087
2023-06-23 08:00:00,509.80632936677296
2023-06-23 09:00:00,590.4938195184496
2023-06-23 10:00:00,536.9690043877807
2023-06-23 11:00:00,684.0738858525718
2023-06-23 12:00:00,524.5492718712499
2023-06-23 13:00:00,268.87451213049945
2023-06-23 14:00:00,132.53535696114852
2023-06-23 15:00:00,-0.0
2023-06-23 16:00:00,-0.0
2023-06-23 17:00:00,-0.0
2023-06-23 18:00:00,-0.0
2023-06-23 19:00:00,0.0
2023-06-23 20:00:00,0.0
2023-06-23 21:00:00,-0.0
2023-06-23 22:00:00,-0.0
2023-06-23 23:00:00,0.0
2023-06-24 00:00:00,-0.0
2023-06-24 01:00:00,-0.0
2023-06-24 02:00:00,2.3047219985591434e-42
2023-06-24 03:00:00,-0.0
2023-06-24 04:00:00,0.0
2023-06-24 05:00:00,45.59639126432866
2023-06-24 06:00:00,199.43661447765058
2023-06-24 07:00:00,262.32434058419204
2023-06-24 08:00:00,288.0214691695707
2023-06-24 09:00:00,279.8746937665794
2023-06-24 10:00:00,282.2887207115325
2023-06-24 11:00:00,270.1749610014408
2023-06-24 12:00:00,246.50602512197509
2023-06-24 13:00:00,208.8222507124601
2023-06-24 14:00:00,129.97599003714913
2023-06-24 15:00:00,-0.0
2023-06-24 16:00:00,4.552907668168768e-42
2023-06-24 17:00:00,1.6400347353439296e-42
2023-06-24 18:00:00,-0.0
2023-06-24 19:00:00,0.0
2023-06-24 20:00:00,0.0
2023-06-24 21:00:00,0.0
2023-06-24 22:00:00,-0.0
2023-06-24 23:00:00,-0.0
2023-06-25 00:00:00,0.0
2023-06-25 01:00:00,-0.0
2023-06-25 02:00:00,1.3223773003990304e-42
2023-06-25 03:00:00,-0.0
2023-06-25 04:00:00,-0.0
2023-06-25 05:00:00,43.36290824090808
2023-06-25 06:00:00,240.80121595906812
2023-06-25 07:00:00,301.2438565950573
2023-06-25 08:00:00,285.46590159392355
2023-06-25 09:00:00,293.49566553566933
2023-06-25 10:00:00,281.7049336087317
2023-06-25 11:00:00,273.0484962051393
2023-06-25 12:00:00,249.84596968238708
2023-06-25 13:00:00,204.75209577760626
2023-06-25 14:00:00,128.10698104081504
2023-06-25 15:00:00,-0.0
2023-06-25 16:00:00,-0.0
2023-06-25 17:00:00,-0.0
2023-06-25 18:00:00,-0.0
2023-06-25 19:00:00,-0.0
2023-06-25 20:00:00,0.0
2023-06-25 21:00:00,-0.0
2023-06-25 22:00:00,0.0
2023-06-25 23:00:00,-0.0
2023-06-26 00:00:00,0.0
2023-06-26 01:00:00,-0.0
2023-06-26 02:00:00,-0.0
2023-06-26 03:00:00,0.0
2023-06-26 04:00:00,0.0
2023-06-26 05:00:00,40.8446212419406
2023-06-26 06:00:00,228.55313718311203
2023-06-26 07:00:00,319.6516537552322
2023-06-26 08:00:00,343.7946090775006
2023-06-26 09:00:00,337.2026200426411
2023-06-26 10:00:00,326.7300254249249
2023-06-26 11:00:00,314.7741725344049
2023-06-26 12:00:00,268.9521895921571
2023-06-26 13:00:00,224.1681372316381
2023-06-26 14:00:00,140.44883015386645
2023-06-26 15:00:00,0.0
2023-06-26 16:00:00,0.0
2023-06-26 17:00:00,5.192180774626863e-42
2023-06-26 18:00:00,0.0
2023-06-26 19:00:00,0.0
2023-06-26 20:00:00,-0.0
2023-06-26 21:00:00,-0.0
2023-06-26 22:00:00,-0.0
2023-06-26 23:00:00,-0.0
2023-06-27 00:00:00,-0.0
2023-06-27 01:00:00,-0.0
2023-06-27 02:00:00,0.0
2023-06-27 03:00:00,4.096805034111855e-43
2023-06-27 04:00:00,0.0
2023-06-27 05:00:00,37.97107193379128
2023-06-27 06:00:00,229.95270358586953
2023-06-27 07:00:00,297.25010855319215
2023-06-27 08:00:00,383.9610985694595
2023-06-27 09:00:00,518.2572491903579
2023-06-27 10:00:00,671.4318411813966
2023-06-27 11:00:00,387.96712468766225
2023-06-27 12:00:00,274.48008149922777
2023-06-27 13:00:00,256.91034269716334
2023-06-27 14:00:00,144.37897157094343
2023-06-27 15:00:00,-0.0
2023-06-27 16:00:00,0.0
2023-06-27 17:00:00,-0.0
2023-06-27 18:00:00,2.1787466288555358e-42
2023-06-27 19:00:00,-0.0
2023-06-27 20:00:00,-0.0
2023-06-27 21:00:00,1.4009225226352415e-42
2023-06-27 22:00:00,-0.0
2023-06-27 23:00:00,1.7056704010273248e-42
2023-06-28 00:00:00,0.0
2023-06-28 01:00:00,-0.0
2023-06-28 02:00:00,0.0
2023-06-28 03:00:00,-0.0
2023-06-28 04:00:00,0.0
2023-06-28 05:00:00,40.59773400808643
2023-06-28 06:00:00,191.8017562739779
2023-06-28 07:00:00,262.647975931334
2023-06-28 08:00:00,290.34813594030027
2023-06-28 09:00:00,310.8342705950607
2023-06-28 10:00:00,301.4298581153235
2023-06-28 11:00:00,277.6196463919185
2023-06-28 12:00:00,325.2160468680876
2023-06-28 13:00:00,409.25680960034504
2023-06-28 14:00:00,124.19611378136904
2023-06-28 15:00:00,-0.0
2023-06-28 16:00:00,-0.0
2023-06-28 17:00:00,0.0
2023-06-28 18:00:00,-0.0
2023-06-28 19:00:00,-0.0
2023-06-28 20:00:00,-0.0
2023-06-28 21:00:00,-0.0
2023-06-28 22:00:00,-0.0
2023-06-28 23:00:00,-0.0
2023-06-29 00:00:00,0.0
2023-06-29 01:00:00,-0.0
2023-06-29 02:00:00,2.1714742039310084e-42
2023-06-29 03:00:00,0.0
2023-06-29 04:00:00,1.5996319044148395e-42
2023-06-29 05:00:00,40.22001559239572
2023-06-29 06:00:00,190.09292571253215
2023-06-29 07:00:00,254.72637229341316
2023-06-29 08:00:00,254.8336366599465
2023-06-29 09:00:00,283.2841775053896
2023-06-29 10:00:00,273.95353788957425
2023-06-29 11:00:00,255.05946916122906
2023-06-29 12:00:00,241.849286101107
2023-06-29 13:00:00,374.8678839502711
2023-06-29 14:00:00,73.79003040205652
2023-06-29 15:00:00,-0.0
2023-06-29 16:00:00,-0.0
2023-06-29 17:00:00,-0.0
2023-06-29 18:00:00,0.0
2023-06-29 19:00:00,0.0
2023-06-29 20:00:00,-0.0
2023-06-29 21:00:00,1.659481237349054e-42
2023-06-29 22:00:00,-0.0
2023-06-29 23:00:00,0.0
2023-06-30 00:00:00,0.0
2023-06-30 01:00:00,-0.0
2023-06-30 02:00:00,-0.0
2023-06-30 03:00:00,-0.0
2023-06-30 04:00:00,-0.0
2023-06-30 05:00:00,40.942778496158695
2023-06-30 06:00:00,160.58357501839743
2023-06-30 07:00:00,208.36478652763793
2023-06-30 08:00:00,528.9915062237629
2023-06-30 09:00:00,610.8021188446086
2023-06-30 10:00:00,483.98507856257197
2023-06-30 11:00:00,-0.0
2023-06-30 12:00:00,535.7211488640122
2023-06-30 13:00:00,297.5234479463232
2023-06-30 14:00:00,126.93798314657423
2023-06-30 15:00:00,-0.0
2023-06-30 16:00:00,0.0
2023-06-30 17:00:00,-0.0
2023-06-30 18:00:00,-0.0
2023-06-30 19:00:00,0.0
2023-06-30 20:00:00,0.0
2023-06-30 21:00:00,-0.0
2023-06-30 22:00:00,-0.0
2023-06-30 23:00:00,-0.0
2023-07-01 00:00:00,0.0
2023-07-01 01:00:00,-0.0
2023-07-01 02:00:00,-0.0
2023-07-01 03:00:00,-0.0
2023-07-01 04:00:00,1.052015989726295e-42
2023-07-01 05:00:00,40.79246567407589
2023-07-01 06:00:00,160.39519318657037
2023-07-01 07:00:00,216.98655100600854
2023-07-01 08:00:00,238.0138014993329
2023-07-01 09:00:00,261.9209389507836
2023-07-01 10:00:00,263.021449916358
2023-07-01 11:00:00,264.34902639865805
2023-07-01 12:00:00,240.95668929197524
2023-07-01 13:00:00,198.0749622737943
2023-07-01 14:00:00,126.05402516334486
2023-07-01 15:00:00,-0.0
2023-07-01 16:00:00,4.2347479109218007e-42
2023-07-01 17:00:00,-0.0
2023-07-01 18:00:00,-0.0
2023-07-01 19:00:00,0.0
2023-07-01 20:00:00,0.0
2023-07-01 21:00:00,-0.0
2023-07-01 22:00:00,-0.0
2023-07-01 23:00:00,-0.0
2023-07-02 00:00:00,0.0
2023-07-02 01:00:00,0.0
2023-07-02 02:00:00,-0.0
2023-07-02 03:00:00,0.0
2023-07-02 04:00:00,1.3764676738651975e-42
2023-07-02 05:00:00,38.27841718830926
2023-07-02 06:00:00,215.74520464368425
2023-07-02 07:00:00,413.3010501580742
2023-07-02 08:00:00,264.3497563754597
2023-07-02 09:00:00,282.0145352981065
2023-07-02 10:00:00,269.31161100631533
2023-07-02 11:00:00,272.5174446474797
2023-07-02 12:00:00,241.33743793353958
2023-07-02 13:00:00,198.67575056138907
2023-07-02 14:00:00,132.14122843962676
2023-07-02 15:00:00,0.0
2023-07-02 16:00:00,-0.0
2023-07-02 17:00:00,0.0
2023-07-02 18:00:00,-0.0
2023-07-02 19:00:00,-0.0
2023-07-02 20:00:00,2.2926701044885593e-42
2023-07-02 21:00:00,-0.0
2023-07-02 22:00:00,-0.0
2023-07-02 23:00:00,0.0
2023-07-03 00:00:00,-0.0
2023-07-03 01:00:00,-0.0
2023-07-03 02:00:00,0.0
2023-07-03 03:00:00,-0.0
2023-07-03 04:00:00,-0.0
2023-07-03 05:00:00,35.83939112625788
2023-07-03 06:00:00,209.85322872331375
2023-07-03 07:00:00,236.5029776155904
2023-07-03 08:00:00,300.7139399251041
2023-07-03 09:00:00,492.6716394205831
2023-07-03 10:00:00,398.81275513813017
2023-07-03 11:00:00,291.1688908511987
2023-07-03 12:00:00,252.79165252280524
2023-07-03 13:00:00,200.09705843953228
2023-07-03 14:00:00,128.24786726693185
2023-07-03 15:00:00,-0.0
2023-07-03 16:00:00,-0.0
2023-07-03 17:00:00,0.0
2023-07-03 18:00:00,0.0
2023-07-03 19:00:00,-0.0
2023-07-03 20:00:00,0.0
2023-07-03 21:00:00,0.0
2023-07-03 22:00:00,0.0
2023-07-03 23:00:00,-0.0
2023-07-04 00:00:00,9.026291299539748e-43
2023-07-04 01:00:00,-0.0
2023-07-04 02:00:00,-0.0
2023-07-04 03:00:00,-0.0
2023-07-04 04:00:00,-0.0
2023-07-04 05:00:00,40.78640095059688
2023-07-04 06:00:00,197.33658749016467
2023-07-04 07:00:00,246.09637101288948
2023-07-04 08:00:00,279.1385517952418
2023-07-04 09:00:00,296.31119419512595
2023-07-04 10:00:00,283.3926261852751
2023-07-04 11:00:00,286.24507917183826
2023-07-04 12:00:00,249.99438815700955
2023-07-04 13:00:00,207.76073440998246
2023-07-04 14:00:00,139.41545195734008
2023-07-04 15:00:00,0.0
2023-07-04 16:00:00,0.0
2023-07-04 17:00:00,-0.0
2023-07-04 18:00:00,-0.0
2023-07-04 19:00:00,-0.0
2023-07-04 20:00:00,7.006732653070867e-43
2023-07-04 21:00:00,-0.0
2023-07-04 22:00:00,-0.0
2023-07-04 23:00:00,-0.0
2023-07-05 00:00:00,-0.0
2023-07-05 01:00:00,0.0
2023-07-05 02:00:00,3.7017351420623917e-42
2023-07-05 03:00:00,-0.0
2023-07-05 04:00:00,-0.0
2023-07-05 05:00:00,40.236001605758915
2023-07-05 06:00:00,200.6986042067991
2023-07-05 07:00:00,-0.0
2023-07-05 08:00:00,280.58159352170696
2023-07-05 09:00:00,359.0966969010519
2023-07-05 10:00:00,752.51637387716
2023-07-05 11:00:00,464.03698197181734
2023-07-05 12:00:00,479.39379711373056
2023-07-05 13:00:00,270.3638928814085
2023-07-05 14:00:00,197.32703823174708
2023-07-05 15:00:00,8.108368030764874e-42
2023-07-05 16:00:00,-0.0
2023-07-05 17:00:00,-0.0
2023-07-05 18:00:00,-0.0
2023-07-05 19:00:00,-0.0
2023-07-05 20:00:00,-0.0
2023-07-05 21:00:00,6.976939075183996e-43
2023-07-05 22:00:00,-0.0
2023-07-05 23:00:00,1.7056704010273248e-42
2023-07-06 00:00:00,0.0
2023-07-06 01:00:00,0.0
2023-07-06 02:00:00,0.0
2023-07-06 03:00:00,2.2926701044885593e-42
2023-07-06 04:00:00,-0.0
2023-07-06 05:00:00,35.39095811312969
2023-07-06 06:00:00,265.5401748385299
2023-07-06 07:00:00,476.78710275690497
2023-07-06 08:00:00,278.9525758784885
2023-07-06 09:00:00,610.5648859331897
2023-07-06 10:00:00,600.2991466271075
2023-07-06 11:00:00,686.7066678980193
2023-07-06 12:00:00,581.635920604981
2023-07-06 13:00:00,360.79261583989705
2023-07-06 14:00:00,139.80400777073274
2023-07-06 15:00:00,-0.0
2023-07-06 16:00:00,-0.0
2023-07-06 17:00:00,0.0
2023-07-06 18:00:00,0.0
2023-07-06 19:00:00,0.0
2023-07-06 20:00:00,-0.0
2023-07-06 21:00:00,-0.0
2023-07-06 22:00:00,-0.0
2023-07-06 23:00:00,-0.0
2023-07-07 00:00:00,-0.0
2023-07-07 01:00:00,-0.0
2023-07-07 02:00:00,-0.0
2023-07-07 03:00:00,-0.0
2023-07-07 04:00:00,-0.0
2023-07-07 05:00:00,40.52620022515947
2023-07-07 06:00:00,188.92627982813585
2023-07-07 07:00:00,264.40837097558506
2023-07-07 08:00:00,266.391100412312
2023-07-07 09:00:00,296.5226567638549
2023-07-07 10:00:00,283.68401043094696
2023-07-07 11:00:00,289.29825536992684
2023-07-07 12:00:00,308.19533536729796
2023-07-07 13:00:00,262.78616315434664
2023-07-07 14:00:00,203.45144193822773
2023-07-07 15:00:00,-0.0
2023-07-07 16:00:00,0.0
2023-07-07 17:00:00,-0.0
2023-07-07 18:00:00,0.0
2023-07-07 19:00:00,-0.0
2023-07-07 20:00:00,1.7722248391575632e-43
2023-07-07 21:00:00,-0.0
2023-07-07 22:00:00,8.598006783416157e-43
2023-07-07 23:00:00,-0.0
2023-07-08 00:00:00,-0.0
2023-07-08 01:00:00,-0.0
2023-07-08 02:00:00,-0.0
2023-07-08 03:00:00,-0.0
2023-07-08 04:00:00,-0.0
2023-07-08 05:00:00,42.91438584538402
2023-07-08 06:00:00,177.70150055502413
2023-07-08 07:00:00,241.1503321816805
2023-07-08 08:00:00,248.11411524405838
2023-07-08 09:00:00,275.88959114557804
2023-07-08 10:00:00,278.5521392846201
2023-07-08 11:00:00,269.31249346525914
2023-07-08 12:00:00,258.3733503251241
2023-07-08 13:00:00,203.77919058456717
2023-07-08 14:00:00,128.2818044146926
2023-07-08 15:00:00,-0.0
2023-07-08 16:00:00,-0.0
2023-07-08 17:00:00,-0.0
2023-07-08 18:00:00,-0.0
2023-07-08 19:00:00,-0.0
2023-07-08 20:00:00,0.0
2023-07-08 21:00:00,-0.0
2023-07-08 22:00:00,0.0
2023-07-08 23:00:00,-0.0
2023-07-09 00:00:00,-0.0
2023-07-09 01:00:00,-0.0
2023-07-09 02:00:00,0.0
2023-07-09 03:00:00,0.0
2023-07-09 04:00:00,-0.0
2023-07-09 05:00:00,39.94862760191529
2023-07-09 06:00:00,220.1503044506194
2023-07-09 07:00:00,472.57756975023045
2023-07-09 08:00:00,646.0385180739343
2023-07-09 09:00:00,693.2142351497964
2023-07-09 10:00:00,777.275050695692
2023-07-09 11:00:00,597.4780906526321
2023-07-09 12:00:00,379.71335358557
2023-07-09 13:00:00,265.2506360786535
2023-07-09 14:00:00,210.07525809212314
2023-07-09 15:00:00,3.4448292495356455e-43
2023-07-09 16:00:00,1.5996319044148395e-42
2023-07-09 17:00:00,-0.0
2023-07-09 18:00:00,0.0
2023-07-09 19:00:00,2.2021903413253832e-43
2023-07-09 20:00:00,-0.0
2023-07-09 21:00:00,5.645088904207028e-43
2023-07-09 22:00:00,-0.0
2023-07-09 23:00:00,0.0
2023-07-10 00:00:00,0.0
2023-07-10 01:00:00,-0.0
2023-07-10 02:00:00,-0.0
2023-07-10 03:00:00,-0.0
2023-07-10 04:00:00,-0.0
2023-07-10 05:00:00,21.17504438792276
2023-07-10 06:00:00,237.62595731548853
2023-07-10 07:00:00,141.76183006844727
2023-07-10 08:00:00,202.42990205373718
2023-07-10 09:00:00,154.0849805396104
2023-07-10 10:00:00,689.4216199789425
2023-07-10 11:00:00,418.6085421100457
2023-07-10 12:00:00,169.29452394586582
2023-07-10 13:00:00,112.04935059913454
2023-07-10 14:00:00,88.94185091631961
2023-07-10 15:00:00,4.303851613472927e-43
2023-07-10 16:00:00,0.0
2023-07-10 17:00:00,-0.0
2023-07-10 18:00:00,-0.0
2023-07-10 19:00:00,-0.0
2023-07-10 20:00:00,-0.0
2023-07-10 21:00:00,-0.0
2023-07-10 22:00:00,0.0
2023-07-10 23:00:00,-0.0
2023-07-11 00:00:00,-0.0
2023-07-11 01:00:00,-0.0
2023-07-11 02:00:00,2.194593327803888e-43
2023-07-11 03:00:00,-0.0
2023-07-11 04:00:00,0.0
2023-07-11 05:00:00,20.94642496066518
2023-07-11 06:00:00,171.89709138052402
2023-07-11 07:00:00,215.28516924769033
2023-07-11 08:00:00,240.48021834268553
2023-07-11 09:00:00,753.3175485026134
2023-07-11 10:00:00,755.7695473907194
2023-07-11 11:00:00,750.9792246952363
2023-07-11 12:00:00,312.3647062692746
2023-07-11 13:00:00,257.8873645091792
2023-07-11 14:00:00,196.32064491268366
2023-07-11 15:00:00,-0.0
2023-07-11 16:00:00,-0.0
2023-07-11 17:00:00,-0.0
2023-07-11 18:00:00,-0.0
2023-07-11 19:00:00,-0.0
2023-07-11 20:00:00,-0.0
2023-07-11 21:00:00,0.0
2023-07-11 22:00:00,-0.0
2023-07-11 23:00:00,-0.0
2023-07-12 00:00:00,0.0
2023-07-12 01:00:00,-0.0
2023-07-12 02:00:00,-0.0
2023-07-12 03:00:00,-0.0
2023-07-12 04:00:00,1.0163553278395442e-42
2023-07-12 05:00:00,20.88437041161214
2023-07-12 06:00:00,181.7258352897698
2023-07-12 07:00:00,461.94814390108155
2023-07-12 08:00:00,569.1329570998796
2023-07-12 09:00:00,684.4964703021399
2023-07-12 10:00:00,720.0872854864766
2023-07-12 11:00:00,556.0236448759046
2023-07-12 12:00:00,622.7220557652175
2023-07-12 13:00:00,432.7904389932056
2023-07-12 14:00:00,208.6598412838531
2023-07-12 15:00:00,0.0
2023-07-12 16:00:00,0.0
2023-07-12 17:00:00,0.0
2023-07-12 18:00:00,-0.0
2023-07-12 19:00:00,-0.0
2023-07-12 20:00:00,0.0
2023-07-12 21:00:00,-0.0
2023-07-12 22:00:00,-0.0
2023-07-12 23:00:00,-0.0
2023-07-13 00:00:00,-0.0
2023-07-13 01:00:00,0.0
2023-07-13 02:00:00,-0.0
2023-07-13 03:00:00,9.938629517674796e-43
2023-07-13 04:00:00,-0.0
2023-07-13 05:00:00,41.328908794231275
2023-07-13 06:00:00,143.8135962487166
2023-07-13 07:00:00,206.34308321700817
2023-07-13 08:00:00,227.55946719223775
2023-07-13 09:00:00,259.2573059078905
2023-07-13 10:00:00,260.396822560798
2023-07-13 11:00:00,272.3360081569772
2023-07-13 12:00:00,244.18536102423312
2023-07-13 13:00:00,203.74290780911076
2023-07-13 14:00:00,140.99391129028837
2023-07-13 15:00:00,-0.0
2023-07-13 16:00:00,-0.0
2023-07-13 17:00:00,-0.0
2023-07-13 18:00:00,-0.0
2023-07-13 19:00:00,-0.0
2023-07-13 20:00:00,-0.0
2023-07-13 21:00:00,-0.0
2023-07-13 22:00:00,-0.0
2023-07-13 23:00:00,0.0
2023-07-14 00:00:00,-0.0
2023-07-14 01:00:00,-0.0
2023-07-14 02:00:00,-0.0
2023-07-14 03:00:00,4.303851613472927e-43
2023-07-14 04:00:00,-0.0
2023-07-14 05:00:00,40.7878211973294
2023-07-14 06:00:00,147.6319422593553
2023-07-14 07:00:00,212.44618271558173
2023-07-14 08:00:00,252.6470812257687
2023-07-14 09:00:00,610.501257508391
2023-07-14 10:00:00,763.5102026794095
2023-07-14 11:00:00,755.1702343971278
2023-07-14 12:00:00,451.5681062835986
2023-07-14 13:00:00,258.42789768134355
2023-07-14 14:00:00,128.68884319420866
2023-07-14 15:00:00,-0.0
2023-07-14 16:00:00,0.0
2023-07-14 17:00:00,-0.0
2023-07-14 18:00:00,0.0
2023-07-14 19:00:00,-0.0
2023-07-14 20:00:00,-0.0
2023-07-14 21:00:00,7.979588209157398e-43
2023-07-14 22:00:00,5.070259523418746e-43
2023-07-14 23:00:00,8.097302120291055e-43
2023-07-15 00:00:00,5.34217739411264e-43
2023-07-15 01:00:00,-0.0
2023-07-15 02:00:00,6.69445219440854e-44
2023-07-15 03:00:00,-0.0
2023-07-15 04:00:00,-0.0
2023-07-15 05:00:00,43.6145583520741
2023-07-15 06:00:00,148.60622518397173
2023-07-15 07:00:00,210.87831800828113
2023-07-15 08:00:00,235.02253726960487
2023-07-15 09:00:00,256.902846586143
2023-07-15 10:00:00,268.5352114146271
2023-07-15 11:00:00,285.5041726020171
2023-07-15 12:00:00,251.6859356544989
2023-07-15 13:00:00,208.3501258781585
2023-07-15 14:00:00,158.02790335351236
2023-07-15 15:00:00,4.74661762115306e-42
2023-07-15 16:00:00,2.1280795906721608e-42
2023-07-15 17:00:00,0.0
2023-07-15 18:00:00,-0.0
2023-07-15 19:00:00,-0.0
2023-07-15 20:00:00,0.0
2023-07-15 21:00:00,-0.0
2023-07-15 22:00:00,0.0
2023-07-15 23:00:00,-0.0
2023-07-16 00:00:00,-0.0
2023-07-16 01:00:00,0.0
2023-07-16 02:00:00,0.0
2023-07-16 03:00:00,4.372521840030077e-43
2023-07-16 04:00:00,1.1621754721496475e-43
2023-07-16 05:00:00,46.66940974104418
2023-07-16 06:00:00,162.90653338937085
2023-07-16 07:00:00,221.48628408010632
2023-07-16 08:00:00,240.5975164284558
2023-07-16 09:00:00,252.34124873177046
2023-07-16 10:00:00,262.626400219364
2023-07-16 11:00:00,264.0212011918599
2023-07-16 12:00:00,238.55184666535686
2023-07-16 13:00:00,193.76747572890582
2023-07-16 14:00:00,132.31350114088292
2023-07-16 15:00:00,4.027129141597204
2023-07-16 16:00:00,0.0
2023-07-16 17:00:00,5.1661325457444885e-42
2023-07-16 18:00:00,2.6303062418641643e-42
2023-07-16 19:00:00,-0.0
2023-07-16 20:00:00,0.0
2023-07-16 21:00:00,-0.0
2023-07-16 22:00:00,0.0
2023-07-16 23:00:00,7.979588209157398e-43
2023-07-17 00:00:00,0.0
2023-07-17 01:00:00,-0.0
2023-07-17 02:00:00,-0.0
2023-07-17 03:00:00,-0.0
2023-07-17 04:00:00,-0.0
2023-07-17 05:00:00,46.31188830739947
2023-07-17 06:00:00,164.06282085964463
2023-07-17 07:00:00,221.9576171486541
2023-07-17 08:00:00,241.93879248879105
2023-07-17 09:00:00,263.0322289106607
2023-07-17 10:00:00,256.64785098107893
2023-07-17 11:00:00,260.5818788995054
2023-07-17 12:00:00,239.92546917741865
2023-07-17 13:00:00,197.36586534277083
2023-07-17 14:00:00,135.64760968764364
2023-07-17 15:00:00,4.066302259284195
2023-07-17 16:00:00,-0.0
2023-07-17 17:00:00,0.0
2023-07-17 18:00:00,-0.0
2023-07-17 19:00:00,1.7056704010273248e-42
2023-07-17 20:00:00,-0.0
2023-07-17 21:00:00,2.3047219985591434e-42
2023-07-17 22:00:00,-0.0
2023-07-17 23:00:00,4.3301901111340015e-43
2023-07-18 00:00:00,-0.0
2023-07-18 01:00:00,-0.0
2023-07-18 02:00:00,1.0614045073807298e-42
2023-07-18 03:00:00,-0.0
2023-07-18 04:00:00,0.0
2023-07-18 05:00:00,46.29948776450903
2023-07-18 06:00:00,161.77668147943072
2023-07-18 07:00:00,219.74918817657002
2023-07-18 08:00:00,250.01342785383503
2023-07-18 09:00:00,270.2181821006071
2023-07-18 10:00:00,273.1823897966206
2023-07-18 11:00:00,276.6941722969598
2023-07-18 12:00:00,243.37952324240663
2023-07-18 13:00:00,203.4343624772696
2023-07-18 14:00:00,134.66501797862853
2023-07-18 15:00:00,4.027725929791136
2023-07-18 16:00:00,-0.0
2023-07-18 17:00:00,-0.0
2023-07-18 18:00:00,6.231051798732831e-43
2023-07-18 19:00:00,5.192180774626863e-42
2023-07-18 20:00:00,-0.0
2023-07-18 21:00:00,1.4009225226352415e-42
2023-07-18 22:00:00,-0.0
2023-07-18 23:00:00,0.0
2023-07-19 00:00:00,-0.0
2023-07-19 01:00:00,-0.0
2023-07-19 02:00:00,0.0
2023-07-19 03:00:00,0.0
2023-07-19 04:00:00,-0.0
2023-07-19 05:00:00,46.311186203628225
2023-07-19 06:00:00,166.9686519549105
2023-07-19 07:00:00,227.9308317098268
2023-07-19 08:00:00,259.2259832594158
2023-07-19 09:00:00,272.22459705932175
2023-07-19 10:00:00,622.7620123182929
2023-07-19 11:00:00,767.3611722018462
2023-07-19 12:00:00,594.5004218889355
2023-07-19 13:00:00,173.55395316958771
2023-07-19 14:00:00,76.1173311529622
2023-07-19 15:00:00,2.018865455469417
2023-07-19 16:00:00,-0.0
2023-07-19 17:00:00,-0.0
2023-07-19 18:00:00,-0.0
2023-07-19 19:00:00,1.4009225226352415e-42
2023-07-19 20:00:00,-0.0
2023-07-19 21:00:00,-0.0
2023-07-19 22:00:00,0.0
2023-07-19 23:00:00,-0.0
2023-07-20 00:00:00,-0.0
2023-07-20 01:00:00,2.126715377115853e-43
2023-07-20 02:00:00,0.0
2023-07-20 03:00:00,0.0
2023-07-20 04:00:00,-0.0
2023-07-20 05:00:00,18.42466137299217
2023-07-20 06:00:00,101.53335941181197
2023-07-20 07:00:00,342.7843035012896
2023-07-20 08:00:00,179.23083242699582
2023-07-20 09:00:00,400.9213669318508
2023-07-20 10:00:00,305.29927489861467
2023-07-20 11:00:00,137.4461226369231
2023-07-20 12:00:00,200.1429499589783
2023-07-20 13:00:00,163.59908297268208
2023-07-20 14:00:00,88.69189423229074
2023-07-20 15:00:00,2.091731875661317
2023-07-20 16:00:00,-0.0
2023-07-20 17:00:00,0.0
2023-07-20 18:00:00,-0.0
2023-07-20 19:00:00,0.0
2023-07-20 20:00:00,-0.0
2023-07-20 21:00:00,-0.0
2023-07-20 22:00:00,4.178953458911906e-43
2023-07-20 23:00:00,-0.0
2023-07-21 00:00:00,-0.0
2023-07-21 01:00:00,-0.0
2023-07-21 02:00:00,0.0
2023-07-21 03:00:00,-0.0
2023-07-21 04:00:00,1.554869621601492e-42
2023-07-21 05:00:00,40.801424460469455
2023-07-21 06:00:00,195.48852966932944
2023-07-21 07:00:00,362.7148917166506
2023-07-21 08:00:00,476.4859220661758
2023-07-21 09:00:00,584.6943555058783
2023-07-21 10:00:00,518.6407327384558
2023-07-21 11:00:00,166.79159680387878
2023-07-21 12:00:00,413.9252996270869
2023-07-21 13:00:00,338.4763064227984
2023-07-21 14:00:00,40.02557429516708
2023-07-21 15:00:00,2.0580008125836344
2023-07-21 16:00:00,-0.0
2023-07-21 17:00:00,-0.0
2023-07-21 18:00:00,-0.0
2023-07-21 19:00:00,-0.0
2023-07-21 20:00:00,-0.0
2023-07-21 21:00:00,-0.0
2023-07-21 22:00:00,0.0
2023-07-21 23:00:00,-0.0
2023-07-22 00:00:00,-0.0
2023-07-22 01:00:00,-0.0
2023-07-22 02:00:00,0.0
2023-07-22 03:00:00,-0.0
2023-07-22 04:00:00,2.0251465569546703e-43
2023-07-22 05:00:00,53.61015454338975
2023-07-22 06:00:00,179.853396436628
2023-07-22 07:00:00,230.07341609372511
2023-07-22 08:00:00,251.32898644948193
2023-07-22 09:00:00,262.23587199730434
2023-07-22 10:00:00,275.8402890453306
2023-07-22 11:00:00,266.81131513454216
2023-07-22 12:00:00,250.70674477062985
2023-07-22 13:00:00,199.69035555672497
2023-07-22 14:00:00,144.5183461719123
2023-07-22 15:00:00,10.783669647879002
2023-07-22 16:00:00,4.1884545419838986e-43
2023-07-22 17:00:00,-0.0
2023-07-22 18:00:00,-0.0
2023-07-22 19:00:00,-0.0
2023-07-22 20:00:00,4.4765907169870935e-43
2023-07-22 21:00:00,8.365191297827863e-43
2023-07-22 22:00:00,-0.0
2023-07-22 23:00:00,-0.0
2023-07-23 00:00:00,-0.0
2023-07-23 01:00:00,4.096805034111855e-43
2023-07-23 02:00:00,-0.0
2023-07-23 03:00:00,-0.0
2023-07-23 04:00:00,-0.0
2023-07-23 05:00:00,41.07216989387458
2023-07-23 06:00:00,171.6982708661704
2023-07-23 07:00:00,384.4109067075788
2023-07-23 08:00:00,452.06115030232866
2023-07-23 09:00:00,432.22702384416567
2023-07-23 10:00:00,490.8253982931292
2023-07-23 11:00:00,326.69548940470645
2023-07-23 12:00:00,308.79505129760906
2023-07-23 13:00:00,192.53997043737382
2023-07-23 14:00:00,235.30986757160647
2023-07-23 15:00:00,4.005024578668639
2023-07-23 16:00:00,-0.0
2023-07-23 17:00:00,-0.0
2023-07-23 18:00:00,0.0
2023-07-23 19:00:00,-0.0
2023-07-23 20:00:00,-0.0
2023-07-23 21:00:00,-0.0
2023-07-23 22:00:00,-0.0
2023-07-23 23:00:00,7.533210481514839e-43
2023-07-24 00:00:00,1.659481237349054e-42
2023-07-24 01:00:00,-0.0
2023-07-24 02:00:00,2.1714742039310084e-42
2023-07-24 03:00:00,-0.0
2023-07-24 04:00:00,-0.0
2023-07-24 05:00:00,57.221460102071354
2023-07-24 06:00:00,158.51761250236495
2023-07-24 07:00:00,412.24309564750587
2023-07-24 08:00:00,536.1258264720766
2023-07-24 09:00:00,480.6568654195859
2023-07-24 10:00:00,519.997235269284
2023-07-24 11:00:00,373.7210271824974
2023-07-24 12:00:00,630.0202735183109
2023-07-24 13:00:00,474.5665115308271
2023-07-24 14:00:00,251.24918926462377
2023-07-24 15:00:00,8.740950188644941
2023-07-24 16:00:00,0.0
2023-07-24 17:00:00,7.533210481514839e-43
2023-07-24 18:00:00,-0.0
2023-07-24 19:00:00,-0.0
2023-07-24 20:00:00,0.0
2023-07-24 21:00:00,1.1833600556233961e-42
2023-07-24 22:00:00,-0.0
2023-07-24 23:00:00,6.0621535668469665e-43
2023-07-25 00:00:00,-0.0
2023-07-25 01:00:00,-0.0
2023-07-25 02:00:00,-0.0
2023-07-25 03:00:00,0.0
2023-07-25 04:00:00,-0.0
2023-07-25 05:00:00,53.21471857681499
2023-07-25 06:00:00,256.6269335552966
2023-07-25 07:00:00,240.2975594395721
2023-07-25 08:00:00,292.72664892395625
2023-07-25 09:00:00,761.8407834344412
2023-07-25 10:00:00,712.2177514178882
2023-07-25 11:00:00,580.6964136010905
2023-07-25 12:00:00,468.2050643855443
2023-07-25 13:00:00,458.3624602664744
2023-07-25 14:00:00,166.4462959001518
2023-07-25 15:00:00,8.608895190385311
2023-07-25 16:00:00,3.571639791204094e-43
2023-07-25 17:00:00,-0.0
2023-07-25 18:00:00,-0.0
2023-07-25 19:00:00,2.1714742039310084e-42
2023-07-25 20:00:00,6.2480741693565486e-43
2023-07-25 21:00:00,-0.0
2023-07-25 22:00:00,-0.0
2023-07-25 23:00:00,-0.0
2023-07-26 00:00:00,-0.0
2023-07-26 01:00:00,-0.0
2023-07-26 02:00:00,-0.0
2023-07-26 03:00:00,-0.0
2023-07-26 04:00:00,0.0
2023-07-26 05:00:00,62.79381357725206
2023-07-26 06:00:00,289.566006307767
2023-07-26 07:00:00,251.25929627461113
2023-07-26 08:00:00,277.4860871240599
2023-07-26 09:00:00,280.35045912885596
2023-07-26 10:00:00,299.7265516549842
2023-07-26 11:00:00,277.7798090080437
2023-07-26 12:00:00,256.9293013932458
2023-07-26 13:00:00,216.50204467551606
2023-07-26 14:00:00,154.20083066872672
2023-07-26 15:00:00,19.91608864598585
2023-07-26 16:00:00,-0.0
2023-07-26 17:00:00,-0.0
2023-07-26 18:00:00,-0.0
2023-07-26 19:00:00,-0.0
2023-07-26 20:00:00,-0.0
2023-07-26 21:00:00,7.006732653070867e-43
2023-07-26 22:00:00,3.4448292495356455e-43
2023-07-26 23:00:00,-0.0
2023-07-27 00:00:00,1.7056704010273248e-42
2023-07-27 01:00:00,-0.0
2023-07-27 02:00:00,-0.0
2023-07-27 03:00:00,0.0
2023-07-27 04:00:00,-0.0
2023-07-27 05:00:00,58.00330415233299
2023-07-27 06:00:00,191.10730464269815
2023-07-27 07:00:00,251.3198673231269
2023-07-27 08:00:00,266.6877283721819
2023-07-27 09:00:00,294.757804305558
2023-07-27 10:00:00,284.73719768320734
2023-07-27 11:00:00,265.40470123853373
2023-07-27 12:00:00,239.4758976694227
2023-07-27 13:00:00,201.82598603019304
2023-07-27 14:00:00,142.69266815845478
2023-07-27 15:00:00,22.035287585529552
2023-07-27 16:00:00,-0.0
2023-07-27 17:00:00,-0.0
2023-07-27 18:00:00,-0.0
2023-07-27 19:00:00,-0.0
2023-07-27 20:00:00,-0.0
2023-07-27 21:00:00,-0.0
2023-07-27 22:00:00,-0.0
2023-07-27 23:00:00,0.0
2023-07-28 00:00:00,-0.0
2023-07-28 01:00:00,1.1453845060648702e-42
2023-07-28 02:00:00,-0.0
2023-07-28 03:00:00,0.0
2023-07-28 04:00:00,-0.0
2023-07-28 05:00:00,63.33537822427177
2023-07-28 06:00:00,308.59023985059997
2023-07-28 07:00:00,414.4454342952687
2023-07-28 08:00:00,267.5582322652804
2023-07-28 09:00:00,272.79404136453957
2023-07-28 10:00:00,273.13523483796297
2023-07-28 11:00:00,256.4353658607502
2023-07-28 12:00:00,233.12782570167087
2023-07-28 13:00:00,200.64702925829985
2023-07-28 14:00:00,139.35869897449467
2023-07-28 15:00:00,24.205670853661022
2023-07-28 16:00:00,-0.0
2023-07-28 17:00:00,-0.0
2023-07-28 18:00:00,0.0
2023-07-28 19:00:00,-0.0
2023-07-28 20:00:00,2.1280795906721608e-42
2023-07-28 21:00:00,0.0
2023-07-28 22:00:00,2.3003996369496197e-42
2023-07-28 23:00:00,-0.0
2023-07-29 00:00:00,0.0
2023-07-29 01:00:00,8.702769771264749e-43
2023-07-29 02:00:00,-0.0
2023-07-29 03:00:00,-0.0
2023-07-29 04:00:00,-0.0
2023-07-29 05:00:00,68.09812660173604
2023-07-29 06:00:00,192.88321611638338
2023-07-29 07:00:00,253.5568826172131
2023-07-29 08:00:00,258.24072177306334
2023-07-29 09:00:00,268.25464528034416
2023-07-29 10:00:00,346.57822932905526
2023-07-29 11:00:00,264.8346908932073
2023-07-29 12:00:00,254.45432535764192
2023-07-29 13:00:00,202.77420970757666
2023-07-29 14:00:00,146.80156429835725
2023-07-29 15:00:00,24.19809797544271
2023-07-29 16:00:00,-0.0
2023-07-29 17:00:00,0.0
2023-07-29 18:00:00,0.0
2023-07-29 19:00:00,0.0
2023-07-29 20:00:00,-0.0
2023-07-29 21:00:00,0.0
2023-07-29 22:00:00,4.74661762115306e-42
2023-07-29 23:00:00,-0.0
2023-07-30 00:00:00,5.493551139641263e-42
2023-07-30 01:00:00,-0.0
2023-07-30 02:00:00,0.0
2023-07-30 03:00:00,1.1453845060648702e-42
2023-07-30 04:00:00,-0.0
2023-07-30 05:00:00,68.13987381030769
2023-07-30 06:00:00,176.76718218233498
2023-07-30 07:00:00,225.175988227493
2023-07-30 08:00:00,257.23517245227686
2023-07-30 09:00:00,293.874694380618
2023-07-30 10:00:00,297.24687192091085
2023-07-30 11:00:00,276.13395072328564
2023-07-30 12:00:00,268.784431980693
2023-07-30 13:00:00,272.58083587452
2023-07-30 14:00:00,162.60939499990465
2023-07-30 15:00:00,31.92549327414442
2023-07-30 16:00:00,1.0893887890174952e-42
2023-07-30 17:00:00,-0.0
2023-07-30 18:00:00,2.496660469013988e-42
2023-07-30 19:00:00,-0.0
2023-07-30 20:00:00,-0.0
2023-07-30 21:00:00,0.0
2023-07-30 22:00:00,-0.0
2023-07-30 23:00:00,1.803350433125715e-42
2023-07-31 00:00:00,0.0
2023-07-31 01:00:00,0.0
2023-07-31 02:00:00,-0.0
2023-07-31 03:00:00,-0.0
2023-07-31 04:00:00,0.0
2023-07-31 05:00:00,58.629605405013756
2023-07-31 06:00:00,155.36746394740265
2023-07-31 07:00:00,222.48107343196992
2023-07-31 08:00:00,249.1567235821346
2023-07-31 09:00:00,271.1509902165099
2023-07-31 10:00:00,284.8881728431837
2023-07-31 11:00:00,278.41634184459554
2023-07-31 12:00:00,269.79551008482906
2023-07-31 13:00:00,213.87306384176068
2023-07-31 14:00:00,154.24341587884084
2023-07-31 15:00:00,31.773765950873926
2023-07-31 16:00:00,-0.0
2023-07-31 17:00:00,-0.0
2023-07-31 18:00:00,0.0
2023-07-31 19:00:00,-0.0
2023-07-31 20:00:00,-0.0
2023-07-31 21:00:00,1.1590156365132326e-42
2023-07-31 22:00:00,0.0
2023-07-31 23:00:00,-0.0
2023-08-01 00:00:00,0.0
2023-08-01 01:00:00,0.0
2023-08-01 02:00:00,-0.0
2023-08-01 03:00:00,1.5298115605991523e-43
2023-08-01 04:00:00,0.0
2023-08-01 05:00:00,53.06722451869136
2023-08-01 06:00:00,282.6792207405613
2023-08-01 07:00:00,549.2542703868507
2023-08-01 08:00:00,724.2598020500246
2023-08-01 09:00:00,820.6009772384547
2023-08-01 10:00:00,840.1057359397142
2023-08-01 11:00:00,413.9807309202673
2023-08-01 12:00:00,316.02312832043367
2023-08-01 13:00:00,450.2149352602145
2023-08-01 14:00:00,189.2125870244769
2023-08-01 15:00:00,39.43882808264878
2023-08-01 16:00:00,-0.0
2023-08-01 17:00:00,-0.0
2023-08-01 18:00:00,-0.0
2023-08-01 19:00:00,0.0
2023-08-01 20:00:00,0.0
2023-08-01 21:00:00,5.555075684839425e-43
2023-08-01 22:00:00,-0.0
2023-08-01 23:00:00,-0.0
2023-08-02 00:00:00,-0.0
2023-08-02 01:00:00,-0.0
2023-08-02 02:00:00,7.458949543671474e-43
2023-08-02 03:00:00,-0.0
2023-08-02 04:00:00,-0.0
2023-08-02 05:00:00,74.65819704886542
2023-08-02 06:00:00,203.69249958642024
2023-08-02 07:00:00,280.623424090486
2023-08-02 08:00:00,402.9847582789627
2023-08-02 09:00:00,626.5226243589726
2023-08-02 10:00:00,758.2183656768443
2023-08-02 11:00:00,790.5754395089991
2023-08-02 12:00:00,544.9265726627419
2023-08-02 13:00:00,415.8321513182509
2023-08-02 14:00:00,278.78220468093696
2023-08-02 15:00:00,4.160530333761951
2023-08-02 16:00:00,-0.0
2023-08-02 17:00:00,-0.0
2023-08-02 18:00:00,0.0
2023-08-02 19:00:00,0.0
2023-08-02 20:00:00,0.0
2023-08-02 21:00:00,1.1517643159415085e-42
2023-08-02 22:00:00,0.0
2023-08-02 23:00:00,0.0
2023-08-03 00:00:00,-0.0
2023-08-03 01:00:00,0.0
2023-08-03 02:00:00,0.0
2023-08-03 03:00:00,-0.0
2023-08-03 04:00:00,1.068233447492765e-42
2023-08-03 05:00:00,76.23257618879897
2023-08-03 06:00:00,209.61516516085481
2023-08-03 07:00:00,287.14821155016324
2023-08-03 08:00:00,456.64442088545053
2023-08-03 09:00:00,620.338487564141
2023-08-03 10:00:00,561.6036443390262
2023-08-03 11:00:00,369.74724619713714
2023-08-03 12:00:00,340.71331640432095
2023-08-03 13:00:00,281.810551027766
2023-08-03 14:00:00,193.10896114592452
2023-08-03 15:00:00,41.49674594409416
2023-08-03 16:00:00,-0.0
2023-08-03 17:00:00,0.0
2023-08-03 18:00:00,3.710861689227908e-42
2023-08-03 19:00:00,-0.0
2023-08-03 20:00:00,-0.0
2023-08-03 21:00:00,-0.0
2023-08-03 22:00:00,-0.0
2023-08-03 23:00:00,0.0
2023-08-04 00:00:00,-0.0
2023-08-04 01:00:00,5.582958197977452e-43
2023-08-04 02:00:00,0.0
2023-08-04 03:00:00,-0.0
2023-08-04 04:00:00,-0.0
2023-08-04 05:00:00,81.79427965249722
2023-08-04 06:00:00,207.21860791492438
2023-08-04 07:00:00,282.0896142654295
2023-08-04 08:00:00,316.01917286571745
2023-08-04 09:00:00,352.1963090002538
2023-08-04 10:00:00,261.941558719484
2023-08-04 11:00:00,353.44235849436393
2023-08-04 12:00:00,339.8680672690695
2023-08-04 13:00:00,278.98216324888466
2023-08-04 14:00:00,178.69391316506767
2023-08-04 15:00:00,43.530131572123146
2023-08-04 16:00:00,0.0
2023-08-04 17:00:00,0.0
2023-08-04 18:00:00,-0.0
2023-08-04 19:00:00,-0.0
2023-08-04 20:00:00,-0.0
2023-08-04 21:00:00,-0.0
2023-08-04 22:00:00,2.3047219985591434e-42
2023-08-04 23:00:00,-0.0
2023-08-05 00:00:00,0.0
2023-08-05 01:00:00,-0.0
2023-08-05 02:00:00,1.3223773003990304e-42
2023-08-05 03:00:00,0.0
2023-08-05 04:00:00,4.816970519785608e-44
2023-08-05 05:00:00,81.45634672476442
2023-08-05 06:00:00,204.43402129152506
2023-08-05 07:00:00,301.6527139742206
2023-08-05 08:00:00,713.7511364337977
2023-08-05 09:00:00,794.5841279631788
2023-08-05 10:00:00,796.4799453463627
2023-08-05 11:00:00,827.3271108348335
2023-08-05 12:00:00,669.2787514944549
2023-08-05 13:00:00,502.3013949180245
2023-08-05 14:00:00,199.16205598515285
2023-08-05 15:00:00,46.075377538862526
2023-08-05 16:00:00,0.0
2023-08-05 17:00:00,0.0
2023-08-05 18:00:00,-0.0
2023-08-05 19:00:00,3.710861689227908e-42
2023-08-05 20:00:00,2.180632890629036e-42
2023-08-05 21:00:00,-0.0
2023-08-05 22:00:00,0.0
2023-08-05 23:00:00,-0.0
2023-08-06 00:00:00,-0.0
2023-08-06 01:00:00,-0.0
2023-08-06 02:00:00,-0.0
2023-08-06 03:00:00,-0.0
2023-08-06 04:00:00,1.2087864759204824e-42
2023-08-06 05:00:00,81.29003500215671
2023-08-06 06:00:00,206.42933932514725
2023-08-06 07:00:00,283.1734572941647
2023-08-06 08:00:00,378.6875066308204
2023-08-06 09:00:00,409.21383555536306
2023-08-06 10:00:00,373.5439328454052
2023-08-06 11:00:00,257.5651675554672
2023-08-06 12:00:00,341.3978750160336
2023-08-06 13:00:00,280.5560624112575
2023-08-06 14:00:00,193.01478144961993
2023-08-06 15:00:00,48.15441379376262
2023-08-06 16:00:00,2.1309681416818234e-42
2023-08-06 17:00:00,2.2303003869793147e-42
2023-08-06 18:00:00,0.0
2023-08-06 19:00:00,-0.0
2023-08-06 20:00:00,2.2471702648484955e-42
2023-08-06 21:00:00,-0.0
2023-08-06 22:00:00,0.0
2023-08-06 23:00:00,-0.0
2023-08-07 00:00:00,-0.0
2023-08-07 01:00:00,-0.0
2023-08-07 02:00:00,4.303851613472927e-43
2023-08-07 03:00:00,-0.0
2023-08-07 04:00:00,-0.0
2023-08-07 05:00:00,86.88248239092702
2023-08-07 06:00:00,222.84072819848365
2023-08-07 07:00:00,301.0028598987358
2023-08-07 08:00:00,333.4426814371755
2023-08-07 09:00:00,282.87637762522957
2023-08-07 10:00:00,300.087087010178
2023-08-07 11:00:00,268.49272409315034
2023-08-07 12:00:00,339.3942022469684
2023-08-07 13:00:00,277.41347633232397
2023-08-07 14:00:00,198.36744371310508
2023-08-07 15:00:00,50.76520378112643
2023-08-07 16:00:00,-0.0
2023-08-07 17:00:00,-0.0
2023-08-07 18:00:00,-0.0
2023-08-07 19:00:00,0.0
2023-08-07 20:00:00,-0.0
2023-08-07 21:00:00,-0.0
2023-08-07 22:00:00,-0.0
2023-08-07 23:00:00,0.0
2023-08-08 00:00:00,0.0
2023-08-08 01:00:00,-0.0
2023-08-08 02:00:00,-0.0
2023-08-08 03:00:00,4.477294508610448e-43
2023-08-08 04:00:00,1.0163553278395442e-42
2023-08-08 05:00:00,99.26702679720387
2023-08-08 06:00:00,250.28549550314364
2023-08-08 07:00:00,319.2603385003949
2023-08-08 08:00:00,354.97197005850046
2023-08-08 09:00:00,312.18397306485093
2023-08-08 10:00:00,325.520947090316
2023-08-08 11:00:00,276.56510411091637
2023-08-08 12:00:00,328.2785364502221
2023-08-08 13:00:00,278.1580568490619
2023-08-08 14:00:00,199.15983802803336
2023-08-08 15:00:00,50.276053296582965
2023-08-08 16:00:00,-0.0
2023-08-08 17:00:00,0.0
2023-08-08 18:00:00,-0.0
2023-08-08 19:00:00,0.0
2023-08-08 20:00:00,0.0
2023-08-08 21:00:00,-0.0
2023-08-08 22:00:00,0.0
2023-08-08 23:00:00,-0.0
2023-08-09 00:00:00,0.0
2023-08-09 01:00:00,-0.0
2023-08-09 02:00:00,-0.0
2023-08-09 03:00:00,-0.0
2023-08-09 04:00:00,-0.0
2023-08-09 05:00:00,62.47416151961033
2023-08-09 06:00:00,248.85914223616953
2023-08-09 07:00:00,315.09959680942654
2023-08-09 08:00:00,545.7039965875251
2023-08-09 09:00:00,409.26436293555105
2023-08-09 10:00:00,836.8219943067207
2023-08-09 11:00:00,810.0958280113075
2023-08-09 12:00:00,336.3976868406595
2023-08-09 13:00:00,505.7003188235914
2023-08-09 14:00:00,239.03612161433313
2023-08-09 15:00:00,51.146725863749104
2023-08-09 16:00:00,1.7722248391575632e-43
2023-08-09 17:00:00,3.1506756862663935e-42
2023-08-09 18:00:00,-0.0
2023-08-09 19:00:00,-0.0
2023-08-09 20:00:00,0.0
2023-08-09 21:00:00,-0.0
2023-08-09 22:00:00,6.628664201835181e-43
2023-08-09 23:00:00,-0.0
2023-08-10 00:00:00,-0.0
2023-08-10 01:00:00,-0.0
2023-08-10 02:00:00,0.0
2023-08-10 03:00:00,0.0
2023-08-10 04:00:00,0.0
2023-08-10 05:00:00,92.61117133440813
2023-08-10 06:00:00,344.36124944199213
2023-08-10 07:00:00,353.2427878111344
2023-08-10 08:00:00,702.6634802738254
2023-08-10 09:00:00,581.4665472790417
2023-08-10 10:00:00,623.5570357159089
2023-08-10 11:00:00,790.5238301735241
2023-08-10 12:00:00,362.89902609623374
2023-08-10 13:00:00,426.6538501763746
2023-08-10 14:00:00,249.34654093497355
2023-08-10 15:00:00,58.71639401209699
2023-08-10 16:00:00,2.4776967159639805e-42
2023-08-10 17:00:00,-0.0
2023-08-10 18:00:00,-0.0
2023-08-10 19:00:00,2.660805646152208e-42
2023-08-10 20:00:00,-0.0
2023-08-10 21:00:00,-0.0
2023-08-10 22:00:00,0.0
2023-08-10 23:00:00,-0.0
2023-08-11 00:00:00,0.0
2023-08-11 01:00:00,0.0
2023-08-11 02:00:00,3.4582113234573346e-43
2023-08-11 03:00:00,-0.0
2023-08-11 04:00:00,-0.0
2023-08-11 05:00:00,107.93145852200814
2023-08-11 06:00:00,361.5084961779386
2023-08-11 07:00:00,594.3595793828786
2023-08-11 08:00:00,569.4667097963805
2023-08-11 09:00:00,544.7013159677064
2023-08-11 10:00:00,374.18462729939745
2023-08-11 11:00:00,344.2184406311521
2023-08-11 12:00:00,359.63126213308743
2023-08-11 13:00:00,298.6476920152374
2023-08-11 14:00:00,205.39116256418356
2023-08-11 15:00:00,56.03861416025521
2023-08-11 16:00:00,0.0
2023-08-11 17:00:00,-0.0
2023-08-11 18:00:00,-0.0
2023-08-11 19:00:00,1.705766112108438e-43
2023-08-11 20:00:00,-0.0
2023-08-11 21:00:00,-0.0
2023-08-11 22:00:00,-0.0
2023-08-11 23:00:00,2.2021903413253832e-43
2023-08-12 00:00:00,-0.0
2023-08-12 01:00:00,-0.0
2023-08-12 02:00:00,-0.0
2023-08-12 03:00:00,-0.0
2023-08-12 04:00:00,-0.0
2023-08-12 05:00:00,100.04865531286255
2023-08-12 06:00:00,225.38651556253538
2023-08-12 07:00:00,305.23676189026173
2023-08-12 08:00:00,271.22881651495464
2023-08-12 09:00:00,364.91999346514956
2023-08-12 10:00:00,381.7944091996323
2023-08-12 11:00:00,347.1258724313648
2023-08-12 12:00:00,256.0282274409379
2023-08-12 13:00:00,295.7283214979276
2023-08-12 14:00:00,203.1600200125486
2023-08-12 15:00:00,57.80345170144709
2023-08-12 16:00:00,0.0
2023-08-12 17:00:00,-0.0
2023-08-12 18:00:00,0.0
2023-08-12 19:00:00,0.0
2023-08-12 20:00:00,1.7056704010273248e-42
2023-08-12 21:00:00,-0.0
2023-08-12 22:00:00,-0.0
2023-08-12 23:00:00,0.0
2023-08-13 00:00:00,1.3629142461975914e-42
2023-08-13 01:00:00,-0.0
2023-08-13 02:00:00,-0.0
2023-08-13 03:00:00,0.0
2023-08-13 04:00:00,-0.0
2023-08-13 05:00:00,104.69351509481992
2023-08-13 06:00:00,235.06317370884415
2023-08-13 07:00:00,312.85411319064184
2023-08-13 08:00:00,286.0345543063252
2023-08-13 09:00:00,378.8512938992169
2023-08-13 10:00:00,396.5518449148463
2023-08-13 11:00:00,360.9061065483443
2023-08-13 12:00:00,258.9974434662927
2023-08-13 13:00:00,287.9753615297309
2023-08-13 14:00:00,198.7459223570651
2023-08-13 15:00:00,59.63695443210122
2023-08-13 16:00:00,-0.0
2023-08-13 17:00:00,-0.0
2023-08-13 18:00:00,-0.0
2023-08-13 19:00:00,-0.0
2023-08-13 20:00:00,-0.0
2023-08-13 21:00:00,0.0
2023-08-13 22:00:00,-0.0
2023-08-13 23:00:00,0.0
2023-08-14 00:00:00,2.2926701044885593e-42
2023-08-14 01:00:00,5.897102695025027e-43
2023-08-14 02:00:00,0.0
2023-08-14 03:00:00,-0.0
2023-08-14 04:00:00,-0.0
2023-08-14 05:00:00,116.80686450676686
2023-08-14 06:00:00,265.0031534980038
2023-08-14 07:00:00,341.273544671954
2023-08-14 08:00:00,317.78449538146657
2023-08-14 09:00:00,402.8304512827117
2023-08-14 10:00:00,408.98189420459016
2023-08-14 11:00:00,359.0740140567095
2023-08-14 12:00:00,253.2078735945517
2023-08-14 13:00:00,278.41780407872164
2023-08-14 14:00:00,202.7504301278879
2023-08-14 15:00:00,60.971457480653655
2023-08-14 16:00:00,0.0
2023-08-14 17:00:00,2.199378955117099e-42
2023-08-14 18:00:00,-0.0
2023-08-14 19:00:00,-0.0
2023-08-14 20:00:00,0.0
2023-08-14 21:00:00,-0.0
2023-08-14 22:00:00,-0.0
2023-08-14 23:00:00,-0.0
2023-08-15 00:00:00,0.0
2023-08-15 01:00:00,-0.0
2023-08-15 02:00:00,-0.0
2023-08-15 03:00:00,-0.0
2023-08-15 04:00:00,-0.0
2023-08-15 05:00:00,86.65607865219569
2023-08-15 06:00:00,319.8093397934903
2023-08-15 07:00:00,601.1997692936274
2023-08-15 08:00:00,650.5485387863683
2023-08-15 09:00:00,762.0572166036151
2023-08-15 10:00:00,662.4599569635046
2023-08-15 11:00:00,785.9769091077951
2023-08-15 12:00:00,333.5035558951902
2023-08-15 13:00:00,218.68950477440276
2023-08-15 14:00:00,170.3542558710614
2023-08-15 15:00:00,44.520739482058474
2023-08-15 16:00:00,-0.0
2023-08-15 17:00:00,2.3003996369496197e-42
2023-08-15 18:00:00,0.0
2023-08-15 19:00:00,-0.0
2023-08-15 20:00:00,-0.0
2023-08-15 21:00:00,1.0388431318293853e-42
2023-08-15 22:00:00,1.659481237349054e-42
2023-08-15 23:00:00,-0.0
2023-08-16 00:00:00,0.0
2023-08-16 01:00:00,-0.0
2023-08-16 02:00:00,1.1833600556233961e-42
2023-08-16 03:00:00,-0.0
2023-08-16 04:00:00,-0.0
2023-08-16 05:00:00,101.22460790148281
2023-08-16 06:00:00,291.5441775745047
2023-08-16 07:00:00,571.1078803130816
2023-08-16 08:00:00,825.2024313259474
2023-08-16 09:00:00,876.284770891994
2023-08-16 10:00:00,902.2313707212231
2023-08-16 11:00:00,926.5068040411278
2023-08-16 12:00:00,781.7586961034656
2023-08-16 13:00:00,444.55141890430195
2023-08-16 14:00:00,213.8094746950801
2023-08-16 15:00:00,68.35654676909024
2023-08-16 16:00:00,0.0
2023-08-16 17:00:00,-0.0
2023-08-16 18:00:00,-0.0
2023-08-16 19:00:00,0.0
2023-08-16 20:00:00,-0.0
2023-08-16 21:00:00,0.0
2023-08-16 22:00:00,-0.0
2023-08-16 23:00:00,-0.0
2023-08-17 00:00:00,-0.0
2023-08-17 01:00:00,-0.0
2023-08-17 02:00:00,0.0
2023-08-17 03:00:00,-0.0
2023-08-17 04:00:00,-0.0
2023-08-17 05:00:00,121.38581991575273
2023-08-17 06:00:00,294.4982592512493
2023-08-17 07:00:00,412.0422303110084
2023-08-17 08:00:00,426.46993204494163
2023-08-17 09:00:00,574.0916355801749
2023-08-17 10:00:00,785.6348270033313
2023-08-17 11:00:00,644.5133173857141
2023-08-17 12:00:00,364.94771017193614
2023-08-17 13:00:00,533.1335905144176
2023-08-17 14:00:00,309.0909129415092
2023-08-17 15:00:00,47.612874129011956
2023-08-17 16:00:00,-0.0
2023-08-17 17:00:00,-0.0
2023-08-17 18:00:00,-0.0
2023-08-17 19:00:00,0.0
2023-08-17 20:00:00,-0.0
2023-08-17 21:00:00,-0.0
2023-08-17 22:00:00,-0.0
2023-08-17 23:00:00,6.529157535774251e-42
2023-08-18 00:00:00,-0.0
2023-08-18 01:00:00,2.1280795906721608e-42
2023-08-18 02:00:00,-0.0
2023-08-18 03:00:00,0.0
2023-08-18 04:00:00,0.0
2023-08-18 05:00:00,131.60682359611204
2023-08-18 06:00:00,288.64415723891926
2023-08-18 07:00:00,447.85920274471187
2023-08-18 08:00:00,405.37696597965737
2023-08-18 09:00:00,530.0433237813453
2023-08-18 10:00:00,486.8779032868909
2023-08-18 11:00:00,508.7394942286038
2023-08-18 12:00:00,719.7543993487997
2023-08-18 13:00:00,513.9870151829784
2023-08-18 14:00:00,279.2102579988286
2023-08-18 15:00:00,73.25305603901462
2023-08-18 16:00:00,4.74661762115306e-42
2023-08-18 17:00:00,0.0
2023-08-18 18:00:00,-0.0
2023-08-18 19:00:00,-0.0
2023-08-18 20:00:00,-0.0
2023-08-18 21:00:00,-0.0
2023-08-18 22:00:00,-0.0
2023-08-18 23:00:00,-0.0
2023-08-19 00:00:00,7.551946638916193e-44
2023-08-19 01:00:00,1.4009225226352415e-42
2023-08-19 02:00:00,-0.0
2023-08-19 03:00:00,0.0
2023-08-19 04:00:00,-0.0
2023-08-19 05:00:00,100.40115069128277
2023-08-19 06:00:00,299.15173843042936
2023-08-19 07:00:00,613.5542387355002
2023-08-19 08:00:00,778.4103259613674
2023-08-19 09:00:00,900.5337161345683
2023-08-19 10:00:00,914.2871677583386
2023-08-19 11:00:00,869.1350876177953
2023-08-19 12:00:00,711.4614974082374
2023-08-19 13:00:00,561.2432231791104
2023-08-19 14:00:00,280.73151324497235
2023-08-19 15:00:00,12.999605487901528
2023-08-19 16:00:00,0.0
2023-08-19 17:00:00,-0.0
2023-08-19 18:00:00,4.201083450610907e-43
2023-08-19 19:00:00,6.7625277093540974e-43
2023-08-19 20:00:00,0.0
2023-08-19 21:00:00,-0.0
2023-08-19 22:00:00,2.6945378267391768e-42
2023-08-19 23:00:00,2.0912457246326642e-44
2023-08-20 00:00:00,0.0
2023-08-20 01:00:00,-0.0
2023-08-20 02:00:00,0.0
2023-08-20 03:00:00,2.0912457246326642e-44
2023-08-20 04:00:00,0.0
2023-08-20 05:00:00,135.49948474848267
2023-08-20 06:00:00,247.36212186039387
2023-08-20 07:00:00,260.0859447501616
2023-08-20 08:00:00,394.5290645778601
2023-08-20 09:00:00,488.4110346750121
2023-08-20 10:00:00,537.9718929231354
2023-08-20 11:00:00,600.5082754819181
2023-08-20 12:00:00,761.3907925889553
2023-08-20 13:00:00,374.1531623376884
2023-08-20 14:00:00,292.2108290250532
2023-08-20 15:00:00,72.68787381843441
2023-08-20 16:00:00,-0.0
2023-08-20 17:00:00,0.0
2023-08-20 18:00:00,-0.0
2023-08-20 19:00:00,-0.0
2023-08-20 20:00:00,0.0
2023-08-20 21:00:00,0.0
2023-08-20 22:00:00,-0.0
2023-08-20 23:00:00,-0.0
2023-08-21 00:00:00,0.0
2023-08-21 01:00:00,-0.0
2023-08-21 02:00:00,-0.0
2023-08-21 03:00:00,-0.0
2023-08-21 04:00:00,4.0584157051698766e-42
2023-08-21 05:00:00,132.5098186336455
2023-08-21 06:00:00,301.39080396849454
2023-08-21 07:00:00,312.4643149317454
2023-08-21 08:00:00,421.37757363439596
2023-08-21 09:00:00,504.61989097298425
2023-08-21 10:00:00,525.1819962301008
2023-08-21 11:00:00,470.92408126856066
2023-08-21 12:00:00,362.05770169653783
2023-08-21 13:00:00,274.84022460806574
2023-08-21 14:00:00,216.28676188512713
2023-08-21 15:00:00,72.19222479305044
2023-08-21 16:00:00,0.0
2023-08-21 17:00:00,-0.0
2023-08-21 18:00:00,-0.0
2023-08-21 19:00:00,-0.0
2023-08-21 20:00:00,9.44999326086756e-43
2023-08-21 21:00:00,-0.0
2023-08-21 22:00:00,-0.0
2023-08-21 23:00:00,5.1661325457444885e-42
2023-08-22 00:00:00,0.0
2023-08-22 01:00:00,-0.0
2023-08-22 02:00:00,-0.0
2023-08-22 03:00:00,-0.0
2023-08-22 04:00:00,-0.0
2023-08-22 05:00:00,125.52674978454009
2023-08-22 06:00:00,275.6293595902973
2023-08-22 07:00:00,308.8672366323016
2023-08-22 08:00:00,432.044050817191
2023-08-22 09:00:00,525.6618602714999
2023-08-22 10:00:00,547.8113676219508
2023-08-22 11:00:00,495.1297220376533
2023-08-22 12:00:00,386.594010635273
2023-08-22 13:00:00,225.79482363213035
2023-08-22 14:00:00,216.04517189747443
2023-08-22 15:00:00,76.62254307609277
2023-08-22 16:00:00,-0.0
2023-08-22 17:00:00,-0.0
2023-08-22 18:00:00,-0.0
2023-08-22 19:00:00,9.689565063632108e-43
2023-08-22 20:00:00,-0.0
2023-08-22 21:00:00,0.0
2023-08-22 22:00:00,0.0
2023-08-22 23:00:00,-0.0
2023-08-23 00:00:00,-0.0
2023-08-23 01:00:00,-0.0
2023-08-23 02:00:00,1.7056704010273248e-42
2023-08-23 03:00:00,2.180632890629036e-42
2023-08-23 04:00:00,-0.0
2023-08-23 05:00:00,156.60573267903953
2023-08-23 06:00:00,407.0057117277459
2023-08-23 07:00:00,590.5016782506924
2023-08-23 08:00:00,673.1781965943235
2023-08-23 09:00:00,542.0842085062287
2023-08-23 10:00:00,546.9183119709211
2023-08-23 11:00:00,487.38415764405704
2023-08-23 12:00:00,385.28612834084623
2023-08-23 13:00:00,224.98851585714326
2023-08-23 14:00:00,212.33128108591956
2023-08-23 15:00:00,77.12972269634513
2023-08-23 16:00:00,-0.0
2023-08-23 17:00:00,0.0
2023-08-23 18:00:00,0.0
2023-08-23 19:00:00,0.0
2023-08-23 20:00:00,-0.0
2023-08-23 21:00:00,1.6690742061889378e-42
2023-08-23 22:00:00,0.0
2023-08-23 23:00:00,0.0
2023-08-24 00:00:00,-0.0
2023-08-24 01:00:00,0.0
2023-08-24 02:00:00,-0.0
2023-08-24 03:00:00,-0.0
2023-08-24 04:00:00,-0.0
2023-08-24 05:00:00,155.48906055714403
2023-08-24 06:00:00,340.6629798967896
2023-08-24 07:00:00,472.0447305359999
2023-08-24 08:00:00,891.9316233845373
2023-08-24 09:00:00,631.4445423402377
2023-08-24 10:00:00,998.5827659549146
2023-08-24 11:00:00,863.8667269167973
2023-08-24 12:00:00,611.0076696799081
2023-08-24 13:00:00,437.37323584977554
2023-08-24 14:00:00,275.341608684952
2023-08-24 15:00:00,85.75610515777555
2023-08-24 16:00:00,0.0
2023-08-24 17:00:00,-0.0
2023-08-24 18:00:00,1.6690742061889378e-42
2023-08-24 19:00:00,-0.0
2023-08-24 20:00:00,-0.0
2023-08-24 21:00:00,-0.0
2023-08-24 22:00:00,0.0
2023-08-24 23:00:00,0.0
2023-08-25 00:00:00,0.0
2023-08-25 01:00:00,-0.0
2023-08-25 02:00:00,0.0
2023-08-25 03:00:00,-0.0
2023-08-25 04:00:00,-0.0
2023-08-25 05:00:00,135.21968797637413
2023-08-25 06:00:00,421.956450830059
2023-08-25 07:00:00,468.1263903438143
2023-08-25 08:00:00,687.861255897097
2023-08-25 09:00:00,911.6553847710773
2023-08-25 10:00:00,987.2377086229466
2023-08-25 11:00:00,964.8690002242898
2023-08-25 12:00:00,502.8862104034429
2023-08-25 13:00:00,241.2106066818334
2023-08-25 14:00:00,326.0385393504818
2023-08-25 15:00:00,67.6956659189314
2023-08-25 16:00:00,-0.0
2023-08-25 17:00:00,-0.0
2023-08-25 18:00:00,-0.0
2023-08-25 19:00:00,7.244625740672471e-42
2023-08-25 20:00:00,-0.0
2023-08-25 21:00:00,-0.0
2023-08-25 22:00:00,-0.0
2023-08-25 23:00:00,-0.0
2023-08-26 00:00:00,0.0
2023-08-26 01:00:00,1.0123575895482921e-41
2023-08-26 02:00:00,-0.0
2023-08-26 03:00:00,-0.0
2023-08-26 04:00:00,-0.0
2023-08-26 05:00:00,139.86431904232398
2023-08-26 06:00:00,290.6130777745047
2023-08-26 07:00:00,368.6876742602704
2023-08-26 08:00:00,548.3597057389563
2023-08-26 09:00:00,623.3710442606358
2023-08-26 10:00:00,789.3714606457879
2023-08-26 11:00:00,607.2353562994424
2023-08-26 12:00:00,838.3997658301703
2023-08-26 13:00:00,618.5266108400715
2023-08-26 14:00:00,135.8814196622347
2023-08-26 15:00:00,32.072174965405615
2023-08-26 16:00:00,-0.0
2023-08-26 17:00:00,-0.0
2023-08-26 18:00:00,-0.0
2023-08-26 19:00:00,-0.0
2023-08-26 20:00:00,-0.0
2023-08-26 21:00:00,-0.0
2023-08-26 22:00:00,0.0
2023-08-26 23:00:00,2.6250818183967135e-42
2023-08-27 00:00:00,3.710861689227908e-42
2023-08-27 01:00:00,0.0
2023-08-27 02:00:00,0.0
2023-08-27 03:00:00,-0.0
2023-08-27 04:00:00,2.8602160974902315e-42
2023-08-27 05:00:00,134.10479067116674
2023-08-27 06:00:00,234.39004584081295
2023-08-27 07:00:00,360.8184992708401
2023-08-27 08:00:00,522.725811968703
2023-08-27 09:00:00,623.619266664941
2023-08-27 10:00:00,647.8552890375425
2023-08-27 11:00:00,606.0192420515314
2023-08-27 12:00:00,531.534787797519
2023-08-27 13:00:00,320.84350011224
2023-08-27 14:00:00,247.21388355609855
2023-08-27 15:00:00,83.59043127651356
2023-08-27 16:00:00,0.0
2023-08-27 17:00:00,0.0
2023-08-27 18:00:00,0.0
2023-08-27 19:00:00,0.0
2023-08-27 20:00:00,-0.0
2023-08-27 21:00:00,0.0
2023-08-27 22:00:00,-0.0
2023-08-27 23:00:00,-0.0
2023-08-28 00:00:00,-0.0
2023-08-28 01:00:00,-0.0
2023-08-28 02:00:00,0.0
2023-08-28 03:00:00,0.0
2023-08-28 04:00:00,7.979588209157398e-43
2023-08-28 05:00:00,148.75404139172045
2023-08-28 06:00:00,236.58255598752405
2023-08-28 07:00:00,383.14974144460723
2023-08-28 08:00:00,533.9750960758397
2023-08-28 09:00:00,696.9396906455456
2023-08-28 10:00:00,1055.5805440540025
2023-08-28 11:00:00,1003.274994752965
2023-08-28 12:00:00,700.911762097758
2023-08-28 13:00:00,621.6368274383918
2023-08-28 14:00:00,331.0417408013496
2023-08-28 15:00:00,85.77455744186584
2023-08-28 16:00:00,0.0
2023-08-28 17:00:00,-0.0
2023-08-28 18:00:00,-0.0
2023-08-28 19:00:00,1.659481237349054e-42
2023-08-28 20:00:00,-0.0
2023-08-28 21:00:00,3.4582113234573346e-43
2023-08-28 22:00:00,1.705766112108438e-43
2023-08-28 23:00:00,-0.0
2023-08-29 00:00:00,0.0
2023-08-29 01:00:00,-0.0
2023-08-29 02:00:00,-0.0
2023-08-29 03:00:00,0.0
2023-08-29 04:00:00,-0.0
2023-08-29 05:00:00,174.0494146166404
2023-08-29 06:00:00,211.92040978533882
2023-08-29 07:00:00,447.31868223385146
2023-08-29 08:00:00,616.1720811136521
2023-08-29 09:00:00,651.2530294962608
2023-08-29 10:00:00,679.3744429914333
2023-08-29 11:00:00,633.93011053007
2023-08-29 12:00:00,551.2334515183264
2023-08-29 13:00:00,340.40259203135093
2023-08-29 14:00:00,219.88771191590433
2023-08-29 15:00:00,87.78632772574288
2023-08-29 16:00:00,0.0
2023-08-29 17:00:00,-0.0
2023-08-29 18:00:00,-0.0
2023-08-29 19:00:00,-0.0
2023-08-29 20:00:00,-0.0
2023-08-29 21:00:00,1.5996319044148395e-42
2023-08-29 22:00:00,0.0
2023-08-29 23:00:00,0.0
2023-08-30 00:00:00,-0.0
2023-08-30 01:00:00,0.0
2023-08-30 02:00:00,-0.0
2023-08-30 03:00:00,-0.0
2023-08-30 04:00:00,0.0
2023-08-30 05:00:00,155.85355586669195
2023-08-30 06:00:00,223.20480316726278
2023-08-30 07:00:00,411.3215712589906
2023-08-30 08:00:00,571.2601347806639
2023-08-30 09:00:00,676.1408463178408
2023-08-30 10:00:00,702.9719716059753
2023-08-30 11:00:00,699.3810512577941
2023-08-30 12:00:00,640.350797708296
2023-08-30 13:00:00,356.80497240118075
2023-08-30 14:00:00,217.19218232771297
2023-08-30 15:00:00,88.91793220734426
2023-08-30 16:00:00,0.0
2023-08-30 17:00:00,-0.0
2023-08-30 18:00:00,0.0
2023-08-30 19:00:00,-0.0
2023-08-30 20:00:00,0.0
2023-08-30 21:00:00,0.0
2023-08-30 22:00:00,0.0
2023-08-30 23:00:00,-0.0
2023-08-31 00:00:00,-0.0
2023-08-31 01:00:00,2.6530077678945837e-42
2023-08-31 02:00:00,0.0
2023-08-31 03:00:00,0.0
2023-08-31 04:00:00,1.5996319044148395e-42
2023-08-31 05:00:00,182.769712209963
2023-08-31 06:00:00,272.415920368792
2023-08-31 07:00:00,448.4425530604311
2023-08-31 08:00:00,599.270228494485
2023-08-31 09:00:00,697.038943990783
2023-08-31 10:00:00,720.2350094655461
2023-08-31 11:00:00,665.013010996867
2023-08-31 12:00:00,565.8892454397185
2023-08-31 13:00:00,371.9894732637655
2023-08-31 14:00:00,229.23721586770418
2023-08-31 15:00:00,92.65687589571091
2023-08-31 16:00:00,-0.0
2023-08-31 17:00:00,9.705274788237706e-42
2023-08-31 18:00:00,-0.0
2023-08-31 19:00:00,-0.0
2023-08-31 20:00:00,-0.0
2023-08-31 21:00:00,-0.0
2023-08-31 22:00:00,0.0
2023-08-31 23:00:00,-0.0
2023-09-01 00:00:00,-0.0
2023-09-01 01:00:00,-0.0
2023-09-01 02:00:00,3.4582113234573346e-43
2023-09-01 03:00:00,-0.0
2023-09-01 04:00:00,-0.0
2023-09-01 05:00:00,173.05479156828622
2023-09-01 06:00:00,402.4885418699289
2023-09-01 07:00:00,479.50010437508337
2023-09-01 08:00:00,624.1689510324143
2023-09-01 09:00:00,723.3699163764755
2023-09-01 10:00:00,757.5652216004157
2023-09-01 11:00:00,699.0719104730132
2023-09-01 12:00:00,576.677507345317
2023-09-01 13:00:00,394.64730991805834
2023-09-01 14:00:00,241.56913697315656
2023-09-01 15:00:00,94.89391224680617
2023-09-01 16:00:00,4.2347479109218007e-42
2023-09-01 17:00:00,4.721917223839846e-42
2023-09-01 18:00:00,-0.0
2023-09-01 19:00:00,3.571639791204094e-43
2023-09-01 20:00:00,-0.0
2023-09-01 21:00:00,-0.0
2023-09-01 22:00:00,-0.0
2023-09-01 23:00:00,-0.0
2023-09-02 00:00:00,0.0
2023-09-02 01:00:00,0.0
2023-09-02 02:00:00,-0.0
2023-09-02 03:00:00,-0.0
2023-09-02 04:00:00,-0.0
2023-09-02 05:00:00,201.569558287336
2023-09-02 06:00:00,331.7859025849363
2023-09-02 07:00:00,504.5451240282044
2023-09-02 08:00:00,651.211793758674
2023-09-02 09:00:00,743.6628304863588
2023-09-02 10:00:00,757.4038772261696
2023-09-02 11:00:00,696.338668042741
2023-09-02 12:00:00,571.3052274669175
2023-09-02 13:00:00,389.18647558681585
2023-09-02 14:00:00,193.7846107149742
2023-09-02 15:00:00,96.59050994987626
2023-09-02 16:00:00,0.0
2023-09-02 17:00:00,-0.0
2023-09-02 18:00:00,1.0123575895482921e-41
2023-09-02 19:00:00,5.0895428120982614e-42
2023-09-02 20:00:00,0.0
2023-09-02 21:00:00,0.0
2023-09-02 22:00:00,1.965238713372237e-42
2023-09-02 23:00:00,9.689565063632108e-43
2023-09-03 00:00:00,9.689565063632108e-43
2023-09-03 01:00:00,-0.0
2023-09-03 02:00:00,0.0
2023-09-03 03:00:00,-0.0
2023-09-03 04:00:00,0.0
2023-09-03 05:00:00,166.71783484351968
2023-09-03 06:00:00,476.8219466049091
2023-09-03 07:00:00,604.7740458658257
2023-09-03 08:00:00,823.7014456649983
2023-09-03 09:00:00,793.2327784310453
2023-09-03 10:00:00,771.8462437504866
2023-09-03 11:00:00,712.3307674776727
2023-09-03 12:00:00,577.0970090647197
2023-09-03 13:00:00,403.61556469406696
2023-09-03 14:00:00,204.02496299110092
2023-09-03 15:00:00,98.9285099928064
2023-09-03 16:00:00,-0.0
2023-09-03 17:00:00,0.0
2023-09-03 18:00:00,0.0
2023-09-03 19:00:00,-0.0
2023-09-03 20:00:00,0.0
2023-09-03 21:00:00,-0.0
2023-09-03 22:00:00,0.0
2023-09-03 23:00:00,9.689565063632108e-43
2023-09-04 00:00:00,0.0
2023-09-04 01:00:00,-0.0
2023-09-04 02:00:00,0.0
2023-09-04 03:00:00,-0.0
2023-09-04 04:00:00,-0.0
2023-09-04 05:00:00,211.60091352177838
2023-09-04 06:00:00,397.7114404421699
2023-09-04 07:00:00,576.3499052830003
2023-09-04 08:00:00,704.6749881568115
2023-09-04 09:00:00,773.683163169632
2023-09-04 10:00:00,777.8147026560025
2023-09-04 11:00:00,720.8239597800144
2023-09-04 12:00:00,601.2291803390243
2023-09-04 13:00:00,432.1271614487853
2023-09-04 14:00:00,229.50127791762577
2023-09-04 15:00:00,101.67786538613649
2023-09-04 16:00:00,-0.0
2023-09-04 17:00:00,0.0
2023-09-04 18:00:00,-0.0
2023-09-04 19:00:00,-0.0
2023-09-04 20:00:00,-0.0
2023-09-04 21:00:00,0.0
2023-09-04 22:00:00,-0.0
2023-09-04 23:00:00,8.289177675704103e-42
2023-09-05 00:00:00,0.0
2023-09-05 01:00:00,7.25834776533796e-43
2023-09-05 02:00:00,-0.0
2023-09-05 03:00:00,-0.0
2023-09-05 04:00:00,0.0
2023-09-05 05:00:00,194.86806345356644
2023-09-05 06:00:00,477.2077799097241
2023-09-05 07:00:00,603.9606902748437
2023-09-05 08:00:00,731.8575257655957
2023-09-05 09:00:00,805.2458176560325
2023-09-05 10:00:00,810.0111229188058
2023-09-05 11:00:00,740.6949862288858
2023-09-05 12:00:00,611.5231820996266
2023-09-05 13:00:00,427.73917815098747
2023-09-05 14:00:00,219.17832330384937
2023-09-05 15:00:00,97.59877346274021
2023-09-05 16:00:00,2.4532239946722844e-41
2023-09-05 17:00:00,3.414675541021465e-42
2023-09-05 18:00:00,-0.0
2023-09-05 19:00:00,-0.0
2023-09-05 20:00:00,-0.0
2023-09-05 21:00:00,-0.0
2023-09-05 22:00:00,1.611402041829809e-42
2023-09-05 23:00:00,-0.0
2023-09-06 00:00:00,0.0
2023-09-06 01:00:00,0.0
2023-09-06 02:00:00,-0.0
2023-09-06 03:00:00,0.0
2023-09-06 04:00:00,-0.0
2023-09-06 05:00:00,117.62809227129611
2023-09-06 06:00:00,373.11421349833824
2023-09-06 07:00:00,772.0560293153043
2023-09-06 08:00:00,1045.6844893164898
2023-09-06 09:00:00,938.3649330932927
2023-09-06 10:00:00,860.8883695075332
2023-09-06 11:00:00,1074.0320485770399
2023-09-06 12:00:00,504.14584251265256
2023-09-06 13:00:00,568.0250411299854
2023-09-06 14:00:00,286.1066840011648
2023-09-06 15:00:00,73.02437050646992
2023-09-06 16:00:00,-0.0
2023-09-06 17:00:00,0.0
2023-09-06 18:00:00,-0.0
2023-09-06 19:00:00,-0.0
2023-09-06 20:00:00,-0.0
2023-09-06 21:00:00,2.5536125845018988e-42
2023-09-06 22:00:00,0.0
2023-09-06 23:00:00,-0.0
2023-09-07 00:00:00,-0.0
2023-09-07 01:00:00,-0.0
2023-09-07 02:00:00,-0.0
2023-09-07 03:00:00,-0.0
2023-09-07 04:00:00,-0.0
2023-09-07 05:00:00,235.16809542346326
2023-09-07 06:00:00,454.84991869255447
2023-09-07 07:00:00,841.1594574641842
2023-09-07 08:00:00,940.9508320046426
2023-09-07 09:00:00,858.5805849200937
2023-09-07 10:00:00,874.6808270910363
2023-09-07 11:00:00,813.4954532896979
2023-09-07 12:00:00,709.7926230201349
2023-09-07 13:00:00,494.9121371902456
2023-09-07 14:00:00,262.69767075889877
2023-09-07 15:00:00,102.48384863160183
2023-09-07 16:00:00,-0.0
2023-09-07 17:00:00,-0.0
2023-09-07 18:00:00,-0.0
2023-09-07 19:00:00,-0.0
2023-09-07 20:00:00,-0.0
2023-09-07 21:00:00,-0.0
2023-09-07 22:00:00,-0.0
2023-09-07 23:00:00,3.349247789106249e-42
2023-09-08 00:00:00,0.0
2023-09-08 01:00:00,2.180632890629036e-42
2023-09-08 02:00:00,2.2926701044885593e-42
2023-09-08 03:00:00,-0.0
2023-09-08 04:00:00,0.0
2023-09-08 05:00:00,242.39578682395137
2023-09-08 06:00:00,503.80968618629794
2023-09-08 07:00:00,649.8524574341408
2023-09-08 08:00:00,766.0291520307256
2023-09-08 09:00:00,1066.642118203121
2023-09-08 10:00:00,867.5609855370274
2023-09-08 11:00:00,893.5613579283536
2023-09-08 12:00:00,904.6549001950624
2023-09-08 13:00:00,647.9345465473402
2023-09-08 14:00:00,270.25437349365166
2023-09-08 15:00:00,101.99807006268745
2023-09-08 16:00:00,-0.0
2023-09-08 17:00:00,-0.0
2023-09-08 18:00:00,-0.0
2023-09-08 19:00:00,-0.0
2023-09-08 20:00:00,8.289177675704103e-42
2023-09-08 21:00:00,4.8271924871905874e-42
2023-09-08 22:00:00,-0.0
2023-09-08 23:00:00,-0.0
2023-09-09 00:00:00,-0.0
2023-09-09 01:00:00,0.0
2023-09-09 02:00:00,-0.0
2023-09-09 03:00:00,-0.0
2023-09-09 04:00:00,-0.0
2023-09-09 05:00:00,248.09956601834108
2023-09-09 06:00:00,568.6323308059444
2023-09-09 07:00:00,704.2712339912281
2023-09-09 08:00:00,842.1814128744031
2023-09-09 09:00:00,882.8574337410782
2023-09-09 10:00:00,896.2437014631244
2023-09-09 11:00:00,829.6466225364029
2023-09-09 12:00:00,696.3431432270328
2023-09-09 13:00:00,502.0293413534379
2023-09-09 14:00:00,275.81982592414573
2023-09-09 15:00:00,103.71597236434388
2023-09-09 16:00:00,-0.0
2023-09-09 17:00:00,0.0
2023-09-09 18:00:00,-0.0
2023-09-09 19:00:00,-0.0
2023-09-09 20:00:00,-0.0
2023-09-09 21:00:00,0.0
2023-09-09 22:00:00,0.0
2023-09-09 23:00:00,-0.0
2023-09-10 00:00:00,-0.0
2023-09-10 01:00:00,-0.0
2023-09-10 02:00:00,-0.0
2023-09-10 03:00:00,0.0
2023-09-10 04:00:00,-0.0
2023-09-10 05:00:00,262.2478596470348
2023-09-10 06:00:00,507.0887924719907
2023-09-10 07:00:00,647.9058496826116
2023-09-10 08:00:00,800.8881580513529
2023-09-10 09:00:00,888.2102279270727
2023-09-10 10:00:00,900.9594434418962
2023-09-10 11:00:00,834.9249328350586
2023-09-10 12:00:00,700.5617035824604
2023-09-10 13:00:00,508.09523027528246
2023-09-10 14:00:00,283.25049341050914
2023-09-10 15:00:00,101.68760963528605
2023-09-10 16:00:00,-0.0
2023-09-10 17:00:00,3.5974219780365827e-41
2023-09-10 18:00:00,-0.0
2023-09-10 19:00:00,-0.0
2023-09-10 20:00:00,-0.0
2023-09-10 21:00:00,0.0
2023-09-10 22:00:00,1.0888330117175561e-41
2023-09-10 23:00:00,-0.0
2023-09-11 00:00:00,0.0
2023-09-11 01:00:00,0.0
2023-09-11 02:00:00,-0.0
2023-09-11 03:00:00,-0.0
2023-09-11 04:00:00,-0.0
2023-09-11 05:00:00,269.6730545818255
2023-09-11 06:00:00,506.4869668715607
2023-09-11 07:00:00,697.6704395088526
2023-09-11 08:00:00,854.6240230861333
2023-09-11 09:00:00,949.9919955054007
2023-09-11 10:00:00,940.9899173464142
2023-09-11 11:00:00,878.0589293030198
2023-09-11 12:00:00,739.8224563352442
2023-09-11 13:00:00,563.6315653392669
2023-09-11 14:00:00,419.10610552819645
2023-09-11 15:00:00,123.13842610611775
2023-09-11 16:00:00,0.0
2023-09-11 17:00:00,-0.0
2023-09-11 18:00:00,0.0
2023-09-11 19:00:00,0.0
2023-09-11 20:00:00,-0.0
2023-09-11 21:00:00,-0.0
2023-09-11 22:00:00,-0.0
2023-09-11 23:00:00,-0.0
2023-09-12 00:00:00,0.0
2023-09-12 01:00:00,0.0
2023-09-12 02:00:00,0.0
2023-09-12 03:00:00,-0.0
2023-09-12 04:00:00,-0.0
2023-09-12 05:00:00,69.51128239829622
2023-09-12 06:00:00,223.04821741422256
2023-09-12 07:00:00,369.7584386608318
2023-09-12 08:00:00,585.6419665382458
2023-09-12 09:00:00,441.9026684174545
2023-09-12 10:00:00,467.5511842339742
2023-09-12 11:00:00,699.5953369943572
2023-09-12 12:00:00,892.3453178385203
2023-09-12 13:00:00,617.4672841204789
2023-09-12 14:00:00,452.24837727516376
2023-09-12 15:00:00,82.3502194139742
2023-09-12 16:00:00,-0.0
2023-09-12 17:00:00,-0.0
2023-09-12 18:00:00,2.8567728940448114e-42
2023-09-12 19:00:00,3.3126692825810774e-42
2023-09-12 20:00:00,-0.0
2023-09-12 21:00:00,-0.0
2023-09-12 22:00:00,-0.0
2023-09-12 23:00:00,0.0
2023-09-13 00:00:00,-0.0
2023-09-13 01:00:00,4.446169725383971e-43
2023-09-13 02:00:00,-0.0
2023-09-13 03:00:00,-0.0
2023-09-13 04:00:00,2.0868143751844035
2023-09-13 05:00:00,250.63741375436237
2023-09-13 06:00:00,548.538824602798
2023-09-13 07:00:00,910.0652053180778
2023-09-13 08:00:00,1097.0241192636618
2023-09-13 09:00:00,1131.3794002108918
2023-09-13 10:00:00,1168.3724783890068
2023-09-13 11:00:00,915.9545879322321
2023-09-13 12:00:00,404.9103880514677
2023-09-13 13:00:00,749.1519275949628
2023-09-13 14:00:00,451.68785585687243
2023-09-13 15:00:00,121.15411486534771
2023-09-13 16:00:00,-0.0
2023-09-13 17:00:00,-0.0
2023-09-13 18:00:00,-0.0
2023-09-13 19:00:00,-0.0
2023-09-13 20:00:00,4.4765907169870935e-43
2023-09-13 21:00:00,0.0
2023-09-13 22:00:00,0.0
2023-09-13 23:00:00,-0.0
2023-09-14 00:00:00,0.0
2023-09-14 01:00:00,-0.0
2023-09-14 02:00:00,1.1833600556233961e-42
2023-09-14 03:00:00,5.897102695025027e-43
2023-09-14 04:00:00,2.072634446636555
2023-09-14 05:00:00,252.0683385749098
2023-09-14 06:00:00,508.84687289796335
2023-09-14 07:00:00,725.9303900016477
2023-09-14 08:00:00,895.2484108114822
2023-09-14 09:00:00,990.0561225187435
2023-09-14 10:00:00,1006.4734914894988
2023-09-14 11:00:00,939.8856702221186
2023-09-14 12:00:00,801.8478637069743
2023-09-14 13:00:00,595.1745462509627
2023-09-14 14:00:00,350.35299717055307
2023-09-14 15:00:00,111.86193505790908
2023-09-14 16:00:00,-0.0
2023-09-14 17:00:00,-0.0
2023-09-14 18:00:00,0.0
2023-09-14 19:00:00,-0.0
2023-09-14 20:00:00,-0.0
2023-09-14 21:00:00,-0.0
2023-09-14 22:00:00,-0.0
2023-09-14 23:00:00,-0.0
2023-09-15 00:00:00,-0.0
2023-09-15 01:00:00,-0.0
2023-09-15 02:00:00,-0.0
2023-09-15 03:00:00,0.0
2023-09-15 04:00:00,4.238549863182138
2023-09-15 05:00:00,314.4998033341307
2023-09-15 06:00:00,572.9920625613064
2023-09-15 07:00:00,733.0515981272587
2023-09-15 08:00:00,895.7646955662401
2023-09-15 09:00:00,985.659316638197
2023-09-15 10:00:00,1001.8937300149203
2023-09-15 11:00:00,935.219030502951
2023-09-15 12:00:00,797.004010187555
2023-09-15 13:00:00,604.9422690069741
2023-09-15 14:00:00,365.0773735243958
2023-09-15 15:00:00,105.39207311748935
2023-09-15 16:00:00,-0.0
2023-09-15 17:00:00,-0.0
2023-09-15 18:00:00,2.0378197087924208e-41
2023-09-15 19:00:00,1.7653294140161126e-41
2023-09-15 20:00:00,3.042094927746246e-42
2023-09-15 21:00:00,-0.0
2023-09-15 22:00:00,-0.0
2023-09-15 23:00:00,-0.0
2023-09-16 00:00:00,0.0
2023-09-16 01:00:00,-0.0
2023-09-16 02:00:00,-0.0
2023-09-16 03:00:00,2.1714742039310084e-42
2023-09-16 04:00:00,4.2196104033001705
2023-09-16 05:00:00,283.33183278597096
2023-09-16 06:00:00,545.8033384514098
2023-09-16 07:00:00,771.4332234348085
2023-09-16 08:00:00,937.8678208507126
2023-09-16 09:00:00,1034.0617834366844
2023-09-16 10:00:00,1054.0620579397028
2023-09-16 11:00:00,992.9594371081911
2023-09-16 12:00:00,870.4508049342923
2023-09-16 13:00:00,746.1165776945146
2023-09-16 14:00:00,449.51193249565443
2023-09-16 15:00:00,86.07707457751015
2023-09-16 16:00:00,-0.0
2023-09-16 17:00:00,-0.0
2023-09-16 18:00:00,5.493551139641263e-42
2023-09-16 19:00:00,-0.0
2023-09-16 20:00:00,-0.0
2023-09-16 21:00:00,3.571639791204094e-43
2023-09-16 22:00:00,5.192180774626863e-42
2023-09-16 23:00:00,-0.0
2023-09-17 00:00:00,0.0
2023-09-17 01:00:00,-0.0
2023-09-17 02:00:00,-0.0
2023-09-17 03:00:00,0.0
2023-09-17 04:00:00,2.0396584640325646
2023-09-17 05:00:00,117.9684071668622
2023-09-17 06:00:00,372.6257709383748
2023-09-17 07:00:00,606.6749980980759
2023-09-17 08:00:00,1061.1504236025937
2023-09-17 09:00:00,1228.6547838906013
2023-09-17 10:00:00,431.97787748761505
2023-09-17 11:00:00,978.0485855105817
2023-09-17 12:00:00,885.7112833388989
2023-09-17 13:00:00,274.394360181439
2023-09-17 14:00:00,468.8791822246253
2023-09-17 15:00:00,84.43746803488065
2023-09-17 16:00:00,-0.0
2023-09-17 17:00:00,6.7625277093540974e-43
2023-09-17 18:00:00,-0.0
2023-09-17 19:00:00,-0.0
2023-09-17 20:00:00,-0.0
2023-09-17 21:00:00,-0.0
2023-09-17 22:00:00,-0.0
2023-09-17 23:00:00,-0.0
2023-09-18 00:00:00,2.6250818183967135e-42
2023-09-18 01:00:00,-0.0
2023-09-18 02:00:00,-0.0
2023-09-18 03:00:00,-0.0
2023-09-18 04:00:00,4.222308437234482
2023-09-18 05:00:00,118.10107547839178
2023-09-18 06:00:00,541.6696223869485
2023-09-18 07:00:00,855.6381392312612
2023-09-18 08:00:00,1095.3739125330465
2023-09-18 09:00:00,1178.6304413045377
2023-09-18 10:00:00,1322.1996137040085
2023-09-18 11:00:00,733.0091906157238
2023-09-18 12:00:00,999.5099091300756
2023-09-18 13:00:00,708.6881152300018
2023-09-18 14:00:00,433.50451144883374
2023-09-18 15:00:00,142.29241605416055
2023-09-18 16:00:00,0.0
2023-09-18 17:00:00,-0.0
2023-09-18 18:00:00,4.8271924871905874e-42
2023-09-18 19:00:00,4.359344606671504e-43
2023-09-18 20:00:00,0.0
2023-09-18 21:00:00,-0.0
2023-09-18 22:00:00,-0.0
2023-09-18 23:00:00,-0.0
2023-09-19 00:00:00,-0.0
2023-09-19 01:00:00,0.0
2023-09-19 02:00:00,0.0
2023-09-19 03:00:00,8.365191297827863e-43
2023-09-19 04:00:00,15.846038179732748
2023-09-19 05:00:00,338.8643902625415
2023-09-19 06:00:00,612.5502689658207
2023-09-19 07:00:00,822.6096847604404
2023-09-19 08:00:00,990.0557490058304
2023-09-19 09:00:00,1083.408886461869
2023-09-19 10:00:00,1091.9066002587695
2023-09-19 11:00:00,1021.7545635542454
2023-09-19 12:00:00,871.1682653754624
2023-09-19 13:00:00,666.0721545553131
2023-09-19 14:00:00,413.55721036124885
2023-09-19 15:00:00,149.63343580806884
2023-09-19 16:00:00,-0.0
2023-09-19 17:00:00,0.0
2023-09-19 18:00:00,-0.0
2023-09-19 19:00:00,-0.0
2023-09-19 20:00:00,-0.0
2023-09-19 21:00:00,0.0
2023-09-19 22:00:00,0.0
2023-09-19 23:00:00,3.479489308481342e-42
2023-09-20 00:00:00,-0.0
2023-09-20 01:00:00,-0.0
2023-09-20 02:00:00,-0.0
2023-09-20 03:00:00,0.0
2023-09-20 04:00:00,7.008027341455538
2023-09-20 05:00:00,364.0736944234933
2023-09-20 06:00:00,621.5867906219021
2023-09-20 07:00:00,819.6966823918449
2023-09-20 08:00:00,978.2545937035208
2023-09-20 09:00:00,1059.7163137656428
2023-09-20 10:00:00,1071.3835420509702
2023-09-20 11:00:00,1012.8178590642553
2023-09-20 12:00:00,890.6689527659735
2023-09-20 13:00:00,698.891293789367
2023-09-20 14:00:00,440.97228351022386
2023-09-20 15:00:00,154.7062457377152
2023-09-20 16:00:00,-0.0
2023-09-20 17:00:00,-0.0
2023-09-20 18:00:00,0.0
2023-09-20 19:00:00,8.289177675704103e-42
2023-09-20 20:00:00,4.089080804842188e-42
2023-09-20 21:00:00,8.108368030764874e-42
2023-09-20 22:00:00,0.0
2023-09-20 23:00:00,-0.0
2023-09-21 00:00:00,-0.0
2023-09-21 01:00:00,-0.0
2023-09-21 02:00:00,-0.0
2023-09-21 03:00:00,-0.0
2023-09-21 04:00:00,25.262119548004968
2023-09-21 05:00:00,364.4721070951676
2023-09-21 06:00:00,629.0259006417873
2023-09-21 07:00:00,861.8302820420322
2023-09-21 08:00:00,1029.1229499625977
2023-09-21 09:00:00,1125.3607809336954
2023-09-21 10:00:00,1135.509217067262
2023-09-21 11:00:00,1061.8102405158595
2023-09-21 12:00:00,912.1854723087017
2023-09-21 13:00:00,700.3672989902492
2023-09-21 14:00:00,448.7065183269294
2023-09-21 15:00:00,155.53427165272737
2023-09-21 16:00:00,-0.0
2023-09-21 17:00:00,0.0
2023-09-21 18:00:00,0.0
2023-09-21 19:00:00,0.0
2023-09-21 20:00:00,4.484183624191127e-42
2023-09-21 21:00:00,0.0
2023-09-21 22:00:00,-0.0
2023-09-21 23:00:00,-0.0
2023-09-22 00:00:00,4.937449810034863e-42
2023-09-22 01:00:00,2.5462572485398976e-42
2023-09-22 02:00:00,-0.0
2023-09-22 03:00:00,-0.0
2023-09-22 04:00:00,30.350441468353864
2023-09-22 05:00:00,369.9794558107849
2023-09-22 06:00:00,655.2211751409569
2023-09-22 07:00:00,880.9203755528487
2023-09-22 08:00:00,1036.788007541178
2023-09-22 09:00:00,1122.2773518513488
2023-09-22 10:00:00,1133.1921159574695
2023-09-22 11:00:00,1068.97726310088
2023-09-22 12:00:00,923.9860516359417
2023-09-22 13:00:00,719.6750570888847
2023-09-22 14:00:00,457.03260527014766
2023-09-22 15:00:00,168.31778776522648
2023-09-22 16:00:00,-0.0
2023-09-22 17:00:00,-0.0
2023-09-22 18:00:00,-0.0
2023-09-22 19:00:00,-0.0
2023-09-22 20:00:00,-0.0
2023-09-22 21:00:00,0.0
2023-09-22 22:00:00,0.0
2023-09-22 23:00:00,-0.0
2023-09-23 00:00:00,2.560982634036844e-42
2023-09-23 01:00:00,0.0
2023-09-23 02:00:00,-0.0
2023-09-23 03:00:00,-0.0
2023-09-23 04:00:00,12.04529253286949
2023-09-23 05:00:00,310.42641943491884
2023-09-23 06:00:00,723.241520179389
2023-09-23 07:00:00,961.7737366691686
2023-09-23 08:00:00,1079.7050648210063
2023-09-23 09:00:00,1156.168562585
2023-09-23 10:00:00,1157.696861086772
2023-09-23 11:00:00,1081.3163376980792
2023-09-23 12:00:00,928.5917940062209
2023-09-23 13:00:00,717.7194888172446
2023-09-23 14:00:00,459.35511994680525
2023-09-23 15:00:00,170.13446988146677
2023-09-23 16:00:00,-0.0
2023-09-23 17:00:00,0.0
2023-09-23 18:00:00,-0.0
2023-09-23 19:00:00,6.876832222370973e-42
2023-09-23 20:00:00,0.0
2023-09-23 21:00:00,0.0
2023-09-23 22:00:00,-0.0
2023-09-23 23:00:00,0.0
2023-09-24 00:00:00,0.0
2023-09-24 01:00:00,-0.0
2023-09-24 02:00:00,-0.0
2023-09-24 03:00:00,0.0
2023-09-24 04:00:00,11.91998202895696
2023-09-24 05:00:00,382.8470733646596
2023-09-24 06:00:00,642.9967054939984
2023-09-24 07:00:00,894.8354429749563
2023-09-24 08:00:00,1209.6327804863056
2023-09-24 09:00:00,1297.1623651470975
2023-09-24 10:00:00,1292.6024733339339
2023-09-24 11:00:00,1234.763742271948
2023-09-24 12:00:00,1014.8770523116046
2023-09-24 13:00:00,797.4208766738171
2023-09-24 14:00:00,512.1061405118069
2023-09-24 15:00:00,179.2299349527765
2023-09-24 16:00:00,0.0
2023-09-24 17:00:00,-0.0
2023-09-24 18:00:00,-0.0
2023-09-24 19:00:00,-0.0
2023-09-24 20:00:00,0.0
2023-09-24 21:00:00,2.5176312364881817e-42
2023-09-24 22:00:00,0.0
2023-09-24 23:00:00,-0.0
2023-09-25 00:00:00,6.142262694261102e-43
2023-09-25 01:00:00,6.142262694261102e-43
2023-09-25 02:00:00,1.6400347353439296e-42
2023-09-25 03:00:00,3.479489308481342e-42
2023-09-25 04:00:00,9.462774217257035
2023-09-25 05:00:00,409.26639727319827
2023-09-25 06:00:00,723.996224694375
2023-09-25 07:00:00,1033.961283484626
2023-09-25 08:00:00,1178.951434289203
2023-09-25 09:00:00,1247.5368433978508
2023-09-25 10:00:00,1351.919180095291
2023-09-25 11:00:00,1269.4673915796182
2023-09-25 12:00:00,1085.836035820344
2023-09-25 13:00:00,609.9179479714799
2023-09-25 14:00:00,286.7089053535403
2023-09-25 15:00:00,46.54780135971499
2023-09-25 16:00:00,-0.0
2023-09-25 17:00:00,7.936337072591366e-42
2023-09-25 18:00:00,0.0
2023-09-25 19:00:00,-0.0
2023-09-25 20:00:00,-0.0
2023-09-25 21:00:00,-0.0
2023-09-25 22:00:00,-0.0
2023-09-25 23:00:00,-0.0
2023-09-26 00:00:00,-0.0
2023-09-26 01:00:00,0.0
2023-09-26 02:00:00,-0.0
2023-09-26 03:00:00,-0.0
2023-09-26 04:00:00,48.50227661874023
2023-09-26 05:00:00,327.8959017756601
2023-09-26 06:00:00,698.9828315032681
2023-09-26 07:00:00,954.5495757990113
2023-09-26 08:00:00,1125.9184708617063
2023-09-26 09:00:00,1221.8755544239195
2023-09-26 10:00:00,1234.2885394107554
2023-09-26 11:00:00,1190.180260678757
2023-09-26 12:00:00,1018.2619141418077
2023-09-26 13:00:00,800.1016869094653
2023-09-26 14:00:00,521.9448068110355
2023-09-26 15:00:00,199.5314605558325
2023-09-26 16:00:00,0.0
2023-09-26 17:00:00,0.0
2023-09-26 18:00:00,-0.0
2023-09-26 19:00:00,0.0
2023-09-26 20:00:00,1.965238713372237e-42
2023-09-26 21:00:00,-0.0
2023-09-26 22:00:00,-0.0
2023-09-26 23:00:00,0.0
2023-09-27 00:00:00,-0.0
2023-09-27 01:00:00,0.0
2023-09-27 02:00:00,-0.0
2023-09-27 03:00:00,-0.0
2023-09-27 04:00:00,9.64602664990323
2023-09-27 05:00:00,303.5246494783359
2023-09-27 06:00:00,115.06963825741433
2023-09-27 07:00:00,466.6792355413902
2023-09-27 08:00:00,233.44014634544124
2023-09-27 09:00:00,704.6155410213206
2023-09-27 10:00:00,552.996068495787
2023-09-27 11:00:00,459.1662565125141
2023-09-27 12:00:00,816.9583743737733
2023-09-27 13:00:00,235.0298770382538
2023-09-27 14:00:00,113.62245547563617
2023-09-27 15:00:00,120.83439249789919
2023-09-27 16:00:00,-0.0
2023-09-27 17:00:00,0.0
2023-09-27 18:00:00,0.0
2023-09-27 19:00:00,-0.0
2023-09-27 20:00:00,-0.0
2023-09-27 21:00:00,-0.0
2023-09-27 22:00:00,-0.0
2023-09-27 23:00:00,-0.0
2023-09-28 00:00:00,-0.0
2023-09-28 01:00:00,-0.0
2023-09-28 02:00:00,3.4448292495356455e-43
2023-09-28 03:00:00,-0.0
2023-09-28 04:00:00,44.023724685368556
2023-09-28 05:00:00,60.205156552139876
2023-09-28 06:00:00,432.39390843538666
2023-09-28 07:00:00,970.4471577362509
2023-09-28 08:00:00,1250.6927243179523
2023-09-28 09:00:00,1359.7215871478209
2023-09-28 10:00:00,1278.9446914220546
2023-09-28 11:00:00,1266.651017149417
2023-09-28 12:00:00,1132.9563993001836
2023-09-28 13:00:00,511.34446428627
2023-09-28 14:00:00,564.8033153553342
2023-09-28 15:00:00,99.6058387309802
2023-09-28 16:00:00,0.0
2023-09-28 17:00:00,0.0
2023-09-28 18:00:00,0.0
2023-09-28 19:00:00,-0.0
2023-09-28 20:00:00,-0.0
2023-09-28 21:00:00,-0.0
2023-09-28 22:00:00,-0.0
2023-09-28 23:00:00,-0.0
2023-09-29 00:00:00,0.0
2023-09-29 01:00:00,-0.0
2023-09-29 02:00:00,7.0586275855625605e-43
2023-09-29 03:00:00,0.0
2023-09-29 04:00:00,107.09301111731047
2023-09-29 05:00:00,478.2532225343569
2023-09-29 06:00:00,787.6777873150163
2023-09-29 07:00:00,1031.4194387783205
2023-09-29 08:00:00,1204.392333535679
2023-09-29 09:00:00,1293.8002432230228
2023-09-29 10:00:00,1299.3196193067865
2023-09-29 11:00:00,1220.4510284432554
2023-09-29 12:00:00,1061.1754233006159
2023-09-29 13:00:00,834.4253783873264
2023-09-29 14:00:00,552.437033522744
2023-09-29 15:00:00,218.98409352686815
2023-09-29 16:00:00,-0.0
2023-09-29 17:00:00,-0.0
2023-09-29 18:00:00,-0.0
2023-09-29 19:00:00,-0.0
2023-09-29 20:00:00,-0.0
2023-09-29 21:00:00,-0.0
2023-09-29 22:00:00,0.0
2023-09-29 23:00:00,-0.0
2023-09-30 00:00:00,-0.0
2023-09-30 01:00:00,-0.0
2023-09-30 02:00:00,0.0
2023-09-30 03:00:00,-0.0
2023-09-30 04:00:00,113.12981446339698
2023-09-30 05:00:00,494.3157536467979
2023-09-30 06:00:00,795.445497859792
2023-09-30 07:00:00,1035.1966666331698
2023-09-30 08:00:00,1200.2951906818728
2023-09-30 09:00:00,1287.9580485131812
2023-09-30 10:00:00,1292.9276806148198
2023-09-30 11:00:00,1216.0119951203474
2023-09-30 12:00:00,1060.2090865463542
2023-09-30 13:00:00,837.0990406061699
2023-09-30 14:00:00,561.4599450384583
2023-09-30 15:00:00,222.21664467083204
2023-09-30 16:00:00,2.1995279721834897e-42
2023-09-30 17:00:00,-0.0
2023-09-30 18:00:00,-0.0
2023-09-30 19:00:00,0.0
2023-09-30 20:00:00,0.0
2023-09-30 21:00:00,0.0
2023-09-30 22:00:00,5.1661325457444885e-42
2023-09-30 23:00:00,-0.0
2023-10-01 00:00:00,6.231051798732831e-43
2023-10-01 01:00:00,-0.0
2023-10-01 02:00:00,-0.0
2023-10-01 03:00:00,0.0
2023-10-01 04:00:00,17.234957218723657
2023-10-01 05:00:00,90.03049957328065
2023-10-01 06:00:00,165.26175218416356
2023-10-01 07:00:00,582.0604522267622
2023-10-01 08:00:00,343.24051335090536
2023-10-01 09:00:00,1135.3603045872212
2023-10-01 10:00:00,865.1332673460105
2023-10-01 11:00:00,433.48088220006264
2023-10-01 12:00:00,274.555688192539
2023-10-01 13:00:00,303.6050456985804
2023-10-01 14:00:00,451.89141620452466
2023-10-01 15:00:00,193.76596381967042
2023-10-01 16:00:00,-0.0
2023-10-01 17:00:00,-0.0
2023-10-01 18:00:00,0.0
2023-10-01 19:00:00,-0.0
2023-10-01 20:00:00,-0.0
2023-10-01 21:00:00,-0.0
2023-10-01 22:00:00,0.0
2023-10-01 23:00:00,1.0388431318293853e-42
2023-10-02 00:00:00,-0.0
2023-10-02 01:00:00,0.0
2023-10-02 02:00:00,0.0
2023-10-02 03:00:00,0.0
2023-10-02 04:00:00,27.94978656711568
2023-10-02 05:00:00,129.23748498902978
2023-10-02 06:00:00,260.4138883618187
2023-10-02 07:00:00,692.0654303317831
2023-10-02 08:00:00,1322.3229479271881
2023-10-02 09:00:00,1409.6327481303158
2023-10-02 10:00:00,1033.5413065618834
2023-10-02 11:00:00,1293.6042287309378
2023-10-02 12:00:00,395.60298475073296
2023-10-02 13:00:00,848.911237862347
2023-10-02 14:00:00,623.4599014644408
2023-10-02 15:00:00,257.85309680770575
2023-10-02 16:00:00,4.0576170013227274e-42
2023-10-02 17:00:00,-0.0
2023-10-02 18:00:00,-0.0
2023-10-02 19:00:00,4.4765907169870935e-43
2023-10-02 20:00:00,0.0
2023-10-02 21:00:00,1.5996319044148395e-42
2023-10-02 22:00:00,8.632122669618203e-43
2023-10-02 23:00:00,-0.0
2023-10-03 00:00:00,-0.0
2023-10-03 01:00:00,-0.0
2023-10-03 02:00:00,-0.0
2023-10-03 03:00:00,-0.0
2023-10-03 04:00:00,137.19081632936746
2023-10-03 05:00:00,562.9565822744469
2023-10-03 06:00:00,893.8476550929258
2023-10-03 07:00:00,1153.449990628858
2023-10-03 08:00:00,1333.3380136523876
2023-10-03 09:00:00,1425.7870431623708
2023-10-03 10:00:00,1430.1524215990257
2023-10-03 11:00:00,1345.1660485063032
2023-10-03 12:00:00,1177.6803906850148
2023-10-03 13:00:00,935.6162070106982
2023-10-03 14:00:00,631.9194641097065
2023-10-03 15:00:00,260.3398423670431
2023-10-03 16:00:00,9.301562374896311e-42
2023-10-03 17:00:00,-0.0
2023-10-03 18:00:00,0.0
2023-10-03 19:00:00,0.0
2023-10-03 20:00:00,0.0
2023-10-03 21:00:00,-0.0
2023-10-03 22:00:00,-0.0
2023-10-03 23:00:00,6.7625277093540974e-43
2023-10-04 00:00:00,0.0
2023-10-04 01:00:00,-0.0
2023-10-04 02:00:00,6.976939075183996e-43
2023-10-04 03:00:00,1.4009225226352415e-42
2023-10-04 04:00:00,124.77702423699115
2023-10-04 05:00:00,546.1777876831546
2023-10-04 06:00:00,877.1982761179859
2023-10-04 07:00:00,1115.0518608286914
2023-10-04 08:00:00,1289.5644936228302
2023-10-04 09:00:00,1386.052238321365
2023-10-04 10:00:00,1395.3181922454394
2023-10-04 11:00:00,1318.927372156893
2023-10-04 12:00:00,1161.9423081475416
2023-10-04 13:00:00,930.131127504133
2023-10-04 14:00:00,631.6883154188271
2023-10-04 15:00:00,264.37824897743457
2023-10-04 16:00:00,-0.0
2023-10-04 17:00:00,5.546588612931061e-42
2023-10-04 18:00:00,-0.0
2023-10-04 19:00:00,0.0
2023-10-04 20:00:00,-0.0
2023-10-04 21:00:00,8.289177675704103e-42
2023-10-04 22:00:00,-0.0
2023-10-04 23:00:00,1.6690742061889378e-42
2023-10-05 00:00:00,-0.0
2023-10-05 01:00:00,-0.0
2023-10-05 02:00:00,0.0
2023-10-05 03:00:00,0.0
2023-10-05 04:00:00,132.98741673986518
2023-10-05 05:00:00,564.7814809825896
2023-10-05 06:00:00,912.5268910910951
2023-10-05 07:00:00,1168.2161932809995
2023-10-05 08:00:00,1334.6764286368075
2023-10-05 09:00:00,1425.3682186586009
2023-10-05 10:00:00,1424.555627135477
2023-10-05 11:00:00,1342.5898732628052
2023-10-05 12:00:00,1176.5025879870575
2023-10-05 13:00:00,942.2904457250937
2023-10-05 14:00:00,641.6676857692266
2023-10-05 15:00:00,266.5232185237068
2023-10-05 16:00:00,0.0
2023-10-05 17:00:00,-0.0
2023-10-05 18:00:00,-0.0
2023-10-05 19:00:00,-0.0
2023-10-05 20:00:00,4.156909590006158e-42
2023-10-05 21:00:00,0.0
2023-10-05 22:00:00,3.171525047407186e-42
2023-10-05 23:00:00,-0.0
2023-10-06 00:00:00,-0.0
2023-10-06 01:00:00,-0.0
2023-10-06 02:00:00,-0.0
2023-10-06 03:00:00,7.171470246498263e-43
2023-10-06 04:00:00,136.71844836996908
2023-10-06 05:00:00,427.7459745141284
2023-10-06 06:00:00,916.4959816293616
2023-10-06 07:00:00,1176.5197636640564
2023-10-06 08:00:00,1333.7294870604635
2023-10-06 09:00:00,1432.5904428650947
2023-10-06 10:00:00,1426.6280371535163
2023-10-06 11:00:00,1348.3135518863996
2023-10-06 12:00:00,1186.0029253910752
2023-10-06 13:00:00,951.4715724129477
2023-10-06 14:00:00,645.7672839981183
2023-10-06 15:00:00,265.89527276892807
2023-10-06 16:00:00,-0.0
2023-10-06 17:00:00,1.2122933154816153e-41
2023-10-06 18:00:00,0.0
2023-10-06 19:00:00,-0.0
2023-10-06 20:00:00,-0.0
2023-10-06 21:00:00,0.0
2023-10-06 22:00:00,0.0
2023-10-06 23:00:00,-0.0
2023-10-07 00:00:00,-0.0
2023-10-07 01:00:00,1.7722248391575632e-43
2023-10-07 02:00:00,-0.0
2023-10-07 03:00:00,0.0
2023-10-07 04:00:00,122.26060502129425
2023-10-07 05:00:00,588.0120948940578
2023-10-07 06:00:00,924.9182359832204
2023-10-07 07:00:00,1174.5507460260947
2023-10-07 08:00:00,1345.4585756321849
2023-10-07 09:00:00,1432.2821314620253
2023-10-07 10:00:00,1431.5442526481604
2023-10-07 11:00:00,1346.8277445305348
2023-10-07 12:00:00,1186.211864212279
2023-10-07 13:00:00,947.9458899656481
2023-10-07 14:00:00,642.8560645276332
2023-10-07 15:00:00,271.5315587589956
2023-10-07 16:00:00,0.0
2023-10-07 17:00:00,-0.0
2023-10-07 18:00:00,-0.0
2023-10-07 19:00:00,0.0
2023-10-07 20:00:00,-0.0
2023-10-07 21:00:00,0.0
2023-10-07 22:00:00,-0.0
2023-10-07 23:00:00,0.0
2023-10-08 00:00:00,-0.0
2023-10-08 01:00:00,-0.0
2023-10-08 02:00:00,-0.0
2023-10-08 03:00:00,-0.0
2023-10-08 04:00:00,59.376516404810985
2023-10-08 05:00:00,197.50867141708574
2023-10-08 06:00:00,602.7195819325085
2023-10-08 07:00:00,751.4769100275533
2023-10-08 08:00:00,1012.9636576508477
2023-10-08 09:00:00,1321.3141290796625
2023-10-08 10:00:00,761.6054080041575
2023-10-08 11:00:00,400.9213718049253
2023-10-08 12:00:00,334.3995765466577
2023-10-08 13:00:00,261.63888684593917
2023-10-08 14:00:00,183.42790950737088
2023-10-08 15:00:00,129.79554664348103
2023-10-08 16:00:00,-0.0
2023-10-08 17:00:00,-0.0
2023-10-08 18:00:00,-0.0
2023-10-08 19:00:00,-0.0
2023-10-08 20:00:00,-0.0
2023-10-08 21:00:00,-0.0
2023-10-08 22:00:00,-0.0
2023-10-08 23:00:00,-0.0
2023-10-09 00:00:00,2.7711107724487223e-42
2023-10-09 01:00:00,-0.0
2023-10-09 02:00:00,0.0
2023-10-09 03:00:00,-0.0
2023-10-09 04:00:00,27.738919031926983
2023-10-09 05:00:00,142.70095001923715
2023-10-09 06:00:00,273.38120494410333
2023-10-09 07:00:00,709.5149200019263
2023-10-09 08:00:00,990.4643498518057
2023-10-09 09:00:00,1102.2282556322473
2023-10-09 10:00:00,627.3045778575466
2023-10-09 11:00:00,518.0169587594266
2023-10-09 12:00:00,362.7940130797357
2023-10-09 13:00:00,239.49827693711
2023-10-09 14:00:00,112.49842214782429
2023-10-09 15:00:00,144.65990627037303
2023-10-09 16:00:00,-0.0
2023-10-09 17:00:00,-0.0
2023-10-09 18:00:00,6.142262694261102e-43
2023-10-09 19:00:00,0.0
2023-10-09 20:00:00,0.0
2023-10-09 21:00:00,3.1506756862663935e-42
2023-10-09 22:00:00,0.0
2023-10-09 23:00:00,0.0
2023-10-10 00:00:00,-0.0
2023-10-10 01:00:00,-0.0
2023-10-10 02:00:00,6.231051798732831e-43
2023-10-10 03:00:00,6.231051798732831e-43
2023-10-10 04:00:00,19.653037399407975
2023-10-10 05:00:00,70.07220697627142
2023-10-10 06:00:00,227.20826383613866
2023-10-10 07:00:00,746.1299141548768
2023-10-10 08:00:00,1150.1796298534603
2023-10-10 09:00:00,729.1793630138263
2023-10-10 10:00:00,627.868931894715
2023-10-10 11:00:00,706.5109511048068
2023-10-10 12:00:00,1100.0303208472137
2023-10-10 13:00:00,480.3096790673523
2023-10-10 14:00:00,191.91790380733536
2023-10-10 15:00:00,26.619395364782903
2023-10-10 16:00:00,7.298181134553985e-42
2023-10-10 17:00:00,-0.0
2023-10-10 18:00:00,-0.0
2023-10-10 19:00:00,-0.0
2023-10-10 20:00:00,-0.0
2023-10-10 21:00:00,-0.0
2023-10-10 22:00:00,-0.0
2023-10-10 23:00:00,-0.0
2023-10-11 00:00:00,0.0
2023-10-11 01:00:00,-0.0
2023-10-11 02:00:00,4.041359763242275e-42
2023-10-11 03:00:00,-0.0
2023-10-11 04:00:00,24.652920682806172
2023-10-11 05:00:00,72.39949288379708
2023-10-11 06:00:00,226.68325370955424
2023-10-11 07:00:00,795.4543982727048
2023-10-11 08:00:00,1066.4619033635836
2023-10-11 09:00:00,1540.5580502198668
2023-10-11 10:00:00,1546.6572512283292
2023-10-11 11:00:00,1433.4620222710323
2023-10-11 12:00:00,1148.4216595700723
2023-10-11 13:00:00,837.4045055494403
2023-10-11 14:00:00,619.6239354534624
2023-10-11 15:00:00,175.045095545486
2023-10-11 16:00:00,0.0
2023-10-11 17:00:00,-0.0
2023-10-11 18:00:00,0.0
2023-10-11 19:00:00,-0.0
2023-10-11 20:00:00,0.0
2023-10-11 21:00:00,4.3028907106983154e-42
2023-10-11 22:00:00,-0.0
2023-10-11 23:00:00,-0.0
2023-10-12 00:00:00,-0.0
2023-10-12 01:00:00,-0.0
2023-10-12 02:00:00,-0.0
2023-10-12 03:00:00,0.0
2023-10-12 04:00:00,19.42758006950795
2023-10-12 05:00:00,101.936631314092
2023-10-12 06:00:00,669.1643915802687
2023-10-12 07:00:00,699.4952034009146
2023-10-12 08:00:00,575.8727773862246
2023-10-12 09:00:00,458.87176398527606
2023-10-12 10:00:00,1349.341269428679
2023-10-12 11:00:00,1447.7040618216456
2023-10-12 12:00:00,1267.2125767539833
2023-10-12 13:00:00,485.18726221985077
2023-10-12 14:00:00,709.9423572063669
2023-10-12 15:00:00,26.714449480210547
2023-10-12 16:00:00,0.0
2023-10-12 17:00:00,-0.0
2023-10-12 18:00:00,-0.0
2023-10-12 19:00:00,-0.0
2023-10-12 20:00:00,-0.0
2023-10-12 21:00:00,-0.0
2023-10-12 22:00:00,0.0
2023-10-12 23:00:00,-0.0
2023-10-13 00:00:00,-0.0
2023-10-13 01:00:00,-0.0
2023-10-13 02:00:00,-0.0
2023-10-13 03:00:00,-0.0
2023-10-13 04:00:00,56.9772029567697
2023-10-13 05:00:00,95.15881311238371
2023-10-13 06:00:00,432.6025533349719
2023-10-13 07:00:00,411.9791343287378
2023-10-13 08:00:00,469.15670151385007
2023-10-13 09:00:00,530.523704966931
2023-10-13 10:00:00,494.7686458388339
2023-10-13 11:00:00,925.5889807004725
2023-10-13 12:00:00,333.1685373301795
2023-10-13 13:00:00,248.76604155902288
2023-10-13 14:00:00,151.52599538087756
2023-10-13 15:00:00,129.64772412330115
2023-10-13 16:00:00,0.0
2023-10-13 17:00:00,0.0
2023-10-13 18:00:00,2.6303062418641643e-42
2023-10-13 19:00:00,0.0
2023-10-13 20:00:00,-0.0
2023-10-13 21:00:00,-0.0
2023-10-13 22:00:00,0.0
2023-10-13 23:00:00,0.0
2023-10-14 00:00:00,-0.0
2023-10-14 01:00:00,-0.0
2023-10-14 02:00:00,0.0
2023-10-14 03:00:00,-0.0
2023-10-14 04:00:00,168.74369231267755
2023-10-14 05:00:00,601.009059711866
2023-10-14 06:00:00,1074.0410155106558
2023-10-14 07:00:00,1344.0445910292012
2023-10-14 08:00:00,1546.1556984638107
2023-10-14 09:00:00,1642.1204350892403
2023-10-14 10:00:00,1543.6557256979218
2023-10-14 11:00:00,866.7377205453489
2023-10-14 12:00:00,838.2353215201821
2023-10-14 13:00:00,1047.2318843104454
2023-10-14 14:00:00,281.50039962471794
2023-10-14 15:00:00,88.40641802380752
2023-10-14 16:00:00,-0.0
2023-10-14 17:00:00,-0.0
2023-10-14 18:00:00,-0.0
2023-10-14 19:00:00,-0.0
2023-10-14 20:00:00,3.638756170190372e-42
2023-10-14 21:00:00,-0.0
2023-10-14 22:00:00,0.0
2023-10-14 23:00:00,-0.0
2023-10-15 00:00:00,-0.0
2023-10-15 01:00:00,-0.0
2023-10-15 02:00:00,-0.0
2023-10-15 03:00:00,2.6250818183967135e-42
2023-10-15 04:00:00,25.13792170910268
2023-10-15 05:00:00,485.50552239682816
2023-10-15 06:00:00,900.6966931038783
2023-10-15 07:00:00,1348.5278770571454
2023-10-15 08:00:00,1488.4050585776313
2023-10-15 09:00:00,1181.266820617167
2023-10-15 10:00:00,518.5199557946153
2023-10-15 11:00:00,217.843854260599
2023-10-15 12:00:00,260.55611503573806
2023-10-15 13:00:00,164.50812498999161
2023-10-15 14:00:00,128.9723484116152
2023-10-15 15:00:00,77.53271327677065
2023-10-15 16:00:00,-0.0
2023-10-15 17:00:00,0.0
2023-10-15 18:00:00,0.0
2023-10-15 19:00:00,-0.0
2023-10-15 20:00:00,-0.0
2023-10-15 21:00:00,-0.0
2023-10-15 22:00:00,-0.0
2023-10-15 23:00:00,-0.0
2023-10-16 00:00:00,-0.0
2023-10-16 01:00:00,0.0
2023-10-16 02:00:00,-0.0
2023-10-16 03:00:00,0.0
2023-10-16 04:00:00,25.245667621554905
2023-10-16 05:00:00,78.88578906953704
2023-10-16 06:00:00,133.8643657954702
2023-10-16 07:00:00,181.2370153800524
2023-10-16 08:00:00,979.6142098529531
2023-10-16 09:00:00,409.99877402684206
2023-10-16 10:00:00,269.7163456456181
2023-10-16 11:00:00,972.5248845830638
2023-10-16 12:00:00,342.1655514246717
2023-10-16 13:00:00,138.10755202428993
2023-10-16 14:00:00,86.2924705044061
2023-10-16 15:00:00,59.313020486292174
2023-10-16 16:00:00,-0.0
2023-10-16 17:00:00,4.359344606671504e-43
2023-10-16 18:00:00,0.0
2023-10-16 19:00:00,-0.0
2023-10-16 20:00:00,-0.0
2023-10-16 21:00:00,-0.0
2023-10-16 22:00:00,-0.0
2023-10-16 23:00:00,-0.0
2023-10-17 00:00:00,0.0
2023-10-17 01:00:00,-0.0
2023-10-17 02:00:00,-0.0
2023-10-17 03:00:00,-0.0
2023-10-17 04:00:00,25.031643697417767
2023-10-17 05:00:00,78.80468180293846
2023-10-17 06:00:00,195.93896389388655
2023-10-17 07:00:00,310.1030228477262
2023-10-17 08:00:00,412.8969782890233
2023-10-17 09:00:00,298.29260931661156
2023-10-17 10:00:00,269.22314184129976
2023-10-17 11:00:00,223.8237990394165
2023-10-17 12:00:00,876.911731717758
2023-10-17 13:00:00,500.39113076978856
2023-10-17 14:00:00,114.30652872291994
2023-10-17 15:00:00,89.62931294932757
2023-10-17 16:00:00,-0.0
2023-10-17 17:00:00,-0.0
2023-10-17 18:00:00,-0.0
2023-10-17 19:00:00,-0.0
2023-10-17 20:00:00,-0.0
2023-10-17 21:00:00,0.0
2023-10-17 22:00:00,-0.0
2023-10-17 23:00:00,-0.0
2023-10-18 00:00:00,0.0
2023-10-18 01:00:00,-0.0
2023-10-18 02:00:00,-0.0
2023-10-18 03:00:00,2.3003996369496197e-42
2023-10-18 04:00:00,98.60223755714104
2023-10-18 05:00:00,580.5084883407922
2023-10-18 06:00:00,729.870571665734
2023-10-18 07:00:00,857.3476761204298
2023-10-18 08:00:00,821.6445836588027
2023-10-18 09:00:00,1636.0300702806635
2023-10-18 10:00:00,1698.5011010031183
2023-10-18 11:00:00,1209.5633644909144
2023-10-18 12:00:00,1330.5174684580652
2023-10-18 13:00:00,1100.9625416865147
2023-10-18 14:00:00,624.0236794875556
2023-10-18 15:00:00,326.63545934159464
2023-10-18 16:00:00,0.0
2023-10-18 17:00:00,-0.0
2023-10-18 18:00:00,0.0
2023-10-18 19:00:00,0.0
2023-10-18 20:00:00,-0.0
2023-10-18 21:00:00,-0.0
2023-10-18 22:00:00,-0.0
2023-10-18 23:00:00,-0.0
2023-10-19 00:00:00,-0.0
2023-10-19 01:00:00,-0.0
2023-10-19 02:00:00,-0.0
2023-10-19 03:00:00,0.0
2023-10-19 04:00:00,27.84059913191697
2023-10-19 05:00:00,539.7231737786778
2023-10-19 06:00:00,992.2920976098484
2023-10-19 07:00:00,838.4976358859913
2023-10-19 08:00:00,1604.3152719066397
2023-10-19 09:00:00,1205.906107382087
2023-10-19 10:00:00,1683.7626112323126
2023-10-19 11:00:00,1351.9113617534651
2023-10-19 12:00:00,1181.4326711180822
2023-10-19 13:00:00,769.09915072669
2023-10-19 14:00:00,505.36407462861854
2023-10-19 15:00:00,107.35683355435273
2023-10-19 16:00:00,-0.0
2023-10-19 17:00:00,-0.0
2023-10-19 18:00:00,-0.0
2023-10-19 19:00:00,-0.0
2023-10-19 20:00:00,0.0
2023-10-19 21:00:00,-0.0
2023-10-19 22:00:00,-0.0
2023-10-19 23:00:00,0.0
2023-10-20 00:00:00,-0.0
2023-10-20 01:00:00,-0.0
2023-10-20 02:00:00,-0.0
2023-10-20 03:00:00,-0.0
2023-10-20 04:00:00,59.615338516530045
2023-10-20 05:00:00,442.20154238056034
2023-10-20 06:00:00,747.175881764713
2023-10-20 07:00:00,1356.797014724707
2023-10-20 08:00:00,1639.0584699333676
2023-10-20 09:00:00,1708.0693102399068
2023-10-20 10:00:00,1729.8740726706374
2023-10-20 11:00:00,1644.9023576696727
2023-10-20 12:00:00,1466.654695387637
2023-10-20 13:00:00,1203.2045532030013
2023-10-20 14:00:00,857.1553759305867
2023-10-20 15:00:00,359.6819502931124
2023-10-20 16:00:00,-0.0
2023-10-20 17:00:00,6.245885393914972e-42
2023-10-20 18:00:00,-0.0
2023-10-20 19:00:00,-0.0
2023-10-20 20:00:00,3.4070305712249105e-43
2023-10-20 21:00:00,0.0
2023-10-20 22:00:00,1.965238713372237e-42
2023-10-20 23:00:00,-0.0
2023-10-21 00:00:00,-0.0
2023-10-21 01:00:00,-0.0
2023-10-21 02:00:00,1.0893887890174952e-42
2023-10-21 03:00:00,-0.0
2023-10-21 04:00:00,208.83364674330076
2023-10-21 05:00:00,819.3374372668467
2023-10-21 06:00:00,1187.61564562455
2023-10-21 07:00:00,1450.6743177680523
2023-10-21 08:00:00,1619.6700581638988
2023-10-21 09:00:00,1701.0835420207322
2023-10-21 10:00:00,1685.3912357926406
2023-10-21 11:00:00,1585.1672207499867
2023-10-21 12:00:00,1421.0999617610146
2023-10-21 13:00:00,1170.7654053686013
2023-10-21 14:00:00,837.0343647524796
2023-10-21 15:00:00,352.9587961940906
2023-10-21 16:00:00,-0.0
2023-10-21 17:00:00,0.0
2023-10-21 18:00:00,-0.0
2023-10-21 19:00:00,-0.0
2023-10-21 20:00:00,-0.0
2023-10-21 21:00:00,-0.0
2023-10-21 22:00:00,0.0
2023-10-21 23:00:00,-0.0
2023-10-22 00:00:00,-0.0
2023-10-22 01:00:00,0.0
2023-10-22 02:00:00,6.142262694261102e-43
2023-10-22 03:00:00,-0.0
2023-10-22 04:00:00,211.33732102467943
2023-10-22 05:00:00,100.15618280738514
2023-10-22 06:00:00,639.7619173115277
2023-10-22 07:00:00,369.1733031323155
2023-10-22 08:00:00,399.24590095026605
2023-10-22 09:00:00,403.87811321686115
2023-10-22 10:00:00,274.3961449797566
2023-10-22 11:00:00,807.6945021114954
2023-10-22 12:00:00,307.5337544058814
2023-10-22 13:00:00,787.8608476691246
2023-10-22 14:00:00,132.52377370565148
2023-10-22 15:00:00,37.742232111380936
2023-10-22 16:00:00,-0.0
2023-10-22 17:00:00,2.5268579373022615e-42
2023-10-22 18:00:00,-0.0
2023-10-22 19:00:00,-0.0
2023-10-22 20:00:00,-0.0
2023-10-22 21:00:00,2.496660469013988e-42
2023-10-22 22:00:00,0.0
2023-10-22 23:00:00,0.0
2023-10-23 00:00:00,0.0
2023-10-23 01:00:00,-0.0
2023-10-23 02:00:00,-0.0
2023-10-23 03:00:00,-0.0
2023-10-23 04:00:00,221.77612092088597
2023-10-23 05:00:00,870.5310179645348
2023-10-23 06:00:00,1244.5522999023447
2023-10-23 07:00:00,1505.4177234592291
2023-10-23 08:00:00,1662.902266801803
2023-10-23 09:00:00,1730.6375642694557
2023-10-23 10:00:00,1718.5335487090283
2023-10-23 11:00:00,1659.1719017822347
2023-10-23 12:00:00,1501.8638708668575
2023-10-23 13:00:00,1244.3810653453565
2023-10-23 14:00:00,871.103112805698
2023-10-23 15:00:00,379.675674296547
2023-10-23 16:00:00,-0.0
2023-10-23 17:00:00,3.479489308481342e-42
2023-10-23 18:00:00,-0.0
2023-10-23 19:00:00,0.0
2023-10-23 20:00:00,0.0
2023-10-23 21:00:00,-0.0
2023-10-23 22:00:00,-0.0
2023-10-23 23:00:00,0.0
2023-10-24 00:00:00,-0.0
2023-10-24 01:00:00,-0.0
2023-10-24 02:00:00,-0.0
2023-10-24 03:00:00,-0.0
2023-10-24 04:00:00,225.51286734915107
2023-10-24 05:00:00,866.1342952837506
2023-10-24 06:00:00,1238.7221406995334
2023-10-24 07:00:00,1500.0843647949428
2023-10-24 08:00:00,1656.17641285946
2023-10-24 09:00:00,1673.3654002469127
2023-10-24 10:00:00,1733.8099341061977
2023-10-24 11:00:00,1671.996890614276
2023-10-24 12:00:00,1509.2631155168071
2023-10-24 13:00:00,1243.2751084824004
2023-10-24 14:00:00,691.9005500084702
2023-10-24 15:00:00,294.18569892557997
2023-10-24 16:00:00,-0.0
2023-10-24 17:00:00,0.0
2023-10-24 18:00:00,0.0
2023-10-24 19:00:00,6.142262694261102e-43
2023-10-24 20:00:00,-0.0
2023-10-24 21:00:00,7.74511749936791e-43
2023-10-24 22:00:00,-0.0
2023-10-24 23:00:00,8.598006783416157e-43
2023-10-25 00:00:00,-0.0
2023-10-25 01:00:00,-0.0
2023-10-25 02:00:00,0.0
2023-10-25 03:00:00,-0.0
2023-10-25 04:00:00,70.70267345197384
2023-10-25 05:00:00,429.40717994082706
2023-10-25 06:00:00,1102.3432306308418
2023-10-25 07:00:00,1092.9278002485637
2023-10-25 08:00:00,1272.0277778506174
2023-10-25 09:00:00,958.5382469544913
2023-10-25 10:00:00,1563.7396418393103
2023-10-25 11:00:00,809.3088602628342
2023-10-25 12:00:00,1266.3133796870395
2023-10-25 13:00:00,1128.8033512078093
2023-10-25 14:00:00,316.9827990844954
2023-10-25 15:00:00,317.78311713091273
2023-10-25 16:00:00,4.041359763242275e-42
2023-10-25 17:00:00,-0.0
2023-10-25 18:00:00,-0.0
2023-10-25 19:00:00,8.108368030764874e-42
2023-10-25 20:00:00,-0.0
2023-10-25 21:00:00,1.0893887890174952e-42
2023-10-25 22:00:00,0.0
2023-10-25 23:00:00,-0.0
2023-10-26 00:00:00,-0.0
2023-10-26 01:00:00,2.560982634036844e-42
2023-10-26 02:00:00,-0.0
2023-10-26 03:00:00,-0.0
2023-10-26 04:00:00,32.80791685119967
2023-10-26 05:00:00,362.37712429152367
2023-10-26 06:00:00,609.2752702321941
2023-10-26 07:00:00,1058.6520515581174
2023-10-26 08:00:00,1025.3401179595553
2023-10-26 09:00:00,1456.4507750881614
2023-10-26 10:00:00,1336.3120363622925
2023-10-26 11:00:00,1712.0482580781072
2023-10-26 12:00:00,1550.8283128306607
2023-10-26 13:00:00,1280.102969324221
2023-10-26 14:00:00,931.4257831339596
2023-10-26 15:00:00,378.0026288347928
2023-10-26 16:00:00,-0.0
2023-10-26 17:00:00,0.0
2023-10-26 18:00:00,0.0
2023-10-26 19:00:00,-0.0
2023-10-26 20:00:00,0.0
2023-10-26 21:00:00,-0.0
2023-10-26 22:00:00,-0.0
2023-10-26 23:00:00,-0.0
2023-10-27 00:00:00,0.0
2023-10-27 01:00:00,-0.0
2023-10-27 02:00:00,-0.0
2023-10-27 03:00:00,0.0
2023-10-27 04:00:00,241.63588649568797
2023-10-27 05:00:00,892.6939809051275
2023-10-27 06:00:00,1277.8507941837843
2023-10-27 07:00:00,1546.9191295290761
2023-10-27 08:00:00,1720.5595358936787
2023-10-27 09:00:00,1804.4959942097285
2023-10-27 10:00:00,1794.5773027965597
2023-10-27 11:00:00,1705.258407785308
2023-10-27 12:00:00,1525.7878088119828
2023-10-27 13:00:00,1272.1445567069377
2023-10-27 14:00:00,85.86136260498004
2023-10-27 15:00:00,35.481407714681986
2023-10-27 16:00:00,0.0
2023-10-27 17:00:00,0.0
2023-10-27 18:00:00,-0.0
2023-10-27 19:00:00,0.0
2023-10-27 20:00:00,1.6506973777794036e-42
2023-10-27 21:00:00,1.1284298565487192e-41
2023-10-27 22:00:00,-0.0
2023-10-27 23:00:00,-0.0
2023-10-28 00:00:00,0.0
2023-10-28 01:00:00,-0.0
2023-10-28 02:00:00,1.8718364124736865e-42
2023-10-28 03:00:00,-0.0
2023-10-28 04:00:00,32.61416912408136
2023-10-28 05:00:00,124.41845805910683
2023-10-28 06:00:00,245.79668205660127
2023-10-28 07:00:00,462.16473011967184
2023-10-28 08:00:00,1580.5864700197503
2023-10-28 09:00:00,366.24631044603444
2023-10-28 10:00:00,678.7475412262554
2023-10-28 11:00:00,1437.150674938091
2023-10-28 12:00:00,256.8619830506698
2023-10-28 13:00:00,230.44254199748067
2023-10-28 14:00:00,90.89318695862244
2023-10-28 15:00:00,53.52541070574343
2023-10-28 16:00:00,-0.0
2023-10-28 17:00:00,0.0
2023-10-28 18:00:00,-0.0
2023-10-28 19:00:00,-0.0
2023-10-28 20:00:00,0.0
2023-10-28 21:00:00,2.5536125845018988e-42
2023-10-28 22:00:00,-0.0
2023-10-28 23:00:00,-0.0
2023-10-29 00:00:00,-0.0
2023-10-29 01:00:00,0.0
2023-10-29 02:00:00,0.0
2023-10-29 03:00:00,6.2480741693565486e-43
2023-10-29 04:00:00,33.393565535493444
2023-10-29 05:00:00,210.23129621479907
2023-10-29 06:00:00,147.52470080483977
2023-10-29 07:00:00,196.06250007647898
2023-10-29 08:00:00,233.55254668799392
2023-10-29 09:00:00,253.68849912253594
2023-10-29 10:00:00,253.81776724633903
2023-10-29 11:00:00,236.4743189055917
2023-10-29 12:00:00,225.33090859536316
2023-10-29 13:00:00,153.82711512772653
2023-10-29 14:00:00,142.52481391156564
2023-10-29 15:00:00,151.2967650595585
2023-10-29 16:00:00,-0.0
2023-10-29 17:00:00,0.0
2023-10-29 18:00:00,0.0
2023-10-29 19:00:00,-0.0
2023-10-29 20:00:00,-0.0
2023-10-29 21:00:00,-0.0
2023-10-29 22:00:00,-0.0
2023-10-29 23:00:00,-0.0
2023-10-30 00:00:00,0.0
2023-10-30 01:00:00,-0.0
2023-10-30 02:00:00,-0.0
2023-10-30 03:00:00,-0.0
2023-10-30 04:00:00,52.95505654061932
2023-10-30 05:00:00,91.86797725886392
2023-10-30 06:00:00,214.20901163201353
2023-10-30 07:00:00,450.2557031875401
2023-10-30 08:00:00,495.333901702509
2023-10-30 09:00:00,441.95342612308343
2023-10-30 10:00:00,254.76237870886504
2023-10-30 11:00:00,325.1314268007492
2023-10-30 12:00:00,799.3660365219889
2023-10-30 13:00:00,199.8181364014505
2023-10-30 14:00:00,370.9210274978145
2023-10-30 15:00:00,282.24451791734833
2023-10-30 16:00:00,-0.0
2023-10-30 17:00:00,-0.0
2023-10-30 18:00:00,5.897102695025027e-43
2023-10-30 19:00:00,-0.0
2023-10-30 20:00:00,-0.0
2023-10-30 21:00:00,-0.0
2023-10-30 22:00:00,-0.0
2023-10-30 23:00:00,-0.0
2023-10-31 00:00:00,-0.0
2023-10-31 01:00:00,-0.0
2023-10-31 02:00:00,-0.0
2023-10-31 03:00:00,0.0
2023-10-31 04:00:00,139.40947529401794
2023-10-31 05:00:00,91.38377551555
2023-10-31 06:00:00,175.7080509112666
2023-10-31 07:00:00,321.7801518819945
2023-10-31 08:00:00,769.7237347815101
2023-10-31 09:00:00,1083.9107484598985
2023-10-31 10:00:00,254.7636791051751
2023-10-31 11:00:00,329.1316087219672
2023-10-31 12:00:00,200.60243704854528
2023-10-31 13:00:00,346.2399476995341
2023-10-31 14:00:00,96.38097246507311
2023-10-31 15:00:00,107.67055834073903
2023-10-31 16:00:00,1.5996319044148395e-42
2023-10-31 17:00:00,-0.0
2023-10-31 18:00:00,-0.0
2023-10-31 19:00:00,-0.0
2023-10-31 20:00:00,0.0
2023-10-31 21:00:00,-0.0
2023-10-31 22:00:00,-0.0
2023-10-31 23:00:00,-0.0
2023-11-01 00:00:00,0.0
2023-11-01 01:00:00,-0.0
2023-11-01 02:00:00,0.0
2023-11-01 03:00:00,-0.0
2023-11-01 04:00:00,216.1514026679055
2023-11-01 05:00:00,951.146676050739
2023-11-01 06:00:00,1406.5172231487925
2023-11-01 07:00:00,1601.8310555307492
2023-11-01 08:00:00,1689.5970990253159
2023-11-01 09:00:00,1416.5830759327407
2023-11-01 10:00:00,1848.230306083267
2023-11-01 11:00:00,1115.2029976503902
2023-11-01 12:00:00,1028.1529886595981
2023-11-01 13:00:00,1156.0775302565512
2023-11-01 14:00:00,754.6035399823285
2023-11-01 15:00:00,378.66289209244337
2023-11-01 16:00:00,-0.0
2023-11-01 17:00:00,-0.0
2023-11-01 18:00:00,0.0
2023-11-01 19:00:00,0.0
2023-11-01 20:00:00,-0.0
2023-11-01 21:00:00,0.0
2023-11-01 22:00:00,-0.0
2023-11-01 23:00:00,-0.0
2023-11-02 00:00:00,1.1833600556233961e-42
2023-11-02 01:00:00,-0.0
2023-11-02 02:00:00,0.0
2023-11-02 03:00:00,-0.0
2023-11-02 04:00:00,74.20023338095936
2023-11-02 05:00:00,982.8557090232282
2023-11-02 06:00:00,1356.62537102029
2023-11-02 07:00:00,1536.534167615424
2023-11-02 08:00:00,1627.9267958951434
2023-11-02 09:00:00,1851.6263767205785
2023-11-02 10:00:00,1859.7805722648027
2023-11-02 11:00:00,1802.7102021226738
2023-11-02 12:00:00,1616.6999126727615
2023-11-02 13:00:00,1338.6100975735558
2023-11-02 14:00:00,987.2720231141598
2023-11-02 15:00:00,303.73232917891835
2023-11-02 16:00:00,0.0
2023-11-02 17:00:00,-0.0
2023-11-02 18:00:00,-0.0
2023-11-02 19:00:00,0.0
2023-11-02 20:00:00,0.0
2023-11-02 21:00:00,-0.0
2023-11-02 22:00:00,-0.0
2023-11-02 23:00:00,0.0
2023-11-03 00:00:00,0.0
2023-11-03 01:00:00,-0.0
2023-11-03 02:00:00,-0.0
2023-11-03 03:00:00,3.638756170190372e-42
2023-11-03 04:00:00,156.3388182535795
2023-11-03 05:00:00,644.1412937829948
2023-11-03 06:00:00,1169.9204971779989
2023-11-03 07:00:00,1297.4494190507298
2023-11-03 08:00:00,1486.310189615835
2023-11-03 09:00:00,1896.2009898993222
2023-11-03 10:00:00,1881.193006725919
2023-11-03 11:00:00,1741.3539043209669
2023-11-03 12:00:00,1594.23469166466
2023-11-03 13:00:00,1292.820144897625
2023-11-03 14:00:00,654.5880354133197
2023-11-03 15:00:00,257.6421402271948
2023-11-03 16:00:00,-0.0
2023-11-03 17:00:00,3.171525047407186e-42
2023-11-03 18:00:00,1.965238713372237e-42
2023-11-03 19:00:00,-0.0
2023-11-03 20:00:00,-0.0
2023-11-03 21:00:00,0.0
2023-11-03 22:00:00,-0.0
2023-11-03 23:00:00,-0.0
2023-11-04 00:00:00,-0.0
2023-11-04 01:00:00,-0.0
2023-11-04 02:00:00,4.0584157051698766e-42
2023-11-04 03:00:00,-0.0
2023-11-04 04:00:00,171.18369637288916
2023-11-04 05:00:00,574.9553337977449
2023-11-04 06:00:00,1019.2586148546061
2023-11-04 07:00:00,1599.509936855524
2023-11-04 08:00:00,1828.631614112894
2023-11-04 09:00:00,1926.5691567601075
2023-11-04 10:00:00,1928.5082470385728
2023-11-04 11:00:00,1817.0815754673454
2023-11-04 12:00:00,1081.6343389767799
2023-11-04 13:00:00,640.6905508430308
2023-11-04 14:00:00,168.77163530711903
2023-11-04 15:00:00,214.96473229300193
2023-11-04 16:00:00,0.0
2023-11-04 17:00:00,0.0
2023-11-04 18:00:00,0.0
2023-11-04 19:00:00,-0.0
2023-11-04 20:00:00,1.7722248391575632e-43
2023-11-04 21:00:00,4.74661762115306e-42
2023-11-04 22:00:00,-0.0
2023-11-04 23:00:00,-0.0
2023-11-05 00:00:00,-0.0
2023-11-05 01:00:00,-0.0
2023-11-05 02:00:00,0.0
2023-11-05 03:00:00,-0.0
2023-11-05 04:00:00,199.5476556322275
2023-11-05 05:00:00,961.62174462643
2023-11-05 06:00:00,1353.9407428526338
2023-11-05 07:00:00,1651.490253349592
2023-11-05 08:00:00,1827.4722095550183
2023-11-05 09:00:00,1914.3256946859706
2023-11-05 10:00:00,1911.9798983860217
2023-11-05 11:00:00,1822.9954507398847
2023-11-05 12:00:00,1657.2497361927744
2023-11-05 13:00:00,227.3449727332783
2023-11-05 14:00:00,96.37526140891792
2023-11-05 15:00:00,351.4352525735869
2023-11-05 16:00:00,-0.0
2023-11-05 17:00:00,-0.0
2023-11-05 18:00:00,-0.0
2023-11-05 19:00:00,-0.0
2023-11-05 20:00:00,-0.0
2023-11-05 21:00:00,3.4070305712249105e-43
2023-11-05 22:00:00,0.0
2023-11-05 23:00:00,-0.0
2023-11-06 00:00:00,-0.0
2023-11-06 01:00:00,9.689565063632108e-43
2023-11-06 02:00:00,-0.0
2023-11-06 03:00:00,-0.0
2023-11-06 04:00:00,53.9286443019728
2023-11-06 05:00:00,313.55841817985834
2023-11-06 06:00:00,961.9469484093427
2023-11-06 07:00:00,1453.966202530125
2023-11-06 08:00:00,1852.3946007200298
2023-11-06 09:00:00,1912.8811889592062
2023-11-06 10:00:00,1929.6225934572155
2023-11-06 11:00:00,1832.8699824699963
2023-11-06 12:00:00,1645.8742853651604
2023-11-06 13:00:00,1367.542522398298
2023-11-06 14:00:00,786.3327148491181
2023-11-06 15:00:00,69.5135699188404
2023-11-06 16:00:00,2.2252111985348346e-42
2023-11-06 17:00:00,9.570096755109104e-42
2023-11-06 18:00:00,7.998000633430971e-42
2023-11-06 19:00:00,0.0
2023-11-06 20:00:00,-0.0
2023-11-06 21:00:00,4.370149363727968e-42
2023-11-06 22:00:00,-0.0
2023-11-06 23:00:00,0.0
2023-11-07 00:00:00,0.0
2023-11-07 01:00:00,-0.0
2023-11-07 02:00:00,-0.0
2023-11-07 03:00:00,0.0
2023-11-07 04:00:00,271.7012122899633
2023-11-07 05:00:00,364.7392790718775
2023-11-07 06:00:00,754.8397265543301
2023-11-07 07:00:00,1129.8591661675803
2023-11-07 08:00:00,385.5616172604671
2023-11-07 09:00:00,285.64024838883284
2023-11-07 10:00:00,911.5969249310918
2023-11-07 11:00:00,528.804171415394
2023-11-07 12:00:00,192.8530115658533
2023-11-07 13:00:00,180.59841701421408
2023-11-07 14:00:00,161.1184600322545
2023-11-07 15:00:00,83.36348980119882
2023-11-07 16:00:00,2.00544754160308
2023-11-07 17:00:00,2.5462572485398976e-42
2023-11-07 18:00:00,0.0
2023-11-07 19:00:00,1.0893887890174952e-42
2023-11-07 20:00:00,1.611402041829809e-42
2023-11-07 21:00:00,-0.0
2023-11-07 22:00:00,1.510777611195933e-42
2023-11-07 23:00:00,-0.0
2023-11-08 00:00:00,-0.0
2023-11-08 01:00:00,-0.0
2023-11-08 02:00:00,0.0
2023-11-08 03:00:00,-0.0
2023-11-08 04:00:00,261.9016515521394
2023-11-08 05:00:00,212.25528013996373
2023-11-08 06:00:00,1214.8299729961059
2023-11-08 07:00:00,1641.5501368791863
2023-11-08 08:00:00,1924.6359850459119
2023-11-08 09:00:00,1993.9056480960976
2023-11-08 10:00:00,977.4943902197956
2023-11-08 11:00:00,1316.4626333066324
2023-11-08 12:00:00,1509.269353050506
2023-11-08 13:00:00,1345.2732189117178
2023-11-08 14:00:00,1074.6105534248718
2023-11-08 15:00:00,343.0757531474524
2023-11-08 16:00:00,1.9853337103206807
2023-11-08 17:00:00,0.0
2023-11-08 18:00:00,-0.0
2023-11-08 19:00:00,-0.0
2023-11-08 20:00:00,-0.0
2023-11-08 21:00:00,-0.0
2023-11-08 22:00:00,-0.0
2023-11-08 23:00:00,0.0
2023-11-09 00:00:00,-0.0
2023-11-09 01:00:00,-0.0
2023-11-09 02:00:00,-0.0
2023-11-09 03:00:00,-0.0
2023-11-09 04:00:00,40.732146353626725
2023-11-09 05:00:00,97.51927816120389
2023-11-09 06:00:00,260.78110691787157
2023-11-09 07:00:00,515.2439111660022
2023-11-09 08:00:00,517.0494764489432
2023-11-09 09:00:00,513.8300935298743
2023-11-09 10:00:00,505.33987942673093
2023-11-09 11:00:00,424.5307289551561
2023-11-09 12:00:00,305.24682912139053
2023-11-09 13:00:00,314.4428588601393
2023-11-09 14:00:00,210.88846560630512
2023-11-09 15:00:00,188.8604344149382
2023-11-09 16:00:00,2.008352280816322
2023-11-09 17:00:00,-0.0
2023-11-09 18:00:00,0.0
2023-11-09 19:00:00,-0.0
2023-11-09 20:00:00,-0.0
2023-11-09 21:00:00,1.2548942789237434e-42
2023-11-09 22:00:00,2.5268579373022615e-42
2023-11-09 23:00:00,-0.0
2023-11-10 00:00:00,-0.0
2023-11-10 01:00:00,-0.0
2023-11-10 02:00:00,0.0
2023-11-10 03:00:00,5.192180774626863e-42
2023-11-10 04:00:00,161.74800977344577
2023-11-10 05:00:00,913.0166119855814
2023-11-10 06:00:00,1226.1410806914232
2023-11-10 07:00:00,1716.0860886620728
2023-11-10 08:00:00,1364.6217545912941
2023-11-10 09:00:00,1961.8481947082844
2023-11-10 10:00:00,1758.6776268156743
2023-11-10 11:00:00,1831.1441083455045
2023-11-10 12:00:00,1213.6727183799524
2023-11-10 13:00:00,860.4193546965743
2023-11-10 14:00:00,813.0858774401989
2023-11-10 15:00:00,324.9657008578692
2023-11-10 16:00:00,6.201445586782307
2023-11-10 17:00:00,-0.0
2023-11-10 18:00:00,-0.0
2023-11-10 19:00:00,3.4070305712249105e-43
2023-11-10 20:00:00,-0.0
2023-11-10 21:00:00,0.0
2023-11-10 22:00:00,-0.0
2023-11-10 23:00:00,-0.0
2023-11-11 00:00:00,-0.0
2023-11-11 01:00:00,0.0
2023-11-11 02:00:00,0.0
2023-11-11 03:00:00,-0.0
2023-11-11 04:00:00,195.12889770743573
2023-11-11 05:00:00,846.528954351029
2023-11-11 06:00:00,1442.1305668963876
2023-11-11 07:00:00,1760.742094060295
2023-11-11 08:00:00,1944.2936865134209
2023-11-11 09:00:00,2040.4565456307187
2023-11-11 10:00:00,2021.8115044929305
2023-11-11 11:00:00,1929.1306919089757
2023-11-11 12:00:00,1748.2712955964641
2023-11-11 13:00:00,1481.6920427093767
2023-11-11 14:00:00,1106.7782982114168
2023-11-11 15:00:00,310.8174202612576
2023-11-11 16:00:00,16.87309393694213
2023-11-11 17:00:00,5.814075419815294e-42
2023-11-11 18:00:00,2.2252111985348346e-42
2023-11-11 19:00:00,-0.0
2023-11-11 20:00:00,-0.0
2023-11-11 21:00:00,2.4012453866864942e-42
2023-11-11 22:00:00,-0.0
2023-11-11 23:00:00,-0.0
2023-11-12 00:00:00,-0.0
2023-11-12 01:00:00,-0.0
2023-11-12 02:00:00,-0.0
2023-11-12 03:00:00,0.0
2023-11-12 04:00:00,40.38649542590265
2023-11-12 05:00:00,107.72544081597788
2023-11-12 06:00:00,182.27723139242318
2023-11-12 07:00:00,466.4860266953099
2023-11-12 08:00:00,975.8564981479911
2023-11-12 09:00:00,576.6662129800892
2023-11-12 10:00:00,530.0126635986733
2023-11-12 11:00:00,563.976932083884
2023-11-12 12:00:00,327.2573293565807
2023-11-12 13:00:00,308.4881261891885
2023-11-12 14:00:00,101.69587926892248
2023-11-12 15:00:00,83.26232004878553
2023-11-12 16:00:00,10.857546941980093
2023-11-12 17:00:00,0.0
2023-11-12 18:00:00,2.2303003869793147e-42
2023-11-12 19:00:00,4.0576170013227274e-42
2023-11-12 20:00:00,-0.0
2023-11-12 21:00:00,-0.0
2023-11-12 22:00:00,-0.0
2023-11-12 23:00:00,-0.0
2023-11-13 00:00:00,-0.0
2023-11-13 01:00:00,0.0
2023-11-13 02:00:00,0.0
2023-11-13 03:00:00,-0.0
2023-11-13 04:00:00,43.576729870029354
2023-11-13 05:00:00,125.54552994192973
2023-11-13 06:00:00,267.9719755153096
2023-11-13 07:00:00,561.7025098556647
2023-11-13 08:00:00,1145.9684174691185
2023-11-13 09:00:00,1145.989429240213
2023-11-13 10:00:00,310.5489157175841
2023-11-13 11:00:00,391.7020621077938
2023-11-13 12:00:00,344.7989754893638
2023-11-13 13:00:00,367.8537361447481
2023-11-13 14:00:00,202.7107516198421
2023-11-13 15:00:00,226.7982811603185
2023-11-13 16:00:00,4.150813259138571
2023-11-13 17:00:00,-0.0
2023-11-13 18:00:00,-0.0
2023-11-13 19:00:00,-0.0
2023-11-13 20:00:00,-0.0
2023-11-13 21:00:00,-0.0
2023-11-13 22:00:00,-0.0
2023-11-13 23:00:00,-0.0
2023-11-14 00:00:00,-0.0
2023-11-14 01:00:00,-0.0
2023-11-14 02:00:00,-0.0
2023-11-14 03:00:00,-0.0
2023-11-14 04:00:00,43.95160053621822
2023-11-14 05:00:00,135.10769111074111
2023-11-14 06:00:00,510.76404349290203
2023-11-14 07:00:00,1029.3484432304565
2023-11-14 08:00:00,850.9514590912942
2023-11-14 09:00:00,548.7102452632972
2023-11-14 10:00:00,809.5983911959132
2023-11-14 11:00:00,413.96629207377015
2023-11-14 12:00:00,663.5706594834076
2023-11-14 13:00:00,243.11292265063713
2023-11-14 14:00:00,234.7844515396892
2023-11-14 15:00:00,175.82436495069066
2023-11-14 16:00:00,13.280129735903314
2023-11-14 17:00:00,3.638756170190372e-42
2023-11-14 18:00:00,-0.0
2023-11-14 19:00:00,-0.0
2023-11-14 20:00:00,-0.0
2023-11-14 21:00:00,7.551946638916193e-44
2023-11-14 22:00:00,-0.0
2023-11-14 23:00:00,4.4765907169870935e-43
2023-11-15 00:00:00,-0.0
2023-11-15 01:00:00,0.0
2023-11-15 02:00:00,-0.0
2023-11-15 03:00:00,0.0
2023-11-15 04:00:00,43.96136485318279
2023-11-15 05:00:00,172.98284497317402
2023-11-15 06:00:00,405.45265853272906
2023-11-15 07:00:00,1350.855589657986
2023-11-15 08:00:00,1631.1444110102318
2023-11-15 09:00:00,1788.9976025940969
2023-11-15 10:00:00,1484.6820959371005
2023-11-15 11:00:00,1132.026057000648
2023-11-15 12:00:00,1230.085595444509
2023-11-15 13:00:00,417.434116004053
2023-11-15 14:00:00,742.4258513629521
2023-11-15 15:00:00,342.55595401625686
2023-11-15 16:00:00,17.762187692335775
2023-11-15 17:00:00,7.74511749936791e-43
2023-11-15 18:00:00,-0.0
2023-11-15 19:00:00,0.0
2023-11-15 20:00:00,-0.0
2023-11-15 21:00:00,0.0
2023-11-15 22:00:00,-0.0
2023-11-15 23:00:00,-0.0
2023-11-16 00:00:00,-0.0
2023-11-16 01:00:00,-0.0
2023-11-16 02:00:00,2.7711107724487223e-42
2023-11-16 03:00:00,-0.0
2023-11-16 04:00:00,98.00710179646512
2023-11-16 05:00:00,1033.9477534878072
2023-11-16 06:00:00,1505.9477466322317
2023-11-16 07:00:00,1705.1683433806716
2023-11-16 08:00:00,1594.472722079201
2023-11-16 09:00:00,2028.7028580177555
2023-11-16 10:00:00,1978.2575349762403
2023-11-16 11:00:00,1145.7974820734003
2023-11-16 12:00:00,1755.3192399794202
2023-11-16 13:00:00,1458.112201747407
2023-11-16 14:00:00,892.4523128012139
2023-11-16 15:00:00,214.78603293504273
2023-11-16 16:00:00,23.97260508843121
2023-11-16 17:00:00,-0.0
2023-11-16 18:00:00,0.0
2023-11-16 19:00:00,-0.0
2023-11-16 20:00:00,-0.0
2023-11-16 21:00:00,-0.0
2023-11-16 22:00:00,2.5166109703743285e-42
2023-11-16 23:00:00,3.479489308481342e-42
2023-11-17 00:00:00,0.0
2023-11-17 01:00:00,3.1506756862663935e-42
2023-11-17 02:00:00,-0.0
2023-11-17 03:00:00,-0.0
2023-11-17 04:00:00,48.48621538149377
2023-11-17 05:00:00,383.5400118562364
2023-11-17 06:00:00,1419.87416680407
2023-11-17 07:00:00,1713.1090346702447
2023-11-17 08:00:00,1956.8211304414208
2023-11-17 09:00:00,2064.803647925436
2023-11-17 10:00:00,2052.9544662897406
2023-11-17 11:00:00,1965.649992783562
2023-11-17 12:00:00,1783.119651172628
2023-11-17 13:00:00,1541.4232312587003
2023-11-17 14:00:00,153.44758749593245
2023-11-17 15:00:00,66.86614131631794
2023-11-17 16:00:00,17.08136197765023
2023-11-17 17:00:00,-0.0
2023-11-17 18:00:00,0.0
2023-11-17 19:00:00,-0.0
2023-11-17 20:00:00,0.0
2023-11-17 21:00:00,8.495781180668688e-42
2023-11-17 22:00:00,0.0
2023-11-17 23:00:00,-0.0
2023-11-18 00:00:00,-0.0
2023-11-18 01:00:00,-0.0
2023-11-18 02:00:00,0.0
2023-11-18 03:00:00,2.1787806891048067
2023-11-18 04:00:00,50.76393242803337
2023-11-18 05:00:00,199.4035508069085
2023-11-18 06:00:00,1000.3609406001638
2023-11-18 07:00:00,1541.099171222182
2023-11-18 08:00:00,1863.9385382522278
2023-11-18 09:00:00,1983.615853377223
2023-11-18 10:00:00,1394.146537200182
2023-11-18 11:00:00,1616.154394077336
2023-11-18 12:00:00,1559.5278389963028
2023-11-18 13:00:00,767.4525802101027
2023-11-18 14:00:00,1131.6680654727443
2023-11-18 15:00:00,287.16067931241673
2023-11-18 16:00:00,39.53847376480256
2023-11-18 17:00:00,5.600850173905885e-43
2023-11-18 18:00:00,-0.0
2023-11-18 19:00:00,-0.0
2023-11-18 20:00:00,9.301562374896311e-42
2023-11-18 21:00:00,0.0
2023-11-18 22:00:00,-0.0
2023-11-18 23:00:00,-0.0
2023-11-19 00:00:00,0.0
2023-11-19 01:00:00,-0.0
2023-11-19 02:00:00,-0.0
2023-11-19 03:00:00,2.164604702587518
2023-11-19 04:00:00,311.19789982250796
2023-11-19 05:00:00,1065.005639092862
2023-11-19 06:00:00,1467.2746805760385
2023-11-19 07:00:00,1756.317803864998
2023-11-19 08:00:00,1951.9857429165363
2023-11-19 09:00:00,2055.2008732846543
2023-11-19 10:00:00,2040.3744681113442
2023-11-19 11:00:00,1863.3111144750449
2023-11-19 12:00:00,1373.2734185300233
2023-11-19 13:00:00,1241.7176924085454
2023-11-19 14:00:00,1141.1686890763444
2023-11-19 15:00:00,294.7683346046307
2023-11-19 16:00:00,39.396966515405374
2023-11-19 17:00:00,-0.0
2023-11-19 18:00:00,-0.0
2023-11-19 19:00:00,-0.0
2023-11-19 20:00:00,-0.0
2023-11-19 21:00:00,-0.0
2023-11-19 22:00:00,0.0
2023-11-19 23:00:00,0.0
2023-11-20 00:00:00,0.0
2023-11-20 01:00:00,2.4834254004342708e-42
2023-11-20 02:00:00,-0.0
2023-11-20 03:00:00,2.1551627304451624
2023-11-20 04:00:00,316.8526138570721
2023-11-20 05:00:00,1007.0562585932302
2023-11-20 06:00:00,1431.7944362747032
2023-11-20 07:00:00,1747.4801168576146
2023-11-20 08:00:00,1919.5277980187504
2023-11-20 09:00:00,2020.5073809429998
2023-11-20 10:00:00,2019.4503595516117
2023-11-20 11:00:00,1949.585190035246
2023-11-20 12:00:00,1769.491353018226
2023-11-20 13:00:00,1517.2414474804607
2023-11-20 14:00:00,916.1580115905365
2023-11-20 15:00:00,255.3420719647219
2023-11-20 16:00:00,26.12076278509958
2023-11-20 17:00:00,0.0
2023-11-20 18:00:00,-0.0
2023-11-20 19:00:00,-0.0
2023-11-20 20:00:00,-0.0
2023-11-20 21:00:00,-0.0
2023-11-20 22:00:00,-0.0
2023-11-20 23:00:00,-0.0
2023-11-21 00:00:00,6.876832222370973e-42
2023-11-21 01:00:00,-0.0
2023-11-21 02:00:00,-0.0
2023-11-21 03:00:00,2.1351873835253543
2023-11-21 04:00:00,263.650164355993
2023-11-21 05:00:00,566.6510741249479
2023-11-21 06:00:00,1314.4733269220555
2023-11-21 07:00:00,1744.960020351497
2023-11-21 08:00:00,1633.1117027193686
2023-11-21 09:00:00,2002.9744487690905
2023-11-21 10:00:00,813.8079691786338
2023-11-21 11:00:00,561.6918554398308
2023-11-21 12:00:00,1298.755774350669
2023-11-21 13:00:00,1235.0460922698871
2023-11-21 14:00:00,1129.699755150952
2023-11-21 15:00:00,285.20069899887534
2023-11-21 16:00:00,36.665881653966885
2023-11-21 17:00:00,-0.0
2023-11-21 18:00:00,-0.0
2023-11-21 19:00:00,0.0
2023-11-21 20:00:00,-0.0
2023-11-21 21:00:00,-0.0
2023-11-21 22:00:00,0.0
2023-11-21 23:00:00,0.0
2023-11-22 00:00:00,7.435918467211509e-42
2023-11-22 01:00:00,0.0
2023-11-22 02:00:00,5.546588612931061e-42
2023-11-22 03:00:00,2.14028984775164
2023-11-22 04:00:00,286.2572997385204
2023-11-22 05:00:00,1070.2410060026864
2023-11-22 06:00:00,1472.0824225314298
2023-11-22 07:00:00,1748.0028312385336
2023-11-22 08:00:00,1928.4923236503096
2023-11-22 09:00:00,2034.6433374209091
2023-11-22 10:00:00,2029.7457538967535
2023-11-22 11:00:00,1947.7452348094132
2023-11-22 12:00:00,1784.2568057276055
2023-11-22 13:00:00,1526.7989073535232
2023-11-22 14:00:00,1155.1049818695653
2023-11-22 15:00:00,311.5042277809359
2023-11-22 16:00:00,50.640827355575986
2023-11-22 17:00:00,0.0
2023-11-22 18:00:00,0.0
2023-11-22 19:00:00,-0.0
2023-11-22 20:00:00,1.7653294140161126e-41
2023-11-22 21:00:00,8.432579495762831e-42
2023-11-22 22:00:00,0.0
2023-11-22 23:00:00,0.0
2023-11-23 00:00:00,-0.0
2023-11-23 01:00:00,-0.0
2023-11-23 02:00:00,6.461087510653319e-42
2023-11-23 03:00:00,2.1125035489323003
2023-11-23 04:00:00,313.6889116848297
2023-11-23 05:00:00,1073.9920146171623
2023-11-23 06:00:00,1496.2789575492588
2023-11-23 07:00:00,1785.2296805519843
2023-11-23 08:00:00,1960.722050766096
2023-11-23 09:00:00,2059.3806227774276
2023-11-23 10:00:00,2036.9160904870357
2023-11-23 11:00:00,1948.6989509190785
2023-11-23 12:00:00,1787.6224415542229
2023-11-23 13:00:00,1522.4326187801307
2023-11-23 14:00:00,1154.2593698164324
2023-11-23 15:00:00,297.88223535700166
2023-11-23 16:00:00,52.29532106022673
2023-11-23 17:00:00,0.0
2023-11-23 18:00:00,0.0
2023-11-23 19:00:00,-0.0
2023-11-23 20:00:00,-0.0
2023-11-23 21:00:00,2.2252111985348346e-42
2023-11-23 22:00:00,-0.0
2023-11-23 23:00:00,4.069513056798743e-42
2023-11-24 00:00:00,-0.0
2023-11-24 01:00:00,-0.0
2023-11-24 02:00:00,0.0
2023-11-24 03:00:00,2.1409598286653186
2023-11-24 04:00:00,294.69878219545933
2023-11-24 05:00:00,1125.0372596803784
2023-11-24 06:00:00,1534.7436437516617
2023-11-24 07:00:00,1819.8986787116546
2023-11-24 08:00:00,1991.8894880244916
2023-11-24 09:00:00,2095.826374617024
2023-11-24 10:00:00,2085.7398539887936
2023-11-24 11:00:00,1996.8854862520404
2023-11-24 12:00:00,1826.1450341766051
2023-11-24 13:00:00,1554.4068002898928
2023-11-24 14:00:00,1178.026922504277
2023-11-24 15:00:00,295.708010431607
2023-11-24 16:00:00,73.05330511271785
2023-11-24 17:00:00,-0.0
2023-11-24 18:00:00,-0.0
2023-11-24 19:00:00,0.0
2023-11-24 20:00:00,0.0
2023-11-24 21:00:00,-0.0
2023-11-24 22:00:00,-0.0
2023-11-24 23:00:00,-0.0
2023-11-25 00:00:00,0.0
2023-11-25 01:00:00,-0.0
2023-11-25 02:00:00,6.245885393914972e-42
2023-11-25 03:00:00,2.1370471367011175
2023-11-25 04:00:00,323.2441214112561
2023-11-25 05:00:00,1067.8776031973268
2023-11-25 06:00:00,1484.9089617690072
2023-11-25 07:00:00,1742.3076511157315
2023-11-25 08:00:00,1838.2729612675494
2023-11-25 09:00:00,2001.5743787924378
2023-11-25 10:00:00,2010.2857390138554
2023-11-25 11:00:00,1954.1630690251045
2023-11-25 12:00:00,1802.25684618702
2023-11-25 13:00:00,1552.462061392514
2023-11-25 14:00:00,1185.6378740815383
2023-11-25 15:00:00,302.53433046325176
2023-11-25 16:00:00,44.920088304528775
2023-11-25 17:00:00,-0.0
2023-11-25 18:00:00,0.0
2023-11-25 19:00:00,7.748255693711505e-42
2023-11-25 20:00:00,-0.0
2023-11-25 21:00:00,0.0
2023-11-25 22:00:00,-0.0
2023-11-25 23:00:00,-0.0
2023-11-26 00:00:00,0.0
2023-11-26 01:00:00,-0.0
2023-11-26 02:00:00,-0.0
2023-11-26 03:00:00,2.1312529516214953
2023-11-26 04:00:00,50.09978349793265
2023-11-26 05:00:00,206.0107066330724
2023-11-26 06:00:00,521.36822026622
2023-11-26 07:00:00,1234.986505890162
2023-11-26 08:00:00,1192.7623849403785
2023-11-26 09:00:00,1429.7346097056577
2023-11-26 10:00:00,1650.6024710015788
2023-11-26 11:00:00,1668.4427344440442
2023-11-26 12:00:00,1486.46431045831
2023-11-26 13:00:00,1413.1524083615698
2023-11-26 14:00:00,652.0785465130882
2023-11-26 15:00:00,354.02823878977404
2023-11-26 16:00:00,50.29876885426163
2023-11-26 17:00:00,-0.0
2023-11-26 18:00:00,-0.0
2023-11-26 19:00:00,-0.0
2023-11-26 20:00:00,-0.0
2023-11-26 21:00:00,0.0
2023-11-26 22:00:00,0.0
2023-11-26 23:00:00,-0.0
2023-11-27 00:00:00,-0.0
2023-11-27 01:00:00,0.0
2023-11-27 02:00:00,6.245885393914972e-42
2023-11-27 03:00:00,2.1354689110776786
2023-11-27 04:00:00,42.33105007758353
2023-11-27 05:00:00,140.65640855066155
2023-11-27 06:00:00,343.41944750031223
2023-11-27 07:00:00,757.4811696521801
2023-11-27 08:00:00,1279.2751463284667
2023-11-27 09:00:00,1752.1619931441196
2023-11-27 10:00:00,1965.1642717926081
2023-11-27 11:00:00,1777.4988258337241
2023-11-27 12:00:00,1761.2636816079687
2023-11-27 13:00:00,1566.684108970003
2023-11-27 14:00:00,1191.9197102106218
2023-11-27 15:00:00,322.11881457118847
2023-11-27 16:00:00,91.76079070106508
2023-11-27 17:00:00,-0.0
2023-11-27 18:00:00,-0.0
2023-11-27 19:00:00,-0.0
2023-11-27 20:00:00,-0.0
2023-11-27 21:00:00,-0.0
2023-11-27 22:00:00,-0.0
2023-11-27 23:00:00,-0.0
2023-11-28 00:00:00,2.401237378502046e-42
2023-11-28 01:00:00,2.401237378502046e-42
2023-11-28 02:00:00,0.0
2023-11-28 03:00:00,2.141007497866009
2023-11-28 04:00:00,63.398846588585485
2023-11-28 05:00:00,97.54846330058093
2023-11-28 06:00:00,511.91369129912397
2023-11-28 07:00:00,606.6816496386142
2023-11-28 08:00:00,1555.4493040483337
2023-11-28 09:00:00,1692.4909035570151
2023-11-28 10:00:00,2069.4764645227824
2023-11-28 11:00:00,2005.3006785909013
2023-11-28 12:00:00,1846.8806057636245
2023-11-28 13:00:00,1576.8871540333919
2023-11-28 14:00:00,1184.0184868862846
2023-11-28 15:00:00,311.17638463411527
2023-11-28 16:00:00,90.50420347876856
2023-11-28 17:00:00,-0.0
2023-11-28 18:00:00,0.0
2023-11-28 19:00:00,0.0
2023-11-28 20:00:00,-0.0
2023-11-28 21:00:00,-0.0
2023-11-28 22:00:00,0.0
2023-11-28 23:00:00,0.0
2023-11-29 00:00:00,0.0
2023-11-29 01:00:00,-0.0
2023-11-29 02:00:00,-0.0
2023-11-29 03:00:00,19.241201919780448
2023-11-29 04:00:00,45.22366840790177
2023-11-29 05:00:00,98.58180176219369
2023-11-29 06:00:00,172.23655474357636
2023-11-29 07:00:00,855.7714044197144
2023-11-29 08:00:00,1011.800794382574
2023-11-29 09:00:00,563.6582302132922
2023-11-29 10:00:00,442.5947340589238
2023-11-29 11:00:00,348.50715977457054
2023-11-29 12:00:00,259.69737887592913
2023-11-29 13:00:00,163.81937599297555
2023-11-29 14:00:00,178.22616254158572
2023-11-29 15:00:00,110.0435917345816
2023-11-29 16:00:00,14.377093587157384
2023-11-29 17:00:00,2.1309681416818234e-42
2023-11-29 18:00:00,-0.0
2023-11-29 19:00:00,2.8379655475793727e-42
2023-11-29 20:00:00,-0.0
2023-11-29 21:00:00,0.0
2023-11-29 22:00:00,7.171470246498263e-43
2023-11-29 23:00:00,0.0
2023-11-30 00:00:00,-0.0
2023-11-30 01:00:00,-0.0
2023-11-30 02:00:00,-0.0
2023-11-30 03:00:00,4.615792368698345
2023-11-30 04:00:00,297.75364944285514
2023-11-30 05:00:00,1230.4761520311808
2023-11-30 06:00:00,1671.3450425763726
2023-11-30 07:00:00,1831.954305563695
2023-11-30 08:00:00,1675.6195178262049
2023-11-30 09:00:00,1961.0332873163763
2023-11-30 10:00:00,2129.902234882892
2023-11-30 11:00:00,2075.6334202898506
2023-11-30 12:00:00,1953.4166032729574
2023-11-30 13:00:00,1678.6917000144795
2023-11-30 14:00:00,1303.0362286310904
2023-11-30 15:00:00,348.89964570365277
2023-11-30 16:00:00,66.67572578431856
2023-11-30 17:00:00,0.0
2023-11-30 18:00:00,-0.0
2023-11-30 19:00:00,-0.0
2023-11-30 20:00:00,-0.0
2023-11-30 21:00:00,-0.0
2023-11-30 22:00:00,0.0
2023-11-30 23:00:00,-0.0
2023-12-01 00:00:00,-0.0
2023-12-01 01:00:00,-0.0
2023-12-01 02:00:00,-0.0
2023-12-01 03:00:00,2.221239086702477
2023-12-01 04:00:00,290.85942480546964
2023-12-01 05:00:00,1199.2543693757982
2023-12-01 06:00:00,1112.58207389477
2023-12-01 07:00:00,1704.304294510587
2023-12-01 08:00:00,2094.4774401354343
2023-12-01 09:00:00,2240.017813428692
2023-12-01 10:00:00,2229.5192557928526
2023-12-01 11:00:00,2145.635157720509
2023-12-01 12:00:00,1980.0958172623107
2023-12-01 13:00:00,1715.6023861034396
2023-12-01 14:00:00,1336.5739161802667
2023-12-01 15:00:00,325.36649143260314
2023-12-01 16:00:00,110.20754923117919
2023-12-01 17:00:00,-0.0
2023-12-01 18:00:00,-0.0
2023-12-01 19:00:00,0.0
2023-12-01 20:00:00,-0.0
2023-12-01 21:00:00,0.0
2023-12-01 22:00:00,0.0
2023-12-01 23:00:00,-0.0
2023-12-02 00:00:00,-0.0
2023-12-02 01:00:00,-0.0
2023-12-02 02:00:00,-0.0
2023-12-02 03:00:00,4.623651042744941
2023-12-02 04:00:00,297.02288238599004
2023-12-02 05:00:00,1213.5041781751877
2023-12-02 06:00:00,1705.3941375945756
2023-12-02 07:00:00,1983.2391503945519
2023-12-02 08:00:00,2162.9891619627747
2023-12-02 09:00:00,2259.358235551248
2023-12-02 10:00:00,2242.3681087176706
2023-12-02 11:00:00,2151.113591290951
2023-12-02 12:00:00,1974.2760442954464
2023-12-02 13:00:00,1707.5686481057269
2023-12-02 14:00:00,1323.8122933939221
2023-12-02 15:00:00,323.62924802784306
2023-12-02 16:00:00,117.38966995037954
2023-12-02 17:00:00,8.74837407129119e-42
2023-12-02 18:00:00,-0.0
2023-12-02 19:00:00,-0.0
2023-12-02 20:00:00,-0.0
2023-12-02 21:00:00,0.0
2023-12-02 22:00:00,-0.0
2023-12-02 23:00:00,-0.0
2023-12-03 00:00:00,0.0
2023-12-03 01:00:00,-0.0
2023-12-03 02:00:00,0.0
2023-12-03 03:00:00,2.178207661224948
2023-12-03 04:00:00,45.51169990252298
2023-12-03 05:00:00,538.9173721196993
2023-12-03 06:00:00,1183.6215341581826
2023-12-03 07:00:00,1379.5192132879638
2023-12-03 08:00:00,1535.8636581423282
2023-12-03 09:00:00,1963.1123055283833
2023-12-03 10:00:00,2041.4225763003653
2023-12-03 11:00:00,2146.1094920642895
2023-12-03 12:00:00,1964.3057927406744
2023-12-03 13:00:00,1685.6190687941478
2023-12-03 14:00:00,1303.8880269389201
2023-12-03 15:00:00,326.58173726434046
2023-12-03 16:00:00,117.24521061826721
2023-12-03 17:00:00,0.0
2023-12-03 18:00:00,-0.0
2023-12-03 19:00:00,7.936337072591366e-42
2023-12-03 20:00:00,-0.0
2023-12-03 21:00:00,1.0888330117175561e-41
2023-12-03 22:00:00,0.0
2023-12-03 23:00:00,-0.0
2023-12-04 00:00:00,0.0
2023-12-04 01:00:00,-0.0
2023-12-04 02:00:00,-0.0
2023-12-04 03:00:00,2.1870147981513712
2023-12-04 04:00:00,83.12285755430244
2023-12-04 05:00:00,185.99814976131313
2023-12-04 06:00:00,477.95873806136694
2023-12-04 07:00:00,1378.1961259341915
2023-12-04 08:00:00,1553.9198116853868
2023-12-04 09:00:00,2162.5539159903055
2023-12-04 10:00:00,2179.4393113414617
2023-12-04 11:00:00,2101.6092100232418
2023-12-04 12:00:00,1922.2442128774144
2023-12-04 13:00:00,1646.111654457461
2023-12-04 14:00:00,1268.4848153746202
2023-12-04 15:00:00,392.9747881768397
2023-12-04 16:00:00,65.60042005237547
2023-12-04 17:00:00,8.763909287489233e-42
2023-12-04 18:00:00,-0.0
2023-12-04 19:00:00,0.0
2023-12-04 20:00:00,-0.0
2023-12-04 21:00:00,9.705274788237706e-42
2023-12-04 22:00:00,-0.0
2023-12-04 23:00:00,-0.0
2023-12-05 00:00:00,-0.0
2023-12-05 01:00:00,0.0
2023-12-05 02:00:00,0.0
2023-12-05 03:00:00,2.159877913414343
2023-12-05 04:00:00,42.64723123201876
2023-12-05 05:00:00,574.4906715678064
2023-12-05 06:00:00,223.69017122908795
2023-12-05 07:00:00,363.98749132299497
2023-12-05 08:00:00,759.4445266092573
2023-12-05 09:00:00,1077.0149737852958
2023-12-05 10:00:00,884.0679066758183
2023-12-05 11:00:00,992.1288952414441
2023-12-05 12:00:00,882.1282150866119
2023-12-05 13:00:00,222.3381043028512
2023-12-05 14:00:00,805.1266319035817
2023-12-05 15:00:00,414.9332714792148
2023-12-05 16:00:00,21.687392526926125
2023-12-05 17:00:00,-0.0
2023-12-05 18:00:00,-0.0
2023-12-05 19:00:00,-0.0
2023-12-05 20:00:00,-0.0
2023-12-05 21:00:00,-0.0
2023-12-05 22:00:00,4.2347479109218007e-42
2023-12-05 23:00:00,-0.0
2023-12-06 00:00:00,0.0
2023-12-06 01:00:00,0.0
2023-12-06 02:00:00,0.0
2023-12-06 03:00:00,2.1833675688828844
2023-12-06 04:00:00,43.1616094325138
2023-12-06 05:00:00,99.82577348810297
2023-12-06 06:00:00,193.46511778074014
2023-12-06 07:00:00,387.8266268370234
2023-12-06 08:00:00,303.5473548938147
2023-12-06 09:00:00,328.7195969613282
2023-12-06 10:00:00,258.9088522452745
2023-12-06 11:00:00,373.74258656812486
2023-12-06 12:00:00,491.7754464466428
2023-12-06 13:00:00,259.0230140133469
2023-12-06 14:00:00,326.7513360984399
2023-12-06 15:00:00,77.53756952587948
2023-12-06 16:00:00,102.95590980579959
2023-12-06 17:00:00,-0.0
2023-12-06 18:00:00,-0.0
2023-12-06 19:00:00,-0.0
2023-12-06 20:00:00,-0.0
2023-12-06 21:00:00,-0.0
2023-12-06 22:00:00,4.4175499580648174e-42
2023-12-06 23:00:00,0.0
2023-12-07 00:00:00,0.0
2023-12-07 01:00:00,5.1661325457444885e-42
2023-12-07 02:00:00,0.0
2023-12-07 03:00:00,2.1885133016234883
2023-12-07 04:00:00,51.1611273539288
2023-12-07 05:00:00,99.65956056337649
2023-12-07 06:00:00,215.80369650868758
2023-12-07 07:00:00,295.68229961576134
2023-12-07 08:00:00,1108.2494786228592
2023-12-07 09:00:00,853.5083669563284
2023-12-07 10:00:00,553.32113096544
2023-12-07 11:00:00,555.3816332693897
2023-12-07 12:00:00,326.19042416434013
2023-12-07 13:00:00,193.54644133646525
2023-12-07 14:00:00,246.12761244380334
2023-12-07 15:00:00,281.01456009906207
2023-12-07 16:00:00,118.5948605011045
2023-12-07 17:00:00,-0.0
2023-12-07 18:00:00,-0.0
2023-12-07 19:00:00,0.0
2023-12-07 20:00:00,-0.0
2023-12-07 21:00:00,-0.0
2023-12-07 22:00:00,-0.0
2023-12-07 23:00:00,-0.0
2023-12-08 00:00:00,-0.0
2023-12-08 01:00:00,0.0
2023-12-08 02:00:00,-0.0
2023-12-08 03:00:00,2.1697139085997774
2023-12-08 04:00:00,83.06072569950635
2023-12-08 05:00:00,187.10015392891037
2023-12-08 06:00:00,535.145415144888
2023-12-08 07:00:00,551.7284426563762
2023-12-08 08:00:00,1492.9714595742669
2023-12-08 09:00:00,1112.3506198183693
2023-12-08 10:00:00,1549.7913152072247
2023-12-08 11:00:00,1385.1633457110893
2023-12-08 12:00:00,1202.2085080871655
2023-12-08 13:00:00,979.8096360982621
2023-12-08 14:00:00,1072.6086794610949
2023-12-08 15:00:00,377.28890717443096
2023-12-08 16:00:00,13.968030807064885
2023-12-08 17:00:00,-0.0
2023-12-08 18:00:00,-0.0
2023-12-08 19:00:00,-0.0
2023-12-08 20:00:00,9.10833644321612e-42
2023-12-08 21:00:00,0.0
2023-12-08 22:00:00,8.495781180668688e-42
2023-12-08 23:00:00,-0.0
2023-12-09 00:00:00,0.0
2023-12-09 01:00:00,-0.0
2023-12-09 02:00:00,-0.0
2023-12-09 03:00:00,2.152660109082345
2023-12-09 04:00:00,42.59546817324421
2023-12-09 05:00:00,136.26514530859194
2023-12-09 06:00:00,383.47100981896915
2023-12-09 07:00:00,838.9375025527622
2023-12-09 08:00:00,910.1529959099787
2023-12-09 09:00:00,1606.4495145346725
2023-12-09 10:00:00,1626.2402667487997
2023-12-09 11:00:00,1229.640837216407
2023-12-09 12:00:00,866.7657754580681
2023-12-09 13:00:00,1138.3746693102757
2023-12-09 14:00:00,481.60230882966636
2023-12-09 15:00:00,248.7287721778213
2023-12-09 16:00:00,127.87819361073839
2023-12-09 17:00:00,-0.0
2023-12-09 18:00:00,-0.0
2023-12-09 19:00:00,0.0
2023-12-09 20:00:00,-0.0
2023-12-09 21:00:00,-0.0
2023-12-09 22:00:00,7.435918467211509e-42
2023-12-09 23:00:00,-0.0
2023-12-10 00:00:00,-0.0
2023-12-10 01:00:00,-0.0
2023-12-10 02:00:00,-0.0
2023-12-10 03:00:00,2.176859242882068
2023-12-10 04:00:00,124.51947707978934
2023-12-10 05:00:00,238.49674745682373
2023-12-10 06:00:00,328.11478506941194
2023-12-10 07:00:00,400.79282623763095
2023-12-10 08:00:00,1241.1549763334099
2023-12-10 09:00:00,577.520707119829
2023-12-10 10:00:00,1020.1792091796679
2023-12-10 11:00:00,474.0369001565551
2023-12-10 12:00:00,381.8891483934752
2023-12-10 13:00:00,306.1252508068114
2023-12-10 14:00:00,227.85827782821153
2023-12-10 15:00:00,127.75460033372187
2023-12-10 16:00:00,24.84891231595576
2023-12-10 17:00:00,1.611402041829809e-42
2023-12-10 18:00:00,-0.0
2023-12-10 19:00:00,-0.0
2023-12-10 20:00:00,1.611402041829809e-42
2023-12-10 21:00:00,-0.0
2023-12-10 22:00:00,1.0893887890174952e-42
2023-12-10 23:00:00,1.2548942789237434e-42
2023-12-11 00:00:00,-0.0
2023-12-11 01:00:00,0.0
2023-12-11 02:00:00,0.0
2023-12-11 03:00:00,2.2040876617679093
2023-12-11 04:00:00,43.47215683736432
2023-12-11 05:00:00,97.67722113024772
2023-12-11 06:00:00,485.7811427148021
2023-12-11 07:00:00,795.400695193295
2023-12-11 08:00:00,482.5066336970986
2023-12-11 09:00:00,560.7628959722845
2023-12-11 10:00:00,486.92638432295035
2023-12-11 11:00:00,620.9178632479296
2023-12-11 12:00:00,479.77635041083425
2023-12-11 13:00:00,804.9009151415734
2023-12-11 14:00:00,201.70650301588955
2023-12-11 15:00:00,104.9823228551494
2023-12-11 16:00:00,22.045187220654153
2023-12-11 17:00:00,0.0
2023-12-11 18:00:00,0.0
2023-12-11 19:00:00,0.0
2023-12-11 20:00:00,0.0
2023-12-11 21:00:00,-0.0
2023-12-11 22:00:00,4.0576170013227274e-42
2023-12-11 23:00:00,-0.0
2023-12-12 00:00:00,-0.0
2023-12-12 01:00:00,-0.0
2023-12-12 02:00:00,-0.0
2023-12-12 03:00:00,2.1920861726932674
2023-12-12 04:00:00,75.38810460806698
2023-12-12 05:00:00,856.6886116549911
2023-12-12 06:00:00,1409.9493186241884
2023-12-12 07:00:00,1900.7405313251584
2023-12-12 08:00:00,2064.651768497347
2023-12-12 09:00:00,2203.8593438879725
2023-12-12 10:00:00,2237.543515177243
2023-12-12 11:00:00,2163.1781057133767
2023-12-12 12:00:00,1987.5974835593697
2023-12-12 13:00:00,1708.0722390263202
2023-12-12 14:00:00,1408.0803263411196
2023-12-12 15:00:00,465.5788054021631
2023-12-12 16:00:00,162.44782946454632
2023-12-12 17:00:00,-0.0
2023-12-12 18:00:00,-0.0
2023-12-12 19:00:00,-0.0
2023-12-12 20:00:00,0.0
2023-12-12 21:00:00,4.156909590006158e-42
2023-12-12 22:00:00,-0.0
2023-12-12 23:00:00,-0.0
2023-12-13 00:00:00,0.0
2023-12-13 01:00:00,-0.0
2023-12-13 02:00:00,1.6400347353439296e-42
2023-12-13 03:00:00,2.1830817568692176
2023-12-13 04:00:00,89.03705832685439
2023-12-13 05:00:00,264.1714135617204
2023-12-13 06:00:00,836.211839494538
2023-12-13 07:00:00,1248.935289702596
2023-12-13 08:00:00,435.56927837266653
2023-12-13 09:00:00,551.9617110561022
2023-12-13 10:00:00,1439.513603703145
2023-12-13 11:00:00,1221.6504528786968
2023-12-13 12:00:00,244.6149511503026
2023-12-13 13:00:00,567.7678662992848
2023-12-13 14:00:00,399.76631000430604
2023-12-13 15:00:00,359.3406989327247
2023-12-13 16:00:00,168.17046376313013
2023-12-13 17:00:00,-0.0
2023-12-13 18:00:00,-0.0
2023-12-13 19:00:00,-0.0
2023-12-13 20:00:00,3.4070305712249105e-43
2023-12-13 21:00:00,-0.0
2023-12-13 22:00:00,1.2318646857841175e-42
2023-12-13 23:00:00,3.171525047407186e-42
2023-12-14 00:00:00,4.4175499580648174e-42
2023-12-14 01:00:00,4.1884545419838986e-43
2023-12-14 02:00:00,-0.0
2023-12-14 03:00:00,2.1955961474650505
2023-12-14 04:00:00,311.4938705872396
2023-12-14 05:00:00,1143.5344184581436
2023-12-14 06:00:00,1644.8479890141741
2023-12-14 07:00:00,1947.5919616572985
2023-12-14 08:00:00,2071.8068004964202
2023-12-14 09:00:00,2266.2681584222087
2023-12-14 10:00:00,2280.9925934974617
2023-12-14 11:00:00,2199.16048145987
2023-12-14 12:00:00,2011.5731325060756
2023-12-14 13:00:00,1748.7916887614574
2023-12-14 14:00:00,1410.334207525364
2023-12-14 15:00:00,507.75516141804684
2023-12-14 16:00:00,131.18645260426044
2023-12-14 17:00:00,-0.0
2023-12-14 18:00:00,0.0
2023-12-14 19:00:00,-0.0
2023-12-14 20:00:00,-0.0
2023-12-14 21:00:00,-0.0
2023-12-14 22:00:00,-0.0
2023-12-14 23:00:00,7.633249589253003e-42
2023-12-15 00:00:00,-0.0
2023-12-15 01:00:00,1.1284298565487192e-41
2023-12-15 02:00:00,-0.0
2023-12-15 03:00:00,2.1717425567038924
2023-12-15 04:00:00,304.0474030865075
2023-12-15 05:00:00,429.3590898463013
2023-12-15 06:00:00,207.12625840067614
2023-12-15 07:00:00,345.4443006818705
2023-12-15 08:00:00,912.935958184779
2023-12-15 09:00:00,1684.967852524597
2023-12-15 10:00:00,1249.6739189692348
2023-12-15 11:00:00,1544.273252667916
2023-12-15 12:00:00,1700.1380187503005
2023-12-15 13:00:00,851.4618381830142
2023-12-15 14:00:00,386.2807553115963
2023-12-15 15:00:00,319.3484755393775
2023-12-15 16:00:00,32.08369529711593
2023-12-15 17:00:00,-0.0
2023-12-15 18:00:00,-0.0
2023-12-15 19:00:00,-0.0
2023-12-15 20:00:00,0.0
2023-12-15 21:00:00,-0.0
2023-12-15 22:00:00,-0.0
2023-12-15 23:00:00,-0.0
2023-12-16 00:00:00,-0.0
2023-12-16 01:00:00,0.0
2023-12-16 02:00:00,0.0
2023-12-16 03:00:00,2.178068996649296
2023-12-16 04:00:00,43.09054172992727
2023-12-16 05:00:00,177.1256381771816
2023-12-16 06:00:00,241.04326047214948
2023-12-16 07:00:00,304.88788334667
2023-12-16 08:00:00,1382.1319225416273
2023-12-16 09:00:00,1169.3118106754566
2023-12-16 10:00:00,1437.0545278717398
2023-12-16 11:00:00,1301.9221735530243
2023-12-16 12:00:00,877.6371914882454
2023-12-16 13:00:00,1015.6164209570233
2023-12-16 14:00:00,487.32924631536946
2023-12-16 15:00:00,326.01972021732973
2023-12-16 16:00:00,16.792734674126837
2023-12-16 17:00:00,-0.0
2023-12-16 18:00:00,-0.0
2023-12-16 19:00:00,-0.0
2023-12-16 20:00:00,-0.0
2023-12-16 21:00:00,-0.0
2023-12-16 22:00:00,0.0
2023-12-16 23:00:00,-0.0
2023-12-17 00:00:00,4.4175499580648174e-42
2023-12-17 01:00:00,0.0
2023-12-17 02:00:00,-0.0
2023-12-17 03:00:00,3.1506756862663935e-42
2023-12-17 04:00:00,119.12838934206778
2023-12-17 05:00:00,766.0372605278268
2023-12-17 06:00:00,1478.5476558756977
2023-12-17 07:00:00,1811.2030137308764
2023-12-17 08:00:00,2090.266841480282
2023-12-17 09:00:00,2226.4310017955067
2023-12-17 10:00:00,2249.079555028084
2023-12-17 11:00:00,2183.5468998346564
2023-12-17 12:00:00,2019.4313389504605
2023-12-17 13:00:00,1741.0684282759046
2023-12-17 14:00:00,1414.0975521142632
2023-12-17 15:00:00,536.707427749865
2023-12-17 16:00:00,184.6590503825506
2023-12-17 17:00:00,-0.0
2023-12-17 18:00:00,-0.0
2023-12-17 19:00:00,0.0
2023-12-17 20:00:00,0.0
2023-12-17 21:00:00,-0.0
2023-12-17 22:00:00,-0.0
2023-12-17 23:00:00,0.0
2023-12-18 00:00:00,-0.0
2023-12-18 01:00:00,4.041359763242275e-42
2023-12-18 02:00:00,-0.0
2023-12-18 03:00:00,-0.0
2023-12-18 04:00:00,233.457034551701
2023-12-18 05:00:00,1103.5912350809137
2023-12-18 06:00:00,1613.0398480811502
2023-12-18 07:00:00,1942.9250584601439
2023-12-18 08:00:00,2135.8123810542183
2023-12-18 09:00:00,2235.86507596751
2023-12-18 10:00:00,2239.5415166643534
2023-12-18 11:00:00,2156.361908986168
2023-12-18 12:00:00,1988.3784352178368
2023-12-18 13:00:00,1739.7829143485556
2023-12-18 14:00:00,1369.5770031449324
2023-12-18 15:00:00,346.87143963520026
2023-12-18 16:00:00,38.571965325159276
2023-12-18 17:00:00,-0.0
2023-12-18 18:00:00,-0.0
2023-12-18 19:00:00,-0.0
2023-12-18 20:00:00,7.748255693711505e-42
2023-12-18 21:00:00,0.0
2023-12-18 22:00:00,7.251668239539245e-42
2023-12-18 23:00:00,-0.0
2023-12-19 00:00:00,-0.0
2023-12-19 01:00:00,4.552907668168768e-42
2023-12-19 02:00:00,-0.0
2023-12-19 03:00:00,-0.0
2023-12-19 04:00:00,40.166395189549235
2023-12-19 05:00:00,112.81530293556168
2023-12-19 06:00:00,214.75205353438784
2023-12-19 07:00:00,626.8213563720425
2023-12-19 08:00:00,865.9006149323742
2023-12-19 09:00:00,595.8961736781498
2023-12-19 10:00:00,402.9644907471651
2023-12-19 11:00:00,563.9270220621013
2023-12-19 12:00:00,427.03983277654163
2023-12-19 13:00:00,747.7096201133927
2023-12-19 14:00:00,336.16672257213816
2023-12-19 15:00:00,306.642239546265
2023-12-19 16:00:00,184.6978153082563
2023-12-19 17:00:00,-0.0
2023-12-19 18:00:00,-0.0
2023-12-19 19:00:00,-0.0
2023-12-19 20:00:00,7.633249589253003e-42
2023-12-19 21:00:00,-0.0
2023-12-19 22:00:00,-0.0
2023-12-19 23:00:00,-0.0
2023-12-20 00:00:00,0.0
2023-12-20 01:00:00,0.0
2023-12-20 02:00:00,-0.0
2023-12-20 03:00:00,0.0
2023-12-20 04:00:00,280.26180389480226
2023-12-20 05:00:00,1062.1850322364812
2023-12-20 06:00:00,1575.65142723614
2023-12-20 07:00:00,1904.708880576859
2023-12-20 08:00:00,2130.3302823467166
2023-12-20 09:00:00,2017.0750120164419
2023-12-20 10:00:00,2239.769925844934
2023-12-20 11:00:00,2198.429351040023
2023-12-20 12:00:00,2032.1645641514845
2023-12-20 13:00:00,1781.3722393021544
2023-12-20 14:00:00,1399.2996352406822
2023-12-20 15:00:00,582.8189112121534
2023-12-20 16:00:00,182.3163508586903
2023-12-20 17:00:00,-0.0
2023-12-20 18:00:00,0.0
2023-12-20 19:00:00,-0.0
2023-12-20 20:00:00,-0.0
2023-12-20 21:00:00,9.301562374896311e-42
2023-12-20 22:00:00,0.0
2023-12-20 23:00:00,0.0
2023-12-21 00:00:00,5.6159887000180304e-42
2023-12-21 01:00:00,-0.0
2023-12-21 02:00:00,-0.0
2023-12-21 03:00:00,-0.0
2023-12-21 04:00:00,161.22457646637233
2023-12-21 05:00:00,722.4588511825416
2023-12-21 06:00:00,1201.6371021814252
2023-12-21 07:00:00,957.9002640093962
2023-12-21 08:00:00,1252.8788275397715
2023-12-21 09:00:00,1930.7519650247052
2023-12-21 10:00:00,1319.1388436910051
2023-12-21 11:00:00,837.1580644919765
2023-12-21 12:00:00,1195.3494464360112
2023-12-21 13:00:00,690.7814710421646
2023-12-21 14:00:00,192.4436609005936
2023-12-21 15:00:00,177.76798724206986
2023-12-21 16:00:00,18.99715290051681
2023-12-21 17:00:00,0.0
2023-12-21 18:00:00,6.876832222370973e-42
2023-12-21 19:00:00,0.0
2023-12-21 20:00:00,0.0
2023-12-21 21:00:00,1.3789011317838301e-42
2023-12-21 22:00:00,-0.0
2023-12-21 23:00:00,-0.0
2023-12-22 00:00:00,-0.0
2023-12-22 01:00:00,-0.0
2023-12-22 02:00:00,2.594380344771702e-42
2023-12-22 03:00:00,0.0
2023-12-22 04:00:00,210.51349420373504
2023-12-22 05:00:00,748.285172423464
2023-12-22 06:00:00,1070.9277858984667
2023-12-22 07:00:00,1105.15285718802
2023-12-22 08:00:00,1583.8057414770215
2023-12-22 09:00:00,1704.37443497912
2023-12-22 10:00:00,1061.748916313304
2023-12-22 11:00:00,1943.072427750453
2023-12-22 12:00:00,1868.8958813194013
2023-12-22 13:00:00,1607.3879634510918
2023-12-22 14:00:00,1091.6546814095054
2023-12-22 15:00:00,593.2555724231239
2023-12-22 16:00:00,187.69774312538328
2023-12-22 17:00:00,-0.0
2023-12-22 18:00:00,-0.0
2023-12-22 19:00:00,-0.0
2023-12-22 20:00:00,0.0
2023-12-22 21:00:00,-0.0
2023-12-22 22:00:00,2.401237378502046e-42
2023-12-22 23:00:00,-0.0
2023-12-23 00:00:00,-0.0
2023-12-23 01:00:00,-0.0
2023-12-23 02:00:00,-0.0
2023-12-23 03:00:00,-0.0
2023-12-23 04:00:00,39.871674837845575
2023-12-23 05:00:00,92.75649734870548
2023-12-23 06:00:00,566.5593662430168
2023-12-23 07:00:00,965.0921746565015
2023-12-23 08:00:00,1615.008921778585
2023-12-23 09:00:00,2206.24566595517
2023-12-23 10:00:00,1711.9126555591945
2023-12-23 11:00:00,1917.0458080877336
2023-12-23 12:00:00,1972.0778595760337
2023-12-23 13:00:00,1499.5666168876426
2023-12-23 14:00:00,1004.0620040462288
2023-12-23 15:00:00,621.496928743628
2023-12-23 16:00:00,167.73974327722829
2023-12-23 17:00:00,-0.0
2023-12-23 18:00:00,0.0
2023-12-23 19:00:00,-0.0
2023-12-23 20:00:00,-0.0
2023-12-23 21:00:00,-0.0
2023-12-23 22:00:00,-0.0
2023-12-23 23:00:00,2.4012453866864942e-42
2023-12-24 00:00:00,2.4012453866864942e-42
2023-12-24 01:00:00,-0.0
2023-12-24 02:00:00,-0.0
2023-12-24 03:00:00,-0.0
2023-12-24 04:00:00,37.0671648631915
2023-12-24 05:00:00,100.49145589582096
2023-12-24 06:00:00,606.7458434171471
2023-12-24 07:00:00,1486.3780220758615
2023-12-24 08:00:00,1648.5325083361995
2023-12-24 09:00:00,1907.1683424766943
2023-12-24 10:00:00,1940.874736757213
2023-12-24 11:00:00,1973.5249585824943
2023-12-24 12:00:00,1934.7563248237925
2023-12-24 13:00:00,1444.5525886003843
2023-12-24 14:00:00,707.3300734129232
2023-12-24 15:00:00,354.9261141557662
2023-12-24 16:00:00,121.47643395795234
2023-12-24 17:00:00,0.0
2023-12-24 18:00:00,-0.0
2023-12-24 19:00:00,1.14102905881219e-42
2023-12-24 20:00:00,-0.0
2023-12-24 21:00:00,1.0299557746813346e-41
2023-12-24 22:00:00,-0.0
2023-12-24 23:00:00,-0.0
2023-12-25 00:00:00,6.245885393914972e-42
2023-12-25 01:00:00,-0.0
2023-12-25 02:00:00,-0.0
2023-12-25 03:00:00,0.0
2023-12-25 04:00:00,55.859014942316264
2023-12-25 05:00:00,109.68301406052377
2023-12-25 06:00:00,272.46015819061455
2023-12-25 07:00:00,313.2694248284863
2023-12-25 08:00:00,483.95881983187456
2023-12-25 09:00:00,693.0501120834688
2023-12-25 10:00:00,1302.9487662990057
2023-12-25 11:00:00,1737.5967241258459
2023-12-25 12:00:00,1041.580971525155
2023-12-25 13:00:00,828.203569199276
2023-12-25 14:00:00,299.85402703779675
2023-12-25 15:00:00,195.7531695036053
2023-12-25 16:00:00,76.74091718592453
2023-12-25 17:00:00,-0.0
2023-12-25 18:00:00,-0.0
2023-12-25 19:00:00,0.0
2023-12-25 20:00:00,0.0
2023-12-25 21:00:00,-0.0
2023-12-25 22:00:00,0.0
2023-12-25 23:00:00,-0.0
2023-12-26 00:00:00,-0.0
2023-12-26 01:00:00,-0.0
2023-12-26 02:00:00,0.0
2023-12-26 03:00:00,0.0
2023-12-26 04:00:00,37.759007702279916
2023-12-26 05:00:00,116.53607323377271
2023-12-26 06:00:00,281.9212865677064
2023-12-26 07:00:00,465.96471653040464
2023-12-26 08:00:00,440.32678896287763
2023-12-26 09:00:00,483.13927074414744
2023-12-26 10:00:00,443.43196742913227
2023-12-26 11:00:00,522.8791209975649
2023-12-26 12:00:00,395.5990950444673
2023-12-26 13:00:00,262.4807302415416
2023-12-26 14:00:00,184.00665594414056
2023-12-26 15:00:00,167.34530029270462
2023-12-26 16:00:00,54.17118822811214
2023-12-26 17:00:00,8.598006783416157e-43
2023-12-26 18:00:00,-0.0
2023-12-26 19:00:00,0.0
2023-12-26 20:00:00,-0.0
2023-12-26 21:00:00,8.108368030764874e-42
2023-12-26 22:00:00,1.0893887890174952e-42
2023-12-26 23:00:00,5.493551139641263e-42
2023-12-27 00:00:00,-0.0
2023-12-27 01:00:00,-0.0
2023-12-27 02:00:00,0.0
2023-12-27 03:00:00,0.0
2023-12-27 04:00:00,81.30834548098534
2023-12-27 05:00:00,192.1524602854419
2023-12-27 06:00:00,251.0255125071444
2023-12-27 07:00:00,338.74299785066637
2023-12-27 08:00:00,327.41722174131536
2023-12-27 09:00:00,511.54913499715343
2023-12-27 10:00:00,502.2387346068334
2023-12-27 11:00:00,408.50512315902915
2023-12-27 12:00:00,442.48641003383403
2023-12-27 13:00:00,481.83941137967855
2023-12-27 14:00:00,289.42400921540064
2023-12-27 15:00:00,132.90299375703248
2023-12-27 16:00:00,126.13378263385887
2023-12-27 17:00:00,-0.0
2023-12-27 18:00:00,4.8271924871905874e-42
2023-12-27 19:00:00,-0.0
2023-12-27 20:00:00,-0.0
2023-12-27 21:00:00,1.2548942789237434e-42
2023-12-27 22:00:00,-0.0
2023-12-27 23:00:00,2.4776967159639805e-42
2023-12-28 00:00:00,-0.0
2023-12-28 01:00:00,-0.0
2023-12-28 02:00:00,-0.0
2023-12-28 03:00:00,0.0
2023-12-28 04:00:00,48.83727753333622
2023-12-28 05:00:00,245.0626911347298
2023-12-28 06:00:00,632.8063773087978
2023-12-28 07:00:00,772.8253867666989
2023-12-28 08:00:00,758.6167746190494
2023-12-28 09:00:00,1151.1922560763737
2023-12-28 10:00:00,1844.5834306364868
2023-12-28 11:00:00,685.8438898954411
2023-12-28 12:00:00,931.6972335885627
2023-12-28 13:00:00,517.4276124306389
2023-12-28 14:00:00,210.21962972242486
2023-12-28 15:00:00,316.0000144462883
2023-12-28 16:00:00,50.92104682254106
2023-12-28 17:00:00,0.0
2023-12-28 18:00:00,-0.0
2023-12-28 19:00:00,0.0
2023-12-28 20:00:00,-0.0
2023-12-28 21:00:00,-0.0
2023-12-28 22:00:00,5.1661325457444885e-42
2023-12-28 23:00:00,0.0
2023-12-29 00:00:00,7.25834776533796e-43
2023-12-29 01:00:00,5.493551139641263e-42
2023-12-29 02:00:00,0.0
2023-12-29 03:00:00,8.598006783416157e-43
2023-12-29 04:00:00,38.00148442611318
2023-12-29 05:00:00,199.65206224561734
2023-12-29 06:00:00,1398.4769401888816
2023-12-29 07:00:00,1532.5665374961077
2023-12-29 08:00:00,594.7975304104716
2023-12-29 09:00:00,1459.667428249527
2023-12-29 10:00:00,1187.5005968139849
2023-12-29 11:00:00,1741.9907957318671
2023-12-29 12:00:00,1675.27588664174
2023-12-29 13:00:00,1742.5688412259628
2023-12-29 14:00:00,1390.2750444554506
2023-12-29 15:00:00,645.7001089752414
2023-12-29 16:00:00,206.70867694384233
2023-12-29 17:00:00,-0.0
2023-12-29 18:00:00,-0.0
2023-12-29 19:00:00,0.0
2023-12-29 20:00:00,0.0
2023-12-29 21:00:00,1.1284021356987713e-42
2023-12-29 22:00:00,0.0
2023-12-29 23:00:00,-0.0
2023-12-30 00:00:00,-0.0
2023-12-30 01:00:00,2.4776967159639805e-42
2023-12-30 02:00:00,0.0
2023-12-30 03:00:00,-0.0
2023-12-30 04:00:00,279.6528031531396
2023-12-30 05:00:00,1033.998567814093
2023-12-30 06:00:00,1583.9090740586612
2023-12-30 07:00:00,1826.412762985514
2023-12-30 08:00:00,2041.592683437907
2023-12-30 09:00:00,2209.509643349943
2023-12-30 10:00:00,2264.151918525781
2023-12-30 11:00:00,2207.2684091654123
2023-12-30 12:00:00,2082.883454447389
2023-12-30 13:00:00,1801.9514462169157
2023-12-30 14:00:00,1223.2779975442202
2023-12-30 15:00:00,757.0355481353549
2023-12-30 16:00:00,125.03081313095892
2023-12-30 17:00:00,-0.0
2023-12-30 18:00:00,1.6506973777794036e-42
2023-12-30 19:00:00,-0.0
2023-12-30 20:00:00,-0.0
2023-12-30 21:00:00,-0.0
2023-12-30 22:00:00,-0.0
2023-12-30 23:00:00,0.0
2023-12-31 00:00:00,-0.0
2023-12-31 01:00:00,-0.0
2023-12-31 02:00:00,0.0
2023-12-31 03:00:00,-0.0
2023-12-31 04:00:00,53.61013048796635
2023-12-31 05:00:00,161.6712668771107
2023-12-31 06:00:00,513.1562011355832
2023-12-31 07:00:00,1131.8745042288567
2023-12-31 08:00:00,1850.8282872200023
2023-12-31 09:00:00,1604.7052228094915
2023-12-31 10:00:00,1854.9517766362835
2023-12-31 11:00:00,2078.1953237052144
2023-12-31 12:00:00,1721.9504310584566
2023-12-31 13:00:00,249.6578688978256
2023-12-31 14:00:00,798.2690004778187
2023-12-31 15:00:00,669.0463380647466
2023-12-31 16:00:00,23.9645254824087
2023-12-31 17:00:00,-0.0
2023-12-31 18:00:00,-0.0
2023-12-31 19:00:00,-0.0
2023-12-31 20:00:00,0.0
2023-12-31 21:00:00,-0.0
2023-12-31 22:00:00,-0.0
2023-12-31 23:00:00,-0.0
