Latitude (decimal degrees):	-32.809
Longitude (decimal degrees):	28.136
Elevation (m):	0
Radiation database:	PVGIS-SARAH3


Slope: 30 deg. 
Azimuth: 0 deg. 
Nominal power of the PV system (c-Si) (kWp):	5.0
System losses (%):	14.0
time,P,Gb(i),Gd(i),Gr(i),H_sun,T2m,WS10m,Int
20230101:0002,0.0,0.0,0.0,0.0,0.0,19.7,3.59,0.0
20230101:0102,0.0,0.0,0.0,0.0,0.0,19.78,3.38,0.0
20230101:0202,0.0,0.0,0.0,0.0,0.0,19.73,3.31,0.0
20230101:0302,0.0,0.0,0.0,0.0,0.0,20.13,3.17,0.0
20230101:0402,201.5,5.43,59.48,0.88,10.57,20.34,3.03,0.0
20230101:0502,1402.3,213.6,142.68,4.33,22.61,20.91,3.79,0.0
20230101:0602,2082.9,349.2,168.84,7.23,35.02,21.49,3.93,0.0
20230101:0702,2474.6,374.34,241.03,9.27,47.6,22.36,4.14,0.0
20230101:0802,3067.45,637.29,128.52,12.43,60.13,23.1,4.34,0.0
20230101:0902,3339.9,729.03,108.48,14.05,72.03,23.7,4.62,0.0
20230101:1002,3414.2,733.0,122.03,14.47,80.03,24.13,5.24,0.0
20230101:1102,3354.5,706.77,130.77,14.07,74.99,24.19,5.59,0.0
20230101:1202,3169.0,667.59,121.13,12.96,63.57,24.62,6.0,0.0
20230101:1302,2841.65,590.51,114.83,11.07,51.12,24.76,6.28,0.0
20230101:1402,2355.55,470.43,115.18,8.47,38.53,24.55,6.48,0.0
20230101:1502,1754.9,340.17,103.74,5.57,26.05,24.08,6.34,0.0
20230101:1602,1035.4,198.09,80.03,2.65,13.89,23.52,5.72,0.0
20230101:1702,8.55,0.0,9.81,0.15,2.24,22.55,5.45,0.0
20230101:1802,0.0,0.0,0.0,0.0,0.0,22.08,5.38,0.0
20230101:1902,0.0,0.0,0.0,0.0,0.0,21.73,5.17,0.0
20230101:2002,0.0,0.0,0.0,0.0,0.0,21.46,4.9,0.0
20230101:2102,0.0,0.0,0.0,0.0,0.0,21.43,4.69,0.0
20230101:2202,0.0,0.0,0.0,0.0,0.0,21.24,4.28,0.0
20230101:2302,0.0,0.0,0.0,0.0,0.0,21.21,4.55,0.0
20230102:0002,0.0,0.0,0.0,0.0,0.0,20.94,4.69,0.0
20230102:0102,0.0,0.0,0.0,0.0,0.0,20.75,4.76,0.0
20230102:0202,0.0,0.0,0.0,0.0,0.0,20.5,4.41,0.0
20230102:0302,0.0,0.0,0.0,0.0,0.0,20.83,4.14,0.0
20230102:0402,676.85,111.17,77.26,1.7,10.44,20.85,4.14,0.0
20230102:0502,1547.8,286.24,106.38,4.66,22.48,21.41,4.97,0.0
20230102:0602,2179.45,415.57,123.19,7.54,34.89,22.0,5.66,0.0
20230102:0702,2718.4,556.06,114.41,10.33,47.47,22.89,5.72,0.0
20230102:0802,3077.55,648.99,116.52,12.46,60.0,24.46,5.79,0.0
20230102:0902,3312.65,711.08,115.82,13.87,71.9,24.74,5.86,0.0
20230102:1002,3397.7,725.27,123.0,14.36,79.92,25.13,6.34,0.0
20230102:1102,3334.25,699.72,130.84,13.96,75.0,25.62,7.03,0.0
20230102:1202,3153.15,649.89,129.45,12.79,63.62,25.03,7.66,0.0
20230102:1302,2383.75,274.19,315.69,8.88,51.18,24.57,7.79,0.0
20230102:1402,1146.95,24.71,267.59,4.19,38.58,24.53,7.79,0.0
20230102:1502,712.55,14.98,173.59,2.67,26.11,23.53,7.72,0.0
20230102:1602,450.05,28.61,99.05,1.62,13.94,23.08,7.03,0.0
20230102:1702,4.5,0.0,8.02,0.12,2.27,22.6,6.69,0.0
20230102:1802,0.0,0.0,0.0,0.0,0.0,22.3,6.62,0.0
20230102:1902,0.0,0.0,0.0,0.0,0.0,22.04,6.83,0.0
20230102:2002,0.0,0.0,0.0,0.0,0.0,22.23,6.69,0.0
20230102:2102,0.0,0.0,0.0,0.0,0.0,22.09,6.48,0.0
20230102:2202,0.0,0.0,0.0,0.0,0.0,21.95,6.07,0.0
20230102:2302,0.0,0.0,0.0,0.0,0.0,21.69,5.59,0.0
20230103:0002,0.0,0.0,0.0,0.0,0.0,21.65,5.1,0.0
20230103:0102,0.0,0.0,0.0,0.0,0.0,21.41,4.69,0.0
20230103:0202,0.0,0.0,0.0,0.0,0.0,21.31,4.48,0.0
20230103:0302,0.0,0.0,0.0,0.0,0.0,21.26,3.86,0.0
20230103:0402,30.35,0.0,17.72,0.25,10.3,21.42,3.52,0.0
20230103:0502,155.9,0.0,53.16,0.76,22.35,21.91,3.59,0.0
20230103:0602,788.75,4.74,202.55,2.97,34.76,23.08,3.59,0.0
20230103:0702,593.95,0.0,161.34,2.32,47.34,23.85,3.52,0.0
20230103:0802,862.2,0.0,226.62,3.26,59.87,25.0,4.07,0.0
20230103:0902,1693.8,22.81,409.13,6.27,71.76,26.34,4.69,0.0
20230103:1002,1454.8,6.23,369.22,5.41,79.81,27.9,4.69,0.0
20230103:1102,2441.75,174.53,454.94,9.57,75.01,29.46,4.97,0.0
20230103:1202,2974.55,600.92,158.24,12.41,63.66,29.37,5.59,0.0
20230103:1302,2654.95,523.98,149.74,10.53,51.23,29.15,6.07,0.0
20230103:1402,2241.2,446.63,121.74,8.24,38.64,28.61,6.41,0.0
20230103:1502,1688.65,329.79,104.26,5.48,26.16,27.5,6.76,0.0
20230103:1602,976.9,185.89,81.07,2.59,13.98,27.03,7.1,0.0
20230103:1702,8.3,0.0,9.81,0.15,2.3,25.79,6.55,0.0
20230103:1802,0.0,0.0,0.0,0.0,0.0,24.95,5.79,0.0
20230103:1902,0.0,0.0,0.0,0.0,0.0,23.82,5.45,0.0
20230103:2002,0.0,0.0,0.0,0.0,0.0,23.18,4.97,0.0
20230103:2102,0.0,0.0,0.0,0.0,0.0,22.82,4.34,0.0
20230103:2202,0.0,0.0,0.0,0.0,0.0,22.29,3.1,0.0
20230103:2302,0.0,0.0,0.0,0.0,0.0,22.02,2.28,0.0
20230104:0002,0.0,0.0,0.0,0.0,0.0,21.95,1.93,0.0
20230104:0102,0.0,0.0,0.0,0.0,0.0,21.92,1.1,0.0
20230104:0202,0.0,0.0,0.0,0.0,0.0,22.05,2.28,0.0
20230104:0302,0.0,0.0,0.0,0.0,0.0,22.34,4.69,0.0
20230104:0402,138.7,1.85,46.84,0.68,10.17,21.44,6.76,0.0
20230104:0502,590.25,13.82,144.78,2.22,22.21,21.65,6.76,0.0
20230104:0602,1828.15,233.27,219.11,6.32,34.62,22.18,6.48,0.0
20230104:0702,1164.1,10.28,285.52,4.26,47.21,23.61,6.76,0.0
20230104:0802,2515.2,261.57,362.16,9.55,59.73,24.12,6.83,0.0
20230104:0902,2768.2,293.92,393.46,10.73,71.62,23.84,6.62,0.0
20230104:1002,2686.6,219.2,447.97,10.28,79.69,23.91,7.1,0.0
20230104:1102,403.3,0.0,114.71,1.65,75.01,23.3,7.31,0.0
20230104:1202,1046.9,0.0,266.72,3.83,63.71,22.58,7.03,0.0
20230104:1302,647.65,0.0,171.6,2.47,51.28,21.44,7.03,0.0
20230104:1402,234.95,0.0,72.74,1.05,38.69,20.63,6.34,0.0
20230104:1502,442.15,0.0,123.1,1.77,26.2,21.22,5.66,0.0
20230104:1602,268.2,4.48,76.96,1.14,14.02,21.18,5.24,0.0
20230104:1702,0.0,0.0,0.89,0.01,2.33,20.66,5.03,0.0
20230104:1802,0.0,0.0,0.0,0.0,0.0,20.41,4.9,0.0
20230104:1902,0.0,0.0,0.0,0.0,0.0,19.9,4.28,0.0
20230104:2002,0.0,0.0,0.0,0.0,0.0,19.73,4.55,0.0
20230104:2102,0.0,0.0,0.0,0.0,0.0,19.4,4.62,0.0
20230104:2202,0.0,0.0,0.0,0.0,0.0,19.54,4.69,0.0
20230104:2302,0.0,0.0,0.0,0.0,0.0,19.28,4.83,0.0
20230105:0002,0.0,0.0,0.0,0.0,0.0,19.11,4.55,0.0
20230105:0102,0.0,0.0,0.0,0.0,0.0,19.06,4.55,0.0
20230105:0202,0.0,0.0,0.0,0.0,0.0,18.92,4.48,0.0
20230105:0302,0.0,0.0,0.0,0.0,0.0,18.93,4.21,0.0
20230105:0402,119.0,0.0,42.9,0.62,10.02,18.81,4.07,0.0
20230105:0502,133.15,0.0,46.63,0.67,22.08,18.86,3.72,0.0
20230105:0602,867.95,8.53,213.9,3.19,34.49,19.09,3.17,0.0
20230105:0702,899.05,0.86,228.49,3.3,47.07,18.98,3.79,0.0
20230105:0802,747.1,0.0,193.04,2.77,59.59,18.67,5.17,0.0
20230105:0902,602.65,0.0,159.47,2.29,71.47,18.91,5.72,0.0
20230105:1002,467.05,0.0,127.76,1.84,79.57,18.87,5.45,0.0
20230105:1102,820.65,0.0,209.83,3.01,75.0,18.82,6.76,0.0
20230105:1202,353.9,0.0,100.72,1.45,63.74,18.5,7.45,0.0
20230105:1302,533.0,0.0,142.68,2.05,51.33,18.42,7.72,0.0
20230105:1402,370.15,0.0,104.45,1.5,38.73,18.22,7.59,0.0
20230105:1502,170.55,0.0,55.95,0.8,26.24,17.86,7.31,0.0
20230105:1602,105.9,0.0,39.17,0.56,14.05,17.49,8.28,0.0
20230105:1702,0.0,0.0,2.67,0.04,2.35,17.49,7.66,0.0
20230105:1802,0.0,0.0,0.0,0.0,0.0,17.12,6.55,0.0
20230105:1902,0.0,0.0,0.0,0.0,0.0,17.21,5.24,0.0
20230105:2002,0.0,0.0,0.0,0.0,0.0,17.3,4.14,0.0
20230105:2102,0.0,0.0,0.0,0.0,0.0,17.25,3.52,0.0
20230105:2202,0.0,0.0,0.0,0.0,0.0,16.75,2.97,0.0
20230105:2302,0.0,0.0,0.0,0.0,0.0,16.9,2.97,0.0
20230106:0002,0.0,0.0,0.0,0.0,0.0,17.08,3.38,0.0
20230106:0102,0.0,0.0,0.0,0.0,0.0,17.15,3.59,0.0
20230106:0202,0.0,0.0,0.0,0.0,0.0,17.12,3.52,0.0
20230106:0302,0.0,0.0,0.0,0.0,0.0,17.36,4.14,0.0
20230106:0402,31.1,0.0,17.72,0.25,9.88,17.44,4.28,0.0
20230106:0502,468.45,3.46,124.29,1.82,21.94,17.86,4.55,0.0
20230106:0602,222.15,0.0,69.01,0.99,34.35,18.48,5.1,0.0
20230106:0702,625.95,0.0,165.07,2.37,46.93,18.95,5.03,0.0
20230106:0802,1389.25,8.08,335.71,4.96,59.45,18.94,5.1,0.0
20230106:0902,1175.75,0.0,293.76,4.22,71.32,19.34,5.59,0.0
20230106:1002,1185.3,0.0,295.63,4.25,79.43,18.85,5.17,0.0
20230106:1102,588.7,0.0,156.67,2.25,74.99,19.4,5.03,0.0
20230106:1202,513.3,0.0,138.95,2.0,63.77,19.3,4.83,0.0
20230106:1302,1310.6,11.69,314.36,4.7,51.37,19.52,4.97,0.0
20230106:1402,1584.75,97.99,292.48,5.6,38.77,19.6,5.1,0.0
20230106:1502,1616.5,254.98,146.71,5.16,26.28,19.44,5.31,0.0
20230106:1602,678.85,76.96,105.33,2.06,14.07,18.89,5.38,0.0
20230106:1702,0.0,0.0,3.57,0.05,2.36,18.41,4.62,0.0
20230106:1802,0.0,0.0,0.0,0.0,0.0,18.03,3.31,0.0
20230106:1902,0.0,0.0,0.0,0.0,0.0,17.34,2.55,0.0
20230106:2002,0.0,0.0,0.0,0.0,0.0,16.7,2.34,0.0
20230106:2102,0.0,0.0,0.0,0.0,0.0,16.46,2.41,0.0
20230106:2202,0.0,0.0,0.0,0.0,0.0,17.89,2.9,0.0
20230106:2302,0.0,0.0,0.0,0.0,0.0,17.35,3.38,0.0
20230107:0002,0.0,0.0,0.0,0.0,0.0,16.77,3.79,0.0
20230107:0102,0.0,0.0,0.0,0.0,0.0,16.5,4.21,0.0
20230107:0202,0.0,0.0,0.0,0.0,0.0,16.4,4.55,0.0
20230107:0302,0.0,0.0,0.0,0.0,0.0,16.48,4.62,0.0
20230107:0402,544.15,77.22,74.72,1.45,9.73,16.31,4.69,0.0
20230107:0502,1384.45,213.46,133.93,4.19,21.79,17.81,4.41,0.0
20230107:0602,1125.3,33.13,249.59,4.03,34.21,19.44,4.14,0.0
20230107:0702,1174.9,9.4,287.36,4.27,46.79,20.68,3.52,0.0
20230107:0802,1720.9,37.93,394.33,6.3,59.31,21.33,2.62,0.0
20230107:0902,3207.1,675.73,138.95,13.68,71.17,22.17,2.48,0.0
20230107:1002,3290.85,673.57,160.52,14.11,79.29,22.1,2.83,0.0
20230107:1102,3292.85,701.18,130.15,14.07,74.97,22.62,3.31,0.0
20230107:1202,3163.65,681.5,108.57,13.12,63.79,22.05,3.79,0.0
20230107:1302,2839.95,603.46,104.72,11.24,51.4,22.57,3.86,0.0
20230107:1402,2352.7,481.52,107.56,8.63,38.81,22.73,3.52,0.0
20230107:1502,1776.4,352.29,97.93,5.73,26.31,21.61,3.17,0.0
20230107:1602,1043.8,201.89,78.33,2.72,14.1,21.38,2.83,0.0
20230107:1702,8.65,0.0,9.81,0.15,2.37,20.58,2.07,0.0
20230107:1802,0.0,0.0,0.0,0.0,0.0,18.71,1.45,0.0
20230107:1902,0.0,0.0,0.0,0.0,0.0,18.9,1.38,0.0
20230107:2002,0.0,0.0,0.0,0.0,0.0,18.14,1.59,0.0
20230107:2102,0.0,0.0,0.0,0.0,0.0,18.13,1.66,0.0
20230107:2202,0.0,0.0,0.0,0.0,0.0,17.58,1.72,0.0
20230107:2302,0.0,0.0,0.0,0.0,0.0,17.88,2.07,0.0
20230108:0002,0.0,0.0,0.0,0.0,0.0,17.32,2.0,0.0
20230108:0102,0.0,0.0,0.0,0.0,0.0,16.68,1.72,0.0
20230108:0202,0.0,0.0,0.0,0.0,0.0,16.44,1.79,0.0
20230108:0302,0.0,0.0,0.0,0.0,0.0,16.8,1.86,0.0
20230108:0402,728.55,136.56,66.77,1.67,9.58,18.42,2.07,0.0
20230108:0502,1527.2,295.51,95.44,4.61,21.65,19.93,2.41,0.0
20230108:0602,2168.1,439.81,102.41,7.62,34.07,21.29,3.17,0.0
20230108:0702,2662.55,548.77,113.08,10.25,46.65,22.45,4.14,0.0
20230108:0802,3074.05,661.74,103.14,12.55,59.17,23.34,4.9,0.0
20230108:0902,3304.55,717.0,107.99,13.95,71.02,24.34,5.52,0.0
20230108:1002,3390.2,733.62,114.23,14.48,79.14,24.98,5.93,0.0
20230108:1102,3349.4,721.02,114.68,14.2,74.94,25.33,6.48,0.0
20230108:1202,3158.65,670.73,114.85,13.05,63.81,25.55,6.9,0.0
20230108:1302,2839.05,593.89,109.29,11.17,51.43,25.44,7.45,0.0
20230108:1402,2353.0,474.01,110.32,8.57,38.84,25.28,7.86,0.0
20230108:1502,1778.45,351.19,97.76,5.73,26.34,24.33,7.93,0.0
20230108:1602,1039.0,201.04,78.14,2.72,14.11,23.63,7.38,0.0
20230108:1702,8.5,0.0,9.81,0.15,2.38,22.96,6.97,0.0
20230108:1802,0.0,0.0,0.0,0.0,0.0,22.53,6.48,0.0
20230108:1902,0.0,0.0,0.0,0.0,0.0,22.35,6.07,0.0
20230108:2002,0.0,0.0,0.0,0.0,0.0,21.58,5.59,0.0
20230108:2102,0.0,0.0,0.0,0.0,0.0,21.6,5.03,0.0
20230108:2202,0.0,0.0,0.0,0.0,0.0,21.12,4.21,0.0
20230108:2302,0.0,0.0,0.0,0.0,0.0,21.03,4.28,0.0
20230109:0002,0.0,0.0,0.0,0.0,0.0,20.78,4.34,0.0
20230109:0102,0.0,0.0,0.0,0.0,0.0,20.58,3.79,0.0
20230109:0202,0.0,0.0,0.0,0.0,0.0,20.22,3.17,0.0
20230109:0302,0.0,0.0,0.0,0.0,0.0,19.95,3.24,0.0
20230109:0402,675.1,124.17,66.81,1.59,9.43,20.59,3.45,0.0
20230109:0502,1474.8,282.9,97.21,4.49,21.5,22.34,3.66,0.0
20230109:0602,2097.05,418.62,109.21,7.42,33.92,24.27,4.55,0.0
20230109:0702,2591.3,531.02,118.78,10.06,46.51,26.03,5.52,0.0
20230109:0802,2976.8,633.43,115.17,12.27,59.02,26.92,5.86,0.0
20230109:0902,3210.65,696.4,116.19,13.73,70.86,28.07,6.14,0.0
20230109:1002,3308.2,723.19,116.07,14.35,78.99,28.54,6.34,0.0
20230109:1102,3253.5,701.16,121.98,13.99,74.9,28.7,6.83,0.0
20230109:1202,2599.95,287.93,370.17,10.24,63.83,28.3,6.97,0.0
20230109:1302,2735.25,560.23,126.13,10.89,51.46,27.91,7.17,0.0
20230109:1402,2245.15,434.96,131.42,8.31,38.87,27.76,6.9,0.0
20230109:1502,1688.55,324.91,107.41,5.55,26.36,26.62,7.03,0.0
20230109:1602,972.15,182.65,82.41,2.63,14.13,26.01,7.1,0.0
20230109:1702,8.3,0.0,9.81,0.15,2.37,25.56,6.9,0.0
20230109:1802,0.0,0.0,0.0,0.0,0.0,24.63,6.69,0.0
20230109:1902,0.0,0.0,0.0,0.0,0.0,24.58,6.07,0.0
20230109:2002,0.0,0.0,0.0,0.0,0.0,24.68,5.66,0.0
20230109:2102,0.0,0.0,0.0,0.0,0.0,24.61,5.17,0.0
20230109:2202,0.0,0.0,0.0,0.0,0.0,23.19,4.28,0.0
20230109:2302,0.0,0.0,0.0,0.0,0.0,22.07,2.21,0.0
20230110:0002,0.0,0.0,0.0,0.0,0.0,22.55,0.48,0.0
20230110:0102,0.0,0.0,0.0,0.0,0.0,22.49,1.72,0.0
20230110:0202,0.0,0.0,0.0,0.0,0.0,22.76,3.17,0.0
20230110:0302,0.0,0.0,0.0,0.0,0.0,23.13,3.38,0.0
20230110:0402,292.8,26.94,64.04,1.05,9.28,23.5,3.38,0.0
20230110:0502,186.2,0.0,61.55,0.88,21.35,24.34,3.38,0.0
20230110:0602,1572.2,153.87,245.25,5.61,33.77,25.21,4.62,0.0
20230110:0702,2499.35,479.21,151.91,9.73,46.36,25.91,4.28,0.0
20230110:0802,2883.8,598.72,137.27,12.03,58.87,26.98,3.79,0.0
20230110:0902,3120.8,671.9,129.78,13.53,70.7,27.47,3.72,0.0
20230110:1002,3026.0,509.31,272.93,12.93,78.83,28.26,3.79,0.0
20230110:1102,2706.35,300.4,400.16,11.04,74.85,27.93,3.38,0.0
20230110:1202,2663.05,365.73,323.05,10.91,63.83,27.8,3.03,0.0
20230110:1302,2312.05,297.29,299.26,9.11,51.48,27.94,2.9,0.0
20230110:1402,1411.0,75.44,291.48,5.28,38.89,27.79,2.41,0.0
20230110:1502,745.3,19.85,181.32,2.84,26.37,26.75,2.14,0.0
20230110:1602,486.65,37.83,101.99,1.74,14.13,25.97,1.52,0.0
20230110:1702,2.55,0.0,7.13,0.11,2.37,24.6,0.69,0.0
20230110:1802,0.0,0.0,0.0,0.0,0.0,23.73,1.1,0.0
20230110:1902,0.0,0.0,0.0,0.0,0.0,23.75,1.52,0.0
20230110:2002,0.0,0.0,0.0,0.0,0.0,23.61,1.03,0.0
20230110:2102,0.0,0.0,0.0,0.0,0.0,23.43,0.34,0.0
20230110:2202,0.0,0.0,0.0,0.0,0.0,22.42,0.76,0.0
20230110:2302,0.0,0.0,0.0,0.0,0.0,22.34,1.24,0.0
20230111:0002,0.0,0.0,0.0,0.0,0.0,22.06,1.59,0.0
20230111:0102,0.0,0.0,0.0,0.0,0.0,22.45,1.03,0.0
20230111:0202,0.0,0.0,0.0,0.0,0.0,22.23,0.83,0.0
20230111:0302,0.0,0.0,0.0,0.0,0.0,22.29,1.03,0.0
20230111:0402,30.15,0.0,17.72,0.25,9.12,22.26,1.17,0.0
20230111:0502,191.25,0.0,62.48,0.9,21.2,22.51,1.52,0.0
20230111:0602,691.2,1.89,182.85,2.65,33.63,22.77,1.45,0.0
20230111:0702,1872.3,147.03,331.0,7.05,46.22,23.89,1.66,0.0
20230111:0802,2181.55,162.88,396.96,8.44,58.72,24.94,2.0,0.0
20230111:0902,3027.2,602.29,177.44,13.05,70.53,25.94,2.69,0.0
20230111:1002,3157.9,638.4,170.5,13.72,78.66,26.6,3.72,0.0
20230111:1102,3108.1,627.48,170.16,13.46,74.8,27.14,3.72,0.0
20230111:1202,2963.2,630.41,129.44,12.65,63.83,27.44,3.59,0.0
20230111:1302,2657.2,550.23,126.86,10.78,51.5,27.47,4.0,0.0
20230111:1402,2202.45,434.4,126.27,8.27,38.9,27.17,4.28,0.0
20230111:1502,1649.6,316.5,108.96,5.49,26.38,26.12,4.34,0.0
20230111:1602,942.9,175.32,82.75,2.59,14.14,24.97,4.07,0.0
20230111:1702,8.4,0.0,9.81,0.15,2.36,24.09,3.1,0.0
20230111:1802,0.0,0.0,0.0,0.0,0.0,23.76,2.55,0.0
20230111:1902,0.0,0.0,0.0,0.0,0.0,23.74,1.79,0.0
20230111:2002,0.0,0.0,0.0,0.0,0.0,23.83,1.03,0.0
20230111:2102,0.0,0.0,0.0,0.0,0.0,24.16,0.14,0.0
20230111:2202,0.0,0.0,0.0,0.0,0.0,23.78,0.14,0.0
20230111:2302,0.0,0.0,0.0,0.0,0.0,23.7,0.69,0.0
20230112:0002,0.0,0.0,0.0,0.0,0.0,23.79,1.03,0.0
20230112:0102,0.0,0.0,0.0,0.0,0.0,23.66,1.03,0.0
20230112:0202,0.0,0.0,0.0,0.0,0.0,23.65,1.1,0.0
20230112:0302,0.0,0.0,0.0,0.0,0.0,23.66,1.72,0.0
20230112:0402,7.35,0.0,9.33,0.13,8.96,23.26,2.28,0.0
20230112:0502,648.7,26.57,148.83,2.41,21.04,23.77,3.17,0.0
20230112:0602,816.85,9.42,206.46,3.09,33.48,24.68,2.97,0.0
20230112:0702,886.75,1.7,232.23,3.36,46.07,26.01,3.45,0.0
20230112:0802,615.6,0.0,168.8,2.42,58.57,26.97,3.66,0.0
20230112:0902,664.55,0.0,180.92,2.6,70.36,27.66,4.83,0.0
20230112:1002,1079.15,0.0,283.5,4.07,78.48,28.71,4.69,0.0
20230112:1102,1178.05,0.77,307.74,4.43,74.74,29.06,4.62,0.0
20230112:1202,1186.85,2.36,308.66,4.47,63.83,29.23,4.48,0.0
20230112:1302,328.95,0.0,98.85,1.42,51.51,28.11,4.41,0.0
20230112:1402,727.25,0.89,194.93,2.81,38.92,27.1,4.34,0.0
20230112:1502,397.4,0.0,114.71,1.65,26.39,25.7,4.28,0.0
20230112:1602,236.8,2.89,72.09,1.06,14.13,25.54,4.14,0.0
20230112:1702,0.0,0.0,0.89,0.01,2.34,25.05,3.93,0.0
20230112:1802,0.0,0.0,0.0,0.0,0.0,24.81,4.14,0.0
20230112:1902,0.0,0.0,0.0,0.0,0.0,24.44,3.66,0.0
20230112:2002,0.0,0.0,0.0,0.0,0.0,24.52,3.38,0.0
20230112:2102,0.0,0.0,0.0,0.0,0.0,24.46,3.45,0.0
20230112:2202,0.0,0.0,0.0,0.0,0.0,23.96,2.48,0.0
20230112:2302,0.0,0.0,0.0,0.0,0.0,23.86,2.55,0.0
20230113:0002,0.0,0.0,0.0,0.0,0.0,23.75,3.52,0.0
20230113:0102,0.0,0.0,0.0,0.0,0.0,24.05,4.9,0.0
20230113:0202,0.0,0.0,0.0,0.0,0.0,24.1,4.07,0.0
20230113:0302,0.0,0.0,0.0,0.0,0.0,23.69,1.52,0.0
20230113:0402,7.4,0.0,9.33,0.13,8.8,21.91,6.21,0.0
20230113:0502,622.25,21.94,144.64,2.3,20.89,21.65,6.62,0.0
20230113:0602,1684.5,200.29,218.85,5.89,33.33,22.34,6.21,0.0
20230113:0702,1955.45,166.87,319.74,7.21,45.92,23.45,5.66,0.0
20230113:0802,2842.7,547.66,161.31,11.58,58.41,24.6,5.24,0.0
20230113:0902,3080.6,603.96,168.98,13.0,70.19,24.95,4.97,0.0
20230113:1002,2918.75,389.24,345.12,11.9,78.3,24.99,5.17,0.0
20230113:1102,2333.1,129.3,460.52,8.91,74.67,25.66,5.1,0.0
20230113:1202,1839.0,51.91,414.31,6.85,63.82,25.8,4.9,0.0
20230113:1302,1620.75,52.61,358.24,6.0,51.51,25.13,4.48,0.0
20230113:1402,867.65,4.45,222.99,3.27,38.92,24.59,4.07,0.0
20230113:1502,558.9,4.14,148.5,2.18,26.39,23.38,3.59,0.0
20230113:1602,776.0,113.5,98.75,2.29,14.12,22.67,2.97,0.0
20230113:1702,6.45,0.0,8.92,0.13,2.32,22.72,2.48,0.0
20230113:1802,0.0,0.0,0.0,0.0,0.0,22.56,2.14,0.0
20230113:1902,0.0,0.0,0.0,0.0,0.0,22.5,1.72,0.0
20230113:2002,0.0,0.0,0.0,0.0,0.0,22.59,1.66,0.0
20230113:2102,0.0,0.0,0.0,0.0,0.0,22.56,1.45,0.0
20230113:2202,0.0,0.0,0.0,0.0,0.0,21.42,1.17,0.0
20230113:2302,0.0,0.0,0.0,0.0,0.0,21.57,0.97,0.0
20230114:0002,0.0,0.0,0.0,0.0,0.0,21.01,0.83,0.0
20230114:0102,0.0,0.0,0.0,0.0,0.0,20.91,1.17,0.0
20230114:0202,0.0,0.0,0.0,0.0,0.0,21.09,1.31,0.0
20230114:0302,0.0,0.0,0.0,0.0,0.0,21.11,1.72,0.0
20230114:0402,36.05,0.0,19.58,0.28,8.63,21.57,2.0,0.0
20230114:0502,195.45,0.0,63.42,0.91,20.73,22.08,1.93,0.0
20230114:0602,1008.3,27.23,233.36,3.72,33.17,22.39,1.86,0.0
20230114:0702,1218.15,16.91,294.88,4.5,45.77,22.67,2.0,0.0
20230114:0802,1783.2,56.66,394.95,6.63,58.26,22.84,2.34,0.0
20230114:0902,2161.65,100.59,449.3,8.23,70.02,23.4,2.34,0.0
20230114:1002,1921.2,43.59,447.55,7.21,78.11,24.29,2.28,0.0
20230114:1102,1880.45,40.7,437.43,7.01,74.59,24.31,3.03,0.0
20230114:1202,1657.4,28.25,391.31,6.11,63.8,23.91,3.66,0.0
20230114:1302,1224.55,9.84,303.1,4.51,51.51,23.86,3.79,0.0
20230114:1402,356.55,0.0,103.52,1.49,38.93,22.97,3.93,0.0
20230114:1502,481.05,1.03,132.48,1.92,26.39,22.8,3.86,0.0
20230114:1602,27.4,0.0,16.79,0.24,14.11,22.48,3.66,0.0
20230114:1702,0.0,0.0,2.67,0.04,2.29,22.1,3.1,0.0
20230114:1802,0.0,0.0,0.0,0.0,0.0,22.11,2.21,0.0
20230114:1902,0.0,0.0,0.0,0.0,0.0,21.97,1.52,0.0
20230114:2002,0.0,0.0,0.0,0.0,0.0,21.77,1.38,0.0
20230114:2102,0.0,0.0,0.0,0.0,0.0,21.71,1.17,0.0
20230114:2202,0.0,0.0,0.0,0.0,0.0,21.35,1.03,0.0
20230114:2302,0.0,0.0,0.0,0.0,0.0,21.53,1.1,0.0
20230115:0002,0.0,0.0,0.0,0.0,0.0,21.42,1.17,0.0
20230115:0102,0.0,0.0,0.0,0.0,0.0,21.42,1.24,0.0
20230115:0202,0.0,0.0,0.0,0.0,0.0,21.43,1.38,0.0
20230115:0302,0.0,0.0,0.0,0.0,0.0,21.4,1.79,0.0
20230115:0402,390.9,56.01,62.23,1.14,8.47,21.74,2.28,0.0
20230115:0502,1209.95,191.57,123.89,3.82,20.57,22.0,2.48,0.0
20230115:0602,1783.55,269.0,181.67,6.35,33.02,22.28,2.55,0.0
20230115:0702,2251.7,336.69,230.27,8.64,45.61,22.61,2.48,0.0
20230115:0802,2408.6,262.79,345.78,9.43,58.1,22.57,2.41,0.0
20230115:0902,2217.0,111.97,448.03,8.41,69.84,22.4,2.62,0.0
20230115:1002,2099.35,67.91,461.78,7.85,77.91,23.07,3.31,0.0
20230115:1102,2205.8,95.02,459.33,8.29,74.5,22.95,3.79,0.0
20230115:1202,1854.9,51.66,413.29,6.83,63.77,22.5,3.86,0.0
20230115:1302,533.4,0.0,145.48,2.09,51.51,22.07,4.34,0.0
20230115:1402,529.35,0.0,144.55,2.08,38.92,22.17,4.48,0.0
20230115:1502,624.9,7.18,159.87,2.38,26.38,21.63,4.14,0.0
20230115:1602,167.0,0.0,55.95,0.8,14.09,21.61,3.66,0.0
20230115:1702,0.0,0.0,4.46,0.07,2.25,21.59,2.97,0.0
20230115:1802,0.0,0.0,0.0,0.0,0.0,21.62,2.48,0.0
20230115:1902,0.0,0.0,0.0,0.0,0.0,21.69,2.48,0.0
20230115:2002,0.0,0.0,0.0,0.0,0.0,21.76,2.41,0.0
20230115:2102,0.0,0.0,0.0,0.0,0.0,21.89,2.34,0.0
20230115:2202,0.0,0.0,0.0,0.0,0.0,21.62,2.34,0.0
20230115:2302,0.0,0.0,0.0,0.0,0.0,21.42,2.48,0.0
20230116:0002,0.0,0.0,0.0,0.0,0.0,21.24,1.59,0.0
20230116:0102,0.0,0.0,0.0,0.0,0.0,21.15,1.38,0.0
20230116:0202,0.0,0.0,0.0,0.0,0.0,21.11,1.72,0.0
20230116:0302,0.0,0.0,0.0,0.0,0.0,21.56,2.21,0.0
20230116:0402,76.55,0.0,31.71,0.46,8.3,21.52,2.76,0.0
20230116:0502,528.85,12.69,132.56,2.04,20.41,22.12,2.83,0.0
20230116:0602,379.6,0.0,109.11,1.57,32.86,22.7,2.97,0.0
20230116:0702,1180.3,14.32,287.37,4.35,45.46,22.88,2.9,0.0
20230116:0802,1707.7,46.09,385.65,6.32,57.94,23.56,3.31,0.0
20230116:0902,1763.2,32.36,416.22,6.55,69.66,25.01,3.59,0.0
20230116:1002,2912.4,448.43,298.73,12.34,77.71,26.71,3.59,0.0
20230116:1102,3112.6,659.76,131.3,13.59,74.4,27.0,4.55,0.0
20230116:1202,2951.2,612.95,130.6,12.5,63.74,26.85,5.38,0.0
20230116:1302,2607.0,503.96,149.47,10.48,51.49,26.33,5.72,0.0
20230116:1402,1762.8,182.63,263.11,6.5,38.91,26.02,5.45,0.0
20230116:1502,1166.9,107.37,193.31,4.09,26.37,24.65,5.24,0.0
20230116:1602,379.45,18.44,92.67,1.47,14.07,24.49,4.34,0.0
20230116:1702,6.35,0.0,8.92,0.13,2.21,24.42,3.38,0.0
20230116:1802,0.0,0.0,0.0,0.0,0.0,23.87,3.1,0.0
20230116:1902,0.0,0.0,0.0,0.0,0.0,24.09,3.45,0.0
20230116:2002,0.0,0.0,0.0,0.0,0.0,23.89,2.9,0.0
20230116:2102,0.0,0.0,0.0,0.0,0.0,23.91,1.52,0.0
20230116:2202,0.0,0.0,0.0,0.0,0.0,23.9,0.69,0.0
20230116:2302,0.0,0.0,0.0,0.0,0.0,24.02,1.17,0.0
20230117:0002,0.0,0.0,0.0,0.0,0.0,23.88,1.31,0.0
20230117:0102,0.0,0.0,0.0,0.0,0.0,23.86,1.1,0.0
20230117:0202,0.0,0.0,0.0,0.0,0.0,23.93,0.9,0.0
20230117:0302,0.0,0.0,0.0,0.0,0.0,24.19,0.28,0.0
20230117:0402,123.45,4.07,41.57,0.62,8.13,24.19,0.21,0.0
20230117:0502,917.8,97.98,148.57,3.15,20.25,24.3,0.34,0.0
20230117:0602,1237.9,77.5,245.76,4.6,32.71,24.81,0.48,0.0
20230117:0702,1091.4,10.08,277.06,4.14,45.3,25.75,0.62,0.0
20230117:0802,2690.25,536.77,160.69,11.47,57.77,26.74,1.93,0.0
20230117:0902,1523.4,13.84,380.23,5.71,69.47,27.23,2.97,0.0
20230117:1002,2583.4,243.07,426.82,10.52,77.51,28.29,3.31,0.0
20230117:1102,3025.1,635.29,150.07,13.46,74.3,28.57,3.1,0.0
20230117:1202,2787.85,517.13,202.44,11.92,63.7,28.72,3.52,0.0
20230117:1302,2590.4,543.98,120.28,10.74,51.48,28.76,3.93,0.0
20230117:1402,2147.3,436.17,115.55,8.28,38.9,28.43,3.86,0.0
20230117:1502,1581.4,304.57,107.72,5.43,26.35,27.46,4.07,0.0
20230117:1602,718.95,103.13,98.45,2.22,14.04,26.85,4.07,0.0
20230117:1702,2.5,0.0,7.13,0.11,2.17,26.17,3.72,0.0
20230117:1802,0.0,0.0,0.0,0.0,0.0,25.25,3.1,0.0
20230117:1902,0.0,0.0,0.0,0.0,0.0,25.01,2.69,0.0
20230117:2002,0.0,0.0,0.0,0.0,0.0,24.69,2.41,0.0
20230117:2102,0.0,0.0,0.0,0.0,0.0,24.14,2.28,0.0
20230117:2202,0.0,0.0,0.0,0.0,0.0,24.31,2.48,0.0
20230117:2302,0.0,0.0,0.0,0.0,0.0,23.69,2.14,0.0
20230118:0002,0.0,0.0,0.0,0.0,0.0,24.39,1.24,0.0
20230118:0102,0.0,0.0,0.0,0.0,0.0,23.76,1.17,0.0
20230118:0202,0.0,0.0,0.0,0.0,0.0,24.01,2.9,0.0
20230118:0302,0.0,0.0,0.0,0.0,0.0,24.21,2.55,0.0
20230118:0402,5.2,0.0,8.39,0.12,7.96,24.05,1.45,0.0
20230118:0502,280.35,0.0,85.8,1.23,20.09,24.72,0.55,0.0
20230118:0602,357.6,0.0,105.38,1.51,32.55,25.35,0.41,0.0
20230118:0702,1268.45,27.66,306.13,4.84,45.15,26.79,0.48,0.0
20230118:0802,930.0,0.0,248.07,3.56,57.61,27.96,1.79,0.0
20230118:0902,2898.7,579.83,175.54,12.79,69.28,29.73,3.17,0.0
20230118:1002,3049.15,653.96,140.43,13.73,77.29,30.05,3.52,0.0
20230118:1102,2935.6,531.01,228.19,12.79,74.18,30.45,4.69,0.0
20230118:1202,2804.25,535.17,187.29,12.04,63.66,30.81,5.1,0.0
20230118:1302,2594.55,540.75,120.12,10.72,51.45,29.9,5.93,0.0
20230118:1402,2133.45,426.81,119.19,8.21,38.88,29.41,5.59,0.0
20230118:1502,774.9,25.37,183.4,2.95,26.33,28.1,4.34,0.0
20230118:1602,77.85,0.0,32.64,0.47,14.0,26.24,3.38,0.0
20230118:1702,0.0,0.0,1.78,0.03,2.12,25.72,1.52,0.0
20230118:1802,0.0,0.0,0.0,0.0,0.0,24.94,0.83,0.0
20230118:1902,0.0,0.0,0.0,0.0,0.0,24.94,0.76,0.0
20230118:2002,0.0,0.0,0.0,0.0,0.0,24.88,1.93,0.0
20230118:2102,0.0,0.0,0.0,0.0,0.0,24.43,2.76,0.0
20230118:2202,0.0,0.0,0.0,0.0,0.0,24.53,2.9,0.0
20230118:2302,0.0,0.0,0.0,0.0,0.0,24.55,0.9,0.0
20230119:0002,0.0,0.0,0.0,0.0,0.0,23.47,1.38,0.0
20230119:0102,0.0,0.0,0.0,0.0,0.0,24.34,0.76,0.0
20230119:0202,0.0,0.0,0.0,0.0,0.0,23.62,0.28,0.0
20230119:0302,0.0,0.0,0.0,0.0,0.0,23.97,0.69,0.0
20230119:0402,408.65,70.4,56.59,1.11,7.79,24.41,0.69,0.0
20230119:0502,1082.95,164.54,126.55,3.56,19.92,25.36,1.03,0.0
20230119:0602,1318.4,106.93,238.31,4.9,32.39,26.99,1.38,0.0
20230119:0702,2182.05,362.1,203.06,8.72,44.99,27.61,2.07,0.0
20230119:0802,2724.95,585.5,117.08,11.71,57.44,28.07,2.97,0.0
20230119:0902,2712.85,387.14,311.71,11.39,69.09,27.77,3.45,0.0
20230119:1002,2208.85,110.36,463.02,8.65,77.07,29.29,3.66,0.0
20230119:1102,2847.65,444.65,286.5,12.12,74.06,28.51,4.41,0.0
20230119:1202,1710.15,36.41,399.41,6.38,63.61,27.18,5.72,0.0
20230119:1302,550.55,0.0,152.01,2.18,51.42,25.98,4.97,0.0
20230119:1402,813.3,3.49,211.75,3.09,38.85,25.42,3.93,0.0
20230119:1502,161.1,0.0,55.02,0.79,26.3,24.17,2.69,0.0
20230119:1602,24.4,0.0,15.85,0.23,13.96,24.13,2.9,0.0
20230119:1702,0.9,0.0,6.24,0.09,2.06,24.05,2.41,0.0
20230119:1802,0.0,0.0,0.0,0.0,0.0,24.09,2.21,0.0
20230119:1902,0.0,0.0,0.0,0.0,0.0,24.04,2.14,0.0
20230119:2002,0.0,0.0,0.0,0.0,0.0,23.54,2.69,0.0
20230119:2102,0.0,0.0,0.0,0.0,0.0,23.07,3.31,0.0
20230119:2202,0.0,0.0,0.0,0.0,0.0,23.03,2.97,0.0
20230119:2302,0.0,0.0,0.0,0.0,0.0,22.7,2.34,0.0
20230120:0002,0.0,0.0,0.0,0.0,0.0,22.85,2.21,0.0
20230120:0102,0.0,0.0,0.0,0.0,0.0,22.65,2.48,0.0
20230120:0202,0.0,0.0,0.0,0.0,0.0,22.58,2.41,0.0
20230120:0302,0.0,0.0,0.0,0.0,0.0,22.66,2.21,0.0
20230120:0402,307.4,43.88,53.78,0.95,7.61,22.64,2.14,0.0
20230120:0502,1143.3,188.5,114.64,3.67,19.76,23.29,2.0,0.0
20230120:0602,1061.7,41.74,233.87,3.94,32.23,23.81,1.79,0.0
20230120:0702,2192.2,353.67,207.59,8.67,44.83,24.43,1.66,0.0
20230120:0802,2647.3,495.86,181.66,11.15,57.28,24.96,2.21,0.0
20230120:0902,2356.9,175.53,427.19,9.28,68.9,25.21,2.83,0.0
20230120:1002,835.75,0.0,221.02,3.18,76.85,25.51,3.52,0.0
20230120:1102,2578.25,242.17,413.53,10.33,73.93,25.78,4.07,0.0
20230120:1202,806.75,0.0,213.56,3.07,63.55,25.56,4.62,0.0
20230120:1302,334.25,0.0,98.85,1.42,51.39,25.05,4.97,0.0
20230120:1402,457.85,0.0,128.7,1.85,38.82,24.41,4.62,0.0
20230120:1502,316.25,0.0,94.19,1.35,26.26,24.45,4.76,0.0
20230120:1602,226.9,2.79,69.26,1.02,13.92,24.12,4.69,0.0
20230120:1702,0.0,0.0,2.67,0.04,2.0,24.24,4.14,0.0
20230120:1802,0.0,0.0,0.0,0.0,0.0,24.16,3.86,0.0
20230120:1902,0.0,0.0,0.0,0.0,0.0,24.03,3.66,0.0
20230120:2002,0.0,0.0,0.0,0.0,0.0,23.85,3.59,0.0
20230120:2102,0.0,0.0,0.0,0.0,0.0,23.73,3.24,0.0
20230120:2202,0.0,0.0,0.0,0.0,0.0,23.58,2.69,0.0
20230120:2302,0.0,0.0,0.0,0.0,0.0,23.53,2.55,0.0
20230121:0002,0.0,0.0,0.0,0.0,0.0,23.41,2.62,0.0
20230121:0102,0.0,0.0,0.0,0.0,0.0,23.21,3.03,0.0
20230121:0202,0.0,0.0,0.0,0.0,0.0,23.23,3.45,0.0
20230121:0302,0.0,0.0,0.0,0.0,0.0,23.6,3.24,0.0
20230121:0402,226.0,25.31,49.86,0.82,7.44,23.69,3.1,0.0
20230121:0502,713.25,48.21,144.29,2.57,19.59,24.17,3.52,0.0
20230121:0602,1676.75,247.98,178.72,6.07,32.07,25.02,4.34,0.0
20230121:0702,1876.9,170.54,304.72,7.11,44.67,26.12,4.76,0.0
20230121:0802,2438.6,314.78,303.63,9.81,57.11,27.23,4.97,0.0
20230121:0902,2680.25,350.13,332.37,11.07,68.7,27.91,5.17,0.0
20230121:1002,2916.45,476.74,267.33,12.51,76.62,28.4,5.24,0.0
20230121:1102,2931.85,521.49,225.77,12.67,73.79,28.55,5.31,0.0
20230121:1202,2588.7,342.7,316.12,10.61,63.48,28.18,5.31,0.0
20230121:1302,2245.3,271.46,296.01,8.82,51.35,27.41,5.86,0.0
20230121:1402,1287.6,50.29,280.77,4.8,38.79,27.1,5.86,0.0
20230121:1502,881.1,42.1,189.96,3.26,26.22,25.84,5.86,0.0
20230121:1602,335.9,13.89,86.41,1.35,13.87,24.78,5.03,0.0
20230121:1702,0.0,0.0,4.46,0.07,1.94,24.83,3.86,0.0
20230121:1802,0.0,0.0,0.0,0.0,0.0,24.77,3.38,0.0
20230121:1902,0.0,0.0,0.0,0.0,0.0,24.95,3.79,0.0
20230121:2002,0.0,0.0,0.0,0.0,0.0,24.77,3.79,0.0
20230121:2102,0.0,0.0,0.0,0.0,0.0,24.48,3.24,0.0
20230121:2202,0.0,0.0,0.0,0.0,0.0,24.34,1.79,0.0
20230121:2302,0.0,0.0,0.0,0.0,0.0,23.99,0.28,0.0
20230122:0002,0.0,0.0,0.0,0.0,0.0,24.05,0.97,0.0
20230122:0102,0.0,0.0,0.0,0.0,0.0,23.86,2.34,0.0
20230122:0202,0.0,0.0,0.0,0.0,0.0,24.0,2.9,0.0
20230122:0302,0.0,0.0,0.0,0.0,0.0,24.0,2.83,0.0
20230122:0402,50.35,0.0,24.25,0.35,7.26,23.89,3.1,0.0
20230122:0502,91.55,0.0,36.37,0.52,19.42,24.88,3.52,0.0
20230122:0602,843.0,13.84,208.45,3.19,31.91,25.36,4.28,0.0
20230122:0702,492.2,0.0,137.09,1.97,44.5,24.69,5.1,0.0
20230122:0802,927.15,0.0,240.61,3.46,56.93,24.13,5.59,0.0
20230122:0902,2523.95,226.96,403.96,9.9,68.51,24.62,5.93,0.0
20230122:1002,2550.2,218.22,430.22,10.18,76.38,27.71,5.79,0.0
20230122:1102,1938.8,51.17,442.38,7.29,73.65,27.68,6.21,0.0
20230122:1202,2135.1,120.54,419.62,8.17,63.41,27.25,6.48,0.0
20230122:1302,1326.5,16.81,319.77,4.88,51.3,24.89,6.76,0.0
20230122:1402,1318.8,52.7,281.69,4.85,38.75,24.55,6.28,0.0
20230122:1502,436.65,0.0,123.1,1.77,26.18,23.74,5.59,0.0
20230122:1602,151.5,0.0,52.22,0.75,13.81,23.09,4.76,0.0
20230122:1702,0.0,0.0,3.57,0.05,1.86,22.72,5.03,0.0
20230122:1802,0.0,0.0,0.0,0.0,0.0,22.72,5.03,0.0
20230122:1902,0.0,0.0,0.0,0.0,0.0,22.85,4.34,0.0
20230122:2002,0.0,0.0,0.0,0.0,0.0,22.77,4.28,0.0
20230122:2102,0.0,0.0,0.0,0.0,0.0,22.62,4.14,0.0
20230122:2202,0.0,0.0,0.0,0.0,0.0,21.72,4.0,0.0
20230122:2302,0.0,0.0,0.0,0.0,0.0,21.8,3.03,0.0
20230123:0002,0.0,0.0,0.0,0.0,0.0,22.12,2.55,0.0
20230123:0102,0.0,0.0,0.0,0.0,0.0,22.15,1.66,0.0
20230123:0202,0.0,0.0,0.0,0.0,0.0,22.25,0.97,0.0
20230123:0302,0.0,0.0,0.0,0.0,0.0,22.31,1.17,0.0
20230123:0402,56.9,0.0,26.11,0.38,7.08,22.56,1.1,0.0
20230123:0502,1029.5,149.93,125.75,3.4,19.26,23.33,1.1,0.0
20230123:0602,1817.0,365.35,105.74,6.78,31.74,24.88,1.52,0.0
20230123:0702,2349.7,491.35,108.68,9.55,44.34,25.38,2.48,0.0
20230123:0802,2760.0,597.15,104.39,11.84,56.76,26.64,3.79,0.0
20230123:0902,3022.15,672.92,98.39,13.45,68.3,28.07,4.48,0.0
20230123:1002,3103.9,684.95,109.84,14.0,76.14,29.0,4.83,0.0
20230123:1102,3071.15,676.06,109.28,13.79,73.49,29.04,4.97,0.0
20230123:1202,2897.4,619.99,115.52,12.63,63.33,28.98,5.79,0.0
20230123:1302,2585.0,539.29,114.4,10.77,51.25,29.11,6.69,0.0
20230123:1402,2120.25,425.99,113.32,8.25,38.7,29.12,7.17,0.0
20230123:1502,1541.55,300.09,102.53,5.41,26.12,28.88,7.1,0.0
20230123:1602,837.9,157.01,79.42,2.48,13.75,28.0,6.97,0.0
20230123:1702,2.5,0.0,7.13,0.11,1.79,26.86,6.76,0.0
20230123:1802,0.0,0.0,0.0,0.0,0.0,26.45,6.28,0.0
20230123:1902,0.0,0.0,0.0,0.0,0.0,26.43,5.66,0.0
20230123:2002,0.0,0.0,0.0,0.0,0.0,26.35,4.97,0.0
20230123:2102,0.0,0.0,0.0,0.0,0.0,26.45,4.34,0.0
20230123:2202,0.0,0.0,0.0,0.0,0.0,26.45,3.59,0.0
20230123:2302,0.0,0.0,0.0,0.0,0.0,26.33,2.9,0.0
20230124:0002,0.0,0.0,0.0,0.0,0.0,25.46,2.83,0.0
20230124:0102,0.0,0.0,0.0,0.0,0.0,24.9,2.69,0.0
20230124:0202,0.0,0.0,0.0,0.0,0.0,24.54,2.48,0.0
20230124:0302,0.0,0.0,0.0,0.0,0.0,24.36,2.07,0.0
20230124:0402,129.9,8.69,39.55,0.6,6.9,24.74,2.9,0.0
20230124:0502,1005.6,143.96,125.37,3.34,19.09,25.5,4.48,0.0
20230124:0602,1309.05,100.02,233.95,4.77,31.58,24.81,5.66,0.0
20230124:0702,2313.7,429.65,147.09,9.12,44.18,24.82,5.93,0.0
20230124:0802,2549.55,373.57,261.77,10.29,56.59,25.05,6.14,0.0
20230124:0902,2651.95,301.14,361.41,10.66,68.1,25.27,6.48,0.0
20230124:1002,3054.8,558.44,201.98,13.13,75.9,25.54,6.83,0.0
20230124:1102,2046.6,65.08,449.23,7.65,73.33,25.94,7.31,0.0
20230124:1202,395.65,0.0,113.77,1.63,63.24,25.27,7.79,0.0
20230124:1302,283.1,0.0,85.8,1.23,51.19,24.33,8.28,0.0
20230124:1402,349.75,0.0,101.65,1.46,38.65,23.17,8.34,0.0
20230124:1502,138.4,0.0,48.49,0.7,26.07,21.79,7.86,0.0
20230124:1602,70.35,0.0,29.84,0.43,13.68,21.01,7.31,0.0
20230124:1702,0.0,0.0,3.57,0.05,1.7,20.53,6.55,0.0
20230124:1802,0.0,0.0,0.0,0.0,0.0,19.93,5.79,0.0
20230124:1902,0.0,0.0,0.0,0.0,0.0,19.92,6.14,0.0
20230124:2002,0.0,0.0,0.0,0.0,0.0,20.11,6.48,0.0
20230124:2102,0.0,0.0,0.0,0.0,0.0,20.06,6.97,0.0
20230124:2202,0.0,0.0,0.0,0.0,0.0,19.61,7.17,0.0
20230124:2302,0.0,0.0,0.0,0.0,0.0,19.67,7.24,0.0
20230125:0002,0.0,0.0,0.0,0.0,0.0,19.37,6.97,0.0
20230125:0102,0.0,0.0,0.0,0.0,0.0,19.17,6.62,0.0
20230125:0202,0.0,0.0,0.0,0.0,0.0,18.99,6.34,0.0
20230125:0302,0.0,0.0,0.0,0.0,0.0,19.04,6.21,0.0
20230125:0402,22.5,0.0,14.92,0.21,6.72,18.94,6.0,0.0
20230125:0502,125.95,0.0,44.76,0.64,18.91,19.15,5.66,0.0
20230125:0602,324.2,0.0,94.19,1.35,31.42,19.61,5.38,0.0
20230125:0702,547.1,0.0,147.35,2.12,44.01,20.04,4.9,0.0
20230125:0802,1432.8,13.97,342.96,5.17,56.41,20.48,4.76,0.0
20230125:0902,1937.25,50.41,431.2,7.11,67.89,21.03,4.14,0.0
20230125:1002,1688.3,16.35,407.03,6.15,75.65,21.09,2.97,0.0
20230125:1102,2827.5,381.84,330.92,11.79,73.15,20.99,2.41,0.0
20230125:1202,2822.8,520.93,191.61,12.08,63.15,21.31,2.07,0.0
20230125:1302,1871.9,102.19,367.17,7.02,51.12,21.13,2.41,0.0
20230125:1402,1158.4,25.61,268.02,4.25,38.59,20.9,2.97,0.0
20230125:1502,509.55,1.97,137.17,2.0,26.01,20.57,3.31,0.0
20230125:1602,389.6,20.48,91.91,1.49,13.61,20.72,3.79,0.0
20230125:1702,0.0,0.0,1.78,0.03,1.61,20.5,4.07,0.0
20230125:1802,0.0,0.0,0.0,0.0,0.0,20.55,4.41,0.0
20230125:1902,0.0,0.0,0.0,0.0,0.0,20.73,4.76,0.0
20230125:2002,0.0,0.0,0.0,0.0,0.0,20.67,4.9,0.0
20230125:2102,0.0,0.0,0.0,0.0,0.0,20.83,5.31,0.0
20230125:2202,0.0,0.0,0.0,0.0,0.0,20.89,4.9,0.0
20230125:2302,0.0,0.0,0.0,0.0,0.0,21.15,4.83,0.0
20230126:0002,0.0,0.0,0.0,0.0,0.0,21.34,4.34,0.0
20230126:0102,0.0,0.0,0.0,0.0,0.0,21.46,4.48,0.0
20230126:0202,0.0,0.0,0.0,0.0,0.0,21.18,4.9,0.0
20230126:0302,0.0,0.0,0.0,0.0,0.0,21.53,5.24,0.0
20230126:0402,254.6,37.76,46.5,0.8,6.54,21.4,5.1,0.0
20230126:0502,1061.8,163.87,116.5,3.44,18.74,22.12,4.83,0.0
20230126:0602,993.15,31.0,224.89,3.67,31.25,23.24,4.97,0.0
20230126:0702,2047.05,249.09,265.02,7.89,43.84,24.86,5.03,0.0
20230126:0802,2764.05,586.24,108.24,11.82,56.23,26.28,5.24,0.0
20230126:0902,2938.4,567.84,171.58,12.78,67.68,26.09,5.17,0.0
20230126:1002,2184.3,93.37,465.55,8.43,75.39,27.49,4.62,0.0
20230126:1102,3051.2,610.34,155.92,13.42,72.97,27.1,6.41,0.0
20230126:1202,2922.65,611.65,118.34,12.65,63.04,27.3,7.38,0.0
20230126:1302,2186.4,223.36,323.22,8.48,51.05,26.21,7.72,0.0
20230126:1402,255.05,0.0,79.27,1.14,38.52,25.56,7.17,0.0
20230126:1502,651.65,9.8,165.54,2.51,25.94,24.76,6.76,0.0
20230126:1602,634.65,81.58,96.89,2.06,13.53,24.14,6.14,0.0
20230126:1702,0.0,0.0,0.89,0.01,1.52,24.11,5.31,0.0
20230126:1802,0.0,0.0,0.0,0.0,0.0,23.94,4.76,0.0
20230126:1902,0.0,0.0,0.0,0.0,0.0,23.77,4.28,0.0
20230126:2002,0.0,0.0,0.0,0.0,0.0,23.8,4.0,0.0
20230126:2102,0.0,0.0,0.0,0.0,0.0,23.88,3.93,0.0
20230126:2202,0.0,0.0,0.0,0.0,0.0,23.28,3.1,0.0
20230126:2302,0.0,0.0,0.0,0.0,0.0,23.07,2.97,0.0
20230127:0002,0.0,0.0,0.0,0.0,0.0,22.71,2.9,0.0
20230127:0102,0.0,0.0,0.0,0.0,0.0,22.71,2.34,0.0
20230127:0202,0.0,0.0,0.0,0.0,0.0,22.23,2.07,0.0
20230127:0302,0.0,0.0,0.0,0.0,0.0,22.4,1.72,0.0
20230127:0402,388.3,78.62,46.33,0.96,6.36,22.49,2.0,0.0
20230127:0502,709.95,53.36,139.09,2.56,18.57,23.53,2.83,0.0
20230127:0602,1772.2,342.58,113.74,6.63,31.08,25.68,3.52,0.0
20230127:0702,2310.5,480.14,109.71,9.5,43.68,26.8,3.52,0.0
20230127:0802,2697.7,585.86,107.09,11.83,56.05,27.38,3.03,0.0
20230127:0902,2841.9,556.3,179.48,12.73,67.47,27.9,2.83,0.0
20230127:1002,3060.95,675.14,112.37,14.03,75.13,27.19,3.24,0.0
20230127:1102,3042.35,675.77,106.46,13.91,72.78,27.43,3.38,0.0
20230127:1202,2859.75,620.11,112.62,12.75,62.94,28.21,3.93,0.0
20230127:1302,2552.7,539.39,111.47,10.88,50.97,28.52,4.69,0.0
20230127:1402,2104.95,430.99,107.54,8.37,38.45,28.62,5.45,0.0
20230127:1502,1534.6,307.34,95.83,5.51,25.86,28.36,5.52,0.0
20230127:1602,834.15,162.47,75.28,2.51,13.45,27.66,5.66,0.0
20230127:1702,0.0,0.0,4.46,0.07,1.42,26.36,5.72,0.0
20230127:1802,0.0,0.0,0.0,0.0,0.0,25.51,5.52,0.0
20230127:1902,0.0,0.0,0.0,0.0,0.0,25.08,5.59,0.0
20230127:2002,0.0,0.0,0.0,0.0,0.0,25.06,5.52,0.0
20230127:2102,0.0,0.0,0.0,0.0,0.0,24.94,5.52,0.0
20230127:2202,0.0,0.0,0.0,0.0,0.0,23.81,5.1,0.0
20230127:2302,0.0,0.0,0.0,0.0,0.0,23.73,4.9,0.0
20230128:0002,0.0,0.0,0.0,0.0,0.0,23.29,4.62,0.0
20230128:0102,0.0,0.0,0.0,0.0,0.0,22.9,3.93,0.0
20230128:0202,0.0,0.0,0.0,0.0,0.0,21.65,2.9,0.0
20230128:0302,0.0,0.0,0.0,0.0,0.0,22.33,1.38,0.0
20230128:0402,9.6,0.0,10.26,0.15,6.17,22.6,2.07,0.0
20230128:0502,252.8,0.0,78.34,1.13,18.4,23.78,2.62,0.0
20230128:0602,404.0,0.0,115.64,1.66,30.92,24.46,4.97,0.0
20230128:0702,2075.3,268.51,248.42,8.01,43.51,24.54,6.76,0.0
20230128:0802,2716.8,532.39,139.79,11.41,55.87,25.04,7.17,0.0
20230128:0902,2314.05,142.34,434.15,8.87,67.25,25.04,7.79,0.0
20230128:1002,2857.1,370.33,338.12,11.79,74.86,25.37,8.41,0.0
20230128:1102,3088.8,615.16,145.56,13.44,72.59,25.13,8.41,0.0
20230128:1202,2380.3,192.68,397.73,9.23,62.82,25.01,8.62,0.0
20230128:1302,1212.9,8.62,299.25,4.45,50.88,24.49,8.55,0.0
20230128:1402,1005.25,11.8,246.32,3.72,38.38,24.14,8.34,0.0
20230128:1502,1284.9,157.3,170.94,4.53,25.79,23.31,7.59,0.0
20230128:1602,265.35,5.39,76.07,1.14,13.36,22.81,7.38,0.0
20230128:1702,0.0,0.0,0.0,0.0,0.0,21.88,8.34,0.0
20230128:1802,0.0,0.0,0.0,0.0,0.0,21.1,8.14,0.0
20230128:1902,0.0,0.0,0.0,0.0,0.0,20.68,7.86,0.0
20230128:2002,0.0,0.0,0.0,0.0,0.0,20.46,8.34,0.0
20230128:2102,0.0,0.0,0.0,0.0,0.0,20.17,8.28,0.0
20230128:2202,0.0,0.0,0.0,0.0,0.0,19.64,7.79,0.0
20230128:2302,0.0,0.0,0.0,0.0,0.0,19.18,7.86,0.0
20230129:0002,0.0,0.0,0.0,0.0,0.0,19.04,7.72,0.0
20230129:0102,0.0,0.0,0.0,0.0,0.0,18.47,7.38,0.0
20230129:0202,0.0,0.0,0.0,0.0,0.0,18.23,6.83,0.0
20230129:0302,0.0,0.0,0.0,0.0,0.0,17.95,6.21,0.0
20230129:0402,0.0,0.0,5.6,0.08,5.99,17.77,6.28,0.0
20230129:0502,88.2,0.0,34.51,0.5,18.23,18.19,6.0,0.0
20230129:0602,275.45,0.0,82.07,1.18,30.75,18.61,5.1,0.0
20230129:0702,403.5,0.0,112.84,1.62,43.34,18.92,4.97,0.0
20230129:0802,714.05,0.0,186.52,2.68,55.69,19.97,4.76,0.0
20230129:0902,712.85,0.0,186.52,2.68,67.03,20.18,4.41,0.0
20230129:1002,823.15,0.0,212.63,3.05,74.59,20.17,3.93,0.0
20230129:1102,498.15,0.0,136.16,1.96,72.38,20.37,3.93,0.0
20230129:1202,502.0,0.0,137.09,1.97,62.69,20.37,3.79,0.0
20230129:1302,470.8,0.0,129.63,1.86,50.79,20.3,3.93,0.0
20230129:1402,361.75,0.0,103.52,1.49,38.29,20.14,4.14,0.0
20230129:1502,292.8,0.0,86.73,1.25,25.7,19.71,4.0,0.0
20230129:1602,231.7,2.68,69.25,1.02,13.27,19.28,3.59,0.0
20230129:1702,0.0,0.0,0.0,0.0,0.0,18.98,3.17,0.0
20230129:1802,0.0,0.0,0.0,0.0,0.0,18.78,2.76,0.0
20230129:1902,0.0,0.0,0.0,0.0,0.0,18.76,2.48,0.0
20230129:2002,0.0,0.0,0.0,0.0,0.0,18.68,2.28,0.0
20230129:2102,0.0,0.0,0.0,0.0,0.0,18.84,2.07,0.0
20230129:2202,0.0,0.0,0.0,0.0,0.0,18.64,1.03,0.0
20230129:2302,0.0,0.0,0.0,0.0,0.0,18.43,0.97,0.0
20230130:0002,0.0,0.0,0.0,0.0,0.0,18.51,1.17,0.0
20230130:0102,0.0,0.0,0.0,0.0,0.0,18.12,1.31,0.0
20230130:0202,0.0,0.0,0.0,0.0,0.0,17.97,1.52,0.0
20230130:0302,0.0,0.0,0.0,0.0,0.0,18.9,1.45,0.0
20230130:0402,5.5,0.0,8.39,0.12,5.8,18.69,1.66,0.0
20230130:0502,108.0,0.0,40.1,0.58,18.05,19.44,2.0,0.0
20230130:0602,1016.35,35.05,224.89,3.74,30.58,20.45,2.69,0.0
20230130:0702,1506.3,58.15,318.71,5.55,43.17,21.34,3.93,0.0
20230130:0802,2454.9,303.58,304.63,9.82,55.5,21.8,4.55,0.0
20230130:0902,3002.3,597.28,143.03,13.05,66.81,22.04,5.17,0.0
20230130:1002,2993.75,475.3,262.72,12.71,74.32,21.73,5.52,0.0
20230130:1102,2722.85,281.61,390.47,10.92,72.17,21.7,5.72,0.0
20230130:1202,1808.9,40.35,408.09,6.6,62.56,21.74,5.93,0.0
20230130:1302,579.05,0.0,155.74,2.24,50.69,21.65,6.07,0.0
20230130:1402,336.7,0.0,97.92,1.41,38.21,21.54,6.14,0.0
20230130:1502,250.2,0.0,76.47,1.1,25.61,20.53,6.41,0.0
20230130:1602,128.8,0.0,45.7,0.66,13.17,20.23,6.34,0.0
20230130:1702,0.0,0.0,0.0,0.0,0.0,20.2,6.0,0.0
20230130:1802,0.0,0.0,0.0,0.0,0.0,20.13,6.21,0.0
20230130:1902,0.0,0.0,0.0,0.0,0.0,20.27,6.34,0.0
20230130:2002,0.0,0.0,0.0,0.0,0.0,20.13,6.55,0.0
20230130:2102,0.0,0.0,0.0,0.0,0.0,20.06,6.48,0.0
20230130:2202,0.0,0.0,0.0,0.0,0.0,19.42,6.0,0.0
20230130:2302,0.0,0.0,0.0,0.0,0.0,19.66,5.79,0.0
20230131:0002,0.0,0.0,0.0,0.0,0.0,19.8,6.0,0.0
20230131:0102,0.0,0.0,0.0,0.0,0.0,19.74,6.0,0.0
20230131:0202,0.0,0.0,0.0,0.0,0.0,19.73,5.79,0.0
20230131:0302,0.0,0.0,0.0,0.0,0.0,20.02,5.72,0.0
20230131:0402,48.4,0.0,23.31,0.33,5.62,20.18,5.79,0.0
20230131:0502,118.1,0.0,42.9,0.62,17.88,20.4,5.66,0.0
20230131:0602,744.55,7.16,186.69,2.79,30.41,20.56,6.28,0.0
20230131:0702,1754.45,123.88,308.82,6.51,43.0,21.34,6.76,0.0
20230131:0802,2478.0,330.57,277.84,9.94,55.32,22.26,6.69,0.0
20230131:0902,2995.95,631.27,107.45,13.17,66.58,23.92,6.55,0.0
20230131:1002,3048.2,622.26,135.62,13.59,74.04,25.14,6.28,0.0
20230131:1102,3037.7,637.18,118.19,13.56,71.95,25.5,6.48,0.0
20230131:1202,1851.65,53.59,411.29,6.9,62.42,25.21,6.9,0.0
20230131:1302,2062.4,177.99,336.69,7.97,50.59,25.17,7.24,0.0
20230131:1402,2022.1,370.98,135.9,7.94,38.11,25.48,7.45,0.0
20230131:1502,970.55,64.08,189.58,3.58,25.52,25.37,7.38,0.0
20230131:1602,395.85,26.61,89.73,1.51,13.06,24.26,6.97,0.0
20230131:1702,0.0,0.0,0.0,0.0,0.0,23.85,7.03,0.0
20230131:1802,0.0,0.0,0.0,0.0,0.0,23.52,6.48,0.0
20230131:1902,0.0,0.0,0.0,0.0,0.0,23.59,6.21,0.0
20230131:2002,0.0,0.0,0.0,0.0,0.0,23.4,6.0,0.0
20230131:2102,0.0,0.0,0.0,0.0,0.0,23.25,5.59,0.0
20230131:2202,0.0,0.0,0.0,0.0,0.0,23.0,4.48,0.0
20230131:2302,0.0,0.0,0.0,0.0,0.0,23.07,3.45,0.0
20230201:0002,0.0,0.0,0.0,0.0,0.0,22.92,3.1,0.0
20230201:0102,0.0,0.0,0.0,0.0,0.0,22.58,3.03,0.0
20230201:0202,0.0,0.0,0.0,0.0,0.0,22.19,2.97,0.0
20230201:0302,0.0,0.0,0.0,0.0,0.0,22.25,2.62,0.0
20230201:0402,156.45,23.92,34.34,0.6,5.43,22.06,2.48,0.0
20230201:0502,1033.3,193.62,89.01,3.46,17.7,23.92,2.41,0.0
20230201:0602,1642.85,313.69,115.58,6.34,30.24,25.79,2.0,0.0
20230201:0702,1538.4,85.72,314.59,5.96,42.83,27.63,2.0,0.0
20230201:0802,2443.1,442.85,194.27,10.77,55.13,29.46,2.48,0.0
20230201:0902,2727.65,526.82,183.77,12.45,66.35,30.25,3.24,0.0
20230201:1002,2948.45,651.21,111.47,13.8,73.76,29.21,3.52,0.0
20230201:1102,2930.4,652.29,105.57,13.69,71.72,29.37,3.59,0.0
20230201:1202,2739.25,579.78,124.17,12.42,62.27,28.25,3.45,0.0
20230201:1302,1917.2,153.35,346.29,7.69,50.48,29.04,2.41,0.0
20230201:1402,984.6,12.42,245.32,3.72,38.01,27.2,5.86,0.0
20230201:1502,421.25,0.0,119.37,1.71,25.42,23.9,6.69,0.0
20230201:1602,165.65,0.0,55.95,0.8,12.95,23.4,5.93,0.0
20230201:1702,0.0,0.0,0.0,0.0,0.0,22.7,5.31,0.0
20230201:1802,0.0,0.0,0.0,0.0,0.0,22.55,5.38,0.0
20230201:1902,0.0,0.0,0.0,0.0,0.0,22.29,4.76,0.0
20230201:2002,0.0,0.0,0.0,0.0,0.0,21.85,4.62,0.0
20230201:2102,0.0,0.0,0.0,0.0,0.0,21.57,4.34,0.0
20230201:2202,0.0,0.0,0.0,0.0,0.0,21.57,4.14,0.0
20230201:2302,0.0,0.0,0.0,0.0,0.0,21.15,4.83,0.0
20230202:0002,0.0,0.0,0.0,0.0,0.0,21.07,4.97,0.0
20230202:0102,0.0,0.0,0.0,0.0,0.0,21.11,5.03,0.0
20230202:0202,0.0,0.0,0.0,0.0,0.0,20.67,5.1,0.0
20230202:0302,0.0,0.0,0.0,0.0,0.0,20.74,4.9,0.0
20230202:0402,134.85,19.41,32.06,0.55,5.25,20.45,4.55,0.0
20230202:0502,1007.7,180.68,91.54,3.35,17.53,22.0,4.41,0.0
20230202:0602,1667.1,314.09,111.52,6.31,30.07,23.08,4.0,0.0
20230202:0702,2213.65,449.95,107.66,9.16,42.66,23.81,3.52,0.0
20230202:0802,2605.55,554.21,106.05,11.5,54.94,24.91,3.03,0.0
20230202:0902,2885.25,639.01,94.76,13.21,66.12,25.5,3.17,0.0
20230202:1002,2982.25,644.44,111.34,13.72,73.47,25.08,3.45,0.0
20230202:1102,2965.15,645.47,106.28,13.63,71.49,25.21,3.45,0.0
20230202:1202,2778.75,573.79,124.0,12.35,62.12,24.77,4.14,0.0
20230202:1302,2456.55,496.43,120.3,10.5,50.36,24.77,4.21,0.0
20230202:1402,546.75,0.0,150.15,2.16,37.91,24.23,3.93,0.0
20230202:1502,176.15,0.0,58.75,0.84,25.31,23.57,3.93,0.0
20230202:1602,53.5,0.0,25.18,0.36,12.84,23.73,3.03,0.0
20230202:1702,0.0,0.0,0.0,0.0,0.0,23.03,2.41,0.0
20230202:1802,0.0,0.0,0.0,0.0,0.0,22.99,2.48,0.0
20230202:1902,0.0,0.0,0.0,0.0,0.0,22.97,2.83,0.0
20230202:2002,0.0,0.0,0.0,0.0,0.0,22.77,2.41,0.0
20230202:2102,0.0,0.0,0.0,0.0,0.0,22.73,2.41,0.0
20230202:2202,0.0,0.0,0.0,0.0,0.0,22.15,1.31,0.0
20230202:2302,0.0,0.0,0.0,0.0,0.0,22.02,1.1,0.0
20230203:0002,0.0,0.0,0.0,0.0,0.0,21.9,1.1,0.0
20230203:0102,0.0,0.0,0.0,0.0,0.0,21.98,1.31,0.0
20230203:0202,0.0,0.0,0.0,0.0,0.0,21.9,1.31,0.0
20230203:0302,0.0,0.0,0.0,0.0,0.0,21.97,1.45,0.0
20230203:0402,0.0,0.0,4.66,0.07,5.06,22.07,1.52,0.0
20230203:0502,154.95,0.0,53.16,0.76,17.36,22.72,1.38,0.0
20230203:0602,635.35,2.65,168.85,2.47,29.91,23.05,1.52,0.0
20230203:0702,1031.95,8.74,259.19,3.87,42.48,23.33,1.52,0.0
20230203:0802,1705.05,56.32,378.74,6.47,54.75,23.99,2.14,0.0
20230203:0902,1700.8,30.62,404.43,6.39,65.89,24.93,2.62,0.0
20230203:1002,1461.25,7.21,369.02,5.44,73.18,25.69,2.69,0.0
20230203:1102,1126.15,0.72,292.81,4.22,71.25,26.48,3.03,0.0
20230203:1202,2186.55,155.18,404.95,8.74,61.96,26.26,3.1,0.0
20230203:1302,1532.4,43.54,348.68,5.79,50.23,25.79,3.45,0.0
20230203:1402,886.25,6.56,226.63,3.36,37.79,25.64,3.86,0.0
20230203:1502,696.45,16.0,171.31,2.68,25.2,25.03,4.0,0.0
20230203:1602,552.5,70.88,89.63,1.9,12.72,24.7,3.93,0.0
20230203:1702,0.0,0.0,0.0,0.0,0.0,23.96,3.52,0.0
20230203:1802,0.0,0.0,0.0,0.0,0.0,23.46,3.38,0.0
20230203:1902,0.0,0.0,0.0,0.0,0.0,23.07,3.31,0.0
20230203:2002,0.0,0.0,0.0,0.0,0.0,22.62,3.17,0.0
20230203:2102,0.0,0.0,0.0,0.0,0.0,22.53,3.1,0.0
20230203:2202,0.0,0.0,0.0,0.0,0.0,22.15,3.17,0.0
20230203:2302,0.0,0.0,0.0,0.0,0.0,22.03,2.97,0.0
20230204:0002,0.0,0.0,0.0,0.0,0.0,22.03,2.97,0.0
20230204:0102,0.0,0.0,0.0,0.0,0.0,21.77,3.17,0.0
20230204:0202,0.0,0.0,0.0,0.0,0.0,21.54,3.45,0.0
20230204:0302,0.0,0.0,0.0,0.0,0.0,21.86,3.52,0.0
20230204:0402,3.3,0.0,7.46,0.11,4.87,22.05,3.38,0.0
20230204:0502,423.2,9.96,110.79,1.7,17.18,23.39,3.79,0.0
20230204:0602,1665.9,326.98,101.44,6.42,29.74,24.3,4.34,0.0
20230204:0702,2232.4,464.17,98.63,9.35,42.31,25.13,4.69,0.0
20230204:0802,2637.35,565.35,98.16,11.67,54.56,26.25,5.03,0.0
20230204:0902,2939.8,652.15,86.21,13.42,65.66,26.67,5.66,0.0
20230204:1002,3041.15,666.75,97.41,14.03,72.88,27.6,6.48,0.0
20230204:1102,3035.65,659.13,97.64,13.85,71.0,26.86,7.31,0.0
20230204:1202,2823.65,596.18,108.88,12.63,61.79,27.38,7.52,0.0
20230204:1302,2489.4,515.6,107.66,10.74,50.1,27.4,7.59,0.0
20230204:1402,2020.9,407.9,103.62,8.23,37.68,26.99,7.45,0.0
20230204:1502,1418.85,273.33,97.73,5.25,25.08,25.81,7.17,0.0
20230204:1602,432.85,36.59,90.89,1.62,12.59,25.25,7.17,0.0
20230204:1702,0.0,0.0,0.0,0.0,0.0,24.51,7.66,0.0
20230204:1802,0.0,0.0,0.0,0.0,0.0,24.23,7.79,0.0
20230204:1902,0.0,0.0,0.0,0.0,0.0,24.04,7.17,0.0
20230204:2002,0.0,0.0,0.0,0.0,0.0,24.19,6.62,0.0
20230204:2102,0.0,0.0,0.0,0.0,0.0,24.16,6.07,0.0
20230204:2202,0.0,0.0,0.0,0.0,0.0,24.23,4.69,0.0
20230204:2302,0.0,0.0,0.0,0.0,0.0,24.11,3.59,0.0
20230205:0002,0.0,0.0,0.0,0.0,0.0,23.96,3.66,0.0
20230205:0102,0.0,0.0,0.0,0.0,0.0,24.12,4.07,0.0
20230205:0202,0.0,0.0,0.0,0.0,0.0,23.89,4.76,0.0
20230205:0302,0.0,0.0,0.0,0.0,0.0,24.15,5.1,0.0
20230205:0402,142.2,27.96,28.62,0.54,4.69,24.04,4.48,0.0
20230205:0502,579.95,38.57,123.43,2.2,17.01,24.9,4.14,0.0
20230205:0602,1479.1,218.66,164.0,5.67,29.57,25.86,4.69,0.0
20230205:0702,2114.85,404.57,132.82,8.87,42.13,27.0,5.03,0.0
20230205:0802,2532.55,531.65,113.38,11.33,54.36,28.72,4.97,0.0
20230205:0902,2821.35,622.73,99.24,13.13,65.42,29.49,4.83,0.0
20230205:1002,2923.4,646.21,104.35,13.8,72.58,30.0,4.83,0.0
20230205:1102,2895.55,629.95,109.87,13.54,70.74,29.83,5.38,0.0
20230205:1202,2704.65,567.4,122.18,12.35,61.61,29.97,5.79,0.0
20230205:1302,2401.1,498.84,112.12,10.56,49.96,29.36,6.0,0.0
20230205:1402,1937.95,386.33,111.89,8.03,37.55,28.8,5.72,0.0
20230205:1502,1368.7,265.26,98.41,5.17,24.96,28.08,6.07,0.0
20230205:1602,688.35,131.36,71.9,2.24,12.46,27.24,5.93,0.0
20230205:1702,0.0,0.0,0.0,0.0,0.0,25.65,5.66,0.0
20230205:1802,0.0,0.0,0.0,0.0,0.0,25.04,4.97,0.0
20230205:1902,0.0,0.0,0.0,0.0,0.0,24.77,4.14,0.0
20230205:2002,0.0,0.0,0.0,0.0,0.0,24.78,2.9,0.0
20230205:2102,0.0,0.0,0.0,0.0,0.0,24.01,1.24,0.0
20230205:2202,0.0,0.0,0.0,0.0,0.0,23.8,0.62,0.0
20230205:2302,0.0,0.0,0.0,0.0,0.0,23.74,1.17,0.0
20230206:0002,0.0,0.0,0.0,0.0,0.0,23.53,3.24,0.0
20230206:0102,0.0,0.0,0.0,0.0,0.0,23.15,4.48,0.0
20230206:0202,0.0,0.0,0.0,0.0,0.0,22.95,4.69,0.0
20230206:0302,0.0,0.0,0.0,0.0,0.0,23.13,4.28,0.0
20230206:0402,97.4,15.51,25.98,0.44,4.5,22.84,3.59,0.0
20230206:0502,295.3,2.19,86.86,1.27,16.83,23.66,3.1,0.0
20230206:0602,595.6,1.74,160.43,2.33,29.39,24.04,2.62,0.0
20230206:0702,0.0,0.0,0.0,0.0,0.0,24.29,1.93,0.0
20230206:0802,2383.45,436.64,184.25,10.7,54.17,25.18,0.76,0.0
20230206:0902,2749.65,618.68,98.17,13.09,65.18,26.17,1.31,0.0
20230206:1002,2836.75,615.09,122.52,13.54,72.28,28.54,2.55,0.0
20230206:1102,2864.9,618.06,114.89,13.45,70.48,28.26,4.07,0.0
20230206:1202,2704.55,563.49,121.9,12.33,61.43,28.2,5.31,0.0
20230206:1302,2373.35,468.63,131.84,10.36,49.82,28.39,6.34,0.0
20230206:1402,1943.45,389.96,106.01,8.04,37.42,28.2,7.24,0.0
20230206:1502,1368.15,266.49,95.25,5.17,24.83,27.47,7.93,0.0
20230206:1602,638.7,112.62,75.85,2.12,12.32,26.56,7.86,0.0
20230206:1702,0.0,0.0,0.0,0.0,0.0,25.28,7.93,0.0
20230206:1802,0.0,0.0,0.0,0.0,0.0,24.73,8.0,0.0
20230206:1902,0.0,0.0,0.0,0.0,0.0,24.52,7.72,0.0
20230206:2002,0.0,0.0,0.0,0.0,0.0,24.12,7.31,0.0
20230206:2102,0.0,0.0,0.0,0.0,0.0,24.02,6.76,0.0
20230206:2202,0.0,0.0,0.0,0.0,0.0,23.31,5.66,0.0
20230206:2302,0.0,0.0,0.0,0.0,0.0,23.31,4.34,0.0
20230207:0002,0.0,0.0,0.0,0.0,0.0,23.19,3.24,0.0
20230207:0102,0.0,0.0,0.0,0.0,0.0,23.06,2.69,0.0
20230207:0202,0.0,0.0,0.0,0.0,0.0,22.91,2.34,0.0
20230207:0302,0.0,0.0,0.0,0.0,0.0,22.68,2.34,0.0
20230207:0402,16.8,0.0,13.06,0.19,4.32,22.32,2.48,0.0
20230207:0502,609.5,50.23,120.49,2.29,16.66,24.5,2.62,0.0
20230207:0602,621.6,3.46,166.05,2.44,29.22,25.2,2.21,0.0
20230207:0702,1878.05,281.4,208.73,7.9,41.78,26.05,0.83,0.0
20230207:0802,2275.45,337.99,248.29,9.86,53.97,26.15,2.0,0.0
20230207:0902,2417.3,249.57,362.09,10.03,64.93,26.11,4.76,0.0
20230207:1002,2363.85,167.31,429.99,9.47,71.97,26.75,6.14,0.0
20230207:1102,2544.35,272.9,367.66,10.62,70.21,26.72,6.41,0.0
20230207:1202,490.0,0.0,137.09,1.97,61.24,25.84,6.21,0.0
20230207:1302,638.05,0.0,172.53,2.48,49.67,25.38,5.66,0.0
20230207:1402,211.0,0.0,68.08,0.98,37.29,25.24,5.31,0.0
20230207:1502,157.6,0.0,54.09,0.78,24.69,24.39,5.24,0.0
20230207:1602,122.7,0.0,44.76,0.64,12.18,23.98,4.76,0.0
20230207:1702,0.0,0.0,0.0,0.0,0.0,23.74,4.69,0.0
20230207:1802,0.0,0.0,0.0,0.0,0.0,23.35,4.83,0.0
20230207:1902,0.0,0.0,0.0,0.0,0.0,22.82,4.76,0.0
20230207:2002,0.0,0.0,0.0,0.0,0.0,22.3,5.1,0.0
20230207:2102,0.0,0.0,0.0,0.0,0.0,22.11,4.9,0.0
20230207:2202,0.0,0.0,0.0,0.0,0.0,21.79,5.93,0.0
20230207:2302,0.0,0.0,0.0,0.0,0.0,21.64,6.14,0.0
20230208:0002,0.0,0.0,0.0,0.0,0.0,21.65,6.34,0.0
20230208:0102,0.0,0.0,0.0,0.0,0.0,21.55,6.28,0.0
20230208:0202,0.0,0.0,0.0,0.0,0.0,21.41,6.14,0.0
20230208:0302,0.0,0.0,0.0,0.0,0.0,21.33,6.28,0.0
20230208:0402,0.0,0.0,2.8,0.04,4.13,21.31,6.07,0.0
20230208:0502,45.05,0.0,22.38,0.32,16.48,21.26,5.93,0.0
20230208:0602,138.75,0.0,48.49,0.7,29.05,21.21,5.79,0.0
20230208:0702,286.7,0.0,85.8,1.23,41.61,21.47,5.1,0.0
20230208:0802,684.25,0.0,180.92,2.6,53.78,21.71,4.69,0.0
20230208:0902,498.0,0.0,137.09,1.97,64.69,22.12,4.28,0.0
20230208:1002,632.45,0.0,168.8,2.42,71.66,21.82,4.48,0.0
20230208:1102,600.7,0.0,161.34,2.32,69.94,21.9,4.48,0.0
20230208:1202,624.9,0.0,166.93,2.4,61.04,21.74,4.55,0.0
20230208:1302,550.5,0.0,149.21,2.14,49.51,21.58,4.48,0.0
20230208:1402,617.5,0.0,165.07,2.37,37.14,21.51,4.34,0.0
20230208:1502,218.8,0.0,69.01,0.99,24.55,21.31,4.0,0.0
20230208:1602,63.7,0.0,27.98,0.4,12.03,21.31,4.0,0.0
20230208:1702,0.0,0.0,0.0,0.0,0.0,21.13,3.31,0.0
20230208:1802,0.0,0.0,0.0,0.0,0.0,21.04,3.03,0.0
20230208:1902,0.0,0.0,0.0,0.0,0.0,21.26,2.69,0.0
20230208:2002,0.0,0.0,0.0,0.0,0.0,20.9,2.41,0.0
20230208:2102,0.0,0.0,0.0,0.0,0.0,21.02,2.21,0.0
20230208:2202,0.0,0.0,0.0,0.0,0.0,21.35,1.03,0.0
20230208:2302,0.0,0.0,0.0,0.0,0.0,21.15,0.97,0.0
20230209:0002,0.0,0.0,0.0,0.0,0.0,20.84,1.45,0.0
20230209:0102,0.0,0.0,0.0,0.0,0.0,20.62,2.28,0.0
20230209:0202,0.0,0.0,0.0,0.0,0.0,20.45,2.34,0.0
20230209:0302,0.0,0.0,0.0,0.0,0.0,20.53,2.48,0.0
20230209:0402,1.5,0.0,6.53,0.09,3.94,20.78,2.48,0.0
20230209:0502,60.6,0.0,27.04,0.39,16.31,21.02,3.31,0.0
20230209:0602,100.2,0.0,38.24,0.55,28.88,21.32,4.62,0.0
20230209:0702,539.75,0.0,146.42,2.1,41.43,21.43,5.38,0.0
20230209:0802,347.7,0.0,100.72,1.45,53.58,21.61,4.69,0.0
20230209:0902,709.25,0.0,187.45,2.69,64.44,22.46,4.69,0.0
20230209:1002,780.95,0.0,203.3,2.92,71.35,21.35,5.17,0.0
20230209:1102,730.35,0.0,191.18,2.75,69.65,21.11,5.17,0.0
20230209:1202,1367.9,7.88,334.48,4.96,60.83,20.87,4.55,0.0
20230209:1302,965.65,1.48,245.23,3.55,49.35,21.19,5.1,0.0
20230209:1402,752.2,1.59,194.9,2.83,37.0,21.45,5.66,0.0
20230209:1502,847.6,43.61,177.69,3.18,24.41,21.5,5.24,0.0
20230209:1602,230.25,5.1,67.6,1.02,11.88,21.65,4.62,0.0
20230209:1702,0.0,0.0,0.0,0.0,0.0,21.08,4.41,0.0
20230209:1802,0.0,0.0,0.0,0.0,0.0,20.81,3.93,0.0
20230209:1902,0.0,0.0,0.0,0.0,0.0,20.69,3.59,0.0
20230209:2002,0.0,0.0,0.0,0.0,0.0,20.56,3.66,0.0
20230209:2102,0.0,0.0,0.0,0.0,0.0,20.88,3.59,0.0
20230209:2202,0.0,0.0,0.0,0.0,0.0,21.13,3.17,0.0
20230209:2302,0.0,0.0,0.0,0.0,0.0,21.05,3.17,0.0
20230210:0002,0.0,0.0,0.0,0.0,0.0,20.87,2.62,0.0
20230210:0102,0.0,0.0,0.0,0.0,0.0,21.22,2.14,0.0
20230210:0202,0.0,0.0,0.0,0.0,0.0,21.15,2.34,0.0
20230210:0302,0.0,0.0,0.0,0.0,0.0,21.11,2.48,0.0
20230210:0402,0.0,0.0,2.8,0.04,3.76,21.2,2.76,0.0
20230210:0502,633.1,59.1,116.24,2.34,16.13,20.97,2.83,0.0
20230210:0602,487.4,0.0,134.29,1.93,28.71,21.41,3.45,0.0
20230210:0702,1197.55,23.02,281.16,4.45,41.25,22.27,3.86,0.0
20230210:0802,1202.4,5.82,300.09,4.42,53.38,23.02,4.41,0.0
20230210:0902,2330.0,188.21,394.31,9.38,64.19,23.01,4.41,0.0
20230210:1002,1952.05,52.48,437.99,7.34,71.03,23.52,4.48,0.0
20230210:1102,1744.5,28.05,412.51,6.48,69.37,24.06,4.28,0.0
20230210:1202,1523.9,18.54,367.5,5.64,60.62,23.71,3.79,0.0
20230210:1302,1182.6,8.86,294.42,4.39,49.18,23.88,3.38,0.0
20230210:1402,1030.85,18.95,247.87,3.89,36.84,24.03,3.38,0.0
20230210:1502,362.9,0.0,105.38,1.51,24.26,23.55,3.31,0.0
20230210:1602,159.15,1.27,53.25,0.78,11.72,23.32,3.03,0.0
20230210:1702,0.0,0.0,0.0,0.0,0.0,22.41,2.55,0.0
20230210:1802,0.0,0.0,0.0,0.0,0.0,22.12,2.28,0.0
20230210:1902,0.0,0.0,0.0,0.0,0.0,22.23,2.34,0.0
20230210:2002,0.0,0.0,0.0,0.0,0.0,22.15,2.21,0.0
20230210:2102,0.0,0.0,0.0,0.0,0.0,22.62,2.41,0.0
20230210:2202,0.0,0.0,0.0,0.0,0.0,21.84,2.55,0.0
20230210:2302,0.0,0.0,0.0,0.0,0.0,21.95,2.55,0.0
20230211:0002,0.0,0.0,0.0,0.0,0.0,22.34,2.62,0.0
20230211:0102,0.0,0.0,0.0,0.0,0.0,22.23,2.28,0.0
20230211:0202,0.0,0.0,0.0,0.0,0.0,21.8,1.93,0.0
20230211:0302,0.0,0.0,0.0,0.0,0.0,21.8,2.21,0.0
20230211:0402,0.0,0.0,3.73,0.05,3.57,21.6,2.62,0.0
20230211:0502,96.45,0.0,37.3,0.54,15.96,21.85,2.69,0.0
20230211:0602,891.15,29.59,202.7,3.38,28.54,21.99,2.62,0.0
20230211:0702,1099.4,15.26,266.39,4.1,41.07,22.01,2.41,0.0
20230211:0802,1729.1,72.39,367.86,6.67,53.17,23.06,1.79,0.0
20230211:0902,2373.15,272.54,336.39,10.22,63.93,23.04,1.24,0.0
20230211:1002,1739.15,31.34,415.97,6.6,70.71,24.14,1.38,0.0
20230211:1102,2307.85,185.69,407.5,9.58,69.07,24.09,1.66,0.0
20230211:1202,2457.8,428.57,203.34,11.24,60.4,24.43,1.45,0.0
20230211:1302,1857.3,151.37,325.12,7.52,49.0,24.64,1.72,0.0
20230211:1402,1184.0,44.75,263.31,4.56,36.68,24.51,1.17,0.0
20230211:1502,277.35,0.0,84.86,1.22,24.1,24.03,0.14,0.0
20230211:1602,326.85,22.74,77.86,1.33,11.56,23.68,1.24,0.0
20230211:1702,0.0,0.0,0.0,0.0,0.0,23.14,1.1,0.0
20230211:1802,0.0,0.0,0.0,0.0,0.0,23.77,0.97,0.0
20230211:1902,0.0,0.0,0.0,0.0,0.0,23.76,0.62,0.0
20230211:2002,0.0,0.0,0.0,0.0,0.0,23.76,1.79,0.0
20230211:2102,0.0,0.0,0.0,0.0,0.0,24.16,2.97,0.0
20230211:2202,0.0,0.0,0.0,0.0,0.0,23.35,4.0,0.0
20230211:2302,0.0,0.0,0.0,0.0,0.0,23.26,3.72,0.0
20230212:0002,0.0,0.0,0.0,0.0,0.0,23.15,3.38,0.0
20230212:0102,0.0,0.0,0.0,0.0,0.0,23.38,3.79,0.0
20230212:0202,0.0,0.0,0.0,0.0,0.0,23.34,3.66,0.0
20230212:0302,0.0,0.0,0.0,0.0,0.0,23.49,3.03,0.0
20230212:0402,0.0,0.0,4.66,0.07,3.39,23.09,2.69,0.0
20230212:0502,32.7,0.0,18.65,0.27,15.78,23.83,2.21,0.0
20230212:0602,516.8,0.84,142.69,2.06,28.37,24.36,1.93,0.0
20230212:0702,901.55,4.55,233.05,3.43,40.9,24.73,1.59,0.0
20230212:0802,2180.95,327.67,237.3,9.69,52.97,26.14,1.45,0.0
20230212:0902,1951.4,93.92,416.82,7.86,63.68,26.89,1.03,0.0
20230212:1002,2627.4,582.33,116.18,13.14,70.38,28.73,0.76,0.0
20230212:1102,2616.05,583.65,110.31,13.05,68.77,29.06,0.97,0.0
20230212:1202,2352.45,381.99,234.85,10.85,60.18,28.85,1.66,0.0
20230212:1302,2173.8,448.03,117.79,10.05,48.82,28.86,2.28,0.0
20230212:1402,1648.4,247.4,181.56,6.91,36.52,27.7,3.1,0.0
20230212:1502,1203.35,228.96,95.53,4.78,23.94,26.35,4.14,0.0
20230212:1602,551.9,105.57,64.83,1.94,11.39,25.93,4.0,0.0
20230212:1702,0.0,0.0,0.0,0.0,0.0,24.93,3.52,0.0
20230212:1802,0.0,0.0,0.0,0.0,0.0,24.59,2.97,0.0
20230212:1902,0.0,0.0,0.0,0.0,0.0,24.1,3.03,0.0
20230212:2002,0.0,0.0,0.0,0.0,0.0,23.76,3.38,0.0
20230212:2102,0.0,0.0,0.0,0.0,0.0,23.79,3.86,0.0
20230212:2202,0.0,0.0,0.0,0.0,0.0,23.6,4.76,0.0
20230212:2302,0.0,0.0,0.0,0.0,0.0,23.53,4.9,0.0
20230213:0002,0.0,0.0,0.0,0.0,0.0,23.45,5.03,0.0
20230213:0102,0.0,0.0,0.0,0.0,0.0,23.09,5.17,0.0
20230213:0202,0.0,0.0,0.0,0.0,0.0,22.78,5.31,0.0
20230213:0302,0.0,0.0,0.0,0.0,0.0,22.77,5.38,0.0
20230213:0402,47.45,9.01,17.05,0.28,3.2,22.56,5.17,0.0
20230213:0502,860.85,179.29,67.92,3.16,15.61,23.91,4.9,0.0
20230213:0602,1443.55,271.27,106.67,5.89,28.2,25.02,4.69,0.0
20230213:0702,2004.6,408.93,101.94,8.83,40.72,25.83,4.34,0.0
20230213:0802,2387.8,499.33,109.39,11.08,52.77,27.26,3.86,0.0
20230213:0902,2671.5,581.67,100.72,12.82,63.42,27.67,3.72,0.0
20230213:1002,2792.6,596.82,111.84,13.42,70.05,27.33,4.41,0.0
20230213:1102,2759.8,580.17,119.85,13.2,68.47,27.23,4.41,0.0
20230213:1202,2411.85,336.52,277.29,10.64,59.94,27.28,4.48,0.0
20230213:1302,2170.2,350.38,200.67,9.51,48.63,26.35,4.28,0.0
20230213:1402,1581.45,177.63,228.79,6.4,36.35,25.93,3.93,0.0
20230213:1502,1092.75,145.99,146.23,4.27,23.77,25.48,3.72,0.0
20230213:1602,419.5,51.26,77.8,1.59,11.22,25.31,3.59,0.0
20230213:1702,0.0,0.0,0.0,0.0,0.0,24.49,3.38,0.0
20230213:1802,0.0,0.0,0.0,0.0,0.0,24.37,3.24,0.0
20230213:1902,0.0,0.0,0.0,0.0,0.0,24.3,3.38,0.0
20230213:2002,0.0,0.0,0.0,0.0,0.0,24.28,3.59,0.0
20230213:2102,0.0,0.0,0.0,0.0,0.0,24.21,3.66,0.0
20230213:2202,0.0,0.0,0.0,0.0,0.0,23.41,3.24,0.0
20230213:2302,0.0,0.0,0.0,0.0,0.0,23.3,3.31,0.0
20230214:0002,0.0,0.0,0.0,0.0,0.0,23.24,3.45,0.0
20230214:0102,0.0,0.0,0.0,0.0,0.0,23.21,3.38,0.0
20230214:0202,0.0,0.0,0.0,0.0,0.0,23.45,3.31,0.0
20230214:0302,0.0,0.0,0.0,0.0,0.0,23.82,3.24,0.0
20230214:0402,34.55,6.18,15.08,0.24,3.02,23.53,3.03,0.0
20230214:0502,790.55,151.87,77.17,2.96,15.44,24.38,3.03,0.0
20230214:0602,1432.25,280.21,97.84,5.95,28.03,25.0,3.31,0.0
20230214:0702,1984.25,407.24,101.56,8.84,40.54,25.96,3.52,0.0
20230214:0802,2381.4,504.49,104.52,11.16,52.56,27.82,3.86,0.0
20230214:0902,2662.1,580.15,100.32,12.85,63.16,28.51,4.21,0.0
20230214:1002,2760.55,595.99,110.57,13.45,69.72,29.34,4.62,0.0
20230214:1102,2754.1,604.87,100.4,13.44,68.16,29.25,4.48,0.0
20230214:1202,2569.75,552.19,104.54,12.29,59.71,29.02,4.62,0.0
20230214:1302,2248.35,472.77,103.17,10.4,48.43,28.84,4.76,0.0
20230214:1402,1768.25,349.2,111.03,7.74,36.17,28.26,4.28,0.0
20230214:1502,1198.8,231.06,94.95,4.86,23.6,26.95,3.93,0.0
20230214:1602,536.05,103.21,64.73,1.93,11.05,26.22,3.24,0.0
20230214:1702,0.0,0.0,0.0,0.0,0.0,25.37,1.93,0.0
20230214:1802,0.0,0.0,0.0,0.0,0.0,24.68,1.38,0.0
20230214:1902,0.0,0.0,0.0,0.0,0.0,24.68,1.17,0.0
20230214:2002,0.0,0.0,0.0,0.0,0.0,24.68,1.38,0.0
20230214:2102,0.0,0.0,0.0,0.0,0.0,24.77,2.07,0.0
20230214:2202,0.0,0.0,0.0,0.0,0.0,23.89,2.41,0.0
20230214:2302,0.0,0.0,0.0,0.0,0.0,23.79,2.07,0.0
20230215:0002,0.0,0.0,0.0,0.0,0.0,23.83,1.93,0.0
20230215:0102,0.0,0.0,0.0,0.0,0.0,24.12,2.21,0.0
20230215:0202,0.0,0.0,0.0,0.0,0.0,24.0,2.76,0.0
20230215:0302,0.0,0.0,0.0,0.0,0.0,24.12,3.1,0.0
20230215:0402,17.4,3.18,11.25,0.17,2.84,24.0,2.97,0.0
20230215:0502,475.25,30.15,107.36,1.9,15.27,24.77,2.9,0.0
20230215:0602,608.8,4.12,162.28,2.4,27.86,25.24,2.55,0.0
20230215:0702,1504.8,102.12,286.57,6.0,40.36,26.0,2.41,0.0
20230215:0802,2244.8,411.73,164.95,10.36,52.35,26.55,2.48,0.0
20230215:0902,2555.65,535.08,119.77,12.33,62.89,26.82,2.76,0.0
20230215:1002,2689.85,565.04,121.22,13.06,69.39,27.43,3.66,0.0
20230215:1102,2674.75,567.63,113.66,12.97,67.84,27.48,3.86,0.0
20230215:1202,2479.5,495.78,135.54,11.72,59.46,27.29,3.86,0.0
20230215:1302,2042.15,281.78,238.43,8.84,48.23,26.92,4.41,0.0
20230215:1402,309.35,0.0,93.26,1.34,35.99,26.36,4.41,0.0
20230215:1502,167.35,0.0,56.89,0.82,23.43,25.36,4.07,0.0
20230215:1602,75.25,0.0,31.71,0.46,10.86,24.81,4.07,0.0
20230215:1702,0.0,0.0,0.0,0.0,0.0,24.08,4.07,0.0
20230215:1802,0.0,0.0,0.0,0.0,0.0,24.02,3.93,0.0
20230215:1902,0.0,0.0,0.0,0.0,0.0,24.0,4.55,0.0
20230215:2002,0.0,0.0,0.0,0.0,0.0,23.22,4.83,0.0
20230215:2102,0.0,0.0,0.0,0.0,0.0,23.29,5.24,0.0
20230215:2202,0.0,0.0,0.0,0.0,0.0,23.07,5.72,0.0
20230215:2302,0.0,0.0,0.0,0.0,0.0,22.96,6.28,0.0
20230216:0002,0.0,0.0,0.0,0.0,0.0,22.88,6.34,0.0
20230216:0102,0.0,0.0,0.0,0.0,0.0,22.66,6.34,0.0
20230216:0202,0.0,0.0,0.0,0.0,0.0,22.46,6.0,0.0
20230216:0302,0.0,0.0,0.0,0.0,0.0,22.23,5.79,0.0
20230216:0402,0.0,0.0,1.87,0.03,2.65,21.78,5.79,0.0
20230216:0502,44.9,0.0,22.38,0.32,15.09,21.9,5.79,0.0
20230216:0602,305.15,0.0,90.46,1.3,27.69,21.97,5.66,0.0
20230216:0702,339.05,0.0,98.85,1.42,40.18,22.31,5.45,0.0
20230216:0802,1220.5,7.75,301.8,4.49,52.14,22.95,5.17,0.0
20230216:0902,1574.9,19.92,375.55,5.8,62.63,23.41,5.66,0.0
20230216:1002,2071.95,80.9,437.04,7.96,69.05,23.64,5.59,0.0
20230216:1102,1361.85,4.77,339.19,4.97,67.52,23.52,5.86,0.0
20230216:1202,754.3,0.0,198.64,2.85,59.21,23.47,6.0,0.0
20230216:1302,1112.65,6.43,277.65,4.11,48.02,23.27,5.24,0.0
20230216:1402,1444.85,118.71,247.8,5.69,35.8,23.1,4.55,0.0
20230216:1502,554.7,7.79,143.74,2.18,23.24,22.62,4.0,0.0
20230216:1602,50.75,0.0,24.25,0.35,10.68,22.54,3.72,0.0
20230216:1702,0.0,0.0,0.0,0.0,0.0,22.42,3.17,0.0
20230216:1802,0.0,0.0,0.0,0.0,0.0,22.5,3.17,0.0
20230216:1902,0.0,0.0,0.0,0.0,0.0,22.09,3.17,0.0
20230216:2002,0.0,0.0,0.0,0.0,0.0,22.3,2.97,0.0
20230216:2102,0.0,0.0,0.0,0.0,0.0,22.23,2.76,0.0
20230216:2202,0.0,0.0,0.0,0.0,0.0,22.29,1.93,0.0
20230216:2302,0.0,0.0,0.0,0.0,0.0,22.45,1.24,0.0
20230217:0002,0.0,0.0,0.0,0.0,0.0,22.33,1.93,0.0
20230217:0102,0.0,0.0,0.0,0.0,0.0,22.29,2.21,0.0
20230217:0202,0.0,0.0,0.0,0.0,0.0,22.07,2.21,0.0
20230217:0302,0.0,0.0,0.0,0.0,0.0,22.02,2.69,0.0
20230217:0402,0.0,0.0,1.87,0.03,2.47,21.89,2.97,0.0
20230217:0502,47.85,0.0,23.31,0.33,14.92,22.02,3.59,0.0
20230217:0602,251.75,0.0,77.4,1.11,27.52,21.97,4.14,0.0
20230217:0702,988.9,8.83,244.99,3.68,39.99,22.25,4.48,0.0
20230217:0802,1346.35,16.11,323.7,4.97,51.93,22.4,4.28,0.0
20230217:0902,1163.8,1.37,294.63,4.26,62.36,22.75,4.83,0.0
20230217:1002,1465.1,8.12,360.41,5.35,68.71,23.05,5.45,0.0
20230217:1102,767.05,0.0,201.44,2.89,67.19,23.05,5.52,0.0
20230217:1202,1722.85,44.72,387.83,6.48,58.95,23.8,5.38,0.0
20230217:1302,540.35,0.0,148.28,2.13,47.81,24.01,4.9,0.0
20230217:1402,688.85,1.51,181.82,2.64,35.61,23.36,4.76,0.0
20230217:1502,505.7,4.3,135.28,2.01,23.06,22.71,4.41,0.0
20230217:1602,113.15,0.0,41.97,0.6,10.49,22.61,3.93,0.0
20230217:1702,0.0,0.0,0.0,0.0,0.0,22.06,3.72,0.0
20230217:1802,0.0,0.0,0.0,0.0,0.0,22.13,3.45,0.0
20230217:1902,0.0,0.0,0.0,0.0,0.0,22.1,3.66,0.0
20230217:2002,0.0,0.0,0.0,0.0,0.0,21.53,3.31,0.0
20230217:2102,0.0,0.0,0.0,0.0,0.0,21.76,2.0,0.0
20230217:2202,0.0,0.0,0.0,0.0,0.0,20.72,2.9,0.0
20230217:2302,0.0,0.0,0.0,0.0,0.0,20.72,3.38,0.0
20230218:0002,0.0,0.0,0.0,0.0,0.0,20.76,2.97,0.0
20230218:0102,0.0,0.0,0.0,0.0,0.0,20.91,3.03,0.0
20230218:0202,0.0,0.0,0.0,0.0,0.0,21.16,2.9,0.0
20230218:0302,0.0,0.0,0.0,0.0,0.0,21.19,3.38,0.0
20230218:0402,0.0,0.0,1.87,0.03,2.29,21.3,4.0,0.0
20230218:0502,203.8,0.0,65.28,0.94,14.75,21.51,4.41,0.0
20230218:0602,743.9,13.68,181.8,2.84,27.35,21.53,4.97,0.0
20230218:0702,1875.3,337.77,130.85,8.2,39.81,22.03,5.72,0.0
20230218:0802,2327.05,457.63,115.32,10.65,51.72,22.39,6.21,0.0
20230218:0902,2391.15,271.79,319.2,10.2,62.09,22.72,6.07,0.0
20230218:1002,2495.1,280.55,339.79,10.74,68.37,22.3,4.55,0.0
20230218:1102,1705.0,26.29,400.09,6.3,66.86,21.86,4.21,0.0
20230218:1202,1220.4,3.42,305.71,4.46,58.69,21.93,4.0,0.0
20230218:1302,1032.15,3.53,260.04,3.8,47.59,21.61,4.07,0.0
20230218:1402,134.45,0.0,47.56,0.68,35.41,22.1,4.0,0.0
20230218:1502,438.05,1.7,121.25,1.77,22.87,22.15,3.86,0.0
20230218:1602,452.4,83.86,60.33,1.7,10.29,21.99,4.21,0.0
20230218:1702,0.0,0.0,0.0,0.0,0.0,21.56,3.72,0.0
20230218:1802,0.0,0.0,0.0,0.0,0.0,21.13,3.38,0.0
20230218:1902,0.0,0.0,0.0,0.0,0.0,21.27,3.24,0.0
20230218:2002,0.0,0.0,0.0,0.0,0.0,21.21,2.9,0.0
20230218:2102,0.0,0.0,0.0,0.0,0.0,21.02,2.34,0.0
20230218:2202,0.0,0.0,0.0,0.0,0.0,20.7,1.79,0.0
20230218:2302,0.0,0.0,0.0,0.0,0.0,20.69,1.79,0.0
20230219:0002,0.0,0.0,0.0,0.0,0.0,21.1,1.93,0.0
20230219:0102,0.0,0.0,0.0,0.0,0.0,21.22,2.0,0.0
20230219:0202,0.0,0.0,0.0,0.0,0.0,21.11,2.14,0.0
20230219:0302,0.0,0.0,0.0,0.0,0.0,21.35,1.86,0.0
20230219:0402,0.0,0.0,0.93,0.01,2.11,21.97,1.79,0.0
20230219:0502,208.95,1.01,66.25,0.96,14.58,22.97,1.72,0.0
20230219:0602,1301.9,251.53,95.5,5.63,27.18,23.16,2.07,0.0
20230219:0702,1865.85,374.69,100.33,8.48,39.63,23.45,3.45,0.0
20230219:0802,2261.8,456.28,114.01,10.66,51.51,24.81,3.93,0.0
20230219:0902,2524.6,520.31,117.51,12.25,61.82,26.05,4.07,0.0
20230219:1002,2629.75,550.74,118.13,12.98,68.02,27.07,3.79,0.0
20230219:1102,2623.45,543.83,118.35,12.82,66.53,27.12,4.97,0.0
20230219:1202,2199.85,225.18,332.79,9.43,58.42,26.78,5.03,0.0
20230219:1302,191.2,0.0,63.42,0.91,47.37,26.88,6.07,0.0
20230219:1402,483.45,0.0,136.16,1.96,35.21,26.88,5.86,0.0
20230219:1502,1068.0,196.19,97.31,4.5,22.67,26.23,5.1,0.0
20230219:1602,434.35,84.56,58.33,1.69,10.09,26.08,4.62,0.0
20230219:1702,0.0,0.0,0.0,0.0,0.0,24.71,4.48,0.0
20230219:1802,0.0,0.0,0.0,0.0,0.0,24.35,4.41,0.0
20230219:1902,0.0,0.0,0.0,0.0,0.0,24.31,4.07,0.0
20230219:2002,0.0,0.0,0.0,0.0,0.0,23.95,3.52,0.0
20230219:2102,0.0,0.0,0.0,0.0,0.0,23.14,2.69,0.0
20230219:2202,0.0,0.0,0.0,0.0,0.0,22.26,1.66,0.0
20230219:2302,0.0,0.0,0.0,0.0,0.0,22.02,1.52,0.0
20230220:0002,0.0,0.0,0.0,0.0,0.0,22.34,2.0,0.0
20230220:0102,0.0,0.0,0.0,0.0,0.0,22.58,2.21,0.0
20230220:0202,0.0,0.0,0.0,0.0,0.0,22.33,2.41,0.0
20230220:0302,0.0,0.0,0.0,0.0,0.0,22.32,3.1,0.0
20230220:0402,0.0,0.0,3.73,0.05,1.93,22.44,3.72,0.0
20230220:0502,675.4,133.56,69.66,2.73,14.41,24.13,4.14,0.0
20230220:0602,1287.7,242.34,101.64,5.6,27.01,24.9,3.86,0.0
20230220:0702,1857.7,375.7,98.93,8.53,39.45,24.66,4.14,0.0
20230220:0802,2270.7,465.88,106.4,10.8,51.29,25.64,4.83,0.0
20230220:0902,2557.8,531.48,108.3,12.39,61.54,25.58,5.38,0.0
20230220:1002,2669.45,562.39,108.96,13.14,67.67,26.28,4.9,0.0
20230220:1102,2652.9,555.53,109.17,12.98,66.19,25.66,5.03,0.0
20230220:1202,2449.0,493.1,122.91,11.78,58.14,25.53,4.55,0.0
20230220:1302,2106.3,426.86,110.41,9.97,47.14,25.96,3.59,0.0
20230220:1402,1645.65,324.95,103.71,7.48,35.0,25.25,2.97,0.0
20230220:1502,1065.5,203.79,91.29,4.57,22.47,25.09,2.48,0.0
20230220:1602,437.5,91.22,54.62,1.71,9.89,24.79,1.72,0.0
20230220:1702,0.0,0.0,0.0,0.0,0.0,21.98,3.79,0.0
20230220:1802,0.0,0.0,0.0,0.0,0.0,21.05,8.55,0.0
20230220:1902,0.0,0.0,0.0,0.0,0.0,19.92,10.28,0.0
20230220:2002,0.0,0.0,0.0,0.0,0.0,18.93,9.79,0.0
20230220:2102,0.0,0.0,0.0,0.0,0.0,18.46,9.17,0.0
20230220:2202,0.0,0.0,0.0,0.0,0.0,17.69,8.07,0.0
20230220:2302,0.0,0.0,0.0,0.0,0.0,17.78,7.72,0.0
20230221:0002,0.0,0.0,0.0,0.0,0.0,17.44,8.55,0.0
20230221:0102,0.0,0.0,0.0,0.0,0.0,17.52,9.1,0.0
20230221:0202,0.0,0.0,0.0,0.0,0.0,17.46,9.17,0.0
20230221:0302,0.0,0.0,0.0,0.0,0.0,17.77,8.9,0.0
20230221:0402,0.0,0.0,4.66,0.07,1.75,17.66,8.48,0.0
20230221:0502,700.5,139.17,66.62,2.79,14.24,18.57,8.0,0.0
20230221:0602,1365.25,263.84,88.91,5.83,26.84,19.49,8.41,0.0
20230221:0702,1948.6,385.2,95.48,8.72,39.26,20.27,8.69,0.0
20230221:0802,2371.55,468.44,109.83,10.97,51.08,21.57,8.48,0.0
20230221:0902,2667.45,550.48,100.43,12.73,61.26,22.63,7.93,0.0
20230221:1002,2775.7,574.51,106.22,13.42,67.32,23.56,7.45,0.0
20230221:1102,2739.3,575.0,100.52,13.32,65.85,23.87,6.55,0.0
20230221:1202,2537.9,529.91,99.45,12.22,57.86,24.21,6.14,0.0
20230221:1302,2193.85,444.24,101.58,10.24,46.9,23.28,6.21,0.0
20230221:1402,1726.05,343.89,92.97,7.72,34.79,22.0,6.83,0.0
20230221:1502,1105.75,210.37,88.05,4.66,22.26,21.45,7.17,0.0
20230221:1602,419.4,78.7,57.99,1.63,9.68,21.01,6.76,0.0
20230221:1702,0.0,0.0,0.0,0.0,0.0,20.21,5.38,0.0
20230221:1802,0.0,0.0,0.0,0.0,0.0,19.28,3.93,0.0
20230221:1902,0.0,0.0,0.0,0.0,0.0,18.55,2.21,0.0
20230221:2002,0.0,0.0,0.0,0.0,0.0,18.47,1.31,0.0
20230221:2102,0.0,0.0,0.0,0.0,0.0,17.8,1.38,0.0
20230221:2202,0.0,0.0,0.0,0.0,0.0,17.39,1.45,0.0
20230221:2302,0.0,0.0,0.0,0.0,0.0,16.66,1.1,0.0
20230222:0002,0.0,0.0,0.0,0.0,0.0,17.88,1.03,0.0
20230222:0102,0.0,0.0,0.0,0.0,0.0,17.6,1.17,0.0
20230222:0202,0.0,0.0,0.0,0.0,0.0,16.3,1.38,0.0
20230222:0302,0.0,0.0,0.0,0.0,0.0,16.54,1.72,0.0
20230222:0402,0.0,0.0,2.8,0.04,1.57,16.94,2.21,0.0
20230222:0502,655.8,127.98,68.15,2.68,14.07,19.27,2.83,0.0
20230222:0602,1304.6,256.09,87.76,5.72,26.67,20.37,3.66,0.0
20230222:0702,1863.1,378.13,92.71,8.6,39.08,21.63,3.93,0.0
20230222:0802,2267.7,468.85,100.24,10.89,50.86,23.73,4.14,0.0
20230222:0902,2544.95,535.96,101.36,12.51,60.98,24.36,4.28,0.0
20230222:1002,2655.6,567.32,102.04,13.28,66.97,25.91,4.34,0.0
20230222:1102,2626.0,560.53,101.44,13.1,65.5,26.01,4.41,0.0
20230222:1202,2444.3,515.4,101.17,12.02,57.58,26.16,4.69,0.0
20230222:1302,2111.1,436.52,98.9,10.1,46.66,26.11,5.1,0.0
20230222:1402,1637.0,331.11,93.8,7.54,34.57,25.77,5.31,0.0
20230222:1502,1042.0,204.41,84.98,4.56,22.05,25.34,5.38,0.0
20230222:1602,400.6,84.08,52.14,1.62,9.47,24.48,5.03,0.0
20230222:1702,0.0,0.0,0.0,0.0,0.0,23.28,4.76,0.0
20230222:1802,0.0,0.0,0.0,0.0,0.0,22.63,4.41,0.0
20230222:1902,0.0,0.0,0.0,0.0,0.0,22.4,4.14,0.0
20230222:2002,0.0,0.0,0.0,0.0,0.0,21.92,3.86,0.0
20230222:2102,0.0,0.0,0.0,0.0,0.0,21.69,3.66,0.0
20230222:2202,0.0,0.0,0.0,0.0,0.0,20.92,2.97,0.0
20230222:2302,0.0,0.0,0.0,0.0,0.0,20.83,2.83,0.0
20230223:0002,0.0,0.0,0.0,0.0,0.0,20.5,2.83,0.0
20230223:0102,0.0,0.0,0.0,0.0,0.0,20.11,2.69,0.0
20230223:0202,0.0,0.0,0.0,0.0,0.0,19.54,2.62,0.0
20230223:0302,0.0,0.0,0.0,0.0,0.0,19.37,2.55,0.0
20230223:0402,0.0,0.0,0.93,0.01,1.4,19.33,2.41,0.0
20230223:0502,612.75,112.11,73.46,2.56,13.9,21.53,2.83,0.0
20230223:0602,1245.55,240.68,93.09,5.57,26.5,22.78,3.03,0.0
20230223:0702,1782.1,352.74,105.08,8.36,38.9,24.65,3.79,0.0
20230223:0802,2186.7,445.55,110.6,10.65,50.64,26.69,4.41,0.0
20230223:0902,2462.25,510.32,113.26,12.25,60.7,27.56,5.03,0.0
20230223:1002,2586.4,530.04,124.07,12.93,66.61,28.21,5.72,0.0
20230223:1102,2561.2,533.7,114.13,12.82,65.15,28.53,6.0,0.0
20230223:1202,2364.95,471.75,127.91,11.62,57.29,28.65,6.21,0.0
20230223:1302,2028.3,390.53,127.99,9.7,46.41,28.62,6.41,0.0
20230223:1402,1568.25,301.07,110.01,7.27,34.35,28.24,6.48,0.0
20230223:1502,989.05,182.14,95.1,4.37,21.84,27.31,6.34,0.0
20230223:1602,358.1,69.37,54.32,1.5,9.25,26.51,6.28,0.0
20230223:1702,0.0,0.0,0.0,0.0,0.0,24.89,6.21,0.0
20230223:1802,0.0,0.0,0.0,0.0,0.0,25.03,6.0,0.0
20230223:1902,0.0,0.0,0.0,0.0,0.0,24.54,5.79,0.0
20230223:2002,0.0,0.0,0.0,0.0,0.0,24.24,5.59,0.0
20230223:2102,0.0,0.0,0.0,0.0,0.0,24.29,5.38,0.0
20230223:2202,0.0,0.0,0.0,0.0,0.0,23.86,5.03,0.0
20230223:2302,0.0,0.0,0.0,0.0,0.0,23.59,4.07,0.0
20230224:0002,0.0,0.0,0.0,0.0,0.0,22.91,3.03,0.0
20230224:0102,0.0,0.0,0.0,0.0,0.0,21.9,2.69,0.0
20230224:0202,0.0,0.0,0.0,0.0,0.0,21.67,1.59,0.0
20230224:0302,0.0,0.0,0.0,0.0,0.0,22.69,1.38,0.0
20230224:0402,0.0,0.0,0.0,0.0,0.0,22.95,2.62,0.0
20230224:0502,172.0,0.0,57.82,0.83,13.74,24.1,3.72,0.0
20230224:0602,1186.8,210.17,107.88,5.29,26.33,24.19,5.38,0.0
20230224:0702,1688.85,266.04,165.7,7.64,38.71,24.68,4.83,0.0
20230224:0802,2121.85,417.78,124.61,10.37,50.42,26.44,3.45,0.0
20230224:0902,2382.15,488.19,122.7,12.0,60.42,27.79,3.31,0.0
20230224:1002,2505.05,517.84,124.12,12.74,66.26,28.93,4.07,0.0
20230224:1102,2491.3,511.01,123.54,12.57,64.79,28.48,4.69,0.0
20230224:1202,2125.4,214.61,325.41,9.27,56.99,27.06,5.17,0.0
20230224:1302,654.85,0.0,177.19,2.55,46.16,26.22,5.79,0.0
20230224:1402,402.45,0.0,115.64,1.66,34.12,25.52,6.48,0.0
20230224:1502,204.4,0.0,66.21,0.95,21.62,24.67,6.41,0.0
20230224:1602,176.25,7.0,53.71,0.84,9.03,23.74,6.34,0.0
20230224:1702,0.0,0.0,0.0,0.0,0.0,23.52,6.34,0.0
20230224:1802,0.0,0.0,0.0,0.0,0.0,23.41,5.86,0.0
20230224:1902,0.0,0.0,0.0,0.0,0.0,23.38,5.45,0.0
20230224:2002,0.0,0.0,0.0,0.0,0.0,22.98,5.45,0.0
20230224:2102,0.0,0.0,0.0,0.0,0.0,22.51,5.24,0.0
20230224:2202,0.0,0.0,0.0,0.0,0.0,21.79,4.76,0.0
20230224:2302,0.0,0.0,0.0,0.0,0.0,21.7,4.55,0.0
20230225:0002,0.0,0.0,0.0,0.0,0.0,21.64,4.69,0.0
20230225:0102,0.0,0.0,0.0,0.0,0.0,21.53,4.69,0.0
20230225:0202,0.0,0.0,0.0,0.0,0.0,21.35,4.55,0.0
20230225:0302,0.0,0.0,0.0,0.0,0.0,21.32,4.69,0.0
20230225:0402,0.0,0.0,0.0,0.0,0.0,21.12,4.9,0.0
20230225:0502,42.15,0.0,21.45,0.31,13.57,20.92,4.97,0.0
20230225:0602,219.45,0.0,69.01,0.99,26.16,20.94,5.66,0.0
20230225:0702,798.6,1.39,206.04,2.99,38.53,21.56,6.0,0.0
20230225:0802,732.2,0.0,192.11,2.76,50.2,21.98,6.07,0.0
20230225:0902,1565.3,19.56,370.48,5.75,60.13,22.05,6.28,0.0
20230225:1002,1336.6,3.88,332.65,4.86,65.9,22.82,6.21,0.0
20230225:1102,551.8,0.0,150.15,2.16,64.43,23.04,6.48,0.0
20230225:1202,573.0,0.0,154.81,2.22,56.69,22.57,6.9,0.0
20230225:1302,1784.35,137.62,306.01,7.27,45.91,22.47,6.9,0.0
20230225:1402,554.5,0.0,150.15,2.16,33.89,22.1,6.69,0.0
20230225:1502,302.8,0.0,89.53,1.29,21.4,21.12,6.55,0.0
20230225:1602,110.6,1.16,40.17,0.59,8.8,20.99,5.93,0.0
20230225:1702,0.0,0.0,0.0,0.0,0.0,20.67,5.38,0.0
20230225:1802,0.0,0.0,0.0,0.0,0.0,20.69,4.83,0.0
20230225:1902,0.0,0.0,0.0,0.0,0.0,20.49,4.55,0.0
20230225:2002,0.0,0.0,0.0,0.0,0.0,20.04,4.34,0.0
20230225:2102,0.0,0.0,0.0,0.0,0.0,19.67,3.86,0.0
20230225:2202,0.0,0.0,0.0,0.0,0.0,19.12,4.14,0.0
20230225:2302,0.0,0.0,0.0,0.0,0.0,18.41,4.14,0.0
20230226:0002,0.0,0.0,0.0,0.0,0.0,18.25,4.07,0.0
20230226:0102,0.0,0.0,0.0,0.0,0.0,18.06,3.66,0.0
20230226:0202,0.0,0.0,0.0,0.0,0.0,18.24,3.1,0.0
20230226:0302,0.0,0.0,0.0,0.0,0.0,18.19,2.55,0.0
20230226:0402,0.0,0.0,0.0,0.0,0.0,18.12,2.41,0.0
20230226:0502,150.8,0.0,51.29,0.74,13.4,19.12,2.28,0.0
20230226:0602,511.15,1.5,137.99,2.01,25.99,19.77,1.79,0.0
20230226:0702,679.55,0.0,179.99,2.59,38.34,20.04,1.03,0.0
20230226:0802,1712.65,78.05,354.23,6.77,49.98,20.69,1.66,0.0
20230226:0902,1708.1,35.64,392.16,6.42,59.84,20.83,2.9,0.0
20230226:1002,1413.35,6.43,348.28,5.14,65.53,21.11,3.79,0.0
20230226:1102,1469.65,9.02,358.3,5.35,64.07,21.15,4.62,0.0
20230226:1202,521.85,0.0,141.75,2.04,56.38,20.68,5.17,0.0
20230226:1302,450.35,0.0,124.97,1.8,45.64,20.99,5.31,0.0
20230226:1402,677.4,1.41,177.14,2.57,33.65,20.88,5.31,0.0
20230226:1502,338.05,0.0,97.92,1.41,21.17,20.59,5.24,0.0
20230226:1602,138.5,3.45,45.93,0.7,8.57,20.6,4.9,0.0
20230226:1702,0.0,0.0,0.0,0.0,0.0,20.18,5.03,0.0
20230226:1802,0.0,0.0,0.0,0.0,0.0,20.28,5.17,0.0
20230226:1902,0.0,0.0,0.0,0.0,0.0,20.43,5.17,0.0
20230226:2002,0.0,0.0,0.0,0.0,0.0,20.32,5.52,0.0
20230226:2102,0.0,0.0,0.0,0.0,0.0,20.61,5.31,0.0
20230226:2202,0.0,0.0,0.0,0.0,0.0,20.21,4.97,0.0
20230226:2302,0.0,0.0,0.0,0.0,0.0,20.52,4.69,0.0
20230227:0002,0.0,0.0,0.0,0.0,0.0,20.66,4.0,0.0
20230227:0102,0.0,0.0,0.0,0.0,0.0,20.46,3.52,0.0
20230227:0202,0.0,0.0,0.0,0.0,0.0,20.51,3.17,0.0
20230227:0302,0.0,0.0,0.0,0.0,0.0,20.96,2.9,0.0
20230227:0402,0.0,0.0,0.0,0.0,0.0,21.18,2.21,0.0
20230227:0502,533.45,99.44,68.39,2.4,13.24,21.6,2.21,0.0
20230227:0602,1141.3,210.7,99.18,5.31,25.82,22.3,2.28,0.0
20230227:0702,1686.85,339.66,97.48,8.23,38.15,23.24,2.21,0.0
20230227:0802,2091.05,438.73,97.99,10.58,49.75,24.74,2.07,0.0
20230227:0902,2345.5,497.67,104.31,12.12,59.55,25.49,2.0,0.0
20230227:1002,2451.9,509.13,121.06,12.73,65.17,26.68,2.41,0.0
20230227:1102,2451.3,511.34,112.83,12.62,63.7,26.7,3.52,0.0
20230227:1202,2265.2,459.24,117.9,11.47,56.07,26.71,3.79,0.0
20230227:1302,1938.0,385.02,112.44,9.59,45.38,26.38,3.93,0.0
20230227:1402,1169.55,60.94,243.61,4.72,33.41,25.3,3.45,0.0
20230227:1502,135.9,0.0,48.49,0.7,20.94,24.88,3.03,0.0
20230227:1602,128.15,0.0,46.37,0.7,8.34,24.64,2.55,0.0
20230227:1702,0.0,0.0,0.0,0.0,0.0,22.98,1.52,0.0
20230227:1802,0.0,0.0,0.0,0.0,0.0,23.72,1.1,0.0
20230227:1902,0.0,0.0,0.0,0.0,0.0,22.38,0.21,0.0
20230227:2002,0.0,0.0,0.0,0.0,0.0,22.29,0.62,0.0
20230227:2102,0.0,0.0,0.0,0.0,0.0,22.62,1.24,0.0
20230227:2202,0.0,0.0,0.0,0.0,0.0,21.58,1.79,0.0
20230227:2302,0.0,0.0,0.0,0.0,0.0,21.78,2.28,0.0
20230228:0002,0.0,0.0,0.0,0.0,0.0,21.74,2.76,0.0
20230228:0102,0.0,0.0,0.0,0.0,0.0,21.95,3.03,0.0
20230228:0202,0.0,0.0,0.0,0.0,0.0,21.91,3.03,0.0
20230228:0302,0.0,0.0,0.0,0.0,0.0,21.72,2.83,0.0
20230228:0402,0.0,0.0,0.0,0.0,0.0,21.5,2.97,0.0
20230228:0502,229.8,2.72,70.01,1.05,13.07,22.36,3.1,0.0
20230228:0602,1049.8,138.02,144.53,4.66,25.65,23.11,2.97,0.0
20230228:0702,1625.85,293.44,127.93,7.82,37.97,23.9,2.69,0.0
20230228:0802,1996.75,341.68,171.58,9.77,49.53,24.98,2.07,0.0
20230228:0902,1153.45,2.56,301.03,4.38,59.26,27.27,1.45,0.0
20230228:1002,2344.7,393.58,213.09,11.75,64.8,27.43,2.28,0.0
20230228:1102,2262.4,279.18,302.29,10.57,63.33,26.78,2.9,0.0
20230228:1202,2206.45,422.09,140.51,11.11,55.76,26.1,3.31,0.0
20230228:1302,1885.45,367.0,118.57,9.38,45.11,26.3,3.45,0.0
20230228:1402,1428.75,271.51,106.75,6.91,33.17,25.75,3.66,0.0
20230228:1502,559.3,15.54,140.58,2.29,20.7,25.36,3.24,0.0
20230228:1602,124.55,0.0,45.47,0.68,8.11,25.07,2.34,0.0
20230228:1702,0.0,0.0,0.0,0.0,0.0,23.75,1.38,0.0
20230228:1802,0.0,0.0,0.0,0.0,0.0,23.75,0.83,0.0
20230228:1902,0.0,0.0,0.0,0.0,0.0,23.78,0.69,0.0
20230228:2002,0.0,0.0,0.0,0.0,0.0,23.28,0.14,0.0
20230228:2102,0.0,0.0,0.0,0.0,0.0,22.86,1.1,0.0
20230228:2202,0.0,0.0,0.0,0.0,0.0,21.84,1.66,0.0
20230228:2302,0.0,0.0,0.0,0.0,0.0,22.68,2.9,0.0
20230301:0002,0.0,0.0,0.0,0.0,0.0,22.93,4.0,0.0
20230301:0102,0.0,0.0,0.0,0.0,0.0,22.9,4.9,0.0
20230301:0202,0.0,0.0,0.0,0.0,0.0,22.7,4.97,0.0
20230301:0302,0.0,0.0,0.0,0.0,0.0,22.25,4.76,0.0
20230301:0402,0.0,0.0,0.0,0.0,0.0,21.91,4.9,0.0
20230301:0502,330.8,14.32,86.17,1.45,12.91,22.78,5.52,0.0
20230301:0602,1029.25,119.83,154.8,4.5,25.48,22.99,5.59,0.0
20230301:0702,1210.85,38.3,271.34,4.7,37.78,23.91,5.24,0.0
20230301:0802,2039.8,361.18,151.1,9.93,49.3,24.0,5.24,0.0
20230301:0902,2367.35,505.74,86.24,12.15,58.97,25.29,5.66,0.0
20230301:1002,2469.25,522.26,95.51,12.74,64.43,26.01,5.79,0.0
20230301:1102,2442.1,514.97,95.69,12.57,62.96,26.11,6.14,0.0
20230301:1202,2254.9,462.68,101.25,11.41,55.44,25.62,6.62,0.0
20230301:1302,1428.0,45.2,317.82,5.55,44.83,25.29,6.21,0.0
20230301:1402,860.3,10.32,214.84,3.3,32.92,24.22,5.66,0.0
20230301:1502,176.05,0.0,58.75,0.84,20.46,23.76,4.9,0.0
20230301:1602,102.7,0.0,39.23,0.59,7.87,23.53,3.86,0.0
20230301:1702,0.0,0.0,0.0,0.0,0.0,22.81,2.76,0.0
20230301:1802,0.0,0.0,0.0,0.0,0.0,22.32,1.72,0.0
20230301:1902,0.0,0.0,0.0,0.0,0.0,22.36,1.1,0.0
20230301:2002,0.0,0.0,0.0,0.0,0.0,22.6,0.83,0.0
20230301:2102,0.0,0.0,0.0,0.0,0.0,22.26,0.34,0.0
20230301:2202,0.0,0.0,0.0,0.0,0.0,21.37,0.76,0.0
20230301:2302,0.0,0.0,0.0,0.0,0.0,20.73,1.03,0.0
20230302:0002,0.0,0.0,0.0,0.0,0.0,20.26,1.03,0.0
20230302:0102,0.0,0.0,0.0,0.0,0.0,20.03,1.1,0.0
20230302:0202,0.0,0.0,0.0,0.0,0.0,19.21,1.24,0.0
20230302:0302,0.0,0.0,0.0,0.0,0.0,19.46,1.1,0.0
20230302:0402,0.0,0.0,0.0,0.0,0.0,20.07,1.03,0.0
20230302:0502,475.35,94.37,61.77,2.3,12.74,21.89,0.55,0.0
20230302:0602,1067.1,221.92,76.99,5.33,25.31,23.31,0.9,0.0
20230302:0702,1588.05,325.01,92.26,8.04,37.59,24.53,1.93,0.0
20230302:0802,2004.9,422.73,93.0,10.38,49.07,25.89,2.76,0.0
20230302:0902,2276.9,478.96,101.09,11.9,58.67,26.29,3.38,0.0
20230302:1002,2414.55,507.59,102.68,12.62,64.06,25.93,4.0,0.0
20230302:1102,2393.9,481.48,118.88,12.3,62.59,25.5,5.1,0.0
20230302:1202,2081.4,232.28,292.44,9.41,55.11,25.89,6.0,0.0
20230302:1302,1868.5,352.97,121.32,9.26,44.55,25.57,6.62,0.0
20230302:1402,1407.3,270.73,98.75,6.89,32.66,24.75,7.03,0.0
20230302:1502,747.65,75.2,133.38,3.27,20.22,24.51,7.1,0.0
20230302:1602,115.35,0.0,42.8,0.64,7.63,24.38,6.69,0.0
20230302:1702,0.0,0.0,0.0,0.0,0.0,23.0,6.41,0.0
20230302:1802,0.0,0.0,0.0,0.0,0.0,23.01,6.07,0.0
20230302:1902,0.0,0.0,0.0,0.0,0.0,22.94,5.93,0.0
20230302:2002,0.0,0.0,0.0,0.0,0.0,22.77,5.66,0.0
20230302:2102,0.0,0.0,0.0,0.0,0.0,22.81,5.59,0.0
20230302:2202,0.0,0.0,0.0,0.0,0.0,22.89,5.31,0.0
20230302:2302,0.0,0.0,0.0,0.0,0.0,23.14,5.24,0.0
20230303:0002,0.0,0.0,0.0,0.0,0.0,23.15,4.83,0.0
20230303:0102,0.0,0.0,0.0,0.0,0.0,22.83,4.69,0.0
20230303:0202,0.0,0.0,0.0,0.0,0.0,22.74,4.34,0.0
20230303:0302,0.0,0.0,0.0,0.0,0.0,22.43,4.41,0.0
20230303:0402,0.0,0.0,0.0,0.0,0.0,22.08,4.55,0.0
20230303:0502,458.15,90.29,61.46,2.26,12.58,23.3,4.76,0.0
20230303:0602,1045.75,205.9,84.04,5.18,25.14,24.12,5.31,0.0
20230303:0702,1585.45,318.13,92.83,7.97,37.4,25.0,5.86,0.0
20230303:0802,1992.15,408.67,98.72,10.25,48.84,27.36,6.34,0.0
20230303:0902,2272.2,471.26,101.66,11.82,58.37,27.67,6.76,0.0
20230303:1002,2391.7,500.5,102.44,12.54,63.69,28.12,6.62,0.0
20230303:1102,2362.95,492.62,101.87,12.34,62.21,27.96,7.1,0.0
20230303:1202,2186.75,456.88,93.99,11.32,54.79,27.57,7.72,0.0
20230303:1302,1826.35,339.23,127.24,9.12,44.27,27.32,8.0,0.0
20230303:1402,1367.85,269.55,93.14,6.83,32.4,26.24,7.86,0.0
20230303:1502,572.7,20.26,139.33,2.37,19.98,25.37,7.72,0.0
20230303:1602,115.05,0.0,42.8,0.64,7.38,24.89,7.24,0.0
20230303:1702,0.0,0.0,0.0,0.0,0.0,23.97,6.83,0.0
20230303:1802,0.0,0.0,0.0,0.0,0.0,23.72,6.55,0.0
20230303:1902,0.0,0.0,0.0,0.0,0.0,23.83,6.14,0.0
20230303:2002,0.0,0.0,0.0,0.0,0.0,23.7,5.79,0.0
20230303:2102,0.0,0.0,0.0,0.0,0.0,23.38,5.31,0.0
20230303:2202,0.0,0.0,0.0,0.0,0.0,23.31,3.79,0.0
20230303:2302,0.0,0.0,0.0,0.0,0.0,23.58,1.1,0.0
20230304:0002,0.0,0.0,0.0,0.0,0.0,23.13,3.66,0.0
20230304:0102,0.0,0.0,0.0,0.0,0.0,23.14,5.52,0.0
20230304:0202,0.0,0.0,0.0,0.0,0.0,22.78,5.1,0.0
20230304:0302,0.0,0.0,0.0,0.0,0.0,22.66,4.21,0.0
20230304:0402,0.0,0.0,0.0,0.0,0.0,22.42,3.24,0.0
20230304:0502,63.05,0.0,27.98,0.4,12.42,23.02,2.55,0.0
20230304:0602,990.4,159.98,114.53,4.8,24.98,23.82,2.34,0.0
20230304:0702,1527.85,303.44,97.95,7.81,37.21,24.47,2.48,0.0
20230304:0802,1911.65,376.39,118.46,9.94,48.61,25.82,2.07,0.0
20230304:0902,2180.7,443.68,116.82,11.54,58.07,26.29,2.34,0.0
20230304:1002,2307.25,461.9,127.63,12.18,63.32,26.79,3.17,0.0
20230304:1102,2288.2,463.89,118.58,12.06,61.83,26.77,3.72,0.0
20230304:1202,2109.4,430.46,108.24,11.05,54.45,26.51,3.66,0.0
20230304:1302,1775.4,350.58,108.64,9.14,43.98,26.05,3.45,0.0
20230304:1402,1309.6,241.53,109.25,6.56,32.14,25.58,3.45,0.0
20230304:1502,641.55,41.51,138.52,2.76,19.73,24.69,3.52,0.0
20230304:1602,108.5,0.0,41.02,0.62,7.13,24.55,2.48,0.0
20230304:1702,0.0,0.0,0.0,0.0,0.0,23.91,1.31,0.0
20230304:1802,0.0,0.0,0.0,0.0,0.0,22.8,0.62,0.0
20230304:1902,0.0,0.0,0.0,0.0,0.0,22.4,0.21,0.0
20230304:2002,0.0,0.0,0.0,0.0,0.0,22.02,0.55,0.0
20230304:2102,0.0,0.0,0.0,0.0,0.0,22.67,0.69,0.0
20230304:2202,0.0,0.0,0.0,0.0,0.0,21.94,0.48,0.0
20230304:2302,0.0,0.0,0.0,0.0,0.0,21.52,1.03,0.0
20230305:0002,0.0,0.0,0.0,0.0,0.0,22.07,2.07,0.0
20230305:0102,0.0,0.0,0.0,0.0,0.0,22.49,2.9,0.0
20230305:0202,0.0,0.0,0.0,0.0,0.0,22.69,2.97,0.0
20230305:0302,0.0,0.0,0.0,0.0,0.0,23.06,2.9,0.0
20230305:0402,0.0,0.0,0.0,0.0,0.0,22.85,3.17,0.0
20230305:0502,405.3,68.81,66.48,2.05,12.26,23.81,3.52,0.0
20230305:0602,983.05,186.46,89.86,5.0,24.81,24.83,4.14,0.0
20230305:0702,1510.85,298.65,97.57,7.77,37.02,25.79,4.83,0.0
20230305:0802,1915.9,385.96,105.12,10.01,48.38,27.43,5.38,0.0
20230305:0902,2180.35,446.69,108.84,11.55,57.77,28.47,5.52,0.0
20230305:1002,2293.2,483.92,102.09,12.33,62.94,28.93,4.76,0.0
20230305:1102,2278.65,484.07,94.87,12.19,61.45,28.93,6.07,0.0
20230305:1202,2094.4,432.9,100.32,11.05,54.12,28.62,6.69,0.0
20230305:1302,1683.25,210.01,224.02,7.9,43.69,28.19,6.41,0.0
20230305:1402,114.35,0.0,42.9,0.62,31.88,26.42,6.07,0.0
20230305:1502,88.65,0.0,35.44,0.51,19.47,24.24,6.28,0.0
20230305:1602,0.9,0.0,6.24,0.09,6.88,23.71,6.21,0.0
20230305:1702,0.0,0.0,0.0,0.0,0.0,23.29,3.59,0.0
20230305:1802,0.0,0.0,0.0,0.0,0.0,23.26,2.97,0.0
20230305:1902,0.0,0.0,0.0,0.0,0.0,23.47,5.24,0.0
20230305:2002,0.0,0.0,0.0,0.0,0.0,23.43,5.31,0.0
20230305:2102,0.0,0.0,0.0,0.0,0.0,23.33,3.38,0.0
20230305:2202,0.0,0.0,0.0,0.0,0.0,22.25,3.79,0.0
20230305:2302,0.0,0.0,0.0,0.0,0.0,22.09,5.66,0.0
20230306:0002,0.0,0.0,0.0,0.0,0.0,21.42,5.52,0.0
20230306:0102,0.0,0.0,0.0,0.0,0.0,20.98,5.03,0.0
20230306:0202,0.0,0.0,0.0,0.0,0.0,20.49,4.62,0.0
20230306:0302,0.0,0.0,0.0,0.0,0.0,20.85,3.93,0.0
20230306:0402,0.0,0.0,0.0,0.0,0.0,20.25,3.72,0.0
20230306:0502,313.3,15.65,81.18,1.42,12.1,21.08,3.93,0.0
20230306:0602,1000.45,207.41,73.66,5.23,24.64,22.23,3.93,0.0
20230306:0702,1542.7,323.38,79.27,8.08,36.83,23.6,4.28,0.0
20230306:0802,1953.35,412.1,85.55,10.34,48.15,25.21,4.62,0.0
20230306:0902,2223.0,476.55,87.04,11.94,57.47,26.7,4.9,0.0
20230306:1002,2327.25,499.46,92.07,12.59,62.57,26.68,3.93,0.0
20230306:1102,2280.75,491.06,92.27,12.39,61.06,27.71,3.86,0.0
20230306:1202,2100.2,452.48,86.85,11.35,53.78,27.82,4.14,0.0
20230306:1302,1774.3,374.34,85.03,9.42,43.4,27.25,5.52,0.0
20230306:1402,1309.95,276.05,76.78,6.9,31.61,25.82,6.07,0.0
20230306:1502,736.45,149.47,72.06,3.87,19.22,24.39,6.21,0.0
20230306:1602,86.85,0.0,34.77,0.52,6.63,23.23,6.41,0.0
20230306:1702,0.0,0.0,0.0,0.0,0.0,21.8,6.62,0.0
20230306:1802,0.0,0.0,0.0,0.0,0.0,21.52,6.34,0.0
20230306:1902,0.0,0.0,0.0,0.0,0.0,21.21,5.66,0.0
20230306:2002,0.0,0.0,0.0,0.0,0.0,20.98,5.17,0.0
20230306:2102,0.0,0.0,0.0,0.0,0.0,20.9,4.83,0.0
20230306:2202,0.0,0.0,0.0,0.0,0.0,20.15,4.62,0.0
20230306:2302,0.0,0.0,0.0,0.0,0.0,19.97,4.69,0.0
20230307:0002,0.0,0.0,0.0,0.0,0.0,19.79,5.03,0.0
20230307:0102,0.0,0.0,0.0,0.0,0.0,19.55,5.24,0.0
20230307:0202,0.0,0.0,0.0,0.0,0.0,19.3,5.17,0.0
20230307:0302,0.0,0.0,0.0,0.0,0.0,19.51,4.9,0.0
20230307:0402,0.0,0.0,0.0,0.0,0.0,19.29,4.62,0.0
20230307:0502,166.95,0.81,55.02,0.8,11.94,20.1,4.48,0.0
20230307:0602,912.2,93.25,152.52,4.13,24.47,21.01,4.14,0.0
20230307:0702,1353.85,99.75,246.8,5.79,36.64,22.19,3.52,0.0
20230307:0802,1448.35,37.66,331.49,5.64,47.91,23.46,2.83,0.0
20230307:0902,2143.35,415.8,129.12,11.35,57.17,23.84,2.41,0.0
20230307:1002,2257.45,458.99,116.98,12.18,62.19,24.26,2.0,0.0
20230307:1102,1456.7,13.95,359.37,5.49,60.68,24.23,2.28,0.0
20230307:1202,1293.0,11.01,321.53,4.88,53.44,24.58,2.62,0.0
20230307:1302,1624.4,161.55,255.36,7.37,43.1,24.48,3.24,0.0
20230307:1402,911.85,20.11,217.47,3.56,31.34,22.77,4.07,0.0
20230307:1502,437.15,5.7,118.2,1.81,18.96,22.81,4.69,0.0
20230307:1602,62.2,0.0,27.64,0.42,6.37,22.57,5.1,0.0
20230307:1702,0.0,0.0,0.0,0.0,0.0,22.15,5.24,0.0
20230307:1802,0.0,0.0,0.0,0.0,0.0,22.28,4.55,0.0
20230307:1902,0.0,0.0,0.0,0.0,0.0,22.52,3.52,0.0
20230307:2002,0.0,0.0,0.0,0.0,0.0,22.77,3.17,0.0
20230307:2102,0.0,0.0,0.0,0.0,0.0,22.89,3.72,0.0
20230307:2202,0.0,0.0,0.0,0.0,0.0,22.74,4.21,0.0
20230307:2302,0.0,0.0,0.0,0.0,0.0,22.86,4.07,0.0
20230308:0002,0.0,0.0,0.0,0.0,0.0,22.84,4.76,0.0
20230308:0102,0.0,0.0,0.0,0.0,0.0,22.83,5.72,0.0
20230308:0202,0.0,0.0,0.0,0.0,0.0,22.86,5.79,0.0
20230308:0302,0.0,0.0,0.0,0.0,0.0,23.0,5.45,0.0
20230308:0402,0.0,0.0,0.0,0.0,0.0,22.7,5.03,0.0
20230308:0502,366.55,70.48,58.03,2.04,11.78,23.35,4.69,0.0
20230308:0602,923.1,186.7,77.76,4.98,24.3,24.39,4.28,0.0
20230308:0702,1446.1,297.5,85.89,7.77,36.45,25.82,4.34,0.0
20230308:0802,1849.05,387.53,90.36,10.03,47.68,27.47,4.48,0.0
20230308:0902,2111.2,449.52,92.66,11.59,56.86,28.83,4.69,0.0
20230308:1002,2203.65,452.68,115.89,12.1,61.81,30.69,4.97,0.0
20230308:1102,2086.8,270.91,273.36,10.36,60.29,30.76,3.79,0.0
20230308:1202,1717.4,86.81,360.33,7.25,53.1,27.26,1.93,0.0
20230308:1302,281.6,0.0,85.8,1.23,42.8,24.89,4.34,0.0
20230308:1402,1196.7,157.9,160.53,5.77,31.06,24.69,4.62,0.0
20230308:1502,325.05,0.7,95.1,1.38,18.7,22.92,5.93,0.0
20230308:1602,53.05,0.0,24.97,0.38,6.11,23.11,5.93,0.0
20230308:1702,0.0,0.0,0.0,0.0,0.0,22.18,4.41,0.0
20230308:1802,0.0,0.0,0.0,0.0,0.0,21.34,3.79,0.0
20230308:1902,0.0,0.0,0.0,0.0,0.0,21.43,4.07,0.0
20230308:2002,0.0,0.0,0.0,0.0,0.0,20.91,4.34,0.0
20230308:2102,0.0,0.0,0.0,0.0,0.0,20.96,3.72,0.0
20230308:2202,0.0,0.0,0.0,0.0,0.0,20.13,3.1,0.0
20230308:2302,0.0,0.0,0.0,0.0,0.0,19.84,2.97,0.0
20230309:0002,0.0,0.0,0.0,0.0,0.0,19.55,2.76,0.0
20230309:0102,0.0,0.0,0.0,0.0,0.0,20.15,2.07,0.0
20230309:0202,0.0,0.0,0.0,0.0,0.0,19.47,1.72,0.0
20230309:0302,0.0,0.0,0.0,0.0,0.0,19.33,1.59,0.0
20230309:0402,0.0,0.0,0.0,0.0,0.0,19.79,1.59,0.0
20230309:0502,354.75,57.36,64.36,1.93,11.62,21.28,1.31,0.0
20230309:0602,903.85,140.09,115.26,4.64,24.13,22.26,0.62,0.0
20230309:0702,1413.1,277.64,102.63,7.68,36.26,23.77,0.28,0.0
20230309:0802,1826.6,395.14,84.55,10.2,47.44,25.25,0.9,0.0
20230309:0902,2105.7,458.66,86.1,11.78,56.55,25.83,1.72,0.0
20230309:1002,2240.45,487.55,86.23,12.49,61.43,26.43,2.9,0.0
20230309:1102,2214.0,479.25,85.64,12.27,59.9,26.42,3.52,0.0
20230309:1202,2027.75,433.62,85.15,11.15,52.75,26.35,4.07,0.0
20230309:1302,1680.4,351.07,86.69,9.16,42.49,26.15,4.21,0.0
20230309:1402,1205.25,251.36,79.45,6.62,30.79,25.74,3.93,0.0
20230309:1502,650.35,129.24,73.07,3.63,18.43,25.03,3.38,0.0
20230309:1602,76.65,0.0,32.1,0.48,5.85,24.62,2.34,0.0
20230309:1702,0.0,0.0,0.0,0.0,0.0,22.72,1.59,0.0
20230309:1802,0.0,0.0,0.0,0.0,0.0,22.8,1.45,0.0
20230309:1902,0.0,0.0,0.0,0.0,0.0,22.67,1.79,0.0
20230309:2002,0.0,0.0,0.0,0.0,0.0,22.11,2.07,0.0
20230309:2102,0.0,0.0,0.0,0.0,0.0,21.98,2.41,0.0
20230309:2202,0.0,0.0,0.0,0.0,0.0,21.1,2.21,0.0
20230309:2302,0.0,0.0,0.0,0.0,0.0,21.13,2.14,0.0
20230310:0002,0.0,0.0,0.0,0.0,0.0,20.97,2.14,0.0
20230310:0102,0.0,0.0,0.0,0.0,0.0,20.88,1.72,0.0
20230310:0202,0.0,0.0,0.0,0.0,0.0,20.89,1.66,0.0
20230310:0302,0.0,0.0,0.0,0.0,0.0,21.12,1.31,0.0
20230310:0402,0.0,0.0,0.0,0.0,0.0,21.19,0.69,0.0
20230310:0502,292.9,18.19,76.05,1.42,11.46,22.07,0.55,0.0
20230310:0602,891.05,182.21,75.9,4.98,23.97,22.4,1.66,0.0
20230310:0702,1406.3,210.05,157.1,7.07,36.06,22.95,3.52,0.0
20230310:0802,1146.5,7.82,287.32,4.31,47.2,24.99,4.62,0.0
20230310:0902,2093.7,368.23,160.64,11.0,56.24,25.75,5.52,0.0
20230310:1002,2231.8,464.97,98.24,12.26,61.05,26.86,5.93,0.0
20230310:1102,2198.55,464.37,91.12,12.11,59.51,27.34,6.48,0.0
20230310:1202,2000.1,419.37,89.9,10.99,52.4,27.32,6.55,0.0
20230310:1302,1655.8,348.45,83.02,9.12,42.18,27.31,6.48,0.0
20230310:1402,1170.25,244.11,79.2,6.52,30.5,27.29,6.28,0.0
20230310:1502,620.45,128.55,68.18,3.59,18.17,26.5,6.07,0.0
20230310:1602,70.1,0.0,30.32,0.46,5.58,25.87,6.07,0.0
20230310:1702,0.0,0.0,0.0,0.0,0.0,24.56,6.21,0.0
20230310:1802,0.0,0.0,0.0,0.0,0.0,24.63,5.93,0.0
20230310:1902,0.0,0.0,0.0,0.0,0.0,24.52,5.45,0.0
20230310:2002,0.0,0.0,0.0,0.0,0.0,24.13,5.1,0.0
20230310:2102,0.0,0.0,0.0,0.0,0.0,23.8,4.76,0.0
20230310:2202,0.0,0.0,0.0,0.0,0.0,22.67,4.14,0.0
20230310:2302,0.0,0.0,0.0,0.0,0.0,22.59,3.59,0.0
20230311:0002,0.0,0.0,0.0,0.0,0.0,22.38,3.17,0.0
20230311:0102,0.0,0.0,0.0,0.0,0.0,21.58,2.9,0.0
20230311:0202,0.0,0.0,0.0,0.0,0.0,21.57,2.14,0.0
20230311:0302,0.0,0.0,0.0,0.0,0.0,21.8,2.55,0.0
20230311:0402,0.0,0.0,0.0,0.0,0.0,21.68,4.14,0.0
20230311:0502,236.45,5.92,69.78,1.11,11.3,22.05,5.45,0.0
20230311:0602,835.7,66.46,159.99,3.78,23.8,22.41,6.83,0.0
20230311:0702,1150.35,35.95,257.82,4.56,35.87,23.01,6.97,0.0
20230311:0802,1406.25,31.01,324.29,5.41,46.96,24.3,7.38,0.0
20230311:0902,974.95,0.0,251.8,3.62,55.93,24.75,8.07,0.0
20230311:1002,1360.1,7.05,336.77,5.01,60.67,24.49,7.66,0.0
20230311:1102,799.05,0.0,209.83,3.01,59.11,24.51,7.59,0.0
20230311:1202,867.75,0.0,225.68,3.24,52.05,24.16,8.07,0.0
20230311:1302,1138.15,13.83,276.32,4.3,41.87,23.96,7.93,0.0
20230311:1402,920.0,23.57,214.8,3.63,30.22,22.39,7.79,0.0
20230311:1502,321.6,1.34,93.19,1.37,17.9,21.65,8.14,0.0
20230311:1602,56.6,0.0,25.86,0.39,5.32,21.42,8.21,0.0
20230311:1702,0.0,0.0,0.0,0.0,0.0,20.91,8.14,0.0
20230311:1802,0.0,0.0,0.0,0.0,0.0,20.62,7.66,0.0
20230311:1902,0.0,0.0,0.0,0.0,0.0,20.42,7.24,0.0
20230311:2002,0.0,0.0,0.0,0.0,0.0,20.34,6.62,0.0
20230311:2102,0.0,0.0,0.0,0.0,0.0,20.51,6.28,0.0
20230311:2202,0.0,0.0,0.0,0.0,0.0,19.84,6.34,0.0
20230311:2302,0.0,0.0,0.0,0.0,0.0,19.9,5.79,0.0
20230312:0002,0.0,0.0,0.0,0.0,0.0,19.88,5.38,0.0
20230312:0102,0.0,0.0,0.0,0.0,0.0,19.71,4.76,0.0
20230312:0202,0.0,0.0,0.0,0.0,0.0,19.46,3.93,0.0
20230312:0302,0.0,0.0,0.0,0.0,0.0,19.32,3.17,0.0
20230312:0402,0.0,0.0,0.0,0.0,0.0,19.62,2.62,0.0
20230312:0502,51.7,0.0,24.25,0.35,11.14,19.36,2.55,0.0
20230312:0602,190.85,0.0,61.55,0.88,23.63,19.54,3.24,0.0
20230312:0702,928.65,9.04,228.44,3.5,35.68,19.56,3.72,0.0
20230312:0802,809.4,0.0,208.9,3.0,46.72,19.55,3.72,0.0
20230312:0902,1447.65,15.81,345.82,5.36,55.62,20.23,3.79,0.0
20230312:1002,1273.75,4.08,316.62,4.65,60.28,21.22,4.28,0.0
20230312:1102,1882.5,77.08,391.61,7.56,58.72,21.59,4.83,0.0
20230312:1202,946.2,0.59,242.42,3.5,51.69,22.06,5.31,0.0
20230312:1302,1531.6,114.94,270.83,6.69,41.56,21.73,5.72,0.0
20230312:1402,1109.35,107.82,183.65,5.16,29.93,22.04,6.0,0.0
20230312:1502,248.35,0.0,76.47,1.1,17.62,21.88,5.66,0.0
20230312:1602,62.55,0.0,27.64,0.42,5.05,21.65,5.31,0.0
20230312:1702,0.0,0.0,0.0,0.0,0.0,21.28,5.72,0.0
20230312:1802,0.0,0.0,0.0,0.0,0.0,21.44,5.86,0.0
20230312:1902,0.0,0.0,0.0,0.0,0.0,21.44,6.07,0.0
20230312:2002,0.0,0.0,0.0,0.0,0.0,21.27,6.07,0.0
20230312:2102,0.0,0.0,0.0,0.0,0.0,21.25,6.21,0.0
20230312:2202,0.0,0.0,0.0,0.0,0.0,20.6,5.79,0.0
20230312:2302,0.0,0.0,0.0,0.0,0.0,20.61,5.79,0.0
20230313:0002,0.0,0.0,0.0,0.0,0.0,20.8,5.59,0.0
20230313:0102,0.0,0.0,0.0,0.0,0.0,20.91,5.24,0.0
20230313:0202,0.0,0.0,0.0,0.0,0.0,20.87,5.24,0.0
20230313:0302,0.0,0.0,0.0,0.0,0.0,20.98,5.45,0.0
20230313:0402,0.0,0.0,0.0,0.0,0.0,20.89,5.52,0.0
20230313:0502,292.75,61.14,49.88,1.92,10.99,21.66,5.79,0.0
20230313:0602,825.15,167.36,74.01,4.82,23.46,22.43,6.14,0.0
20230313:0702,1352.65,278.89,79.64,7.64,35.48,23.5,6.34,0.0
20230313:0802,1759.85,357.74,91.85,9.79,46.48,24.89,6.48,0.0
20230313:0902,2037.3,424.39,89.99,11.4,55.3,25.94,6.62,0.0
20230313:1002,2142.35,451.99,90.14,12.08,59.9,27.51,6.69,0.0
20230313:1102,2101.6,443.17,89.57,11.86,58.32,27.69,6.9,0.0
20230313:1202,1901.0,391.45,94.85,10.68,51.33,27.77,7.24,0.0
20230313:1302,1554.6,317.25,90.64,8.78,41.24,27.62,7.52,0.0
20230313:1402,1079.95,217.19,84.49,6.22,29.65,26.91,7.31,0.0
20230313:1502,545.95,106.48,71.1,3.32,17.35,26.6,6.97,0.0
20230313:1602,52.25,0.0,24.97,0.38,4.78,25.85,7.03,0.0
20230313:1702,0.0,0.0,0.0,0.0,0.0,24.63,7.17,0.0
20230313:1802,0.0,0.0,0.0,0.0,0.0,24.45,7.03,0.0
20230313:1902,0.0,0.0,0.0,0.0,0.0,24.39,6.69,0.0
20230313:2002,0.0,0.0,0.0,0.0,0.0,24.17,5.93,0.0
20230313:2102,0.0,0.0,0.0,0.0,0.0,24.35,5.45,0.0
20230313:2202,0.0,0.0,0.0,0.0,0.0,23.62,4.69,0.0
20230313:2302,0.0,0.0,0.0,0.0,0.0,23.68,4.34,0.0
20230314:0002,0.0,0.0,0.0,0.0,0.0,23.44,4.07,0.0
20230314:0102,0.0,0.0,0.0,0.0,0.0,22.94,3.79,0.0
20230314:0202,0.0,0.0,0.0,0.0,0.0,22.69,3.31,0.0
20230314:0302,0.0,0.0,0.0,0.0,0.0,22.46,2.62,0.0
20230314:0402,0.0,0.0,0.0,0.0,0.0,21.66,1.52,0.0
20230314:0502,244.75,11.62,69.29,1.23,10.83,23.07,1.17,0.0
20230314:0602,587.5,9.76,152.88,2.42,23.29,24.48,1.31,0.0
20230314:0702,1251.85,127.24,206.77,6.08,35.29,25.33,1.31,0.0
20230314:0802,1657.85,348.0,92.57,9.66,46.23,26.38,0.9,0.0
20230314:0902,1939.15,413.93,90.72,11.25,54.99,26.82,2.0,0.0
20230314:1002,2066.45,440.92,90.89,11.92,59.52,27.5,3.38,0.0
20230314:1102,2028.0,432.13,90.32,11.7,57.93,27.77,3.66,0.0
20230314:1202,1836.65,381.11,94.82,10.52,50.98,27.85,4.34,0.0
20230314:1302,1501.8,307.62,90.56,8.63,40.92,27.54,4.83,0.0
20230314:1402,1040.2,204.24,88.75,6.06,29.36,26.95,5.38,0.0
20230314:1502,517.2,98.12,71.9,3.2,17.07,26.68,5.45,0.0
20230314:1602,49.3,0.0,24.07,0.36,4.51,25.93,5.17,0.0
20230314:1702,0.0,0.0,0.0,0.0,0.0,24.67,5.24,0.0
20230314:1802,0.0,0.0,0.0,0.0,0.0,24.63,4.9,0.0
20230314:1902,0.0,0.0,0.0,0.0,0.0,24.53,4.48,0.0
20230314:2002,0.0,0.0,0.0,0.0,0.0,24.57,4.34,0.0
20230314:2102,0.0,0.0,0.0,0.0,0.0,24.9,4.34,0.0
20230314:2202,0.0,0.0,0.0,0.0,0.0,23.44,3.17,0.0
20230314:2302,0.0,0.0,0.0,0.0,0.0,23.42,2.55,0.0
20230315:0002,0.0,0.0,0.0,0.0,0.0,23.36,1.79,0.0
20230315:0102,0.0,0.0,0.0,0.0,0.0,23.31,0.76,0.0
20230315:0202,0.0,0.0,0.0,0.0,0.0,23.45,3.24,0.0
20230315:0302,0.0,0.0,0.0,0.0,0.0,24.34,4.62,0.0
20230315:0402,0.0,0.0,0.0,0.0,0.0,24.42,5.17,0.0
20230315:0502,265.25,36.47,60.2,1.63,10.67,24.01,4.83,0.0
20230315:0602,717.75,36.0,161.72,3.19,23.12,24.71,4.55,0.0
20230315:0702,1277.7,216.57,124.05,7.03,35.09,24.12,4.62,0.0
20230315:0802,752.8,0.0,199.57,2.87,45.99,24.49,4.69,0.0
20230315:0902,1805.7,102.17,355.47,7.73,54.67,24.68,4.55,0.0
20230315:1002,2006.85,228.36,285.45,9.9,59.13,27.49,4.76,0.0
20230315:1102,1882.8,124.24,358.72,8.35,57.53,27.94,5.17,0.0
20230315:1202,1807.55,291.31,174.36,9.73,50.61,27.79,5.66,0.0
20230315:1302,1483.35,290.57,99.65,8.45,40.6,26.44,6.34,0.0
20230315:1402,952.1,47.73,204.53,4.11,29.06,24.99,7.17,0.0
20230315:1502,273.1,0.62,82.96,1.21,16.8,24.43,6.83,0.0
20230315:1602,32.95,0.0,18.72,0.28,4.24,23.96,5.1,0.0
20230315:1702,0.0,0.0,0.0,0.0,0.0,22.61,4.07,0.0
20230315:1802,0.0,0.0,0.0,0.0,0.0,22.34,4.62,0.0
20230315:1902,0.0,0.0,0.0,0.0,0.0,21.7,4.62,0.0
20230315:2002,0.0,0.0,0.0,0.0,0.0,21.65,4.62,0.0
20230315:2102,0.0,0.0,0.0,0.0,0.0,21.74,4.41,0.0
20230315:2202,0.0,0.0,0.0,0.0,0.0,21.89,4.83,0.0
20230315:2302,0.0,0.0,0.0,0.0,0.0,21.59,4.97,0.0
20230316:0002,0.0,0.0,0.0,0.0,0.0,21.18,5.03,0.0
20230316:0102,0.0,0.0,0.0,0.0,0.0,20.99,5.45,0.0
20230316:0202,0.0,0.0,0.0,0.0,0.0,20.64,5.79,0.0
20230316:0302,0.0,0.0,0.0,0.0,0.0,20.49,5.93,0.0
20230316:0402,0.0,0.0,0.0,0.0,0.0,20.91,6.62,0.0
20230316:0502,12.0,0.0,11.19,0.16,10.52,21.38,6.07,0.0
20230316:0602,271.25,0.0,82.07,1.18,22.96,21.74,5.93,0.0
20230316:0702,785.65,3.45,201.97,2.99,34.89,22.49,6.07,0.0
20230316:0802,1179.0,10.81,286.7,4.39,45.74,21.8,6.55,0.0
20230316:0902,1940.4,238.23,246.38,9.61,54.36,23.0,6.48,0.0
20230316:1002,1780.3,55.91,388.27,7.03,58.74,23.01,6.55,0.0
20230316:1102,603.25,0.0,162.27,2.33,57.13,22.95,6.69,0.0
20230316:1202,846.05,0.0,220.09,3.16,50.25,23.54,7.45,0.0
20230316:1302,744.1,0.57,194.85,2.81,40.28,22.91,7.52,0.0
20230316:1402,326.65,0.0,96.06,1.38,28.77,23.09,7.17,0.0
20230316:1502,344.35,3.64,97.59,1.49,16.52,22.6,6.76,0.0
20230316:1602,10.7,0.0,10.7,0.16,3.96,22.29,6.76,0.0
20230316:1702,0.0,0.0,0.0,0.0,0.0,21.74,6.83,0.0
20230316:1802,0.0,0.0,0.0,0.0,0.0,22.09,7.1,0.0
20230316:1902,0.0,0.0,0.0,0.0,0.0,22.02,6.97,0.0
20230316:2002,0.0,0.0,0.0,0.0,0.0,21.66,6.76,0.0
20230316:2102,0.0,0.0,0.0,0.0,0.0,21.81,6.97,0.0
20230316:2202,0.0,0.0,0.0,0.0,0.0,21.86,6.69,0.0
20230316:2302,0.0,0.0,0.0,0.0,0.0,22.21,6.34,0.0
20230317:0002,0.0,0.0,0.0,0.0,0.0,22.6,6.34,0.0
20230317:0102,0.0,0.0,0.0,0.0,0.0,22.56,6.14,0.0
20230317:0202,0.0,0.0,0.0,0.0,0.0,22.52,5.93,0.0
20230317:0302,0.0,0.0,0.0,0.0,0.0,22.52,5.79,0.0
20230317:0402,0.0,0.0,0.0,0.0,0.0,22.5,5.38,0.0
20230317:0502,16.85,0.0,13.06,0.19,10.36,22.18,5.03,0.0
20230317:0602,80.0,0.0,32.64,0.47,22.79,21.32,5.03,0.0
20230317:0702,157.0,0.0,53.16,0.76,34.69,20.75,5.24,0.0
20230317:0802,786.1,0.0,204.24,2.93,45.49,21.16,5.52,0.0
20230317:0902,1261.95,6.73,311.5,4.65,54.04,22.18,5.59,0.0
20230317:1002,1309.4,6.72,326.42,4.86,58.36,24.35,5.31,0.0
20230317:1102,1923.35,168.66,318.71,8.98,56.73,24.6,4.41,0.0
20230317:1202,1406.95,27.53,333.32,5.51,49.89,25.81,4.34,0.0
20230317:1302,1427.55,165.65,206.26,7.19,39.96,26.0,6.14,0.0
20230317:1402,961.05,191.34,82.53,5.87,28.47,25.57,7.31,0.0
20230317:1502,445.65,96.73,58.07,3.12,16.24,24.46,8.07,0.0
20230317:1602,30.25,0.0,17.83,0.27,3.69,24.23,8.69,0.0
20230317:1702,0.0,0.0,0.0,0.0,0.0,23.82,8.76,0.0
20230317:1802,0.0,0.0,0.0,0.0,0.0,23.96,7.93,0.0
20230317:1902,0.0,0.0,0.0,0.0,0.0,23.66,6.69,0.0
20230317:2002,0.0,0.0,0.0,0.0,0.0,23.25,4.76,0.0
20230317:2102,0.0,0.0,0.0,0.0,0.0,22.5,2.14,0.0
20230317:2202,0.0,0.0,0.0,0.0,0.0,21.93,1.24,0.0
20230317:2302,0.0,0.0,0.0,0.0,0.0,22.17,1.72,0.0
20230318:0002,0.0,0.0,0.0,0.0,0.0,22.48,3.38,0.0
20230318:0102,0.0,0.0,0.0,0.0,0.0,22.61,3.79,0.0
20230318:0202,0.0,0.0,0.0,0.0,0.0,22.02,2.62,0.0
20230318:0302,0.0,0.0,0.0,0.0,0.0,22.28,2.76,0.0
20230318:0402,0.0,0.0,0.0,0.0,0.0,22.08,2.69,0.0
20230318:0502,236.9,20.37,63.14,1.39,10.21,22.4,2.34,0.0
20230318:0602,715.15,52.36,149.37,3.48,22.62,22.83,0.48,0.0
20230318:0702,1193.85,234.5,92.57,7.19,34.5,23.14,1.38,0.0
20230318:0802,1616.8,321.67,96.03,9.43,45.25,22.74,3.52,0.0
20230318:0902,1898.15,371.31,107.34,10.87,53.72,22.82,4.76,0.0
20230318:1002,2012.35,395.9,109.78,11.52,57.97,24.08,5.66,0.0
20230318:1102,1972.2,401.6,94.59,11.4,56.33,23.82,5.59,0.0
20230318:1202,1768.3,245.45,202.03,9.23,49.52,23.45,5.72,0.0
20230318:1302,1416.0,285.12,86.7,8.36,39.63,23.22,5.72,0.0
20230318:1402,144.35,0.0,50.36,0.72,28.17,23.21,5.86,0.0
20230318:1502,79.65,0.0,32.64,0.47,15.95,22.2,5.66,0.0
20230318:1602,13.0,0.0,11.59,0.17,3.41,22.27,5.31,0.0
20230318:1702,0.0,0.0,0.0,0.0,0.0,21.97,5.1,0.0
20230318:1802,0.0,0.0,0.0,0.0,0.0,22.04,4.9,0.0
20230318:1902,0.0,0.0,0.0,0.0,0.0,21.97,4.28,0.0
20230318:2002,0.0,0.0,0.0,0.0,0.0,21.51,4.34,0.0
20230318:2102,0.0,0.0,0.0,0.0,0.0,21.34,4.14,0.0
20230318:2202,0.0,0.0,0.0,0.0,0.0,21.26,3.52,0.0
20230318:2302,0.0,0.0,0.0,0.0,0.0,21.25,3.38,0.0
20230319:0002,0.0,0.0,0.0,0.0,0.0,20.99,3.03,0.0
20230319:0102,0.0,0.0,0.0,0.0,0.0,20.9,2.83,0.0
20230319:0202,0.0,0.0,0.0,0.0,0.0,20.4,2.55,0.0
20230319:0302,0.0,0.0,0.0,0.0,0.0,20.49,2.28,0.0
20230319:0402,0.0,0.0,0.0,0.0,0.0,20.5,1.79,0.0
20230319:0502,117.2,0.0,42.9,0.62,10.05,21.36,1.31,0.0
20230319:0602,232.35,0.0,72.74,1.05,22.45,21.75,0.76,0.0
20230319:0702,1060.35,35.44,243.21,4.43,34.3,22.35,0.34,0.0
20230319:0802,1439.0,60.14,311.49,6.08,45.0,23.54,1.45,0.0
20230319:0902,1705.85,81.52,355.14,7.29,53.4,23.98,2.34,0.0
20230319:1002,1945.1,295.03,202.04,10.57,57.58,25.0,3.31,0.0
20230319:1102,1901.0,358.42,129.08,11.0,55.93,25.27,3.31,0.0
20230319:1202,1630.35,98.12,321.01,7.23,49.16,25.67,3.59,0.0
20230319:1302,1364.9,257.55,106.81,8.09,39.3,25.83,4.62,0.0
20230319:1402,914.0,60.03,186.56,4.26,27.87,24.58,5.1,0.0
20230319:1502,430.75,31.06,101.14,2.25,15.67,23.92,5.03,0.0
20230319:1602,20.0,0.0,14.27,0.21,3.13,23.79,4.48,0.0
20230319:1702,0.0,0.0,0.0,0.0,0.0,23.69,4.34,0.0
20230319:1802,0.0,0.0,0.0,0.0,0.0,23.58,4.07,0.0
20230319:1902,0.0,0.0,0.0,0.0,0.0,23.49,3.52,0.0
20230319:2002,0.0,0.0,0.0,0.0,0.0,23.17,3.79,0.0
20230319:2102,0.0,0.0,0.0,0.0,0.0,22.99,4.34,0.0
20230319:2202,0.0,0.0,0.0,0.0,0.0,22.83,3.66,0.0
20230319:2302,0.0,0.0,0.0,0.0,0.0,22.64,4.97,0.0
20230320:0002,0.0,0.0,0.0,0.0,0.0,22.7,5.38,0.0
20230320:0102,0.0,0.0,0.0,0.0,0.0,22.43,5.31,0.0
20230320:0202,0.0,0.0,0.0,0.0,0.0,22.1,4.55,0.0
20230320:0302,0.0,0.0,0.0,0.0,0.0,22.13,4.76,0.0
20230320:0402,0.0,0.0,0.0,0.0,0.0,21.77,4.83,0.0
20230320:0502,60.05,0.0,27.04,0.39,9.9,22.73,4.69,0.0
20230320:0602,429.5,1.64,120.1,1.77,22.28,23.65,5.03,0.0
20230320:0702,1122.15,57.38,235.55,4.93,34.1,24.23,5.17,0.0
20230320:0802,1558.05,193.26,210.35,8.15,44.74,25.96,5.38,0.0
20230320:0902,1726.45,103.68,340.84,7.7,53.08,27.91,5.17,0.0
20230320:1002,1362.25,13.64,345.68,5.33,57.2,31.93,4.76,0.0
20230320:1102,1592.4,51.29,370.43,6.71,55.53,32.88,4.07,0.0
20230320:1202,1232.65,15.28,312.75,4.9,48.79,32.36,4.14,0.0
20230320:1302,982.1,11.47,252.81,3.94,38.97,31.26,3.38,0.0
20230320:1402,180.8,0.0,61.55,0.88,27.57,30.08,4.21,0.0
20230320:1502,153.95,0.0,54.09,0.78,15.38,28.47,2.28,0.0
20230320:1602,12.5,0.0,11.59,0.17,2.85,27.4,1.24,0.0
20230320:1702,0.0,0.0,0.0,0.0,0.0,25.84,2.0,0.0
20230320:1802,0.0,0.0,0.0,0.0,0.0,25.48,0.9,0.0
20230320:1902,0.0,0.0,0.0,0.0,0.0,25.75,0.34,0.0
20230320:2002,0.0,0.0,0.0,0.0,0.0,25.75,2.83,0.0
20230320:2102,0.0,0.0,0.0,0.0,0.0,24.81,2.41,0.0
20230320:2202,0.0,0.0,0.0,0.0,0.0,24.09,2.21,0.0
20230320:2302,0.0,0.0,0.0,0.0,0.0,22.69,4.41,0.0
20230321:0002,0.0,0.0,0.0,0.0,0.0,21.86,5.38,0.0
20230321:0102,0.0,0.0,0.0,0.0,0.0,21.27,5.31,0.0
20230321:0202,0.0,0.0,0.0,0.0,0.0,21.22,4.83,0.0
20230321:0302,0.0,0.0,0.0,0.0,0.0,21.35,4.9,0.0
20230321:0402,0.0,0.0,0.0,0.0,0.0,21.05,5.17,0.0
20230321:0502,207.9,8.99,61.99,1.14,9.75,21.41,5.38,0.0
20230321:0602,645.45,138.01,64.72,4.56,22.11,21.56,6.34,0.0
20230321:0702,0.0,0.0,0.0,0.0,0.0,21.84,6.28,0.0
20230321:0802,0.0,0.0,0.0,0.0,0.0,22.81,6.21,0.0
20230321:0902,1832.8,383.77,80.88,11.01,52.75,23.73,6.07,0.0
20230321:1002,1933.4,409.29,81.89,11.67,56.81,25.09,5.31,0.0
20230321:1102,1876.65,393.57,86.11,11.35,55.13,25.14,4.55,0.0
20230321:1202,1673.8,343.1,89.67,10.14,48.42,24.71,4.69,0.0
20230321:1302,1323.85,278.46,77.09,8.31,38.64,24.56,5.03,0.0
20230321:1402,862.15,170.07,81.74,5.64,27.27,23.85,5.24,0.0
20230321:1502,364.6,75.3,57.82,2.84,15.1,23.1,4.9,0.0
20230321:1602,12.9,0.0,11.59,0.17,2.57,22.89,4.21,0.0
20230321:1702,0.0,0.0,0.0,0.0,0.0,21.76,3.86,0.0
20230321:1802,0.0,0.0,0.0,0.0,0.0,21.31,3.79,0.0
20230321:1902,0.0,0.0,0.0,0.0,0.0,21.35,3.45,0.0
20230321:2002,0.0,0.0,0.0,0.0,0.0,20.84,2.97,0.0
20230321:2102,0.0,0.0,0.0,0.0,0.0,20.63,2.83,0.0
20230321:2202,0.0,0.0,0.0,0.0,0.0,19.37,3.31,0.0
20230321:2302,0.0,0.0,0.0,0.0,0.0,19.22,3.03,0.0
20230322:0002,0.0,0.0,0.0,0.0,0.0,19.28,2.9,0.0
20230322:0102,0.0,0.0,0.0,0.0,0.0,19.47,2.62,0.0
20230322:0202,0.0,0.0,0.0,0.0,0.0,18.68,2.28,0.0
20230322:0302,0.0,0.0,0.0,0.0,0.0,19.36,1.93,0.0
20230322:0402,0.0,0.0,0.0,0.0,0.0,18.52,1.59,0.0
20230322:0502,200.15,9.07,59.93,1.13,9.59,19.84,1.59,0.0
20230322:0602,541.8,6.84,142.49,2.24,21.94,20.97,1.03,0.0
20230322:0702,0.0,0.0,0.0,0.0,0.0,22.0,0.83,0.0
20230322:0802,1416.8,59.83,307.63,6.08,44.24,23.76,1.24,0.0
20230322:0902,1734.7,122.06,324.68,8.04,52.43,24.61,2.28,0.0
20230322:1002,1721.9,62.68,377.81,7.17,56.42,24.78,2.97,0.0
20230322:1102,1451.2,20.35,351.7,5.61,54.73,24.83,2.97,0.0
20230322:1202,1583.5,88.24,319.22,7.03,48.05,25.13,3.24,0.0
20230322:1302,748.0,1.07,197.57,2.87,38.31,24.5,4.34,0.0
20230322:1402,470.2,0.53,130.5,1.89,26.97,23.2,5.1,0.0
20230322:1502,202.4,0.0,65.28,0.94,14.81,22.92,4.97,0.0
20230322:1602,0.0,0.0,5.35,0.08,2.29,23.07,4.21,0.0
20230322:1702,0.0,0.0,0.0,0.0,0.0,23.1,3.52,0.0
20230322:1802,0.0,0.0,0.0,0.0,0.0,22.35,4.0,0.0
20230322:1902,0.0,0.0,0.0,0.0,0.0,21.88,4.55,0.0
20230322:2002,0.0,0.0,0.0,0.0,0.0,21.77,4.41,0.0
20230322:2102,0.0,0.0,0.0,0.0,0.0,21.91,4.34,0.0
20230322:2202,0.0,0.0,0.0,0.0,0.0,22.19,4.14,0.0
20230322:2302,0.0,0.0,0.0,0.0,0.0,22.33,3.86,0.0
20230323:0002,0.0,0.0,0.0,0.0,0.0,22.19,3.59,0.0
20230323:0102,0.0,0.0,0.0,0.0,0.0,22.29,3.52,0.0
20230323:0202,0.0,0.0,0.0,0.0,0.0,22.3,3.86,0.0
20230323:0302,0.0,0.0,0.0,0.0,0.0,22.39,4.28,0.0
20230323:0402,0.0,0.0,0.0,0.0,0.0,22.55,4.28,0.0
20230323:0502,116.9,0.48,42.83,0.63,9.44,23.0,4.41,0.0
20230323:0602,636.45,31.92,146.9,3.03,21.77,23.38,4.34,0.0
20230323:0702,991.35,26.21,232.9,4.09,33.49,23.91,4.41,0.0
20230323:0802,1131.0,11.62,279.64,4.34,43.99,24.66,4.76,0.0
20230323:0902,1076.85,2.65,274.72,4.02,52.11,24.78,5.52,0.0
20230323:1002,532.8,0.0,145.48,2.09,56.03,22.67,5.79,0.0
20230323:1102,329.35,0.0,96.99,1.39,54.33,23.63,6.14,0.0
20230323:1202,250.35,0.0,77.4,1.11,47.68,23.38,6.62,0.0
20230323:1302,144.7,0.0,50.36,0.72,37.98,22.86,6.76,0.0
20230323:1402,520.8,1.04,141.61,2.06,26.66,22.6,6.76,0.0
20230323:1502,278.4,2.5,82.59,1.26,14.53,22.65,7.1,0.0
20230323:1602,2.65,0.0,7.13,0.11,2.01,22.07,6.69,0.0
20230323:1702,0.0,0.0,0.0,0.0,0.0,21.95,6.07,0.0
20230323:1802,0.0,0.0,0.0,0.0,0.0,22.09,6.07,0.0
20230323:1902,0.0,0.0,0.0,0.0,0.0,21.99,7.38,0.0
20230323:2002,0.0,0.0,0.0,0.0,0.0,21.87,8.28,0.0
20230323:2102,0.0,0.0,0.0,0.0,0.0,21.8,9.03,0.0
20230323:2202,0.0,0.0,0.0,0.0,0.0,21.58,9.79,0.0
20230323:2302,0.0,0.0,0.0,0.0,0.0,21.48,9.86,0.0
20230324:0002,0.0,0.0,0.0,0.0,0.0,21.48,9.79,0.0
20230324:0102,0.0,0.0,0.0,0.0,0.0,21.61,10.07,0.0
20230324:0202,0.0,0.0,0.0,0.0,0.0,21.66,9.93,0.0
20230324:0302,0.0,0.0,0.0,0.0,0.0,21.65,9.59,0.0
20230324:0402,0.0,0.0,0.0,0.0,0.0,21.61,9.45,0.0
20230324:0502,38.95,0.0,20.52,0.29,9.29,21.82,9.59,0.0
20230324:0602,260.3,0.0,79.27,1.14,21.6,21.8,9.66,0.0
20230324:0702,317.9,0.0,93.26,1.34,33.29,21.57,9.17,0.0
20230324:0802,1095.85,8.36,269.02,4.1,43.73,22.16,9.17,0.0
20230324:0902,1648.7,66.65,343.99,6.83,51.78,22.94,9.66,0.0
20230324:1002,1354.25,11.04,330.09,5.05,55.65,23.53,7.59,0.0
20230324:1102,1049.6,1.58,267.43,3.89,53.93,24.2,7.93,0.0
20230324:1202,379.8,0.0,109.11,1.57,47.31,23.63,8.62,0.0
20230324:1302,588.85,0.0,159.47,2.29,37.65,24.29,9.1,0.0
20230324:1402,535.1,2.04,145.17,2.14,26.36,24.42,8.34,0.0
20230324:1502,66.05,0.0,28.91,0.42,14.24,23.87,7.03,0.0
20230324:1602,0.0,0.0,5.35,0.08,1.73,23.55,6.97,0.0
20230324:1702,0.0,0.0,0.0,0.0,0.0,22.99,6.69,0.0
20230324:1802,0.0,0.0,0.0,0.0,0.0,22.93,6.48,0.0
20230324:1902,0.0,0.0,0.0,0.0,0.0,22.95,6.41,0.0
20230324:2002,0.0,0.0,0.0,0.0,0.0,22.68,6.14,0.0
20230324:2102,0.0,0.0,0.0,0.0,0.0,22.81,5.66,0.0
20230324:2202,0.0,0.0,0.0,0.0,0.0,22.0,5.24,0.0
20230324:2302,0.0,0.0,0.0,0.0,0.0,22.1,5.52,0.0
20230325:0002,0.0,0.0,0.0,0.0,0.0,21.83,5.79,0.0
20230325:0102,0.0,0.0,0.0,0.0,0.0,22.26,5.52,0.0
20230325:0202,0.0,0.0,0.0,0.0,0.0,21.62,5.24,0.0
20230325:0302,0.0,0.0,0.0,0.0,0.0,22.0,4.83,0.0
20230325:0402,0.0,0.0,0.0,0.0,0.0,21.55,4.48,0.0
20230325:0502,162.95,18.68,47.75,1.34,9.14,22.38,4.0,0.0
20230325:0602,560.05,103.8,77.17,4.14,21.43,23.68,3.52,0.0
20230325:0702,1008.95,204.13,83.29,6.86,33.09,25.4,3.17,0.0
20230325:0802,1389.15,282.37,92.03,9.0,43.48,27.17,3.31,0.0
20230325:0902,1643.9,342.88,90.39,10.52,51.46,28.03,3.66,0.0
20230325:1002,1746.0,366.56,91.42,11.13,55.26,28.81,3.79,0.0
20230325:1102,1706.65,288.18,160.78,10.22,53.53,29.04,3.52,0.0
20230325:1202,1496.4,300.85,100.24,9.61,46.94,28.56,3.1,0.0
20230325:1302,1180.45,202.95,123.3,7.44,37.31,28.09,3.45,0.0
20230325:1402,756.75,115.15,111.19,4.93,26.05,26.3,1.38,0.0
20230325:1502,333.2,26.99,83.57,2.06,13.95,24.87,4.0,0.0
20230325:1602,0.0,0.0,5.35,0.08,1.45,24.31,6.14,0.0
20230325:1702,0.0,0.0,0.0,0.0,0.0,22.49,5.93,0.0
20230325:1802,0.0,0.0,0.0,0.0,0.0,21.96,5.31,0.0
20230325:1902,0.0,0.0,0.0,0.0,0.0,21.94,4.9,0.0
20230325:2002,0.0,0.0,0.0,0.0,0.0,21.41,4.62,0.0
20230325:2102,0.0,0.0,0.0,0.0,0.0,21.0,4.55,0.0
20230325:2202,0.0,0.0,0.0,0.0,0.0,21.19,4.48,0.0
20230325:2302,0.0,0.0,0.0,0.0,0.0,20.98,4.97,0.0
20230326:0002,0.0,0.0,0.0,0.0,0.0,20.73,5.31,0.0
20230326:0102,0.0,0.0,0.0,0.0,0.0,20.76,5.86,0.0
20230326:0202,0.0,0.0,0.0,0.0,0.0,20.65,6.34,0.0
20230326:0302,0.0,0.0,0.0,0.0,0.0,20.45,6.62,0.0
20230326:0402,0.0,0.0,0.0,0.0,0.0,20.71,7.38,0.0
20230326:0502,161.85,2.78,53.3,0.87,8.98,20.58,8.21,0.0
20230326:0602,605.35,77.81,104.86,3.89,21.26,20.64,8.34,0.0
20230326:0702,865.9,8.52,214.7,3.34,32.88,21.26,8.97,0.0
20230326:0802,1442.9,292.81,82.69,9.23,43.22,22.3,9.17,0.0
20230326:0902,1726.45,316.21,120.04,10.42,51.13,22.88,9.24,0.0
20230326:1002,1835.3,378.44,82.3,11.4,54.88,23.07,9.52,0.0
20230326:1102,1791.4,328.03,121.27,10.74,53.13,22.65,10.07,0.0
20230326:1202,1486.4,43.52,325.47,5.95,46.57,21.32,10.48,0.0
20230326:1302,1269.9,149.62,179.46,6.91,36.98,20.74,10.34,0.0
20230326:1402,739.7,14.72,179.58,3.03,25.74,19.74,10.0,0.0
20230326:1502,300.2,4.46,85.67,1.38,13.66,19.13,9.52,0.0
20230326:1602,0.0,0.0,0.0,0.0,0.0,18.69,9.03,0.0
20230326:1702,0.0,0.0,0.0,0.0,0.0,17.19,8.83,0.0
20230326:1802,0.0,0.0,0.0,0.0,0.0,17.35,8.48,0.0
20230326:1902,0.0,0.0,0.0,0.0,0.0,17.33,8.28,0.0
20230326:2002,0.0,0.0,0.0,0.0,0.0,17.33,7.45,0.0
20230326:2102,0.0,0.0,0.0,0.0,0.0,17.45,6.9,0.0
20230326:2202,0.0,0.0,0.0,0.0,0.0,17.01,6.55,0.0
20230326:2302,0.0,0.0,0.0,0.0,0.0,16.96,6.41,0.0
20230327:0002,0.0,0.0,0.0,0.0,0.0,16.98,6.0,0.0
20230327:0102,0.0,0.0,0.0,0.0,0.0,16.82,5.86,0.0
20230327:0202,0.0,0.0,0.0,0.0,0.0,16.52,5.52,0.0
20230327:0302,0.0,0.0,0.0,0.0,0.0,16.03,5.31,0.0
20230327:0402,0.0,0.0,0.0,0.0,0.0,15.92,4.69,0.0
20230327:0502,78.8,0.0,31.71,0.46,8.83,16.42,4.55,0.0
20230327:0602,529.8,5.62,137.7,2.16,21.09,17.27,4.34,0.0
20230327:0702,947.3,13.82,227.34,3.68,32.68,17.82,3.93,0.0
20230327:0802,1447.1,61.49,303.15,6.19,42.96,19.41,3.17,0.0
20230327:0902,1731.7,113.97,322.42,7.98,50.81,19.99,2.62,0.0
20230327:1002,1683.2,51.56,374.62,6.9,54.49,21.04,1.93,0.0
20230327:1102,1775.7,249.75,203.94,10.05,52.74,21.02,2.07,0.0
20230327:1202,1534.8,324.99,76.97,10.07,46.2,21.17,2.28,0.0
20230327:1302,1175.7,253.17,70.04,8.13,36.64,20.9,2.62,0.0
20230327:1402,706.7,152.87,65.98,5.47,25.44,20.14,2.76,0.0
20230327:1502,252.55,53.77,49.32,2.55,13.37,19.62,3.1,0.0
20230327:1602,0.0,0.0,0.0,0.0,0.0,19.56,3.31,0.0
20230327:1702,0.0,0.0,0.0,0.0,0.0,18.06,3.45,0.0
20230327:1802,0.0,0.0,0.0,0.0,0.0,17.67,3.66,0.0
20230327:1902,0.0,0.0,0.0,0.0,0.0,18.15,4.07,0.0
20230327:2002,0.0,0.0,0.0,0.0,0.0,17.72,4.48,0.0
20230327:2102,0.0,0.0,0.0,0.0,0.0,18.2,4.62,0.0
20230327:2202,0.0,0.0,0.0,0.0,0.0,16.56,4.69,0.0
20230327:2302,0.0,0.0,0.0,0.0,0.0,16.52,4.83,0.0
20230328:0002,0.0,0.0,0.0,0.0,0.0,16.8,4.9,0.0
20230328:0102,0.0,0.0,0.0,0.0,0.0,16.75,5.17,0.0
20230328:0202,0.0,0.0,0.0,0.0,0.0,16.45,5.45,0.0
20230328:0302,0.0,0.0,0.0,0.0,0.0,16.65,5.59,0.0
20230328:0402,0.0,0.0,0.0,0.0,0.0,16.6,5.52,0.0
20230328:0502,117.1,21.6,35.15,1.46,8.68,17.56,5.52,0.0
20230328:0602,500.65,112.31,57.48,4.34,20.92,18.93,5.59,0.0
20230328:0702,981.85,202.55,74.58,6.97,32.47,20.44,6.0,0.0
20230328:0802,1386.1,277.78,87.38,9.11,42.7,22.35,6.41,0.0
20230328:0902,1652.75,325.67,98.59,10.52,50.48,23.57,6.69,0.0
20230328:1002,1749.45,354.71,93.97,11.19,54.1,24.99,6.28,0.0
20230328:1102,1688.75,343.99,92.7,10.89,52.34,25.61,6.0,0.0
20230328:1202,1482.75,283.18,107.08,9.55,45.83,25.46,6.14,0.0
20230328:1302,1154.3,185.16,130.11,7.32,36.31,25.21,6.28,0.0
20230328:1402,678.45,129.37,81.75,5.13,25.13,24.62,5.86,0.0
20230328:1502,266.7,35.75,64.28,2.24,13.09,24.35,4.97,0.0
20230328:1602,0.0,0.0,0.0,0.0,0.0,23.73,3.93,0.0
20230328:1702,0.0,0.0,0.0,0.0,0.0,21.82,2.83,0.0
20230328:1802,0.0,0.0,0.0,0.0,0.0,20.74,2.62,0.0
20230328:1902,0.0,0.0,0.0,0.0,0.0,20.01,1.59,0.0
20230328:2002,0.0,0.0,0.0,0.0,0.0,20.37,2.21,0.0
20230328:2102,0.0,0.0,0.0,0.0,0.0,21.05,3.17,0.0
20230328:2202,0.0,0.0,0.0,0.0,0.0,21.13,6.83,0.0
20230328:2302,0.0,0.0,0.0,0.0,0.0,20.23,8.55,0.0
20230329:0002,0.0,0.0,0.0,0.0,0.0,18.96,7.86,0.0
20230329:0102,0.0,0.0,0.0,0.0,0.0,17.77,8.55,0.0
20230329:0202,0.0,0.0,0.0,0.0,0.0,16.55,8.41,0.0
20230329:0302,0.0,0.0,0.0,0.0,0.0,17.04,8.28,0.0
20230329:0402,0.0,0.0,0.0,0.0,0.0,17.75,8.07,0.0
20230329:0502,133.6,0.92,46.25,0.71,8.53,17.98,7.93,0.0
20230329:0602,505.05,4.89,133.08,2.08,20.75,18.85,7.59,0.0
20230329:0702,1070.95,65.94,212.66,5.13,32.27,20.23,7.93,0.0
20230329:0802,1379.85,246.78,113.59,8.79,42.45,21.72,8.34,0.0
20230329:0902,1653.65,273.84,146.13,9.98,50.15,22.55,8.41,0.0
20230329:1002,1807.05,180.53,271.47,9.24,53.72,22.59,8.41,0.0
20230329:1102,1724.5,256.01,178.44,9.98,51.94,22.52,8.97,0.0
20230329:1202,1475.95,293.65,88.82,9.63,45.46,22.32,9.38,0.0
20230329:1302,1108.65,226.92,77.3,7.73,35.98,21.64,9.66,0.0
20230329:1402,715.7,93.83,115.35,4.66,24.83,20.84,9.45,0.0
20230329:1502,234.3,39.27,54.04,2.29,12.8,20.23,8.14,0.0
20230329:1602,0.0,0.0,0.0,0.0,0.0,19.9,7.59,0.0
20230329:1702,0.0,0.0,0.0,0.0,0.0,18.95,7.45,0.0
20230329:1802,0.0,0.0,0.0,0.0,0.0,18.83,7.1,0.0
20230329:1902,0.0,0.0,0.0,0.0,0.0,18.67,6.48,0.0
20230329:2002,0.0,0.0,0.0,0.0,0.0,17.99,6.14,0.0
20230329:2102,0.0,0.0,0.0,0.0,0.0,17.79,6.0,0.0
20230329:2202,0.0,0.0,0.0,0.0,0.0,16.83,6.34,0.0
20230329:2302,0.0,0.0,0.0,0.0,0.0,16.68,6.07,0.0
20230330:0002,0.0,0.0,0.0,0.0,0.0,16.66,5.72,0.0
20230330:0102,0.0,0.0,0.0,0.0,0.0,16.35,5.66,0.0
20230330:0202,0.0,0.0,0.0,0.0,0.0,16.13,5.79,0.0
20230330:0302,0.0,0.0,0.0,0.0,0.0,16.22,5.72,0.0
20230330:0402,0.0,0.0,0.0,0.0,0.0,15.74,5.45,0.0
20230330:0502,93.55,18.68,30.48,1.46,8.38,16.18,5.24,0.0
20230330:0602,458.75,108.91,52.17,4.35,20.57,17.69,5.1,0.0
20230330:0702,938.25,207.67,61.22,7.1,32.06,18.83,5.72,0.0
20230330:0802,1345.45,288.77,68.0,9.3,42.19,20.86,5.79,0.0
20230330:0902,1614.95,346.15,69.33,10.78,49.83,21.64,5.59,0.0
20230330:1002,1724.7,370.13,70.4,11.41,53.34,22.18,5.31,0.0
20230330:1102,1667.0,357.89,70.56,11.11,51.55,22.52,5.45,0.0
20230330:1202,1443.6,307.17,72.25,9.83,45.09,22.33,5.79,0.0
20230330:1302,1072.2,232.02,68.47,7.84,35.64,22.63,5.93,0.0
20230330:1402,612.75,134.78,63.51,5.2,24.52,22.19,5.45,0.0
20230330:1502,210.2,38.45,49.74,2.29,12.51,21.22,4.62,0.0
20230330:1602,0.0,0.0,0.0,0.0,0.0,20.12,3.93,0.0
20230330:1702,0.0,0.0,0.0,0.0,0.0,19.15,3.93,0.0
20230330:1802,0.0,0.0,0.0,0.0,0.0,18.94,4.0,0.0
20230330:1902,0.0,0.0,0.0,0.0,0.0,18.57,3.93,0.0
20230330:2002,0.0,0.0,0.0,0.0,0.0,17.87,4.07,0.0
20230330:2102,0.0,0.0,0.0,0.0,0.0,17.72,4.14,0.0
20230330:2202,0.0,0.0,0.0,0.0,0.0,17.28,4.48,0.0
20230330:2302,0.0,0.0,0.0,0.0,0.0,17.17,4.41,0.0
20230331:0002,0.0,0.0,0.0,0.0,0.0,16.68,4.48,0.0
20230331:0102,0.0,0.0,0.0,0.0,0.0,16.54,4.34,0.0
20230331:0202,0.0,0.0,0.0,0.0,0.0,16.04,4.14,0.0
20230331:0302,0.0,0.0,0.0,0.0,0.0,15.78,3.72,0.0
20230331:0402,0.0,0.0,0.0,0.0,0.0,15.72,3.45,0.0
20230331:0502,88.6,15.22,30.5,1.39,8.23,16.56,3.17,0.0
20230331:0602,434.9,101.15,53.79,4.23,20.4,18.3,2.41,0.0
20230331:0702,893.75,196.73,64.36,6.94,31.85,19.6,2.0,0.0
20230331:0802,1287.95,279.27,68.74,9.15,41.93,21.22,2.28,0.0
20230331:0902,1552.9,335.93,70.06,10.62,49.5,21.76,2.62,0.0
20230331:1002,1659.4,354.43,75.03,11.17,52.95,22.64,3.31,0.0
20230331:1102,1599.5,342.72,74.47,10.87,51.15,23.04,3.17,0.0
20230331:1202,1385.25,292.75,76.22,9.61,44.73,22.36,3.1,0.0
20230331:1302,1030.0,222.74,68.48,7.68,35.31,21.65,3.52,0.0
20230331:1402,692.25,71.01,130.5,4.3,24.22,21.14,3.52,0.0
20230331:1502,275.35,9.51,78.9,1.57,12.22,20.65,2.69,0.0
20230331:1602,0.0,0.0,0.0,0.0,0.0,19.56,1.52,0.0
20230331:1702,0.0,0.0,0.0,0.0,0.0,19.16,0.83,0.0
20230331:1802,0.0,0.0,0.0,0.0,0.0,19.21,1.1,0.0
20230331:1902,0.0,0.0,0.0,0.0,0.0,18.84,1.45,0.0
20230331:2002,0.0,0.0,0.0,0.0,0.0,18.27,1.31,0.0
20230331:2102,0.0,0.0,0.0,0.0,0.0,18.47,1.17,0.0
20230331:2202,0.0,0.0,0.0,0.0,0.0,17.28,1.59,0.0
20230331:2302,0.0,0.0,0.0,0.0,0.0,16.8,1.72,0.0
20230401:0002,0.0,0.0,0.0,0.0,0.0,15.49,1.79,0.0
20230401:0102,0.0,0.0,0.0,0.0,0.0,15.33,1.79,0.0
20230401:0202,0.0,0.0,0.0,0.0,0.0,16.17,1.72,0.0
20230401:0302,0.0,0.0,0.0,0.0,0.0,16.7,1.66,0.0
20230401:0402,0.0,0.0,0.0,0.0,0.0,16.83,1.52,0.0
20230401:0502,93.85,11.2,33.39,1.31,8.07,17.98,1.86,0.0
20230401:0602,420.65,92.83,57.78,4.13,20.23,19.26,1.59,0.0
20230401:0702,867.1,187.37,68.06,6.83,31.64,19.79,1.31,0.0
20230401:0802,1251.75,264.69,76.31,8.98,41.66,21.94,1.86,0.0
20230401:0902,1504.75,319.58,79.0,10.44,49.17,23.35,2.07,0.0
20230401:1002,1606.95,337.51,84.02,10.97,52.57,24.15,2.55,0.0
20230401:1102,1562.0,330.18,79.56,10.72,50.76,23.83,3.31,0.0
20230401:1202,1353.95,276.64,85.38,9.42,44.36,23.49,4.14,0.0
20230401:1302,998.35,205.75,78.72,7.46,34.98,23.44,4.48,0.0
20230401:1402,562.4,116.2,69.15,4.92,23.91,22.99,4.62,0.0
20230401:1502,196.25,26.81,52.97,2.05,11.94,22.16,4.55,0.0
20230401:1602,0.0,0.0,0.0,0.0,0.0,21.87,4.41,0.0
20230401:1702,0.0,0.0,0.0,0.0,0.0,21.43,4.0,0.0
20230401:1802,0.0,0.0,0.0,0.0,0.0,21.35,3.66,0.0
20230401:1902,0.0,0.0,0.0,0.0,0.0,21.05,3.38,0.0
20230401:2002,0.0,0.0,0.0,0.0,0.0,20.62,3.38,0.0
20230401:2102,0.0,0.0,0.0,0.0,0.0,20.37,3.38,0.0
20230401:2202,0.0,0.0,0.0,0.0,0.0,20.17,3.24,0.0
20230401:2302,0.0,0.0,0.0,0.0,0.0,20.28,3.1,0.0
20230402:0002,0.0,0.0,0.0,0.0,0.0,20.32,3.1,0.0
20230402:0102,0.0,0.0,0.0,0.0,0.0,20.18,3.24,0.0
20230402:0202,0.0,0.0,0.0,0.0,0.0,20.06,3.38,0.0
20230402:0302,0.0,0.0,0.0,0.0,0.0,20.15,3.45,0.0
20230402:0402,0.0,0.0,0.0,0.0,0.0,20.37,3.66,0.0
20230402:0502,106.7,6.54,38.49,1.15,7.92,20.88,3.86,0.0
20230402:0602,408.4,81.64,64.05,3.94,20.06,21.8,3.93,0.0
20230402:0702,831.0,172.85,74.05,6.59,31.43,22.95,4.48,0.0
20230402:0802,1213.85,245.72,85.36,8.68,41.4,24.31,5.17,0.0
20230402:0902,1468.75,307.29,80.04,10.21,48.85,25.14,6.07,0.0
20230402:1002,1569.3,324.68,85.11,10.73,52.19,25.89,6.55,0.0
20230402:1102,1511.5,313.04,84.56,10.42,50.37,26.15,6.55,0.0
20230402:1202,1299.0,264.59,86.46,9.19,43.99,26.22,6.76,0.0
20230402:1302,950.15,195.05,79.76,7.26,34.65,26.04,6.97,0.0
20230402:1402,669.95,36.59,153.6,3.55,23.61,24.86,6.83,0.0
20230402:1502,243.25,7.84,73.13,1.47,11.65,24.55,5.93,0.0
20230402:1602,0.0,0.0,0.0,0.0,0.0,24.35,5.52,0.0
20230402:1702,0.0,0.0,0.0,0.0,0.0,23.93,5.1,0.0
20230402:1802,0.0,0.0,0.0,0.0,0.0,23.1,4.83,0.0
20230402:1902,0.0,0.0,0.0,0.0,0.0,23.22,4.0,0.0
20230402:2002,0.0,0.0,0.0,0.0,0.0,22.54,3.1,0.0
20230402:2102,0.0,0.0,0.0,0.0,0.0,22.15,2.97,0.0
20230402:2202,0.0,0.0,0.0,0.0,0.0,21.86,3.52,0.0
20230402:2302,0.0,0.0,0.0,0.0,0.0,22.31,4.41,0.0
20230403:0002,0.0,0.0,0.0,0.0,0.0,23.77,7.1,0.0
20230403:0102,0.0,0.0,0.0,0.0,0.0,23.81,7.24,0.0
20230403:0202,0.0,0.0,0.0,0.0,0.0,22.68,5.03,0.0
20230403:0302,0.0,0.0,0.0,0.0,0.0,22.04,3.93,0.0
20230403:0402,0.0,0.0,0.0,0.0,0.0,21.99,4.62,0.0
20230403:0502,3.3,0.0,7.46,0.11,7.77,22.33,4.55,0.0
20230403:0602,376.35,82.39,57.5,3.97,19.88,22.83,4.28,0.0
20230403:0702,816.9,163.09,79.47,6.48,31.22,22.1,3.93,0.0
20230403:0802,1225.0,207.38,122.67,8.27,41.14,22.14,3.31,0.0
20230403:0902,1517.45,54.99,328.58,6.5,48.52,22.63,5.38,0.0
20230403:1002,1375.05,16.1,330.91,5.27,51.81,23.35,6.62,0.0
20230403:1102,1518.65,274.96,119.58,10.03,49.98,24.11,7.03,0.0
20230403:1202,1339.75,209.6,142.62,8.6,43.63,22.92,7.66,0.0
20230403:1302,960.35,175.65,96.02,7.05,34.31,22.71,8.62,0.0
20230403:1402,422.15,0.4,118.34,1.71,23.31,22.25,8.69,0.0
20230403:1502,159.6,0.26,53.97,0.79,11.37,22.04,8.07,0.0
20230403:1602,0.0,0.0,0.0,0.0,0.0,21.33,7.45,0.0
20230403:1702,0.0,0.0,0.0,0.0,0.0,20.57,7.45,0.0
20230403:1802,0.0,0.0,0.0,0.0,0.0,20.52,7.72,0.0
20230403:1902,0.0,0.0,0.0,0.0,0.0,20.39,7.86,0.0
20230403:2002,0.0,0.0,0.0,0.0,0.0,19.91,7.59,0.0
20230403:2102,0.0,0.0,0.0,0.0,0.0,19.37,7.31,0.0
20230403:2202,0.0,0.0,0.0,0.0,0.0,19.21,7.03,0.0
20230403:2302,0.0,0.0,0.0,0.0,0.0,19.01,6.83,0.0
20230404:0002,0.0,0.0,0.0,0.0,0.0,18.74,6.76,0.0
20230404:0102,0.0,0.0,0.0,0.0,0.0,18.74,6.55,0.0
20230404:0202,0.0,0.0,0.0,0.0,0.0,18.22,6.55,0.0
20230404:0302,0.0,0.0,0.0,0.0,0.0,18.23,6.48,0.0
20230404:0402,0.0,0.0,0.0,0.0,0.0,18.18,6.41,0.0
20230404:0502,115.9,2.54,41.46,1.02,7.62,18.57,6.21,0.0
20230404:0602,378.3,75.51,61.45,3.89,19.71,19.02,6.0,0.0
20230404:0702,809.65,159.56,78.87,6.47,31.01,19.64,6.28,0.0
20230404:0802,1203.7,219.87,103.24,8.43,40.88,20.8,6.0,0.0
20230404:0902,1450.1,278.15,99.64,9.93,48.19,21.42,5.31,0.0
20230404:1002,1613.35,207.82,204.97,9.47,51.43,22.28,4.9,0.0
20230404:1102,1495.05,270.76,118.94,10.01,49.59,22.51,4.34,0.0
20230404:1202,1261.45,250.21,90.24,9.06,43.27,22.38,3.52,0.0
20230404:1302,901.75,188.74,74.68,7.21,33.98,22.44,2.97,0.0
20230404:1402,481.25,101.23,65.02,4.68,23.0,22.57,2.76,0.0
20230404:1502,144.5,19.61,43.99,1.9,11.09,21.72,2.48,0.0
20230404:1602,0.0,0.0,0.0,0.0,0.0,20.63,1.79,0.0
20230404:1702,0.0,0.0,0.0,0.0,0.0,19.44,1.93,0.0
20230404:1802,0.0,0.0,0.0,0.0,0.0,19.08,1.31,0.0
20230404:1902,0.0,0.0,0.0,0.0,0.0,18.04,1.03,0.0
20230404:2002,0.0,0.0,0.0,0.0,0.0,17.82,1.38,0.0
20230404:2102,0.0,0.0,0.0,0.0,0.0,17.68,1.66,0.0
20230404:2202,0.0,0.0,0.0,0.0,0.0,16.7,1.52,0.0
20230404:2302,0.0,0.0,0.0,0.0,0.0,16.82,1.52,0.0
20230405:0002,0.0,0.0,0.0,0.0,0.0,17.03,1.52,0.0
20230405:0102,0.0,0.0,0.0,0.0,0.0,16.91,1.38,0.0
20230405:0202,0.0,0.0,0.0,0.0,0.0,16.2,1.38,0.0
20230405:0302,0.0,0.0,0.0,0.0,0.0,16.18,1.59,0.0
20230405:0402,0.0,0.0,0.0,0.0,0.0,16.18,2.07,0.0
20230405:0502,73.4,2.87,29.56,1.21,7.47,17.47,2.41,0.0
20230405:0602,348.2,79.19,53.41,4.02,19.54,18.35,2.0,0.0
20230405:0702,766.6,172.0,62.34,6.71,30.8,19.91,1.72,0.0
20230405:0802,1144.9,248.43,70.65,8.86,40.62,22.82,2.41,0.0
20230405:0902,1401.6,302.71,72.71,10.3,47.87,23.96,3.31,0.0
20230405:1002,1506.8,324.75,73.15,10.88,51.06,24.58,4.41,0.0
20230405:1102,1452.05,316.29,69.48,10.61,49.2,24.53,4.83,0.0
20230405:1202,1229.95,262.51,74.27,9.27,42.9,24.48,5.17,0.0
20230405:1302,874.8,190.45,68.97,7.29,33.66,24.11,5.31,0.0
20230405:1402,452.5,101.16,59.98,4.72,22.7,23.74,5.31,0.0
20230405:1502,130.3,17.42,41.53,1.89,10.81,22.81,5.03,0.0
20230405:1602,0.0,0.0,0.0,0.0,0.0,21.8,5.03,0.0
20230405:1702,0.0,0.0,0.0,0.0,0.0,20.42,5.1,0.0
20230405:1802,0.0,0.0,0.0,0.0,0.0,20.13,5.1,0.0
20230405:1902,0.0,0.0,0.0,0.0,0.0,19.84,5.17,0.0
20230405:2002,0.0,0.0,0.0,0.0,0.0,19.2,5.1,0.0
20230405:2102,0.0,0.0,0.0,0.0,0.0,19.14,4.9,0.0
20230405:2202,0.0,0.0,0.0,0.0,0.0,19.08,4.34,0.0
20230405:2302,0.0,0.0,0.0,0.0,0.0,18.96,4.14,0.0
20230406:0002,0.0,0.0,0.0,0.0,0.0,18.5,3.79,0.0
20230406:0102,0.0,0.0,0.0,0.0,0.0,18.35,3.66,0.0
20230406:0202,0.0,0.0,0.0,0.0,0.0,17.85,3.66,0.0
20230406:0302,0.0,0.0,0.0,0.0,0.0,17.73,4.0,0.0
20230406:0402,0.0,0.0,0.0,0.0,0.0,17.47,4.28,0.0
20230406:0502,69.2,0.84,28.58,1.17,7.32,18.2,4.48,0.0
20230406:0602,327.5,75.17,52.31,3.97,19.36,19.8,4.55,0.0
20230406:0702,743.25,164.84,64.35,6.63,30.59,21.95,4.97,0.0
20230406:0802,1122.3,239.5,73.44,8.75,40.35,24.21,5.93,0.0
20230406:0902,1374.05,292.58,75.54,10.17,47.54,25.43,6.62,0.0
20230406:1002,1469.35,309.93,80.51,10.69,50.68,26.83,6.9,0.0
20230406:1102,1409.2,301.47,76.12,10.41,48.82,26.97,7.24,0.0
20230406:1202,1194.25,248.55,81.76,9.1,42.54,26.89,7.38,0.0
20230406:1302,842.65,178.84,74.33,7.13,33.33,26.62,7.66,0.0
20230406:1402,441.1,90.89,66.46,4.57,22.4,26.01,7.72,0.0
20230406:1502,131.2,13.11,43.65,1.78,10.53,24.79,8.14,0.0
20230406:1602,0.0,0.0,0.0,0.0,0.0,23.25,8.0,0.0
20230406:1702,0.0,0.0,0.0,0.0,0.0,22.72,7.38,0.0
20230406:1802,0.0,0.0,0.0,0.0,0.0,22.67,6.9,0.0
20230406:1902,0.0,0.0,0.0,0.0,0.0,22.36,6.28,0.0
20230406:2002,0.0,0.0,0.0,0.0,0.0,21.81,5.72,0.0
20230406:2102,0.0,0.0,0.0,0.0,0.0,21.76,5.52,0.0
20230406:2202,0.0,0.0,0.0,0.0,0.0,20.67,5.38,0.0
20230406:2302,0.0,0.0,0.0,0.0,0.0,20.66,5.1,0.0
20230407:0002,0.0,0.0,0.0,0.0,0.0,19.82,4.9,0.0
20230407:0102,0.0,0.0,0.0,0.0,0.0,19.71,4.76,0.0
20230407:0202,0.0,0.0,0.0,0.0,0.0,19.37,4.62,0.0
20230407:0302,0.0,0.0,0.0,0.0,0.0,19.51,4.48,0.0
20230407:0402,0.0,0.0,0.0,0.0,0.0,19.69,4.28,0.0
20230407:0502,94.6,0.0,36.56,0.55,7.17,20.36,4.14,0.0
20230407:0602,316.65,66.27,56.85,3.79,19.19,22.36,3.93,0.0
20230407:0702,708.05,152.15,69.47,6.4,30.38,23.84,3.59,0.0
20230407:0802,1064.5,226.8,76.84,8.52,40.09,26.45,3.31,0.0
20230407:0902,1297.65,273.2,85.08,9.86,47.22,28.33,2.62,0.0
20230407:1002,1388.15,282.7,98.69,10.3,50.31,28.88,1.45,0.0
20230407:1102,1372.55,270.74,97.48,9.97,48.44,26.4,5.72,0.0
20230407:1202,1280.45,152.48,185.43,7.84,42.19,23.8,8.48,0.0
20230407:1302,1003.9,33.91,229.11,4.56,33.0,23.22,8.07,0.0
20230407:1402,596.25,12.79,152.14,2.75,22.11,22.55,7.45,0.0
20230407:1502,169.15,0.58,56.21,0.87,10.25,21.22,6.69,0.0
20230407:1602,0.0,0.0,0.0,0.0,0.0,21.21,6.34,0.0
20230407:1702,0.0,0.0,0.0,0.0,0.0,20.39,6.0,0.0
20230407:1802,0.0,0.0,0.0,0.0,0.0,20.39,5.79,0.0
20230407:1902,0.0,0.0,0.0,0.0,0.0,20.29,5.59,0.0
20230407:2002,0.0,0.0,0.0,0.0,0.0,20.08,5.52,0.0
20230407:2102,0.0,0.0,0.0,0.0,0.0,19.85,5.24,0.0
20230407:2202,0.0,0.0,0.0,0.0,0.0,19.52,4.69,0.0
20230407:2302,0.0,0.0,0.0,0.0,0.0,19.46,4.07,0.0
20230408:0002,0.0,0.0,0.0,0.0,0.0,19.6,3.72,0.0
20230408:0102,0.0,0.0,0.0,0.0,0.0,19.56,3.45,0.0
20230408:0202,0.0,0.0,0.0,0.0,0.0,19.5,3.31,0.0
20230408:0302,0.0,0.0,0.0,0.0,0.0,19.54,3.45,0.0
20230408:0402,0.0,0.0,0.0,0.0,0.0,19.23,3.38,0.0
20230408:0502,82.2,0.0,32.99,0.5,7.01,19.28,3.24,0.0
20230408:0602,444.85,4.4,121.01,1.96,19.01,19.96,3.31,0.0
20230408:0702,896.55,34.76,203.75,4.29,30.17,20.66,3.38,0.0
20230408:0802,1208.95,37.15,274.37,5.28,39.83,21.68,2.97,0.0
20230408:0902,1294.7,263.04,86.04,9.67,46.9,22.43,2.34,0.0
20230408:1002,1400.7,277.44,93.43,10.16,49.94,22.83,3.59,0.0
20230408:1102,1338.8,265.49,92.19,9.82,48.06,22.87,3.38,0.0
20230408:1202,1152.4,206.75,108.33,8.45,41.83,22.29,3.52,0.0
20230408:1302,152.25,0.0,52.22,0.75,32.68,22.06,3.93,0.0
20230408:1402,244.5,0.0,75.54,1.09,21.81,21.77,4.14,0.0
20230408:1502,24.9,0.0,15.85,0.23,9.97,20.87,3.93,0.0
20230408:1602,0.0,0.0,0.0,0.0,0.0,20.83,4.0,0.0
20230408:1702,0.0,0.0,0.0,0.0,0.0,20.53,4.0,0.0
20230408:1802,0.0,0.0,0.0,0.0,0.0,20.4,4.14,0.0
20230408:1902,0.0,0.0,0.0,0.0,0.0,20.35,4.28,0.0
20230408:2002,0.0,0.0,0.0,0.0,0.0,20.17,4.55,0.0
20230408:2102,0.0,0.0,0.0,0.0,0.0,20.16,4.28,0.0
20230408:2202,0.0,0.0,0.0,0.0,0.0,19.79,4.48,0.0
20230408:2302,0.0,0.0,0.0,0.0,0.0,19.9,4.41,0.0
20230409:0002,0.0,0.0,0.0,0.0,0.0,19.86,3.72,0.0
20230409:0102,0.0,0.0,0.0,0.0,0.0,20.0,3.45,0.0
20230409:0202,0.0,0.0,0.0,0.0,0.0,19.84,2.9,0.0
20230409:0302,0.0,0.0,0.0,0.0,0.0,19.94,2.41,0.0
20230409:0402,0.0,0.0,0.0,0.0,0.0,20.09,2.34,0.0
20230409:0502,107.7,0.0,40.12,0.6,6.86,20.29,2.48,0.0
20230409:0602,471.25,11.71,124.15,2.4,18.84,20.84,2.62,0.0
20230409:0702,704.3,3.86,183.4,2.79,29.96,21.58,2.48,0.0
20230409:0802,950.95,5.88,241.74,3.68,39.56,22.98,2.48,0.0
20230409:0902,798.8,0.0,209.83,3.01,46.57,23.5,4.28,0.0
20230409:1002,1080.05,3.08,270.64,3.99,49.57,21.75,7.03,0.0
20230409:1102,1370.45,24.5,318.12,5.43,47.68,20.66,6.76,0.0
20230409:1202,334.65,0.0,96.99,1.39,41.47,20.45,6.14,0.0
20230409:1302,118.15,0.0,42.9,0.62,32.36,20.34,6.0,0.0
20230409:1402,180.35,0.0,58.75,0.84,21.52,19.19,5.45,0.0
20230409:1502,9.95,0.0,10.26,0.15,9.7,18.27,5.45,0.0
20230409:1602,0.0,0.0,0.0,0.0,0.0,17.94,5.72,0.0
20230409:1702,0.0,0.0,0.0,0.0,0.0,17.54,6.21,0.0
20230409:1802,0.0,0.0,0.0,0.0,0.0,17.56,6.76,0.0
20230409:1902,0.0,0.0,0.0,0.0,0.0,17.53,7.59,0.0
20230409:2002,0.0,0.0,0.0,0.0,0.0,17.58,8.28,0.0
20230409:2102,0.0,0.0,0.0,0.0,0.0,17.67,8.14,0.0
20230409:2202,0.0,0.0,0.0,0.0,0.0,16.84,7.03,0.0
20230409:2302,0.0,0.0,0.0,0.0,0.0,16.88,6.55,0.0
20230410:0002,0.0,0.0,0.0,0.0,0.0,16.33,6.07,0.0
20230410:0102,0.0,0.0,0.0,0.0,0.0,16.26,6.14,0.0
20230410:0202,0.0,0.0,0.0,0.0,0.0,16.0,6.14,0.0
20230410:0302,0.0,0.0,0.0,0.0,0.0,16.04,6.14,0.0
20230410:0402,0.0,0.0,0.0,0.0,0.0,16.22,6.0,0.0
20230410:0502,99.95,0.0,37.45,0.56,6.71,16.58,6.0,0.0
20230410:0602,276.05,57.81,52.66,3.75,18.66,17.1,5.38,0.0
20230410:0702,825.35,82.33,148.75,5.45,29.74,18.4,5.24,0.0
20230410:0802,1027.35,219.63,69.67,8.53,39.3,20.56,5.45,0.0
20230410:0902,1282.8,267.24,77.04,9.9,46.25,21.9,6.07,0.0
20230410:1002,1373.45,287.88,77.48,10.45,49.2,22.82,5.31,0.0
20230410:1102,1307.6,282.26,70.04,10.21,47.3,23.35,5.72,0.0
20230410:1202,1129.9,198.33,112.72,8.49,41.12,23.56,6.21,0.0
20230410:1302,736.45,160.4,67.93,6.9,32.04,23.49,6.41,0.0
20230410:1402,371.0,71.44,65.04,4.29,21.22,21.71,6.69,0.0
20230410:1502,109.9,2.44,39.69,1.54,9.42,19.78,6.97,0.0
20230410:1602,0.0,0.0,0.0,0.0,0.0,18.82,7.79,0.0
20230410:1702,0.0,0.0,0.0,0.0,0.0,17.57,8.76,0.0
20230410:1802,0.0,0.0,0.0,0.0,0.0,16.97,9.31,0.0
20230410:1902,0.0,0.0,0.0,0.0,0.0,16.67,9.24,0.0
20230410:2002,0.0,0.0,0.0,0.0,0.0,16.33,8.76,0.0
20230410:2102,0.0,0.0,0.0,0.0,0.0,16.33,8.41,0.0
20230410:2202,0.0,0.0,0.0,0.0,0.0,15.5,8.14,0.0
20230410:2302,0.0,0.0,0.0,0.0,0.0,15.51,8.21,0.0
20230411:0002,0.0,0.0,0.0,0.0,0.0,15.45,8.34,0.0
20230411:0102,0.0,0.0,0.0,0.0,0.0,15.27,8.41,0.0
20230411:0202,0.0,0.0,0.0,0.0,0.0,15.27,8.62,0.0
20230411:0302,0.0,0.0,0.0,0.0,0.0,15.42,8.69,0.0
20230411:0402,0.0,0.0,0.0,0.0,0.0,16.21,8.62,0.0
20230411:0502,80.35,0.0,32.1,0.48,6.56,16.43,8.34,0.0
20230411:0602,253.65,57.37,48.29,3.82,18.48,16.69,7.52,0.0
20230411:0702,643.7,143.12,61.2,6.46,29.53,17.47,8.07,0.0
20230411:0802,1023.7,218.49,67.96,8.6,39.04,18.61,8.07,0.0
20230411:0902,1281.75,270.35,70.83,10.02,45.93,19.51,7.66,0.0
20230411:1002,1373.7,290.58,72.02,10.57,48.83,21.04,7.17,0.0
20230411:1102,1302.7,280.98,67.74,10.26,46.93,21.5,7.03,0.0
20230411:1202,1072.7,231.81,68.53,8.96,40.77,21.66,6.83,0.0
20230411:1302,729.65,152.67,72.65,6.85,31.72,21.82,6.21,0.0
20230411:1402,335.0,71.69,57.49,4.33,20.93,21.35,5.59,0.0
20230411:1502,113.0,0.11,40.75,1.47,9.15,20.09,5.66,0.0
20230411:1602,0.0,0.0,0.0,0.0,0.0,18.98,6.0,0.0
20230411:1702,0.0,0.0,0.0,0.0,0.0,17.86,6.0,0.0
20230411:1802,0.0,0.0,0.0,0.0,0.0,17.8,5.59,0.0
20230411:1902,0.0,0.0,0.0,0.0,0.0,17.56,5.1,0.0
20230411:2002,0.0,0.0,0.0,0.0,0.0,17.22,4.76,0.0
20230411:2102,0.0,0.0,0.0,0.0,0.0,16.62,4.34,0.0
20230411:2202,0.0,0.0,0.0,0.0,0.0,15.79,4.28,0.0
20230411:2302,0.0,0.0,0.0,0.0,0.0,15.3,3.79,0.0
20230412:0002,0.0,0.0,0.0,0.0,0.0,14.86,3.52,0.0
20230412:0102,0.0,0.0,0.0,0.0,0.0,14.73,3.1,0.0
20230412:0202,0.0,0.0,0.0,0.0,0.0,14.36,2.55,0.0
20230412:0302,0.0,0.0,0.0,0.0,0.0,13.94,2.14,0.0
20230412:0402,0.0,0.0,0.0,0.0,0.0,13.46,1.79,0.0
20230412:0502,77.7,0.0,31.21,0.47,6.41,14.71,1.79,0.0
20230412:0602,255.8,49.16,53.78,3.63,18.31,16.08,1.52,0.0
20230412:0702,727.8,95.05,119.1,5.68,29.32,17.05,1.17,0.0
20230412:0802,1025.9,173.23,112.88,7.94,38.77,19.26,1.93,0.0
20230412:0902,1347.15,160.86,192.61,8.52,45.61,20.31,2.76,0.0
20230412:1002,1526.75,82.59,306.65,7.41,48.47,20.99,3.24,0.0
20230412:1102,1113.85,5.04,278.33,4.18,46.56,21.07,3.45,0.0
20230412:1202,957.65,3.64,242.31,3.62,40.42,21.2,3.93,0.0
20230412:1302,653.55,1.11,172.18,2.52,31.4,20.88,4.69,0.0
20230412:1402,517.3,5.48,137.66,2.28,20.64,20.4,4.34,0.0
20230412:1502,155.6,0.0,52.61,0.79,8.89,19.89,3.93,0.0
20230412:1602,0.0,0.0,0.0,0.0,0.0,19.72,3.24,0.0
20230412:1702,0.0,0.0,0.0,0.0,0.0,19.21,3.17,0.0
20230412:1802,0.0,0.0,0.0,0.0,0.0,19.11,2.62,0.0
20230412:1902,0.0,0.0,0.0,0.0,0.0,19.05,1.93,0.0
20230412:2002,0.0,0.0,0.0,0.0,0.0,18.38,1.72,0.0
20230412:2102,0.0,0.0,0.0,0.0,0.0,17.97,2.0,0.0
20230412:2202,0.0,0.0,0.0,0.0,0.0,18.38,2.9,0.0
20230412:2302,0.0,0.0,0.0,0.0,0.0,18.38,3.52,0.0
20230413:0002,0.0,0.0,0.0,0.0,0.0,18.14,3.24,0.0
20230413:0102,0.0,0.0,0.0,0.0,0.0,18.22,2.9,0.0
20230413:0202,0.0,0.0,0.0,0.0,0.0,18.46,2.9,0.0
20230413:0302,0.0,0.0,0.0,0.0,0.0,18.21,3.1,0.0
20230413:0402,0.0,0.0,0.0,0.0,0.0,18.08,3.03,0.0
20230413:0502,92.15,0.0,35.67,0.54,6.26,18.71,2.76,0.0
20230413:0602,275.1,0.0,82.07,1.18,18.13,18.4,2.62,0.0
20230413:0702,386.2,0.0,109.11,1.57,29.11,19.0,2.14,0.0
20230413:0802,741.6,0.39,195.74,2.83,38.51,22.07,1.79,0.0
20230413:0902,789.0,0.0,207.97,2.99,45.29,22.62,1.79,0.0
20230413:1002,702.05,0.0,187.45,2.69,48.11,23.73,2.83,0.0
20230413:1102,961.55,1.66,247.63,3.62,46.19,23.35,3.45,0.0
20230413:1202,1202.2,31.86,279.02,5.25,40.08,23.04,3.79,0.0
20230413:1302,904.5,47.82,198.07,4.9,31.09,22.69,4.21,0.0
20230413:1402,474.55,3.57,129.4,2.06,20.36,21.62,3.93,0.0
20230413:1502,75.3,0.0,31.21,0.47,8.62,20.55,4.21,0.0
20230413:1602,0.0,0.0,0.0,0.0,0.0,20.7,4.21,0.0
20230413:1702,0.0,0.0,0.0,0.0,0.0,19.36,4.21,0.0
20230413:1802,0.0,0.0,0.0,0.0,0.0,19.02,3.93,0.0
20230413:1902,0.0,0.0,0.0,0.0,0.0,18.83,3.86,0.0
20230413:2002,0.0,0.0,0.0,0.0,0.0,18.32,4.21,0.0
20230413:2102,0.0,0.0,0.0,0.0,0.0,18.19,4.41,0.0
20230413:2202,0.0,0.0,0.0,0.0,0.0,17.54,5.03,0.0
20230413:2302,0.0,0.0,0.0,0.0,0.0,17.38,5.1,0.0
20230414:0002,0.0,0.0,0.0,0.0,0.0,17.16,5.1,0.0
20230414:0102,0.0,0.0,0.0,0.0,0.0,17.1,5.24,0.0
20230414:0202,0.0,0.0,0.0,0.0,0.0,16.67,5.52,0.0
20230414:0302,0.0,0.0,0.0,0.0,0.0,16.53,4.97,0.0
20230414:0402,0.0,0.0,0.0,0.0,0.0,17.37,4.83,0.0
20230414:0502,48.7,0.0,23.18,0.35,6.1,17.79,5.93,0.0
20230414:0602,398.6,2.05,110.39,1.73,17.96,18.58,8.28,0.0
20230414:0702,704.95,3.42,179.52,2.73,28.89,18.22,10.62,0.0
20230414:0802,937.1,192.43,74.52,8.2,38.25,19.18,10.41,0.0
20230414:0902,1190.15,240.71,78.83,9.57,44.97,19.28,10.69,0.0
20230414:1002,1428.6,166.51,198.26,8.9,47.75,19.88,11.66,0.0
20230414:1102,1238.4,228.44,101.34,9.51,45.82,20.54,10.9,0.0
20230414:1202,989.55,203.51,75.09,8.51,39.74,19.9,10.55,0.0
20230414:1302,697.85,119.45,92.3,6.31,30.78,19.32,10.9,0.0
20230414:1402,353.65,0.26,100.59,1.46,20.08,18.95,10.55,0.0
20230414:1502,133.1,0.0,46.37,0.7,8.36,18.04,9.93,0.0
20230414:1602,0.0,0.0,0.0,0.0,0.0,17.74,9.38,0.0
20230414:1702,0.0,0.0,0.0,0.0,0.0,17.26,9.1,0.0
20230414:1802,0.0,0.0,0.0,0.0,0.0,16.93,8.48,0.0
20230414:1902,0.0,0.0,0.0,0.0,0.0,16.85,7.72,0.0
20230414:2002,0.0,0.0,0.0,0.0,0.0,16.24,7.1,0.0
20230414:2102,0.0,0.0,0.0,0.0,0.0,16.54,6.69,0.0
20230414:2202,0.0,0.0,0.0,0.0,0.0,15.14,6.97,0.0
20230414:2302,0.0,0.0,0.0,0.0,0.0,15.25,6.62,0.0
20230415:0002,0.0,0.0,0.0,0.0,0.0,15.13,6.34,0.0
20230415:0102,0.0,0.0,0.0,0.0,0.0,15.31,6.48,0.0
20230415:0202,0.0,0.0,0.0,0.0,0.0,15.06,6.55,0.0
20230415:0302,0.0,0.0,0.0,0.0,0.0,15.02,6.41,0.0
20230415:0402,0.0,0.0,0.0,0.0,0.0,15.06,6.28,0.0
20230415:0502,87.1,0.0,33.88,0.51,5.95,15.78,6.0,0.0
20230415:0602,202.35,41.06,46.7,3.56,17.78,16.46,5.45,0.0
20230415:0702,545.05,121.26,60.37,6.14,28.68,17.34,5.38,0.0
20230415:0802,890.1,195.83,64.16,8.27,37.99,19.68,5.38,0.0
20230415:0902,1139.85,242.35,70.84,9.61,44.65,20.27,5.03,0.0
20230415:1002,1225.9,258.07,75.12,10.07,47.39,22.24,5.38,0.0
20230415:1102,1153.85,247.99,70.82,9.75,45.46,22.69,5.24,0.0
20230415:1202,938.75,197.63,74.77,8.43,39.4,22.85,4.97,0.0
20230415:1302,626.65,123.65,77.7,6.36,30.47,22.8,4.48,0.0
20230415:1402,274.4,50.29,58.75,3.93,19.79,21.26,3.72,0.0
20230415:1502,121.15,0.0,43.69,0.66,8.1,20.16,2.9,0.0
20230415:1602,0.0,0.0,0.0,0.0,0.0,18.45,2.69,0.0
20230415:1702,0.0,0.0,0.0,0.0,0.0,16.07,3.17,0.0
20230415:1802,0.0,0.0,0.0,0.0,0.0,16.62,2.76,0.0
20230415:1902,0.0,0.0,0.0,0.0,0.0,15.4,2.41,0.0
20230415:2002,0.0,0.0,0.0,0.0,0.0,15.05,2.07,0.0
20230415:2102,0.0,0.0,0.0,0.0,0.0,15.17,2.14,0.0
20230415:2202,0.0,0.0,0.0,0.0,0.0,15.45,2.48,0.0
20230415:2302,0.0,0.0,0.0,0.0,0.0,15.73,2.76,0.0
20230416:0002,0.0,0.0,0.0,0.0,0.0,15.46,2.97,0.0
20230416:0102,0.0,0.0,0.0,0.0,0.0,15.54,3.1,0.0
20230416:0202,0.0,0.0,0.0,0.0,0.0,15.29,2.97,0.0
20230416:0302,0.0,0.0,0.0,0.0,0.0,15.09,2.69,0.0
20230416:0402,0.0,0.0,0.0,0.0,0.0,14.79,2.62,0.0
20230416:0502,64.7,0.0,27.64,0.42,5.8,15.38,2.69,0.0
20230416:0602,197.45,37.13,47.83,3.52,17.6,16.22,2.34,0.0
20230416:0702,529.95,114.71,63.75,6.07,28.46,17.57,1.59,0.0
20230416:0802,854.5,190.02,65.82,8.23,37.72,20.53,0.76,0.0
20230416:0902,1086.45,242.25,65.81,9.65,44.34,21.39,0.62,0.0
20230416:1002,1176.8,258.01,70.68,10.13,47.04,23.48,1.52,0.0
20230416:1102,1109.4,247.84,65.78,9.79,45.1,23.61,2.14,0.0
20230416:1202,895.1,202.75,63.43,8.55,39.06,23.35,2.76,0.0
20230416:1302,571.8,129.45,62.62,6.48,30.16,23.27,3.45,0.0
20230416:1402,237.25,49.75,51.25,3.97,19.52,22.52,3.93,0.0
20230416:1502,113.65,0.0,41.91,0.63,7.84,21.6,4.0,0.0
20230416:1602,0.0,0.0,0.0,0.0,0.0,20.25,4.0,0.0
20230416:1702,0.0,0.0,0.0,0.0,0.0,18.94,3.86,0.0
20230416:1802,0.0,0.0,0.0,0.0,0.0,18.73,3.59,0.0
20230416:1902,0.0,0.0,0.0,0.0,0.0,18.94,3.45,0.0
20230416:2002,0.0,0.0,0.0,0.0,0.0,17.99,3.1,0.0
20230416:2102,0.0,0.0,0.0,0.0,0.0,17.51,2.69,0.0
20230416:2202,0.0,0.0,0.0,0.0,0.0,15.71,2.76,0.0
20230416:2302,0.0,0.0,0.0,0.0,0.0,15.92,2.83,0.0
20230417:0002,0.0,0.0,0.0,0.0,0.0,15.45,2.76,0.0
20230417:0102,0.0,0.0,0.0,0.0,0.0,15.13,2.55,0.0
20230417:0202,0.0,0.0,0.0,0.0,0.0,14.86,2.55,0.0
20230417:0302,0.0,0.0,0.0,0.0,0.0,15.08,2.83,0.0
20230417:0402,0.0,0.0,0.0,0.0,0.0,15.36,3.31,0.0
20230417:0502,64.4,0.0,27.64,0.42,5.65,16.23,3.72,0.0
20230417:0602,174.55,35.32,43.79,3.55,17.42,17.75,3.86,0.0
20230417:0702,493.45,115.25,57.5,6.14,28.25,20.59,3.59,0.0
20230417:0802,823.25,187.21,64.36,8.24,37.46,24.45,2.83,0.0
20230417:0902,1051.25,236.21,68.04,9.62,44.03,26.28,2.14,0.0
20230417:1002,1126.4,251.92,72.27,10.09,46.69,28.77,1.66,0.0
20230417:1102,1055.6,244.83,64.35,9.81,44.75,28.67,1.38,0.0
20230417:1202,851.15,196.78,64.99,8.51,38.73,28.03,1.79,0.0
20230417:1302,539.6,125.91,61.79,6.48,29.86,26.97,2.28,0.0
20230417:1402,244.45,42.8,58.25,3.86,19.24,25.91,2.48,0.0
20230417:1502,108.4,0.0,41.02,0.62,7.58,24.76,2.62,0.0
20230417:1602,0.0,0.0,0.0,0.0,0.0,22.23,2.62,0.0
20230417:1702,0.0,0.0,0.0,0.0,0.0,20.35,2.69,0.0
20230417:1802,0.0,0.0,0.0,0.0,0.0,19.79,2.41,0.0
20230417:1902,0.0,0.0,0.0,0.0,0.0,19.62,1.86,0.0
20230417:2002,0.0,0.0,0.0,0.0,0.0,20.17,2.0,0.0
20230417:2102,0.0,0.0,0.0,0.0,0.0,19.94,2.28,0.0
20230417:2202,0.0,0.0,0.0,0.0,0.0,19.38,2.69,0.0
20230417:2302,0.0,0.0,0.0,0.0,0.0,19.4,3.1,0.0
20230418:0002,0.0,0.0,0.0,0.0,0.0,19.51,3.52,0.0
20230418:0102,0.0,0.0,0.0,0.0,0.0,19.78,3.86,0.0
20230418:0202,0.0,0.0,0.0,0.0,0.0,19.44,4.0,0.0
20230418:0302,0.0,0.0,0.0,0.0,0.0,19.58,4.14,0.0
20230418:0402,0.0,0.0,0.0,0.0,0.0,19.67,4.28,0.0
20230418:0502,59.75,0.0,26.75,0.4,5.5,20.83,4.41,0.0
20230418:0602,303.65,18.3,83.51,2.96,17.25,21.83,4.55,0.0
20230418:0702,490.85,100.88,69.09,5.84,28.04,23.01,4.28,0.0
20230418:0802,808.25,172.52,72.35,7.96,37.2,23.48,4.62,0.0
20230418:0902,1032.9,222.59,72.26,9.34,43.71,24.4,4.9,0.0
20230418:1002,1121.5,236.93,77.98,9.79,46.34,25.57,4.97,0.0
20230418:1102,1052.25,227.58,72.21,9.47,44.39,25.09,4.9,0.0
20230418:1202,845.5,181.06,73.02,8.2,38.4,24.63,4.55,0.0
20230418:1302,531.5,113.78,67.86,6.22,29.56,24.46,3.66,0.0
20230418:1402,222.55,39.11,54.42,3.75,18.97,23.56,2.76,0.0
20230418:1502,106.05,0.0,40.12,0.6,7.33,23.1,1.66,0.0
20230418:1602,0.0,0.0,0.0,0.0,0.0,21.7,1.72,0.0
20230418:1702,0.0,0.0,0.0,0.0,0.0,21.07,1.24,0.0
20230418:1802,0.0,0.0,0.0,0.0,0.0,20.73,0.97,0.0
20230418:1902,0.0,0.0,0.0,0.0,0.0,20.35,1.24,0.0
20230418:2002,0.0,0.0,0.0,0.0,0.0,18.67,1.31,0.0
20230418:2102,0.0,0.0,0.0,0.0,0.0,18.41,1.03,0.0
20230418:2202,0.0,0.0,0.0,0.0,0.0,16.47,1.31,0.0
20230418:2302,0.0,0.0,0.0,0.0,0.0,16.74,1.45,0.0
20230419:0002,0.0,0.0,0.0,0.0,0.0,17.19,1.31,0.0
20230419:0102,0.0,0.0,0.0,0.0,0.0,17.14,1.66,0.0
20230419:0202,0.0,0.0,0.0,0.0,0.0,17.06,1.72,0.0
20230419:0302,0.0,0.0,0.0,0.0,0.0,16.89,1.86,0.0
20230419:0402,0.0,0.0,0.0,0.0,0.0,17.53,2.14,0.0
20230419:0502,66.65,0.0,28.53,0.43,5.35,18.59,2.48,0.0
20230419:0602,185.6,24.99,51.69,3.3,17.07,19.3,2.69,0.0
20230419:0702,454.3,101.68,60.66,5.88,27.82,21.62,2.62,0.0
20230419:0802,764.75,169.85,68.31,7.92,36.94,25.25,2.21,0.0
20230419:0902,974.65,219.8,68.3,9.3,43.4,27.81,2.0,0.0
20230419:1002,1048.3,234.54,73.26,9.75,45.99,31.1,2.21,0.0
20230419:1102,977.45,224.34,68.92,9.43,44.04,32.15,2.28,0.0
20230419:1202,778.3,178.26,68.91,8.16,38.07,32.14,2.48,0.0
20230419:1302,482.15,110.43,64.45,6.16,29.26,31.95,2.76,0.0
20230419:1402,208.3,34.54,55.18,3.66,18.7,29.98,3.24,0.0
20230419:1502,97.0,0.0,38.34,0.58,7.08,28.08,3.52,0.0
20230419:1602,0.0,0.0,0.0,0.0,0.0,26.08,3.72,0.0
20230419:1702,0.0,0.0,0.0,0.0,0.0,24.66,3.86,0.0
20230419:1802,0.0,0.0,0.0,0.0,0.0,24.41,3.86,0.0
20230419:1902,0.0,0.0,0.0,0.0,0.0,24.42,4.14,0.0
20230419:2002,0.0,0.0,0.0,0.0,0.0,24.6,4.41,0.0
20230419:2102,0.0,0.0,0.0,0.0,0.0,25.05,4.69,0.0
20230419:2202,0.0,0.0,0.0,0.0,0.0,24.08,4.76,0.0
20230419:2302,0.0,0.0,0.0,0.0,0.0,24.3,5.03,0.0
20230420:0002,0.0,0.0,0.0,0.0,0.0,24.51,5.52,0.0
20230420:0102,0.0,0.0,0.0,0.0,0.0,25.38,5.93,0.0
20230420:0202,0.0,0.0,0.0,0.0,0.0,25.78,6.21,0.0
20230420:0302,0.0,0.0,0.0,0.0,0.0,25.77,6.55,0.0
20230420:0402,0.0,0.0,0.0,0.0,0.0,26.36,6.97,0.0
20230420:0502,63.75,0.0,28.53,0.43,5.19,26.71,7.17,0.0
20230420:0602,383.35,5.51,109.4,2.25,16.89,26.17,7.38,0.0
20230420:0702,561.95,68.33,111.72,5.25,27.61,27.29,7.24,0.0
20230420:0802,793.1,141.99,100.16,7.5,36.68,28.89,6.97,0.0
20230420:0902,1217.55,90.93,239.42,7.25,43.09,29.6,6.28,0.0
20230420:1002,1322.5,75.1,280.17,7.13,45.65,30.76,5.45,0.0
20230420:1102,1223.05,24.52,301.0,5.36,43.7,30.52,4.28,0.0
20230420:1202,348.05,0.0,104.45,1.5,37.75,29.54,2.69,0.0
20230420:1302,123.65,0.0,45.7,0.66,28.97,27.94,7.17,0.0
20230420:1402,106.0,0.0,40.1,0.58,18.43,23.38,8.21,0.0
20230420:1502,53.65,0.0,24.97,0.38,6.84,21.15,6.83,0.0
20230420:1602,0.0,0.0,0.0,0.0,0.0,21.65,7.03,0.0
20230420:1702,0.0,0.0,0.0,0.0,0.0,20.77,5.66,0.0
20230420:1802,0.0,0.0,0.0,0.0,0.0,19.84,7.31,0.0
20230420:1902,0.0,0.0,0.0,0.0,0.0,19.51,8.76,0.0
20230420:2002,0.0,0.0,0.0,0.0,0.0,18.8,8.83,0.0
20230420:2102,0.0,0.0,0.0,0.0,0.0,18.05,8.9,0.0
20230420:2202,0.0,0.0,0.0,0.0,0.0,17.2,8.83,0.0
20230420:2302,0.0,0.0,0.0,0.0,0.0,16.99,8.69,0.0
20230421:0002,0.0,0.0,0.0,0.0,0.0,16.71,8.21,0.0
20230421:0102,0.0,0.0,0.0,0.0,0.0,16.38,8.07,0.0
20230421:0202,0.0,0.0,0.0,0.0,0.0,15.77,8.07,0.0
20230421:0302,0.0,0.0,0.0,0.0,0.0,15.53,7.93,0.0
20230421:0402,0.0,0.0,0.0,0.0,0.0,15.27,7.59,0.0
20230421:0502,23.75,0.0,15.16,0.23,5.04,15.3,6.97,0.0
20230421:0602,358.45,8.39,98.16,2.59,16.72,16.06,6.55,0.0
20230421:0702,432.55,93.88,60.28,5.83,27.4,17.25,6.97,0.0
20230421:0802,745.25,165.75,62.56,7.94,36.42,18.81,7.03,0.0
20230421:0902,979.65,213.03,66.27,9.3,42.79,19.87,6.41,0.0
20230421:1002,1063.15,228.13,69.87,9.74,45.31,20.83,5.17,0.0
20230421:1102,989.75,217.06,66.28,9.41,43.36,21.2,4.9,0.0
20230421:1202,771.65,173.21,63.21,8.16,37.43,21.2,5.03,0.0
20230421:1302,466.75,103.35,61.59,6.12,28.68,20.92,5.17,0.0
20230421:1402,178.6,29.19,48.14,3.63,18.17,19.8,5.31,0.0
20230421:1502,51.5,0.0,24.07,0.36,6.6,18.38,4.83,0.0
20230421:1602,0.0,0.0,0.0,0.0,0.0,17.5,4.41,0.0
20230421:1702,0.0,0.0,0.0,0.0,0.0,16.2,3.38,0.0
20230421:1802,0.0,0.0,0.0,0.0,0.0,15.47,2.14,0.0
20230421:1902,0.0,0.0,0.0,0.0,0.0,15.77,1.52,0.0
20230421:2002,0.0,0.0,0.0,0.0,0.0,16.47,1.1,0.0
20230421:2102,0.0,0.0,0.0,0.0,0.0,16.22,0.9,0.0
20230421:2202,0.0,0.0,0.0,0.0,0.0,14.83,1.24,0.0
20230421:2302,0.0,0.0,0.0,0.0,0.0,15.02,1.24,0.0
20230422:0002,0.0,0.0,0.0,0.0,0.0,16.02,0.9,0.0
20230422:0102,0.0,0.0,0.0,0.0,0.0,15.41,1.38,0.0
20230422:0202,0.0,0.0,0.0,0.0,0.0,15.47,2.21,0.0
20230422:0302,0.0,0.0,0.0,0.0,0.0,15.53,3.24,0.0
20230422:0402,0.0,0.0,0.0,0.0,0.0,15.81,3.17,0.0
20230422:0502,0.0,0.0,4.46,0.07,4.89,16.21,3.38,0.0
20230422:0602,266.0,0.1,79.11,1.15,16.54,16.37,3.38,0.0
20230422:0702,506.45,0.27,136.03,1.97,27.19,16.92,3.45,0.0
20230422:0802,852.5,2.97,216.02,3.24,36.17,18.49,3.1,0.0
20230422:0902,851.75,0.71,218.92,3.18,42.48,19.82,2.97,0.0
20230422:1002,448.9,0.0,124.97,1.8,44.97,21.21,3.59,0.0
20230422:1102,987.2,3.23,250.59,3.74,43.02,21.61,3.38,0.0
20230422:1202,1064.3,19.77,256.76,4.62,37.11,22.25,3.66,0.0
20230422:1302,505.3,0.28,138.83,2.01,28.39,21.86,2.62,0.0
20230422:1402,362.45,0.81,104.27,1.59,17.91,21.24,1.31,0.0
20230422:1502,78.35,0.0,32.1,0.48,6.36,20.58,1.66,0.0
20230422:1602,0.0,0.0,0.0,0.0,0.0,20.36,2.34,0.0
20230422:1702,0.0,0.0,0.0,0.0,0.0,19.03,2.55,0.0
20230422:1802,0.0,0.0,0.0,0.0,0.0,18.27,2.76,0.0
20230422:1902,0.0,0.0,0.0,0.0,0.0,17.25,1.93,0.0
20230422:2002,0.0,0.0,0.0,0.0,0.0,18.53,1.38,0.0
20230422:2102,0.0,0.0,0.0,0.0,0.0,18.27,1.03,0.0
20230422:2202,0.0,0.0,0.0,0.0,0.0,19.97,1.52,0.0
20230422:2302,0.0,0.0,0.0,0.0,0.0,19.76,1.38,0.0
20230423:0002,0.0,0.0,0.0,0.0,0.0,18.46,1.31,0.0
20230423:0102,0.0,0.0,0.0,0.0,0.0,18.12,1.45,0.0
20230423:0202,0.0,0.0,0.0,0.0,0.0,17.05,1.59,0.0
20230423:0302,0.0,0.0,0.0,0.0,0.0,17.04,1.52,0.0
20230423:0402,0.0,0.0,0.0,0.0,0.0,17.21,1.38,0.0
20230423:0502,42.65,0.0,21.4,0.32,4.74,18.05,1.24,0.0
20230423:0602,285.45,0.17,84.52,1.25,16.36,18.03,1.45,0.0
20230423:0702,704.7,6.99,180.7,3.03,26.97,18.63,0.97,0.0
20230423:0802,668.05,148.44,65.57,7.56,35.91,22.13,0.9,0.0
20230423:0902,884.65,187.58,75.58,8.75,42.18,23.42,0.76,0.0
20230423:1002,973.2,200.06,82.79,9.18,44.64,23.95,0.9,0.0
20230423:1102,886.05,199.5,66.29,9.0,42.68,24.85,0.97,0.0
20230423:1202,687.8,154.81,65.59,7.73,36.8,25.07,1.52,0.0
20230423:1302,560.0,61.98,115.27,5.2,28.11,24.68,2.83,0.0
20230423:1402,166.6,20.12,49.98,3.35,17.65,24.06,3.1,0.0
20230423:1502,87.0,0.0,34.77,0.52,6.12,22.64,2.97,0.0
20230423:1602,0.0,0.0,0.0,0.0,0.0,21.72,2.83,0.0
20230423:1702,0.0,0.0,0.0,0.0,0.0,20.56,2.48,0.0
20230423:1802,0.0,0.0,0.0,0.0,0.0,19.5,2.41,0.0
20230423:1902,0.0,0.0,0.0,0.0,0.0,19.3,2.62,0.0
20230423:2002,0.0,0.0,0.0,0.0,0.0,19.04,2.55,0.0
20230423:2102,0.0,0.0,0.0,0.0,0.0,19.19,2.55,0.0
20230423:2202,0.0,0.0,0.0,0.0,0.0,20.35,2.14,0.0
20230423:2302,0.0,0.0,0.0,0.0,0.0,20.36,2.0,0.0
20230424:0002,0.0,0.0,0.0,0.0,0.0,18.57,1.93,0.0
20230424:0102,0.0,0.0,0.0,0.0,0.0,18.52,2.14,0.0
20230424:0202,0.0,0.0,0.0,0.0,0.0,18.65,1.79,0.0
20230424:0302,0.0,0.0,0.0,0.0,0.0,19.01,1.1,0.0
20230424:0402,0.0,0.0,0.0,0.0,0.0,18.76,1.03,0.0
20230424:0502,31.2,0.0,17.83,0.27,4.59,18.92,1.52,0.0
20230424:0602,107.75,0.0,40.1,0.58,16.18,19.87,2.07,0.0
20230424:0702,226.75,0.0,70.88,1.02,26.76,20.57,2.14,0.0
20230424:0802,968.25,13.92,240.64,4.15,35.66,22.5,1.79,0.0
20230424:0902,1147.95,18.29,280.52,4.86,41.88,23.14,1.86,0.0
20230424:1002,1097.25,8.85,279.79,4.41,44.31,25.87,1.59,0.0
20230424:1102,834.35,1.04,222.52,3.24,42.35,26.47,1.1,0.0
20230424:1202,616.05,0.32,168.69,2.44,36.49,25.74,1.24,0.0
20230424:1302,493.7,0.26,138.82,2.01,27.83,25.56,0.83,0.0
20230424:1402,385.5,2.51,111.04,2.01,17.4,24.9,1.45,0.0
20230424:1502,55.9,0.0,25.86,0.39,5.89,23.21,2.41,0.0
20230424:1602,0.0,0.0,0.0,0.0,0.0,22.34,3.31,0.0
20230424:1702,0.0,0.0,0.0,0.0,0.0,21.37,2.97,0.0
20230424:1802,0.0,0.0,0.0,0.0,0.0,20.77,2.41,0.0
20230424:1902,0.0,0.0,0.0,0.0,0.0,20.75,2.76,0.0
20230424:2002,0.0,0.0,0.0,0.0,0.0,20.74,3.45,0.0
20230424:2102,0.0,0.0,0.0,0.0,0.0,20.79,3.1,0.0
20230424:2202,0.0,0.0,0.0,0.0,0.0,21.22,2.14,0.0
20230424:2302,0.0,0.0,0.0,0.0,0.0,21.05,2.69,0.0
20230425:0002,0.0,0.0,0.0,0.0,0.0,20.78,3.1,0.0
20230425:0102,0.0,0.0,0.0,0.0,0.0,20.73,3.24,0.0
20230425:0202,0.0,0.0,0.0,0.0,0.0,20.59,3.38,0.0
20230425:0302,0.0,0.0,0.0,0.0,0.0,20.57,3.38,0.0
20230425:0402,0.0,0.0,0.0,0.0,0.0,20.3,3.17,0.0
20230425:0502,1.0,0.0,6.24,0.09,4.44,20.06,3.1,0.0
20230425:0602,318.5,0.31,92.95,1.43,16.01,19.79,3.1,0.0
20230425:0702,686.65,22.06,168.02,3.9,26.55,20.0,3.24,0.0
20230425:0802,974.5,13.6,239.58,4.14,35.4,21.11,3.38,0.0
20230425:0902,1091.85,10.17,270.4,4.35,41.58,21.67,3.03,0.0
20230425:1002,1276.8,45.94,285.9,6.19,43.98,21.76,2.14,0.0
20230425:1102,896.5,165.94,95.41,8.47,42.02,22.05,2.21,0.0
20230425:1202,988.5,52.05,214.98,5.71,36.18,21.51,2.21,0.0
20230425:1302,624.05,41.25,142.89,4.66,27.56,21.7,2.28,0.0
20230425:1402,171.05,0.0,56.89,0.82,17.15,20.91,2.28,0.0
20230425:1502,25.5,0.0,16.05,0.24,5.66,20.94,2.0,0.0
20230425:1602,0.0,0.0,0.0,0.0,0.0,21.22,2.0,0.0
20230425:1702,0.0,0.0,0.0,0.0,0.0,20.82,2.41,0.0
20230425:1802,0.0,0.0,0.0,0.0,0.0,20.68,2.62,0.0
20230425:1902,0.0,0.0,0.0,0.0,0.0,20.55,3.1,0.0
20230425:2002,0.0,0.0,0.0,0.0,0.0,20.41,3.31,0.0
20230425:2102,0.0,0.0,0.0,0.0,0.0,20.38,3.24,0.0
20230425:2202,0.0,0.0,0.0,0.0,0.0,20.04,3.38,0.0
20230425:2302,0.0,0.0,0.0,0.0,0.0,20.12,3.38,0.0
20230426:0002,0.0,0.0,0.0,0.0,0.0,20.27,3.24,0.0
20230426:0102,0.0,0.0,0.0,0.0,0.0,20.44,3.31,0.0
20230426:0202,0.0,0.0,0.0,0.0,0.0,20.6,3.24,0.0
20230426:0302,0.0,0.0,0.0,0.0,0.0,20.82,3.45,0.0
20230426:0402,0.0,0.0,0.0,0.0,0.0,20.97,3.31,0.0
20230426:0502,22.85,0.0,15.16,0.23,4.28,21.12,3.38,0.0
20230426:0602,297.45,0.17,88.51,1.35,15.83,21.68,3.86,0.0
20230426:0702,683.15,17.72,171.4,3.71,26.34,22.26,4.21,0.0
20230426:0802,620.0,128.05,73.41,7.23,35.15,23.89,4.07,0.0
20230426:0902,817.65,172.74,74.68,8.55,41.29,24.71,3.93,0.0
20230426:1002,900.4,185.1,81.19,8.96,43.66,25.62,3.59,0.0
20230426:1102,827.15,175.63,74.66,8.63,41.7,25.59,4.0,0.0
20230426:1202,626.3,137.83,67.05,7.48,35.88,25.27,4.69,0.0
20230426:1302,369.7,74.21,64.91,5.52,27.28,25.14,5.1,0.0
20230426:1402,162.25,9.86,52.23,3.12,16.91,24.64,5.1,0.0
20230426:1502,68.15,0.0,29.42,0.44,5.44,23.02,5.03,0.0
20230426:1602,0.0,0.0,0.0,0.0,0.0,22.64,4.97,0.0
20230426:1702,0.0,0.0,0.0,0.0,0.0,21.84,4.76,0.0
20230426:1802,0.0,0.0,0.0,0.0,0.0,21.63,4.41,0.0
20230426:1902,0.0,0.0,0.0,0.0,0.0,21.66,4.07,0.0
20230426:2002,0.0,0.0,0.0,0.0,0.0,21.18,3.93,0.0
20230426:2102,0.0,0.0,0.0,0.0,0.0,20.97,3.59,0.0
20230426:2202,0.0,0.0,0.0,0.0,0.0,20.12,2.97,0.0
20230426:2302,0.0,0.0,0.0,0.0,0.0,20.17,2.9,0.0
20230427:0002,0.0,0.0,0.0,0.0,0.0,20.41,3.03,0.0
20230427:0102,0.0,0.0,0.0,0.0,0.0,20.46,3.52,0.0
20230427:0202,0.0,0.0,0.0,0.0,0.0,21.17,4.14,0.0
20230427:0302,0.0,0.0,0.0,0.0,0.0,22.46,4.83,0.0
20230427:0402,0.0,0.0,0.0,0.0,0.0,23.56,5.45,0.0
20230427:0502,0.0,0.0,3.57,0.05,4.13,24.14,6.28,0.0
20230427:0602,321.9,0.18,95.38,1.55,15.66,24.68,6.97,0.0
20230427:0702,639.5,4.19,170.83,2.76,26.13,25.99,6.97,0.0
20230427:0802,950.25,14.74,239.08,4.23,34.9,27.83,6.76,0.0
20230427:0902,1009.85,6.53,259.87,4.05,41.0,28.22,5.86,0.0
20230427:1002,1215.55,35.98,290.27,5.87,43.34,29.63,3.1,0.0
20230427:1102,983.75,120.5,154.83,7.78,41.38,23.85,7.79,0.0
20230427:1202,131.5,0.0,46.63,0.67,35.58,21.35,4.69,0.0
20230427:1302,155.65,0.0,53.16,0.76,27.02,22.44,5.79,0.0
20230427:1402,322.6,3.26,93.79,2.51,16.67,22.72,5.31,0.0
20230427:1502,65.45,0.0,28.53,0.43,5.22,21.98,5.31,0.0
20230427:1602,0.0,0.0,0.0,0.0,0.0,21.47,4.76,0.0
20230427:1702,0.0,0.0,0.0,0.0,0.0,20.37,4.21,0.0
20230427:1802,0.0,0.0,0.0,0.0,0.0,20.46,4.28,0.0
20230427:1902,0.0,0.0,0.0,0.0,0.0,20.48,3.86,0.0
20230427:2002,0.0,0.0,0.0,0.0,0.0,20.05,3.72,0.0
20230427:2102,0.0,0.0,0.0,0.0,0.0,20.02,3.72,0.0
20230427:2202,0.0,0.0,0.0,0.0,0.0,19.14,3.72,0.0
20230427:2302,0.0,0.0,0.0,0.0,0.0,18.82,2.76,0.0
20230428:0002,0.0,0.0,0.0,0.0,0.0,18.42,2.14,0.0
20230428:0102,0.0,0.0,0.0,0.0,0.0,18.37,1.86,0.0
20230428:0202,0.0,0.0,0.0,0.0,0.0,17.97,1.59,0.0
20230428:0302,0.0,0.0,0.0,0.0,0.0,17.94,1.38,0.0
20230428:0402,0.0,0.0,0.0,0.0,0.0,17.67,1.38,0.0
20230428:0502,18.25,0.0,13.37,0.2,3.98,17.76,1.17,0.0
20230428:0602,347.65,0.0,99.87,1.5,15.48,18.68,1.03,0.0
20230428:0702,659.15,5.27,172.31,2.88,25.92,20.29,1.45,0.0
20230428:0802,697.7,0.86,184.24,2.69,34.65,21.74,2.62,0.0
20230428:0902,779.3,166.34,72.05,8.52,40.71,23.08,3.52,0.0
20230428:1002,859.1,178.4,78.57,8.92,43.02,24.6,3.31,0.0
20230428:1102,780.95,171.37,68.96,8.64,41.07,24.55,3.72,0.0
20230428:1202,592.1,128.67,67.57,7.38,35.29,24.0,4.55,0.0
20230428:1302,344.55,66.32,64.75,5.43,26.75,23.61,5.03,0.0
20230428:1402,161.95,4.1,52.75,3.0,16.43,22.56,4.76,0.0
20230428:1502,56.45,0.0,25.86,0.39,5.0,21.68,3.24,0.0
20230428:1602,0.0,0.0,0.0,0.0,0.0,20.25,2.21,0.0
20230428:1702,0.0,0.0,0.0,0.0,0.0,21.17,0.55,0.0
20230428:1802,0.0,0.0,0.0,0.0,0.0,19.81,0.62,0.0
20230428:1902,0.0,0.0,0.0,0.0,0.0,20.07,2.0,0.0
20230428:2002,0.0,0.0,0.0,0.0,0.0,19.7,2.9,0.0
20230428:2102,0.0,0.0,0.0,0.0,0.0,19.87,3.86,0.0
20230428:2202,0.0,0.0,0.0,0.0,0.0,19.05,4.69,0.0
20230428:2302,0.0,0.0,0.0,0.0,0.0,19.22,4.69,0.0
20230429:0002,0.0,0.0,0.0,0.0,0.0,19.11,4.48,0.0
20230429:0102,0.0,0.0,0.0,0.0,0.0,19.18,4.41,0.0
20230429:0202,0.0,0.0,0.0,0.0,0.0,18.95,4.34,0.0
20230429:0302,0.0,0.0,0.0,0.0,0.0,18.84,4.28,0.0
20230429:0402,0.0,0.0,0.0,0.0,0.0,18.81,4.21,0.0
20230429:0502,8.8,0.0,9.81,0.15,3.83,18.98,4.21,0.0
20230429:0602,282.35,0.0,83.82,1.26,15.31,18.82,4.21,0.0
20230429:0702,527.7,0.6,142.2,2.09,25.71,19.45,4.34,0.0
20230429:0802,867.1,4.77,220.03,3.43,34.4,20.99,4.83,0.0
20230429:0902,1149.9,54.38,248.02,6.31,40.42,21.94,5.31,0.0
20230429:1002,1170.65,13.63,285.74,4.77,42.71,22.17,4.76,0.0
20230429:1102,783.4,162.38,75.86,8.53,40.76,22.36,4.34,0.0
20230429:1202,568.55,127.44,63.76,7.42,35.0,23.2,4.28,0.0
20230429:1302,317.6,64.58,60.14,5.44,26.49,23.48,4.69,0.0
20230429:1402,134.9,1.6,45.7,3.04,16.2,22.31,5.1,0.0
20230429:1502,53.8,0.0,24.97,0.38,4.79,20.64,5.66,0.0
20230429:1602,0.0,0.0,0.0,0.0,0.0,19.6,5.86,0.0
20230429:1702,0.0,0.0,0.0,0.0,0.0,19.03,5.86,0.0
20230429:1802,0.0,0.0,0.0,0.0,0.0,19.11,5.45,0.0
20230429:1902,0.0,0.0,0.0,0.0,0.0,18.53,5.38,0.0
20230429:2002,0.0,0.0,0.0,0.0,0.0,18.18,5.38,0.0
20230429:2102,0.0,0.0,0.0,0.0,0.0,18.15,5.79,0.0
20230429:2202,0.0,0.0,0.0,0.0,0.0,17.23,6.21,0.0
20230429:2302,0.0,0.0,0.0,0.0,0.0,17.04,6.28,0.0
20230430:0002,0.0,0.0,0.0,0.0,0.0,17.38,6.48,0.0
20230430:0102,0.0,0.0,0.0,0.0,0.0,17.33,6.41,0.0
20230430:0202,0.0,0.0,0.0,0.0,0.0,16.7,6.28,0.0
20230430:0302,0.0,0.0,0.0,0.0,0.0,16.48,6.21,0.0
20230430:0402,0.0,0.0,0.0,0.0,0.0,16.33,6.0,0.0
20230430:0502,31.65,0.0,17.83,0.27,3.68,16.72,5.52,0.0
20230430:0602,321.3,0.0,92.73,1.39,15.13,17.72,5.03,0.0
20230430:0702,495.55,0.38,133.98,1.96,25.51,18.24,4.9,0.0
20230430:0802,910.25,7.11,226.65,3.67,34.15,18.74,4.07,0.0
20230430:0902,1167.7,23.73,275.11,5.18,40.13,19.39,3.24,0.0
20230430:1002,1148.05,10.51,280.75,4.56,42.41,19.34,2.97,0.0
20230430:1102,1164.55,18.58,277.42,4.94,40.45,18.75,3.31,0.0
20230430:1202,965.05,11.09,236.97,4.05,34.72,18.95,3.86,0.0
20230430:1302,584.8,1.4,154.53,2.33,26.24,18.48,4.48,0.0
20230430:1402,268.65,0.0,80.25,1.21,15.97,18.22,5.1,0.0
20230430:1502,42.65,0.0,21.4,0.32,4.58,18.37,5.24,0.0
20230430:1602,0.0,0.0,0.0,0.0,0.0,18.67,5.38,0.0
20230430:1702,0.0,0.0,0.0,0.0,0.0,18.03,5.52,0.0
20230430:1802,0.0,0.0,0.0,0.0,0.0,18.01,5.72,0.0
20230430:1902,0.0,0.0,0.0,0.0,0.0,18.33,5.72,0.0
20230430:2002,0.0,0.0,0.0,0.0,0.0,17.48,5.79,0.0
20230430:2102,0.0,0.0,0.0,0.0,0.0,17.69,5.86,0.0
20230430:2202,0.0,0.0,0.0,0.0,0.0,16.87,5.03,0.0
20230430:2302,0.0,0.0,0.0,0.0,0.0,16.61,4.97,0.0
20230501:0002,0.0,0.0,0.0,0.0,0.0,16.27,4.76,0.0
20230501:0102,0.0,0.0,0.0,0.0,0.0,16.15,4.62,0.0
20230501:0202,0.0,0.0,0.0,0.0,0.0,15.52,4.28,0.0
20230501:0302,0.0,0.0,0.0,0.0,0.0,15.51,3.66,0.0
20230501:0402,0.0,0.0,0.0,0.0,0.0,15.17,3.38,0.0
20230501:0502,31.85,0.0,17.83,0.27,3.53,15.45,3.03,0.0
20230501:0602,183.6,0.0,58.85,0.88,14.96,15.88,2.69,0.0
20230501:0702,257.1,56.04,51.02,5.33,25.3,17.85,2.07,0.0
20230501:0802,509.55,117.63,59.65,7.29,33.91,20.62,1.31,0.0
20230501:0902,794.25,134.71,105.36,8.15,39.85,21.91,0.34,0.0
20230501:1002,1026.75,102.89,185.81,7.76,42.1,23.86,0.69,0.0
20230501:1102,696.1,169.37,54.89,8.76,40.15,23.92,1.93,0.0
20230501:1202,509.05,124.96,55.09,7.49,34.44,24.05,2.48,0.0
20230501:1302,254.2,62.61,47.86,5.55,25.99,23.83,2.48,0.0
20230501:1402,181.15,0.0,59.74,0.9,15.74,22.13,2.14,0.0
20230501:1502,45.05,0.0,22.29,0.33,4.38,20.05,1.17,0.0
20230501:1602,0.0,0.0,0.0,0.0,0.0,20.07,1.52,0.0
20230501:1702,0.0,0.0,0.0,0.0,0.0,18.62,1.72,0.0
20230501:1802,0.0,0.0,0.0,0.0,0.0,16.99,2.07,0.0
20230501:1902,0.0,0.0,0.0,0.0,0.0,17.46,2.14,0.0
20230501:2002,0.0,0.0,0.0,0.0,0.0,17.53,2.62,0.0
20230501:2102,0.0,0.0,0.0,0.0,0.0,17.03,2.69,0.0
20230501:2202,0.0,0.0,0.0,0.0,0.0,16.52,2.76,0.0
20230501:2302,0.0,0.0,0.0,0.0,0.0,16.5,2.83,0.0
20230502:0002,0.0,0.0,0.0,0.0,0.0,16.02,2.83,0.0
20230502:0102,0.0,0.0,0.0,0.0,0.0,15.98,2.97,0.0
20230502:0202,0.0,0.0,0.0,0.0,0.0,15.8,2.97,0.0
20230502:0302,0.0,0.0,0.0,0.0,0.0,15.9,3.03,0.0
20230502:0402,0.0,0.0,0.0,0.0,0.0,15.44,3.24,0.0
20230502:0502,9.05,0.0,9.81,0.15,3.38,15.59,3.31,0.0
20230502:0602,337.3,0.0,96.3,1.45,14.78,16.77,3.45,0.0
20230502:0702,0.0,0.0,0.0,0.0,0.0,18.56,3.45,0.0
20230502:0802,932.3,27.19,221.14,4.88,33.67,20.76,3.17,0.0
20230502:0902,1058.4,61.25,223.86,6.5,39.57,21.74,2.9,0.0
20230502:1002,1030.3,93.29,191.08,7.46,41.8,22.4,2.48,0.0
20230502:1102,843.65,114.18,132.67,7.72,39.85,22.66,2.48,0.0
20230502:1202,523.1,109.25,69.32,7.1,34.17,22.29,2.97,0.0
20230502:1302,632.6,16.76,161.19,3.85,25.74,21.96,3.17,0.0
20230502:1402,326.1,0.0,95.41,1.43,15.52,21.27,3.24,0.0
20230502:1502,42.15,0.0,21.4,0.32,4.18,20.13,2.76,0.0
20230502:1602,0.0,0.0,0.0,0.0,0.0,19.81,2.14,0.0
20230502:1702,0.0,0.0,0.0,0.0,0.0,18.38,1.52,0.0
20230502:1802,0.0,0.0,0.0,0.0,0.0,18.91,1.72,0.0
20230502:1902,0.0,0.0,0.0,0.0,0.0,19.53,1.24,0.0
20230502:2002,0.0,0.0,0.0,0.0,0.0,18.09,1.31,0.0
20230502:2102,0.0,0.0,0.0,0.0,0.0,18.52,1.52,0.0
20230502:2202,0.0,0.0,0.0,0.0,0.0,18.54,1.45,0.0
20230502:2302,0.0,0.0,0.0,0.0,0.0,17.8,1.24,0.0
20230503:0002,0.0,0.0,0.0,0.0,0.0,17.46,1.59,0.0
20230503:0102,0.0,0.0,0.0,0.0,0.0,17.6,1.93,0.0
20230503:0202,0.0,0.0,0.0,0.0,0.0,17.2,1.93,0.0
20230503:0302,0.0,0.0,0.0,0.0,0.0,16.93,1.93,0.0
20230503:0402,0.0,0.0,0.0,0.0,0.0,16.87,2.07,0.0
20230503:0502,26.15,0.0,16.05,0.24,3.23,16.84,2.14,0.0
20230503:0602,228.85,0.0,70.44,1.06,14.61,17.36,2.14,0.0
20230503:0702,502.6,23.92,126.04,4.21,24.89,18.67,1.52,0.0
20230503:0802,479.6,103.48,64.72,6.95,33.43,20.85,0.9,0.0
20230503:0902,666.75,143.45,70.61,8.2,39.3,22.06,0.21,0.0
20230503:1002,796.9,141.18,99.85,8.36,41.51,23.22,1.24,0.0
20230503:1102,826.75,108.03,134.92,7.57,39.56,22.89,1.93,0.0
20230503:1202,513.25,102.39,73.14,6.97,33.9,22.69,2.62,0.0
20230503:1302,274.85,47.98,61.02,5.13,25.5,21.95,3.31,0.0
20230503:1402,189.3,0.0,61.52,0.92,15.31,21.19,3.72,0.0
20230503:1502,39.3,0.0,20.51,0.31,3.99,20.18,3.79,0.0
20230503:1602,0.0,0.0,0.0,0.0,0.0,19.72,3.79,0.0
20230503:1702,0.0,0.0,0.0,0.0,0.0,19.43,3.66,0.0
20230503:1802,0.0,0.0,0.0,0.0,0.0,19.04,3.59,0.0
20230503:1902,0.0,0.0,0.0,0.0,0.0,18.96,3.72,0.0
20230503:2002,0.0,0.0,0.0,0.0,0.0,19.0,3.79,0.0
20230503:2102,0.0,0.0,0.0,0.0,0.0,19.09,3.79,0.0
20230503:2202,0.0,0.0,0.0,0.0,0.0,18.9,3.38,0.0
20230503:2302,0.0,0.0,0.0,0.0,0.0,18.57,3.38,0.0
20230504:0002,0.0,0.0,0.0,0.0,0.0,18.23,3.1,0.0
20230504:0102,0.0,0.0,0.0,0.0,0.0,17.61,2.83,0.0
20230504:0202,0.0,0.0,0.0,0.0,0.0,16.63,2.48,0.0
20230504:0302,0.0,0.0,0.0,0.0,0.0,16.28,2.34,0.0
20230504:0402,0.0,0.0,0.0,0.0,0.0,15.86,2.14,0.0
20230504:0502,23.6,0.0,15.16,0.23,3.08,16.27,1.93,0.0
20230504:0602,185.4,0.0,59.74,0.9,14.44,17.67,2.14,0.0
20230504:0702,215.6,45.06,48.47,5.13,24.69,19.11,1.72,0.0
20230504:0802,443.35,104.94,56.44,7.06,33.19,21.5,1.72,0.0
20230504:0902,631.5,146.38,60.45,8.31,39.03,22.46,2.21,0.0
20230504:1002,705.45,161.47,62.39,8.76,41.21,23.35,3.17,0.0
20230504:1102,640.35,147.94,61.09,8.36,39.27,23.5,3.86,0.0
20230504:1202,453.25,107.91,56.55,7.14,33.63,23.57,4.48,0.0
20230504:1302,230.15,48.01,50.95,5.21,25.26,22.99,5.24,0.0
20230504:1402,337.05,0.0,98.08,1.47,15.1,21.77,5.59,0.0
20230504:1502,30.9,0.0,17.83,0.27,3.8,20.63,5.31,0.0
20230504:1602,0.0,0.0,0.0,0.0,0.0,19.58,4.69,0.0
20230504:1702,0.0,0.0,0.0,0.0,0.0,19.71,4.41,0.0
20230504:1802,0.0,0.0,0.0,0.0,0.0,19.83,4.21,0.0
20230504:1902,0.0,0.0,0.0,0.0,0.0,19.55,4.14,0.0
20230504:2002,0.0,0.0,0.0,0.0,0.0,19.15,4.07,0.0
20230504:2102,0.0,0.0,0.0,0.0,0.0,19.46,4.28,0.0
20230504:2202,0.0,0.0,0.0,0.0,0.0,18.31,4.34,0.0
20230504:2302,0.0,0.0,0.0,0.0,0.0,18.28,4.28,0.0
20230505:0002,0.0,0.0,0.0,0.0,0.0,18.42,3.93,0.0
20230505:0102,0.0,0.0,0.0,0.0,0.0,18.5,3.72,0.0
20230505:0202,0.0,0.0,0.0,0.0,0.0,18.61,3.52,0.0
20230505:0302,0.0,0.0,0.0,0.0,0.0,18.45,3.45,0.0
20230505:0402,0.0,0.0,0.0,0.0,0.0,18.18,3.17,0.0
20230505:0502,0.0,0.0,4.46,0.07,2.94,18.59,2.9,0.0
20230505:0602,263.15,0.0,79.36,1.19,14.27,19.14,2.69,0.0
20230505:0702,627.75,6.66,163.74,3.14,24.49,19.41,2.41,0.0
20230505:0802,788.05,43.93,178.0,5.52,32.95,20.57,1.52,0.0
20230505:0902,638.2,132.41,73.88,8.03,38.76,21.61,0.55,0.0
20230505:1002,695.35,149.62,70.71,8.51,40.93,22.69,1.45,0.0
20230505:1102,626.3,139.18,65.03,8.16,38.99,22.16,2.55,0.0
20230505:1202,468.1,96.57,67.97,6.89,33.37,22.04,3.52,0.0
20230505:1302,249.45,41.23,59.08,5.01,25.03,21.88,4.34,0.0
20230505:1402,323.05,0.0,94.52,1.42,14.89,21.2,4.9,0.0
20230505:1502,28.25,0.0,16.94,0.25,3.61,20.38,4.69,0.0
20230505:1602,0.0,0.0,0.0,0.0,0.0,20.17,4.55,0.0
20230505:1702,0.0,0.0,0.0,0.0,0.0,19.81,4.62,0.0
20230505:1802,0.0,0.0,0.0,0.0,0.0,19.4,4.69,0.0
20230505:1902,0.0,0.0,0.0,0.0,0.0,19.46,4.76,0.0
20230505:2002,0.0,0.0,0.0,0.0,0.0,19.31,4.69,0.0
20230505:2102,0.0,0.0,0.0,0.0,0.0,19.26,4.69,0.0
20230505:2202,0.0,0.0,0.0,0.0,0.0,18.81,4.34,0.0
20230505:2302,0.0,0.0,0.0,0.0,0.0,18.91,4.55,0.0
20230506:0002,0.0,0.0,0.0,0.0,0.0,18.59,4.55,0.0
20230506:0102,0.0,0.0,0.0,0.0,0.0,17.66,3.93,0.0
20230506:0202,0.0,0.0,0.0,0.0,0.0,17.54,3.38,0.0
20230506:0302,0.0,0.0,0.0,0.0,0.0,17.14,3.1,0.0
20230506:0402,0.0,0.0,0.0,0.0,0.0,16.69,2.83,0.0
20230506:0502,15.9,0.0,12.48,0.19,2.79,16.62,2.76,0.0
20230506:0602,210.75,0.0,65.98,0.99,14.1,17.49,2.69,0.0
20230506:0702,350.75,26.76,89.79,4.5,24.29,18.96,2.21,0.0
20230506:0802,460.1,86.36,74.85,6.66,32.72,22.13,1.45,0.0
20230506:0902,611.65,127.89,73.75,7.94,38.49,24.37,1.1,0.0
20230506:1002,683.1,141.81,75.76,8.37,40.65,24.34,2.55,0.0
20230506:1102,1078.4,19.1,262.62,4.9,38.71,23.43,4.41,0.0
20230506:1202,309.1,0.0,91.39,1.31,33.11,21.96,6.07,0.0
20230506:1302,565.85,1.54,151.7,2.36,24.8,21.19,5.93,0.0
20230506:1402,305.65,0.0,90.06,1.35,14.69,20.62,5.17,0.0
20230506:1502,10.85,0.0,10.7,0.16,3.43,20.48,4.34,0.0
20230506:1602,0.0,0.0,0.0,0.0,0.0,20.31,4.48,0.0
20230506:1702,0.0,0.0,0.0,0.0,0.0,19.95,4.69,0.0
20230506:1802,0.0,0.0,0.0,0.0,0.0,19.75,5.38,0.0
20230506:1902,0.0,0.0,0.0,0.0,0.0,19.6,5.38,0.0
20230506:2002,0.0,0.0,0.0,0.0,0.0,19.17,5.38,0.0
20230506:2102,0.0,0.0,0.0,0.0,0.0,19.17,5.17,0.0
20230506:2202,0.0,0.0,0.0,0.0,0.0,17.92,5.79,0.0
20230506:2302,0.0,0.0,0.0,0.0,0.0,17.6,5.45,0.0
20230507:0002,0.0,0.0,0.0,0.0,0.0,17.2,4.83,0.0
20230507:0102,0.0,0.0,0.0,0.0,0.0,17.02,4.83,0.0
20230507:0202,0.0,0.0,0.0,0.0,0.0,16.55,4.76,0.0
20230507:0302,0.0,0.0,0.0,0.0,0.0,16.56,4.9,0.0
20230507:0402,0.0,0.0,0.0,0.0,0.0,16.16,4.9,0.0
20230507:0502,4.75,0.0,8.02,0.12,2.64,16.82,4.9,0.0
20230507:0602,240.2,0.0,73.12,1.1,13.93,17.47,4.83,0.0
20230507:0702,620.2,5.61,160.86,3.08,24.09,18.12,5.31,0.0
20230507:0802,747.7,43.74,166.86,5.53,32.49,19.34,5.24,0.0
20230507:0902,1056.45,11.95,258.18,4.43,38.23,19.93,4.9,0.0
20230507:1002,901.5,90.31,164.59,7.4,40.37,22.12,4.9,0.0
20230507:1102,857.8,78.43,165.09,6.95,38.44,21.9,5.17,0.0
20230507:1202,479.05,82.41,80.99,6.62,32.86,21.33,5.24,0.0
20230507:1302,266.75,32.31,67.74,4.81,24.58,20.89,5.1,0.0
20230507:1402,314.15,0.0,91.84,1.38,14.49,19.83,4.76,0.0
20230507:1502,13.3,0.0,11.59,0.17,3.25,18.89,4.28,0.0
20230507:1602,0.0,0.0,0.0,0.0,0.0,18.63,3.59,0.0
20230507:1702,0.0,0.0,0.0,0.0,0.0,18.49,2.83,0.0
20230507:1802,0.0,0.0,0.0,0.0,0.0,18.18,2.76,0.0
20230507:1902,0.0,0.0,0.0,0.0,0.0,18.74,2.9,0.0
20230507:2002,0.0,0.0,0.0,0.0,0.0,18.06,2.55,0.0
20230507:2102,0.0,0.0,0.0,0.0,0.0,18.48,2.34,0.0
20230507:2202,0.0,0.0,0.0,0.0,0.0,17.41,2.55,0.0
20230507:2302,0.0,0.0,0.0,0.0,0.0,17.57,2.48,0.0
20230508:0002,0.0,0.0,0.0,0.0,0.0,18.03,1.79,0.0
20230508:0102,0.0,0.0,0.0,0.0,0.0,17.66,2.0,0.0
20230508:0202,0.0,0.0,0.0,0.0,0.0,17.87,1.72,0.0
20230508:0302,0.0,0.0,0.0,0.0,0.0,18.06,1.86,0.0
20230508:0402,0.0,0.0,0.0,0.0,0.0,18.11,2.14,0.0
20230508:0502,6.7,0.0,8.92,0.13,2.5,18.08,2.41,0.0
20230508:0602,293.95,0.0,86.49,1.3,13.76,18.14,2.76,0.0
20230508:0702,539.2,10.63,140.73,3.6,23.89,18.41,3.1,0.0
20230508:0802,838.75,25.93,199.55,4.82,32.26,18.73,3.38,0.0
20230508:0902,580.1,121.17,68.56,7.8,37.97,18.77,3.93,0.0
20230508:1002,655.15,132.54,74.99,8.19,40.09,20.66,4.34,0.0
20230508:1102,920.35,3.65,233.57,3.58,38.17,21.05,4.48,0.0
20230508:1202,397.25,87.26,59.6,6.7,32.62,20.99,4.28,0.0
20230508:1302,189.15,33.4,48.69,4.89,24.36,21.4,4.41,0.0
20230508:1402,175.35,0.0,57.96,0.87,14.3,21.31,4.97,0.0
20230508:1502,20.4,0.0,14.27,0.21,3.08,20.61,5.17,0.0
20230508:1602,0.0,0.0,0.0,0.0,0.0,20.11,5.17,0.0
20230508:1702,0.0,0.0,0.0,0.0,0.0,19.13,5.24,0.0
20230508:1802,0.0,0.0,0.0,0.0,0.0,19.24,5.1,0.0
20230508:1902,0.0,0.0,0.0,0.0,0.0,18.71,4.83,0.0
20230508:2002,0.0,0.0,0.0,0.0,0.0,18.3,4.48,0.0
20230508:2102,0.0,0.0,0.0,0.0,0.0,18.02,3.86,0.0
20230508:2202,0.0,0.0,0.0,0.0,0.0,16.91,3.1,0.0
20230508:2302,0.0,0.0,0.0,0.0,0.0,16.57,3.17,0.0
20230509:0002,0.0,0.0,0.0,0.0,0.0,16.08,3.03,0.0
20230509:0102,0.0,0.0,0.0,0.0,0.0,15.66,2.76,0.0
20230509:0202,0.0,0.0,0.0,0.0,0.0,14.87,2.41,0.0
20230509:0302,0.0,0.0,0.0,0.0,0.0,14.61,2.14,0.0
20230509:0402,0.0,0.0,0.0,0.0,0.0,14.69,2.07,0.0
20230509:0502,11.35,0.0,10.7,0.16,2.35,14.98,2.14,0.0
20230509:0602,171.85,0.0,56.17,0.84,13.59,16.98,2.28,0.0
20230509:0702,169.35,28.65,45.65,4.89,23.7,18.86,1.66,0.0
20230509:0802,359.0,85.69,53.76,6.78,32.04,21.33,0.9,0.0
20230509:0902,521.95,127.51,55.48,8.07,37.72,22.77,0.0,0.0
20230509:1002,593.55,140.16,59.72,8.45,39.83,24.01,0.83,0.0
20230509:1102,541.65,124.82,61.97,8.01,37.91,24.35,1.72,0.0
20230509:1202,375.25,86.55,57.34,6.82,32.38,23.83,2.55,0.0
20230509:1302,179.7,30.93,48.13,4.94,24.15,23.44,3.31,0.0
20230509:1402,181.65,0.0,59.74,0.9,14.11,21.84,3.59,0.0
20230509:1502,17.85,0.0,13.37,0.2,2.91,21.22,3.59,0.0
20230509:1602,0.0,0.0,0.0,0.0,0.0,20.1,3.86,0.0
20230509:1702,0.0,0.0,0.0,0.0,0.0,19.15,3.79,0.0
20230509:1802,0.0,0.0,0.0,0.0,0.0,18.91,3.52,0.0
20230509:1902,0.0,0.0,0.0,0.0,0.0,18.35,3.31,0.0
20230509:2002,0.0,0.0,0.0,0.0,0.0,17.94,3.31,0.0
20230509:2102,0.0,0.0,0.0,0.0,0.0,17.57,3.24,0.0
20230509:2202,0.0,0.0,0.0,0.0,0.0,16.78,2.69,0.0
20230509:2302,0.0,0.0,0.0,0.0,0.0,16.54,2.34,0.0
20230510:0002,0.0,0.0,0.0,0.0,0.0,16.07,2.28,0.0
20230510:0102,0.0,0.0,0.0,0.0,0.0,16.1,2.34,0.0
20230510:0202,0.0,0.0,0.0,0.0,0.0,16.86,2.62,0.0
20230510:0302,0.0,0.0,0.0,0.0,0.0,16.89,2.83,0.0
20230510:0402,0.0,0.0,0.0,0.0,0.0,16.82,2.97,0.0
20230510:0502,6.8,0.0,8.92,0.13,2.21,17.0,2.97,0.0
20230510:0602,164.6,0.0,54.39,0.82,13.43,17.33,3.1,0.0
20230510:0702,157.55,25.95,43.72,4.88,23.51,18.46,3.03,0.0
20230510:0802,344.3,83.0,52.44,6.78,31.81,21.41,3.52,0.0
20230510:0902,514.7,123.03,57.04,8.03,37.47,23.38,4.62,0.0
20230510:1002,570.75,139.54,55.55,8.51,39.56,25.31,4.83,0.0
20230510:1102,507.95,125.88,54.3,8.09,37.65,25.54,5.24,0.0
20230510:1202,342.15,86.33,50.92,6.89,32.14,25.54,5.52,0.0
20230510:1302,167.85,28.21,46.7,4.94,23.94,25.12,5.66,0.0
20230510:1402,179.7,0.0,59.74,0.9,13.92,24.18,5.72,0.0
20230510:1502,15.3,0.0,12.48,0.19,2.75,22.55,5.72,0.0
20230510:1602,0.0,0.0,0.0,0.0,0.0,22.1,5.72,0.0
20230510:1702,0.0,0.0,0.0,0.0,0.0,20.63,5.45,0.0
20230510:1802,0.0,0.0,0.0,0.0,0.0,20.62,5.03,0.0
20230510:1902,0.0,0.0,0.0,0.0,0.0,20.41,4.48,0.0
20230510:2002,0.0,0.0,0.0,0.0,0.0,19.48,4.34,0.0
20230510:2102,0.0,0.0,0.0,0.0,0.0,19.29,3.93,0.0
20230510:2202,0.0,0.0,0.0,0.0,0.0,18.77,3.72,0.0
20230510:2302,0.0,0.0,0.0,0.0,0.0,18.59,3.66,0.0
20230511:0002,0.0,0.0,0.0,0.0,0.0,18.76,3.79,0.0
20230511:0102,0.0,0.0,0.0,0.0,0.0,19.66,3.93,0.0
20230511:0202,0.0,0.0,0.0,0.0,0.0,20.28,4.21,0.0
20230511:0302,0.0,0.0,0.0,0.0,0.0,20.95,4.48,0.0
20230511:0402,0.0,0.0,0.0,0.0,0.0,21.45,4.69,0.0
20230511:0502,4.55,0.0,8.02,0.12,2.06,21.37,4.83,0.0
20230511:0602,153.7,0.0,52.61,0.79,13.26,22.3,4.9,0.0
20230511:0702,152.95,22.56,44.96,4.81,23.32,23.97,3.93,0.0
20230511:0802,323.55,79.53,52.08,6.74,31.59,25.61,3.31,0.0
20230511:0902,487.4,121.07,53.85,8.03,37.22,24.7,4.62,0.0
20230511:1002,560.3,134.0,57.43,8.41,39.3,24.15,5.17,0.0
20230511:1102,502.95,120.46,56.75,8.01,37.4,23.56,5.86,0.0
20230511:1202,381.45,75.85,66.07,6.66,31.91,22.63,6.69,0.0
20230511:1302,243.8,21.18,67.72,4.66,23.74,21.92,6.9,0.0
20230511:1402,175.45,0.0,57.96,0.87,13.75,21.31,6.55,0.0
20230511:1502,15.45,0.0,12.48,0.19,2.59,20.78,5.59,0.0
20230511:1602,0.0,0.0,0.0,0.0,0.0,19.62,4.83,0.0
20230511:1702,0.0,0.0,0.0,0.0,0.0,19.15,4.62,0.0
20230511:1802,0.0,0.0,0.0,0.0,0.0,19.12,4.55,0.0
20230511:1902,0.0,0.0,0.0,0.0,0.0,18.64,4.34,0.0
20230511:2002,0.0,0.0,0.0,0.0,0.0,18.45,4.34,0.0
20230511:2102,0.0,0.0,0.0,0.0,0.0,18.66,4.48,0.0
20230511:2202,0.0,0.0,0.0,0.0,0.0,17.88,4.48,0.0
20230511:2302,0.0,0.0,0.0,0.0,0.0,17.76,4.48,0.0
20230512:0002,0.0,0.0,0.0,0.0,0.0,18.13,4.83,0.0
20230512:0102,0.0,0.0,0.0,0.0,0.0,17.94,5.72,0.0
20230512:0202,0.0,0.0,0.0,0.0,0.0,17.66,6.28,0.0
20230512:0302,0.0,0.0,0.0,0.0,0.0,17.54,6.69,0.0
20230512:0402,0.0,0.0,0.0,0.0,0.0,17.34,6.9,0.0
20230512:0502,1.1,0.0,6.24,0.09,1.92,17.2,6.83,0.0
20230512:0602,207.75,0.0,65.09,0.98,13.1,17.46,7.1,0.0
20230512:0702,425.45,0.07,117.33,1.7,23.13,18.0,7.79,0.0
20230512:0802,683.3,0.94,177.26,2.63,31.38,18.63,7.03,0.0
20230512:0902,726.8,0.47,188.09,2.73,36.98,18.97,5.79,0.0
20230512:1002,929.75,3.0,232.98,3.54,39.05,18.52,5.93,0.0
20230512:1102,620.65,91.49,101.63,7.29,37.16,18.37,5.79,0.0
20230512:1202,249.8,0.0,75.54,1.09,31.69,17.72,5.59,0.0
20230512:1302,478.7,0.32,129.79,1.93,23.54,17.74,5.24,0.0
20230512:1402,292.0,0.0,85.6,1.29,13.57,17.4,5.17,0.0
20230512:1502,8.95,0.0,9.81,0.15,2.44,16.9,4.41,0.0
20230512:1602,0.0,0.0,0.0,0.0,0.0,16.83,4.0,0.0
20230512:1702,0.0,0.0,0.0,0.0,0.0,16.71,5.45,0.0
20230512:1802,0.0,0.0,0.0,0.0,0.0,16.65,6.83,0.0
20230512:1902,0.0,0.0,0.0,0.0,0.0,16.68,7.52,0.0
20230512:2002,0.0,0.0,0.0,0.0,0.0,16.58,7.93,0.0
20230512:2102,0.0,0.0,0.0,0.0,0.0,16.4,8.0,0.0
20230512:2202,0.0,0.0,0.0,0.0,0.0,16.07,8.69,0.0
20230512:2302,0.0,0.0,0.0,0.0,0.0,15.9,8.34,0.0
20230513:0002,0.0,0.0,0.0,0.0,0.0,15.68,7.66,0.0
20230513:0102,0.0,0.0,0.0,0.0,0.0,15.69,6.62,0.0
20230513:0202,0.0,0.0,0.0,0.0,0.0,15.55,6.0,0.0
20230513:0302,0.0,0.0,0.0,0.0,0.0,15.53,5.72,0.0
20230513:0402,0.0,0.0,0.0,0.0,0.0,15.61,5.38,0.0
20230513:0502,0.0,0.0,1.78,0.03,1.78,15.28,5.24,0.0
20230513:0602,49.45,0.0,23.18,0.35,12.94,15.06,5.1,0.0
20230513:0702,567.0,1.62,148.57,2.57,22.94,15.29,3.86,0.0
20230513:0802,157.5,0.0,52.22,0.75,31.16,15.5,3.72,0.0
20230513:0902,194.55,0.0,61.55,0.88,36.74,15.81,3.72,0.0
20230513:1002,345.65,0.0,97.92,1.41,38.8,15.47,2.34,0.0
20230513:1102,236.5,0.0,71.81,1.03,36.91,15.5,2.21,0.0
20230513:1202,190.95,0.0,60.62,0.87,31.47,15.49,2.62,0.0
20230513:1302,69.15,0.0,28.91,0.42,23.34,15.36,2.41,0.0
20230513:1402,67.8,0.0,28.53,0.43,13.4,15.49,2.21,0.0
20230513:1502,2.9,0.0,7.13,0.11,2.29,15.59,1.72,0.0
20230513:1602,0.0,0.0,0.0,0.0,0.0,15.52,1.86,0.0
20230513:1702,0.0,0.0,0.0,0.0,0.0,15.87,3.31,0.0
20230513:1802,0.0,0.0,0.0,0.0,0.0,15.86,4.76,0.0
20230513:1902,0.0,0.0,0.0,0.0,0.0,16.07,5.38,0.0
20230513:2002,0.0,0.0,0.0,0.0,0.0,16.46,5.93,0.0
20230513:2102,0.0,0.0,0.0,0.0,0.0,16.99,6.21,0.0
20230513:2202,0.0,0.0,0.0,0.0,0.0,16.65,5.31,0.0
20230513:2302,0.0,0.0,0.0,0.0,0.0,16.8,5.45,0.0
20230514:0002,0.0,0.0,0.0,0.0,0.0,17.1,6.34,0.0
20230514:0102,0.0,0.0,0.0,0.0,0.0,17.21,7.03,0.0
20230514:0202,0.0,0.0,0.0,0.0,0.0,17.16,6.69,0.0
20230514:0302,0.0,0.0,0.0,0.0,0.0,17.23,7.03,0.0
20230514:0402,0.0,0.0,0.0,0.0,0.0,17.31,7.66,0.0
20230514:0502,0.0,0.0,5.35,0.08,1.64,17.55,8.62,0.0
20230514:0602,106.3,0.0,39.23,0.59,12.78,17.36,9.24,0.0
20230514:0702,286.15,0.0,83.93,1.21,22.76,17.0,10.0,0.0
20230514:0802,193.6,0.0,61.55,0.88,30.95,17.32,9.86,0.0
20230514:0902,189.85,0.0,60.62,0.87,36.51,17.31,9.52,0.0
20230514:1002,313.05,0.0,90.46,1.3,38.56,17.23,8.83,0.0
20230514:1102,239.5,0.0,72.74,1.05,36.68,16.97,8.14,0.0
20230514:1202,175.3,0.0,56.89,0.82,31.26,16.73,7.17,0.0
20230514:1302,160.55,0.0,53.16,0.76,23.16,16.53,6.41,0.0
20230514:1402,21.0,0.0,14.27,0.21,13.24,16.22,6.14,0.0
20230514:1502,0.0,0.0,0.89,0.01,2.14,16.15,5.93,0.0
20230514:1602,0.0,0.0,0.0,0.0,0.0,16.33,5.93,0.0
20230514:1702,0.0,0.0,0.0,0.0,0.0,16.42,4.97,0.0
20230514:1802,0.0,0.0,0.0,0.0,0.0,16.43,4.48,0.0
20230514:1902,0.0,0.0,0.0,0.0,0.0,16.38,4.34,0.0
20230514:2002,0.0,0.0,0.0,0.0,0.0,16.08,4.21,0.0
20230514:2102,0.0,0.0,0.0,0.0,0.0,16.42,3.86,0.0
20230514:2202,0.0,0.0,0.0,0.0,0.0,16.06,4.21,0.0
20230514:2302,0.0,0.0,0.0,0.0,0.0,16.03,3.86,0.0
20230515:0002,0.0,0.0,0.0,0.0,0.0,15.86,3.72,0.0
20230515:0102,0.0,0.0,0.0,0.0,0.0,15.72,3.45,0.0
20230515:0202,0.0,0.0,0.0,0.0,0.0,15.7,3.52,0.0
20230515:0302,0.0,0.0,0.0,0.0,0.0,15.31,3.93,0.0
20230515:0402,0.0,0.0,0.0,0.0,0.0,15.27,4.41,0.0
20230515:0502,0.0,0.0,4.46,0.07,1.5,15.06,4.62,0.0
20230515:0602,155.7,0.0,51.72,0.78,12.62,15.47,4.55,0.0
20230515:0702,236.4,8.91,68.08,4.31,22.57,15.77,4.28,0.0
20230515:0802,331.0,60.56,63.99,6.35,30.74,17.16,4.14,0.0
20230515:0902,857.7,46.98,188.1,6.16,36.28,17.76,4.07,0.0
20230515:1002,524.05,113.41,64.65,8.04,38.32,19.06,4.21,0.0
20230515:1102,892.6,42.86,200.02,6.03,36.45,19.14,4.28,0.0
20230515:1202,378.25,57.84,76.95,6.26,31.05,19.1,4.0,0.0
20230515:1302,155.15,13.14,47.36,4.65,22.97,18.66,3.72,0.0
20230515:1402,174.35,0.0,57.07,0.86,13.08,18.35,3.45,0.0
20230515:1502,1.1,0.0,6.24,0.09,2.0,16.62,2.62,0.0
20230515:1602,0.0,0.0,0.0,0.0,0.0,15.68,2.48,0.0
20230515:1702,0.0,0.0,0.0,0.0,0.0,14.79,2.21,0.0
20230515:1802,0.0,0.0,0.0,0.0,0.0,14.76,2.0,0.0
20230515:1902,0.0,0.0,0.0,0.0,0.0,15.08,1.72,0.0
20230515:2002,0.0,0.0,0.0,0.0,0.0,15.08,1.93,0.0
20230515:2102,0.0,0.0,0.0,0.0,0.0,15.44,1.72,0.0
20230515:2202,0.0,0.0,0.0,0.0,0.0,13.31,1.93,0.0
20230515:2302,0.0,0.0,0.0,0.0,0.0,13.2,1.86,0.0
20230516:0002,0.0,0.0,0.0,0.0,0.0,12.94,2.14,0.0
20230516:0102,0.0,0.0,0.0,0.0,0.0,13.0,2.28,0.0
20230516:0202,0.0,0.0,0.0,0.0,0.0,12.97,2.48,0.0
20230516:0302,0.0,0.0,0.0,0.0,0.0,13.21,2.69,0.0
20230516:0402,0.0,0.0,0.0,0.0,0.0,13.48,2.9,0.0
20230516:0502,0.0,0.0,4.46,0.07,1.36,14.68,2.9,0.0
20230516:0602,145.85,0.0,49.04,0.74,12.46,14.35,2.97,0.0
20230516:0702,129.2,8.58,40.93,4.6,22.39,14.86,2.28,0.0
20230516:0802,266.3,62.76,48.46,6.46,30.54,17.41,1.66,0.0
20230516:0902,422.75,99.85,55.34,7.64,36.06,18.94,1.1,0.0
20230516:1002,472.6,115.39,53.89,8.11,38.09,20.53,0.97,0.0
20230516:1102,422.8,100.9,55.41,7.66,36.23,20.96,0.97,0.0
20230516:1202,267.75,64.76,48.6,6.51,30.85,21.02,0.76,0.0
20230516:1302,139.05,10.75,44.25,4.62,22.8,21.02,1.31,0.0
20230516:1402,161.85,0.0,54.39,0.82,12.93,20.37,1.86,0.0
20230516:1502,0.0,0.0,5.35,0.08,1.87,18.31,1.72,0.0
20230516:1602,0.0,0.0,0.0,0.0,0.0,17.02,2.0,0.0
20230516:1702,0.0,0.0,0.0,0.0,0.0,17.21,1.93,0.0
20230516:1802,0.0,0.0,0.0,0.0,0.0,16.67,2.0,0.0
20230516:1902,0.0,0.0,0.0,0.0,0.0,15.43,1.93,0.0
20230516:2002,0.0,0.0,0.0,0.0,0.0,14.62,1.52,0.0
20230516:2102,0.0,0.0,0.0,0.0,0.0,15.24,1.52,0.0
20230516:2202,0.0,0.0,0.0,0.0,0.0,14.7,1.86,0.0
20230516:2302,0.0,0.0,0.0,0.0,0.0,15.55,2.28,0.0
20230517:0002,0.0,0.0,0.0,0.0,0.0,15.75,2.9,0.0
20230517:0102,0.0,0.0,0.0,0.0,0.0,15.7,3.17,0.0
20230517:0202,0.0,0.0,0.0,0.0,0.0,15.66,3.24,0.0
20230517:0302,0.0,0.0,0.0,0.0,0.0,15.29,3.45,0.0
20230517:0402,0.0,0.0,0.0,0.0,0.0,15.01,3.45,0.0
20230517:0502,0.0,0.0,0.0,0.0,0.0,15.61,3.45,0.0
20230517:0602,169.2,0.0,55.28,0.83,12.31,16.12,3.38,0.0
20230517:0702,153.0,5.56,47.86,4.45,22.22,16.45,3.17,0.0
20230517:0802,408.85,45.84,91.32,5.94,30.34,17.87,3.52,0.0
20230517:0902,503.25,83.14,85.23,7.26,35.84,18.94,2.9,0.0
20230517:1002,488.2,106.5,63.64,7.92,37.86,20.1,3.38,0.0
20230517:1102,566.0,76.18,104.68,7.09,36.01,20.25,3.52,0.0
20230517:1202,775.4,16.68,193.3,4.54,30.65,20.38,3.59,0.0
20230517:1302,306.8,5.5,87.65,4.09,22.63,20.51,3.93,0.0
20230517:1402,166.0,0.0,55.28,0.83,12.78,19.97,4.28,0.0
20230517:1502,1.05,0.0,6.24,0.09,1.74,18.71,4.07,0.0
20230517:1602,0.0,0.0,0.0,0.0,0.0,17.68,3.79,0.0
20230517:1702,0.0,0.0,0.0,0.0,0.0,16.98,3.79,0.0
20230517:1802,0.0,0.0,0.0,0.0,0.0,16.76,3.72,0.0
20230517:1902,0.0,0.0,0.0,0.0,0.0,16.11,3.38,0.0
20230517:2002,0.0,0.0,0.0,0.0,0.0,15.91,3.66,0.0
20230517:2102,0.0,0.0,0.0,0.0,0.0,16.11,4.0,0.0
20230517:2202,0.0,0.0,0.0,0.0,0.0,15.77,3.86,0.0
20230517:2302,0.0,0.0,0.0,0.0,0.0,16.0,4.07,0.0
20230518:0002,0.0,0.0,0.0,0.0,0.0,15.96,4.83,0.0
20230518:0102,0.0,0.0,0.0,0.0,0.0,15.89,5.31,0.0
20230518:0202,0.0,0.0,0.0,0.0,0.0,15.7,5.45,0.0
20230518:0302,0.0,0.0,0.0,0.0,0.0,15.57,5.66,0.0
20230518:0402,0.0,0.0,0.0,0.0,0.0,15.72,5.72,0.0
20230518:0502,0.0,0.0,0.0,0.0,0.0,16.0,5.45,0.0
20230518:0602,227.3,0.0,69.55,1.05,12.15,16.06,5.38,0.0
20230518:0702,535.4,0.28,142.03,2.4,22.04,16.64,6.14,0.0
20230518:0802,813.55,7.8,203.2,3.8,30.14,17.28,6.0,0.0
20230518:0902,809.1,1.41,204.88,3.05,35.62,16.96,5.72,0.0
20230518:1002,817.15,1.09,207.15,3.05,37.64,17.12,5.38,0.0
20230518:1102,958.8,6.3,236.15,3.9,35.8,16.74,5.72,0.0
20230518:1202,514.0,36.97,119.38,5.61,30.46,16.68,5.86,0.0
20230518:1302,524.55,0.27,139.83,2.21,22.46,16.85,5.66,0.0
20230518:1402,256.35,0.0,76.68,1.15,12.64,16.41,5.59,0.0
20230518:1502,0.0,0.0,4.46,0.07,1.62,16.01,5.45,0.0
20230518:1602,0.0,0.0,0.0,0.0,0.0,15.85,5.52,0.0
20230518:1702,0.0,0.0,0.0,0.0,0.0,15.08,5.59,0.0
20230518:1802,0.0,0.0,0.0,0.0,0.0,15.01,5.93,0.0
20230518:1902,0.0,0.0,0.0,0.0,0.0,14.79,6.28,0.0
20230518:2002,0.0,0.0,0.0,0.0,0.0,14.23,6.14,0.0
20230518:2102,0.0,0.0,0.0,0.0,0.0,13.92,5.93,0.0
20230518:2202,0.0,0.0,0.0,0.0,0.0,14.19,6.21,0.0
20230518:2302,0.0,0.0,0.0,0.0,0.0,14.24,6.62,0.0
20230519:0002,0.0,0.0,0.0,0.0,0.0,13.97,6.48,0.0
20230519:0102,0.0,0.0,0.0,0.0,0.0,13.89,6.41,0.0
20230519:0202,0.0,0.0,0.0,0.0,0.0,13.78,6.41,0.0
20230519:0302,0.0,0.0,0.0,0.0,0.0,13.79,6.0,0.0
20230519:0402,0.0,0.0,0.0,0.0,0.0,13.9,6.0,0.0
20230519:0502,0.0,0.0,0.0,0.0,0.0,13.93,6.21,0.0
20230519:0602,240.45,0.0,72.22,1.09,12.0,14.37,6.21,0.0
20230519:0702,469.35,0.33,124.77,3.39,21.87,14.91,6.28,0.0
20230519:0802,450.7,37.4,104.85,5.71,29.95,16.01,6.14,0.0
20230519:0902,472.2,79.35,80.5,7.23,35.41,17.26,5.86,0.0
20230519:1002,504.1,95.21,74.72,7.73,37.42,17.6,5.79,0.0
20230519:1102,435.35,85.3,68.32,7.38,35.59,17.76,5.86,0.0
20230519:1202,268.6,53.47,54.9,6.31,30.27,17.8,5.38,0.0
20230519:1302,155.45,3.22,48.94,4.45,22.3,17.79,4.83,0.0
20230519:1402,164.8,0.0,54.39,0.82,12.5,17.21,4.28,0.0
20230519:1502,0.0,0.0,3.57,0.05,1.5,16.31,3.38,0.0
20230519:1602,0.0,0.0,0.0,0.0,0.0,14.86,2.83,0.0
20230519:1702,0.0,0.0,0.0,0.0,0.0,14.09,2.34,0.0
20230519:1802,0.0,0.0,0.0,0.0,0.0,15.56,2.0,0.0
20230519:1902,0.0,0.0,0.0,0.0,0.0,13.49,1.45,0.0
20230519:2002,0.0,0.0,0.0,0.0,0.0,12.92,1.52,0.0
20230519:2102,0.0,0.0,0.0,0.0,0.0,12.91,1.86,0.0
20230519:2202,0.0,0.0,0.0,0.0,0.0,13.54,2.9,0.0
20230519:2302,0.0,0.0,0.0,0.0,0.0,13.27,3.1,0.0
20230520:0002,0.0,0.0,0.0,0.0,0.0,13.17,3.03,0.0
20230520:0102,0.0,0.0,0.0,0.0,0.0,12.85,3.03,0.0
20230520:0202,0.0,0.0,0.0,0.0,0.0,12.36,3.1,0.0
20230520:0302,0.0,0.0,0.0,0.0,0.0,13.03,3.31,0.0
20230520:0402,0.0,0.0,0.0,0.0,0.0,12.88,3.52,0.0
20230520:0502,0.0,0.0,0.0,0.0,0.0,12.95,3.52,0.0
20230520:0602,139.6,0.0,47.26,0.71,11.85,13.36,3.52,0.0
20230520:0702,363.95,0.0,101.65,1.53,21.7,14.35,2.9,0.0
20230520:0802,397.35,38.63,93.3,5.85,29.76,17.23,2.28,0.0
20230520:0902,375.8,88.08,54.85,7.56,35.2,18.85,1.86,0.0
20230520:1002,413.55,105.0,50.09,8.07,37.21,19.98,1.72,0.0
20230520:1102,367.05,90.74,51.53,7.62,35.39,20.18,1.31,0.0
20230520:1202,232.05,53.78,47.4,6.44,30.09,20.07,0.97,0.0
20230520:1302,109.3,1.17,37.12,4.62,22.14,19.77,1.52,0.0
20230520:1402,145.75,0.0,49.93,0.75,12.37,18.9,1.86,0.0
20230520:1502,0.0,0.0,0.0,0.0,0.0,16.82,1.72,0.0
20230520:1602,0.0,0.0,0.0,0.0,0.0,14.9,1.93,0.0
20230520:1702,0.0,0.0,0.0,0.0,0.0,14.41,2.34,0.0
20230520:1802,0.0,0.0,0.0,0.0,0.0,14.72,2.34,0.0
20230520:1902,0.0,0.0,0.0,0.0,0.0,14.53,2.34,0.0
20230520:2002,0.0,0.0,0.0,0.0,0.0,14.67,2.28,0.0
20230520:2102,0.0,0.0,0.0,0.0,0.0,14.45,2.28,0.0
20230520:2202,0.0,0.0,0.0,0.0,0.0,14.15,2.55,0.0
20230520:2302,0.0,0.0,0.0,0.0,0.0,14.13,3.03,0.0
20230521:0002,0.0,0.0,0.0,0.0,0.0,13.43,3.59,0.0
20230521:0102,0.0,0.0,0.0,0.0,0.0,13.7,4.07,0.0
20230521:0202,0.0,0.0,0.0,0.0,0.0,14.68,4.83,0.0
20230521:0302,0.0,0.0,0.0,0.0,0.0,15.66,5.45,0.0
20230521:0402,0.0,0.0,0.0,0.0,0.0,16.19,5.93,0.0
20230521:0502,0.0,0.0,0.0,0.0,0.0,17.11,6.28,0.0
20230521:0602,226.0,0.0,69.55,1.05,11.71,17.29,6.21,0.0
20230521:0702,449.45,0.0,123.05,1.85,21.54,17.96,5.72,0.0
20230521:0802,597.45,22.74,148.8,5.06,29.57,19.94,5.24,0.0
20230521:0902,677.3,48.86,150.73,6.36,35.0,21.55,4.41,0.0
20230521:1002,863.35,2.03,222.91,3.36,37.0,22.45,4.34,0.0
20230521:1102,939.35,6.75,236.62,3.99,35.19,22.06,7.38,0.0
20230521:1202,610.75,23.78,150.51,5.12,29.92,19.88,10.41,0.0
20230521:1302,512.9,0.0,137.32,2.06,21.99,17.67,9.86,0.0
20230521:1402,133.9,0.0,46.37,0.7,12.24,16.84,9.52,0.0
20230521:1502,0.0,0.0,0.0,0.0,0.0,16.23,9.93,0.0
20230521:1602,0.0,0.0,0.0,0.0,0.0,16.44,9.72,0.0
20230521:1702,0.0,0.0,0.0,0.0,0.0,15.87,9.38,0.0
20230521:1802,0.0,0.0,0.0,0.0,0.0,15.57,8.97,0.0
20230521:1902,0.0,0.0,0.0,0.0,0.0,15.36,8.48,0.0
20230521:2002,0.0,0.0,0.0,0.0,0.0,14.9,8.07,0.0
20230521:2102,0.0,0.0,0.0,0.0,0.0,14.82,7.93,0.0
20230521:2202,0.0,0.0,0.0,0.0,0.0,14.26,7.79,0.0
20230521:2302,0.0,0.0,0.0,0.0,0.0,14.26,7.59,0.0
20230522:0002,0.0,0.0,0.0,0.0,0.0,14.17,7.38,0.0
20230522:0102,0.0,0.0,0.0,0.0,0.0,13.91,7.1,0.0
20230522:0202,0.0,0.0,0.0,0.0,0.0,13.71,6.9,0.0
20230522:0302,0.0,0.0,0.0,0.0,0.0,13.48,6.55,0.0
20230522:0402,0.0,0.0,0.0,0.0,0.0,13.27,6.21,0.0
20230522:0502,0.0,0.0,0.0,0.0,0.0,13.43,5.93,0.0
20230522:0602,178.95,0.0,57.07,0.86,11.56,13.49,5.52,0.0
20230522:0702,248.05,0.0,74.01,1.11,21.37,14.15,5.45,0.0
20230522:0802,213.65,45.54,46.61,6.24,29.39,15.85,5.24,0.0
20230522:0902,339.25,83.81,49.24,7.49,34.81,17.0,4.55,0.0
20230522:1002,401.0,96.51,52.78,7.88,36.8,17.7,3.79,0.0
20230522:1102,397.45,77.89,66.42,7.32,35.0,17.87,3.52,0.0
20230522:1202,251.6,45.27,56.08,6.2,29.75,17.57,3.24,0.0
20230522:1302,276.4,0.0,82.03,1.23,21.85,17.56,3.03,0.0
20230522:1402,207.65,0.0,65.09,0.98,12.12,17.05,2.83,0.0
20230522:1502,0.0,0.0,0.0,0.0,0.0,15.22,2.14,0.0
20230522:1602,0.0,0.0,0.0,0.0,0.0,13.4,2.07,0.0
20230522:1702,0.0,0.0,0.0,0.0,0.0,15.09,1.59,0.0
20230522:1802,0.0,0.0,0.0,0.0,0.0,13.3,1.93,0.0
20230522:1902,0.0,0.0,0.0,0.0,0.0,12.52,1.93,0.0
20230522:2002,0.0,0.0,0.0,0.0,0.0,12.88,2.48,0.0
20230522:2102,0.0,0.0,0.0,0.0,0.0,13.61,3.1,0.0
20230522:2202,0.0,0.0,0.0,0.0,0.0,13.61,3.45,0.0
20230522:2302,0.0,0.0,0.0,0.0,0.0,13.78,3.59,0.0
20230523:0002,0.0,0.0,0.0,0.0,0.0,13.47,3.66,0.0
20230523:0102,0.0,0.0,0.0,0.0,0.0,13.41,3.59,0.0
20230523:0202,0.0,0.0,0.0,0.0,0.0,13.29,3.38,0.0
20230523:0302,0.0,0.0,0.0,0.0,0.0,13.06,3.31,0.0
20230523:0402,0.0,0.0,0.0,0.0,0.0,13.09,3.45,0.0
20230523:0502,0.0,0.0,0.0,0.0,0.0,13.7,3.72,0.0
20230523:0602,240.6,0.0,72.22,1.09,11.42,13.96,3.93,0.0
20230523:0702,424.25,0.0,115.92,1.74,21.21,15.08,4.0,0.0
20230523:0802,665.05,16.25,166.01,4.74,29.21,17.07,3.93,0.0
20230523:0902,629.4,49.51,138.24,6.47,34.62,19.12,4.34,0.0
20230523:1002,404.4,90.72,59.36,7.77,36.61,20.86,4.14,0.0
20230523:1102,404.65,72.76,73.52,7.22,34.82,21.83,4.07,0.0
20230523:1202,407.8,31.97,101.65,5.68,29.59,22.32,3.86,0.0
20230523:1302,270.7,0.0,82.03,1.23,21.71,21.93,4.14,0.0
20230523:1402,147.9,0.0,50.82,0.76,12.0,20.97,4.62,0.0
20230523:1502,0.0,0.0,0.0,0.0,0.0,19.01,4.62,0.0
20230523:1602,0.0,0.0,0.0,0.0,0.0,17.32,4.21,0.0
20230523:1702,0.0,0.0,0.0,0.0,0.0,15.77,3.72,0.0
20230523:1802,0.0,0.0,0.0,0.0,0.0,15.1,3.1,0.0
20230523:1902,0.0,0.0,0.0,0.0,0.0,15.03,2.76,0.0
20230523:2002,0.0,0.0,0.0,0.0,0.0,14.85,2.55,0.0
20230523:2102,0.0,0.0,0.0,0.0,0.0,14.69,2.41,0.0
20230523:2202,0.0,0.0,0.0,0.0,0.0,15.2,2.34,0.0
20230523:2302,0.0,0.0,0.0,0.0,0.0,14.99,2.41,0.0
20230524:0002,0.0,0.0,0.0,0.0,0.0,14.42,2.48,0.0
20230524:0102,0.0,0.0,0.0,0.0,0.0,14.18,2.62,0.0
20230524:0202,0.0,0.0,0.0,0.0,0.0,14.26,2.76,0.0
20230524:0302,0.0,0.0,0.0,0.0,0.0,13.86,3.1,0.0
20230524:0402,0.0,0.0,0.0,0.0,0.0,13.78,3.24,0.0
20230524:0502,0.0,0.0,0.0,0.0,0.0,13.73,3.45,0.0
20230524:0602,142.25,0.0,48.15,0.72,11.28,14.54,3.66,0.0
20230524:0702,521.15,0.0,139.1,2.09,21.06,16.2,3.59,0.0
20230524:0802,473.3,24.34,119.67,5.33,29.04,19.55,3.24,0.0
20230524:0902,483.35,59.02,101.16,6.81,34.43,21.95,2.83,0.0
20230524:1002,423.75,82.7,71.61,7.58,36.42,24.47,2.28,0.0
20230524:1102,337.25,75.78,57.94,7.33,34.65,25.1,1.79,0.0
20230524:1202,195.5,42.92,46.27,6.24,29.43,25.6,2.07,0.0
20230524:1302,223.5,0.0,71.33,1.07,21.58,25.21,2.76,0.0
20230524:1402,131.85,0.0,47.26,0.71,11.89,24.21,3.45,0.0
20230524:1502,0.0,0.0,0.0,0.0,0.0,22.09,3.59,0.0
20230524:1602,0.0,0.0,0.0,0.0,0.0,20.57,3.66,0.0
20230524:1702,0.0,0.0,0.0,0.0,0.0,20.15,3.66,0.0
20230524:1802,0.0,0.0,0.0,0.0,0.0,19.75,3.72,0.0
20230524:1902,0.0,0.0,0.0,0.0,0.0,19.54,3.79,0.0
20230524:2002,0.0,0.0,0.0,0.0,0.0,18.91,3.66,0.0
20230524:2102,0.0,0.0,0.0,0.0,0.0,18.57,3.86,0.0
20230524:2202,0.0,0.0,0.0,0.0,0.0,18.48,4.0,0.0
20230524:2302,0.0,0.0,0.0,0.0,0.0,19.37,4.34,0.0
20230525:0002,0.0,0.0,0.0,0.0,0.0,20.38,4.41,0.0
20230525:0102,0.0,0.0,0.0,0.0,0.0,21.33,4.55,0.0
20230525:0202,0.0,0.0,0.0,0.0,0.0,22.04,4.76,0.0
20230525:0302,0.0,0.0,0.0,0.0,0.0,22.32,5.03,0.0
20230525:0402,0.0,0.0,0.0,0.0,0.0,22.25,4.9,0.0
20230525:0502,0.0,0.0,0.0,0.0,0.0,21.78,4.62,0.0
20230525:0602,164.0,0.0,55.28,0.83,11.14,22.3,4.48,0.0
20230525:0702,339.5,0.0,98.97,1.49,20.9,22.18,3.86,0.0
20230525:0802,231.55,0.0,72.74,1.05,28.87,22.84,2.34,0.0
20230525:0902,175.9,0.0,58.75,0.84,34.25,23.37,1.31,0.0
20230525:1002,133.0,0.0,47.56,0.68,36.24,23.68,1.03,0.0
20230525:1102,172.1,0.0,57.82,0.83,34.47,23.67,1.59,0.0
20230525:1202,99.1,0.0,38.24,0.55,29.29,23.0,1.45,0.0
20230525:1302,129.35,0.0,46.37,0.7,21.45,22.77,1.86,0.0
20230525:1402,62.65,0.0,27.64,0.42,11.78,21.1,1.86,0.0
20230525:1502,0.0,0.0,0.0,0.0,0.0,20.36,0.83,0.0
20230525:1602,0.0,0.0,0.0,0.0,0.0,20.24,1.52,0.0
20230525:1702,0.0,0.0,0.0,0.0,0.0,19.93,2.69,0.0
20230525:1802,0.0,0.0,0.0,0.0,0.0,20.34,3.45,0.0
20230525:1902,0.0,0.0,0.0,0.0,0.0,21.1,3.03,0.0
20230525:2002,0.0,0.0,0.0,0.0,0.0,20.34,2.21,0.0
20230525:2102,0.0,0.0,0.0,0.0,0.0,19.48,6.76,0.0
20230525:2202,0.0,0.0,0.0,0.0,0.0,16.66,8.9,0.0
20230525:2302,0.0,0.0,0.0,0.0,0.0,15.49,8.28,0.0
20230526:0002,0.0,0.0,0.0,0.0,0.0,14.81,8.34,0.0
20230526:0102,0.0,0.0,0.0,0.0,0.0,14.43,8.69,0.0
20230526:0202,0.0,0.0,0.0,0.0,0.0,14.06,9.1,0.0
20230526:0302,0.0,0.0,0.0,0.0,0.0,13.98,9.1,0.0
20230526:0402,0.0,0.0,0.0,0.0,0.0,14.36,8.34,0.0
20230526:0502,0.0,0.0,0.0,0.0,0.0,14.34,7.93,0.0
20230526:0602,132.0,0.0,45.47,0.68,11.01,14.52,8.0,0.0
20230526:0702,228.15,0.0,69.55,1.05,20.75,15.56,7.86,0.0
20230526:0802,191.6,34.92,47.24,6.06,28.71,17.28,8.83,0.0
20230526:0902,299.4,72.11,49.28,7.29,34.07,18.09,9.31,0.0
20230526:1002,347.1,86.85,49.11,7.77,36.06,18.84,9.17,0.0
20230526:1102,305.35,73.65,49.91,7.34,34.31,19.22,8.41,0.0
20230526:1202,182.95,38.87,43.65,6.22,29.14,19.27,7.66,0.0
20230526:1302,220.35,0.0,68.66,1.03,21.33,19.14,6.76,0.0
20230526:1402,142.85,0.0,49.04,0.74,11.68,18.67,6.14,0.0
20230526:1502,0.0,0.0,0.0,0.0,0.0,16.86,5.66,0.0
20230526:1602,0.0,0.0,0.0,0.0,0.0,16.26,5.24,0.0
20230526:1702,0.0,0.0,0.0,0.0,0.0,14.81,4.76,0.0
20230526:1802,0.0,0.0,0.0,0.0,0.0,14.32,4.0,0.0
20230526:1902,0.0,0.0,0.0,0.0,0.0,14.03,3.17,0.0
20230526:2002,0.0,0.0,0.0,0.0,0.0,13.48,2.55,0.0
20230526:2102,0.0,0.0,0.0,0.0,0.0,12.52,2.28,0.0
20230526:2202,0.0,0.0,0.0,0.0,0.0,11.68,2.69,0.0
20230526:2302,0.0,0.0,0.0,0.0,0.0,11.54,2.83,0.0
20230527:0002,0.0,0.0,0.0,0.0,0.0,11.7,2.97,0.0
20230527:0102,0.0,0.0,0.0,0.0,0.0,11.44,2.83,0.0
20230527:0202,0.0,0.0,0.0,0.0,0.0,11.12,2.55,0.0
20230527:0302,0.0,0.0,0.0,0.0,0.0,11.11,2.62,0.0
20230527:0402,0.0,0.0,0.0,0.0,0.0,11.39,2.9,0.0
20230527:0502,0.0,0.0,0.0,0.0,0.0,11.8,3.24,0.0
20230527:0602,125.95,0.0,43.69,0.66,10.87,12.85,3.86,0.0
20230527:0702,221.15,0.0,67.77,1.02,20.61,14.83,4.0,0.0
20230527:0802,180.5,33.5,45.35,6.14,28.54,17.27,4.34,0.0
20230527:0902,276.45,72.38,44.8,7.42,33.9,19.11,4.9,0.0
20230527:1002,335.05,85.3,48.86,7.82,35.89,20.9,5.17,0.0
20230527:1102,299.0,71.79,50.87,7.4,34.15,21.31,5.17,0.0
20230527:1202,183.5,36.58,45.5,6.23,29.0,21.34,5.03,0.0
20230527:1302,242.85,0.0,74.9,1.13,21.22,21.25,5.03,0.0
20230527:1402,155.65,0.0,52.61,0.79,11.58,19.91,5.31,0.0
20230527:1502,0.0,0.0,0.0,0.0,0.0,19.02,5.24,0.0
20230527:1602,0.0,0.0,0.0,0.0,0.0,18.44,5.1,0.0
20230527:1702,0.0,0.0,0.0,0.0,0.0,17.54,4.97,0.0
20230527:1802,0.0,0.0,0.0,0.0,0.0,17.19,4.48,0.0
20230527:1902,0.0,0.0,0.0,0.0,0.0,16.72,3.93,0.0
20230527:2002,0.0,0.0,0.0,0.0,0.0,15.82,3.52,0.0
20230527:2102,0.0,0.0,0.0,0.0,0.0,15.41,3.31,0.0
20230527:2202,0.0,0.0,0.0,0.0,0.0,14.01,3.31,0.0
20230527:2302,0.0,0.0,0.0,0.0,0.0,13.91,3.24,0.0
20230528:0002,0.0,0.0,0.0,0.0,0.0,13.44,3.38,0.0
20230528:0102,0.0,0.0,0.0,0.0,0.0,13.41,3.38,0.0
20230528:0202,0.0,0.0,0.0,0.0,0.0,13.34,3.52,0.0
20230528:0302,0.0,0.0,0.0,0.0,0.0,13.39,3.66,0.0
20230528:0402,0.0,0.0,0.0,0.0,0.0,13.15,3.59,0.0
20230528:0502,0.0,0.0,0.0,0.0,0.0,13.45,3.79,0.0
20230528:0602,160.05,0.0,52.61,0.79,10.75,14.4,4.07,0.0
20230528:0702,274.95,0.0,81.14,1.22,20.46,16.09,3.72,0.0
20230528:0802,204.2,28.53,54.27,5.81,28.39,20.88,3.24,0.0
20230528:0902,288.3,64.51,53.84,7.06,33.74,23.01,2.41,0.0
20230528:1002,333.75,77.79,55.21,7.49,35.73,24.46,1.79,0.0
20230528:1102,829.0,2.94,217.93,3.44,34.0,24.56,1.86,0.0
20230528:1202,328.65,25.37,87.47,5.56,28.87,24.68,2.0,0.0
20230528:1302,491.95,0.0,137.32,2.06,21.11,24.46,2.41,0.0
20230528:1402,197.75,0.0,64.2,0.96,11.49,23.16,2.97,0.0
20230528:1502,0.0,0.0,0.0,0.0,0.0,20.45,2.48,0.0
20230528:1602,0.0,0.0,0.0,0.0,0.0,20.83,2.76,0.0
20230528:1702,0.0,0.0,0.0,0.0,0.0,19.3,2.0,0.0
20230528:1802,0.0,0.0,0.0,0.0,0.0,18.9,0.9,0.0
20230528:1902,0.0,0.0,0.0,0.0,0.0,18.32,5.17,0.0
20230528:2002,0.0,0.0,0.0,0.0,0.0,17.45,5.86,0.0
20230528:2102,0.0,0.0,0.0,0.0,0.0,17.69,3.03,0.0
20230528:2202,0.0,0.0,0.0,0.0,0.0,17.82,3.86,0.0
20230528:2302,0.0,0.0,0.0,0.0,0.0,17.61,3.45,0.0
20230529:0002,0.0,0.0,0.0,0.0,0.0,17.42,3.59,0.0
20230529:0102,0.0,0.0,0.0,0.0,0.0,17.11,4.07,0.0
20230529:0202,0.0,0.0,0.0,0.0,0.0,16.6,4.76,0.0
20230529:0302,0.0,0.0,0.0,0.0,0.0,16.51,5.45,0.0
20230529:0402,0.0,0.0,0.0,0.0,0.0,16.39,5.38,0.0
20230529:0502,0.0,0.0,0.0,0.0,0.0,16.5,4.9,0.0
20230529:0602,162.2,0.0,53.5,0.8,10.62,16.11,4.28,0.0
20230529:0702,468.05,0.0,126.62,1.9,20.32,15.87,3.31,0.0
20230529:0802,223.3,0.0,69.01,0.99,28.24,16.86,1.72,0.0
20230529:0902,210.75,0.0,66.21,0.95,33.58,17.53,0.14,0.0
20230529:1002,218.7,0.0,68.08,0.98,35.57,17.35,0.83,0.0
20230529:1102,196.25,0.0,62.48,0.9,33.86,17.4,1.17,0.0
20230529:1202,199.8,0.0,63.42,0.91,28.75,17.68,1.52,0.0
20230529:1302,126.15,0.0,44.58,0.67,21.0,17.59,2.41,0.0
20230529:1402,143.2,0.0,49.04,0.74,11.41,17.86,2.9,0.0
20230529:1502,0.0,0.0,0.0,0.0,0.0,17.91,3.38,0.0
20230529:1602,0.0,0.0,0.0,0.0,0.0,18.37,4.55,0.0
20230529:1702,0.0,0.0,0.0,0.0,0.0,18.44,5.59,0.0
20230529:1802,0.0,0.0,0.0,0.0,0.0,18.62,5.93,0.0
20230529:1902,0.0,0.0,0.0,0.0,0.0,18.67,6.41,0.0
20230529:2002,0.0,0.0,0.0,0.0,0.0,18.77,6.34,0.0
20230529:2102,0.0,0.0,0.0,0.0,0.0,19.09,6.34,0.0
20230529:2202,0.0,0.0,0.0,0.0,0.0,19.13,6.28,0.0
20230529:2302,0.0,0.0,0.0,0.0,0.0,19.52,5.31,0.0
20230530:0002,0.0,0.0,0.0,0.0,0.0,19.14,5.1,0.0
20230530:0102,0.0,0.0,0.0,0.0,0.0,18.78,4.9,0.0
20230530:0202,0.0,0.0,0.0,0.0,0.0,18.78,5.38,0.0
20230530:0302,0.0,0.0,0.0,0.0,0.0,18.54,5.66,0.0
20230530:0402,0.0,0.0,0.0,0.0,0.0,18.57,5.86,0.0
20230530:0502,0.0,0.0,0.0,0.0,0.0,18.83,5.93,0.0
20230530:0602,118.85,0.0,42.8,0.64,10.5,18.68,5.66,0.0
20230530:0702,188.45,0.0,60.63,0.91,20.19,18.63,5.24,0.0
20230530:0802,176.2,0.0,57.82,0.83,28.09,19.59,4.9,0.0
20230530:0902,269.45,0.0,81.13,1.17,33.42,20.07,4.41,0.0
20230530:1002,443.85,0.0,123.1,1.77,35.42,19.89,3.38,0.0
20230530:1102,603.5,0.15,161.18,2.33,33.72,20.6,3.79,0.0
20230530:1202,562.6,0.25,151.45,2.22,28.63,20.47,3.59,0.0
20230530:1302,172.25,0.0,57.07,0.86,20.9,20.56,2.62,0.0
20230530:1402,48.0,0.0,23.18,0.35,11.33,19.94,1.86,0.0
20230530:1502,0.0,0.0,0.0,0.0,0.0,19.12,2.07,0.0
20230530:1602,0.0,0.0,0.0,0.0,0.0,18.93,3.17,0.0
20230530:1702,0.0,0.0,0.0,0.0,0.0,18.54,3.1,0.0
20230530:1802,0.0,0.0,0.0,0.0,0.0,18.22,2.41,0.0
20230530:1902,0.0,0.0,0.0,0.0,0.0,18.03,2.21,0.0
20230530:2002,0.0,0.0,0.0,0.0,0.0,17.88,2.76,0.0
20230530:2102,0.0,0.0,0.0,0.0,0.0,17.49,4.14,0.0
20230530:2202,0.0,0.0,0.0,0.0,0.0,16.81,5.79,0.0
20230530:2302,0.0,0.0,0.0,0.0,0.0,16.65,4.48,0.0
20230531:0002,0.0,0.0,0.0,0.0,0.0,16.07,4.48,0.0
20230531:0102,0.0,0.0,0.0,0.0,0.0,15.77,4.41,0.0
20230531:0202,0.0,0.0,0.0,0.0,0.0,15.93,3.66,0.0
20230531:0302,0.0,0.0,0.0,0.0,0.0,16.3,3.72,0.0
20230531:0402,0.0,0.0,0.0,0.0,0.0,15.97,4.62,0.0
20230531:0502,0.0,0.0,0.0,0.0,0.0,15.53,5.24,0.0
20230531:0602,198.55,0.0,62.42,0.94,10.37,15.7,5.52,0.0
20230531:0702,480.4,0.0,129.29,1.94,20.06,16.1,5.59,0.0
20230531:0802,172.4,23.5,47.56,5.75,27.95,17.53,5.66,0.0
20230531:0902,674.5,28.64,161.73,5.69,33.27,18.77,6.28,0.0
20230531:1002,343.4,68.14,62.2,7.26,35.27,19.74,4.97,0.0
20230531:1102,313.8,56.36,63.92,6.86,33.58,20.24,4.69,0.0
20230531:1202,730.5,4.48,188.84,3.68,28.51,20.07,4.21,0.0
20230531:1302,317.45,0.0,92.73,1.39,20.81,19.9,3.79,0.0
20230531:1402,163.25,0.0,54.39,0.82,11.25,18.95,3.38,0.0
20230531:1502,0.0,0.0,0.0,0.0,0.0,17.92,3.52,0.0
20230531:1602,0.0,0.0,0.0,0.0,0.0,17.71,3.31,0.0
20230531:1702,0.0,0.0,0.0,0.0,0.0,16.79,2.9,0.0
20230531:1802,0.0,0.0,0.0,0.0,0.0,15.99,2.69,0.0
20230531:1902,0.0,0.0,0.0,0.0,0.0,15.43,2.41,0.0
20230531:2002,0.0,0.0,0.0,0.0,0.0,15.28,2.48,0.0
20230531:2102,0.0,0.0,0.0,0.0,0.0,15.13,3.03,0.0
20230531:2202,0.0,0.0,0.0,0.0,0.0,14.97,4.48,0.0
20230531:2302,0.0,0.0,0.0,0.0,0.0,14.7,4.76,0.0
20230601:0002,0.0,0.0,0.0,0.0,0.0,14.65,4.21,0.0
20230601:0102,0.0,0.0,0.0,0.0,0.0,14.51,3.52,0.0
20230601:0202,0.0,0.0,0.0,0.0,0.0,14.48,3.93,0.0
20230601:0302,0.0,0.0,0.0,0.0,0.0,14.74,4.97,0.0
20230601:0402,0.0,0.0,0.0,0.0,0.0,14.55,5.17,0.0
20230601:0502,0.0,0.0,0.0,0.0,0.0,15.05,5.52,0.0
20230601:0602,100.9,0.0,37.45,0.56,10.26,14.78,5.17,0.0
20230601:0702,391.05,0.0,107.89,1.62,19.93,14.86,6.28,0.0
20230601:0802,480.15,11.82,124.77,4.8,27.81,16.39,6.0,0.0
20230601:0902,775.05,20.25,188.21,5.2,33.13,17.19,5.45,0.0
20230601:1002,938.7,7.0,234.15,4.11,35.13,18.72,4.69,0.0
20230601:1102,528.45,0.0,142.68,2.05,33.46,19.52,4.62,0.0
20230601:1202,681.55,1.11,178.42,2.81,28.41,19.67,4.07,0.0
20230601:1302,353.9,0.0,101.65,1.53,20.72,19.98,2.83,0.0
20230601:1402,118.3,0.0,42.8,0.64,11.19,19.28,2.41,0.0
20230601:1502,0.0,0.0,0.0,0.0,0.0,18.35,3.45,0.0
20230601:1602,0.0,0.0,0.0,0.0,0.0,18.03,3.86,0.0
20230601:1702,0.0,0.0,0.0,0.0,0.0,16.8,3.03,0.0
20230601:1802,0.0,0.0,0.0,0.0,0.0,16.74,2.21,0.0
20230601:1902,0.0,0.0,0.0,0.0,0.0,16.76,1.52,0.0
20230601:2002,0.0,0.0,0.0,0.0,0.0,16.87,2.0,0.0
20230601:2102,0.0,0.0,0.0,0.0,0.0,16.84,2.48,0.0
20230601:2202,0.0,0.0,0.0,0.0,0.0,16.85,3.38,0.0
20230601:2302,0.0,0.0,0.0,0.0,0.0,16.89,3.17,0.0
20230602:0002,0.0,0.0,0.0,0.0,0.0,16.61,2.97,0.0
20230602:0102,0.0,0.0,0.0,0.0,0.0,16.18,2.97,0.0
20230602:0202,0.0,0.0,0.0,0.0,0.0,15.93,3.31,0.0
20230602:0302,0.0,0.0,0.0,0.0,0.0,15.6,3.59,0.0
20230602:0402,0.0,0.0,0.0,0.0,0.0,15.46,3.79,0.0
20230602:0502,0.0,0.0,0.0,0.0,0.0,15.69,3.93,0.0
20230602:0602,155.5,0.0,51.72,0.78,10.14,15.66,4.28,0.0
20230602:0702,211.35,0.0,65.98,0.99,19.8,17.17,4.34,0.0
20230602:0802,139.05,21.02,40.48,5.81,27.68,20.1,4.07,0.0
20230602:0902,229.15,56.8,44.74,7.01,33.0,21.38,3.86,0.0
20230602:1002,288.85,68.43,51.07,7.36,35.0,22.68,3.1,0.0
20230602:1102,240.5,58.3,46.95,7.03,33.34,23.0,2.0,0.0
20230602:1202,142.95,25.12,40.76,5.94,28.31,23.56,1.1,0.0
20230602:1302,310.6,0.0,92.73,1.39,20.64,23.3,0.76,0.0
20230602:1402,212.85,0.0,67.77,1.02,11.12,21.98,1.86,0.0
20230602:1502,0.0,0.0,0.0,0.0,0.0,19.69,2.83,0.0
20230602:1602,0.0,0.0,0.0,0.0,0.0,19.4,3.59,0.0
20230602:1702,0.0,0.0,0.0,0.0,0.0,18.75,3.93,0.0
20230602:1802,0.0,0.0,0.0,0.0,0.0,17.73,3.86,0.0
20230602:1902,0.0,0.0,0.0,0.0,0.0,17.45,3.66,0.0
20230602:2002,0.0,0.0,0.0,0.0,0.0,17.13,3.52,0.0
20230602:2102,0.0,0.0,0.0,0.0,0.0,16.95,3.59,0.0
20230602:2202,0.0,0.0,0.0,0.0,0.0,16.82,3.72,0.0
20230602:2302,0.0,0.0,0.0,0.0,0.0,16.82,3.79,0.0
20230603:0002,0.0,0.0,0.0,0.0,0.0,17.43,3.93,0.0
20230603:0102,0.0,0.0,0.0,0.0,0.0,17.74,3.86,0.0
20230603:0202,0.0,0.0,0.0,0.0,0.0,18.4,3.79,0.0
20230603:0302,0.0,0.0,0.0,0.0,0.0,18.56,3.79,0.0
20230603:0402,0.0,0.0,0.0,0.0,0.0,19.06,3.38,0.0
20230603:0502,0.0,0.0,0.0,0.0,0.0,19.6,3.03,0.0
20230603:0602,54.15,0.0,24.97,0.38,10.03,19.32,2.97,0.0
20230603:0702,369.35,0.0,105.22,1.58,19.68,19.7,2.97,0.0
20230603:0802,709.75,2.44,186.14,3.43,27.55,21.22,2.97,0.0
20230603:0902,753.95,19.76,188.75,5.31,32.86,21.8,2.83,0.0
20230603:1002,778.15,26.77,192.4,5.75,34.87,24.07,2.07,0.0
20230603:1102,863.95,5.79,225.46,3.98,33.23,24.61,1.59,0.0
20230603:1202,247.85,19.72,69.72,5.67,28.21,24.12,1.59,0.0
20230603:1302,253.8,0.0,78.47,1.18,20.57,23.37,2.07,0.0
20230603:1402,129.5,0.0,46.37,0.7,11.06,22.7,2.62,0.0
20230603:1502,0.0,0.0,0.0,0.0,0.0,20.15,2.9,0.0
20230603:1602,0.0,0.0,0.0,0.0,0.0,19.07,3.45,0.0
20230603:1702,0.0,0.0,0.0,0.0,0.0,18.56,3.93,0.0
20230603:1802,0.0,0.0,0.0,0.0,0.0,18.3,4.83,0.0
20230603:1902,0.0,0.0,0.0,0.0,0.0,18.31,5.93,0.0
20230603:2002,0.0,0.0,0.0,0.0,0.0,17.61,6.48,0.0
20230603:2102,0.0,0.0,0.0,0.0,0.0,17.03,6.41,0.0
20230603:2202,0.0,0.0,0.0,0.0,0.0,15.58,5.86,0.0
20230603:2302,0.0,0.0,0.0,0.0,0.0,15.29,5.17,0.0
20230604:0002,0.0,0.0,0.0,0.0,0.0,15.08,4.76,0.0
20230604:0102,0.0,0.0,0.0,0.0,0.0,15.06,4.07,0.0
20230604:0202,0.0,0.0,0.0,0.0,0.0,15.14,3.93,0.0
20230604:0302,0.0,0.0,0.0,0.0,0.0,14.93,3.72,0.0
20230604:0402,0.0,0.0,0.0,0.0,0.0,14.38,3.59,0.0
20230604:0502,0.0,0.0,0.0,0.0,0.0,14.21,3.24,0.0
20230604:0602,142.2,0.0,48.15,0.72,9.92,14.52,2.97,0.0
20230604:0702,223.85,0.0,68.66,1.03,19.57,15.4,2.34,0.0
20230604:0802,149.75,16.99,44.07,5.67,27.43,17.34,1.66,0.0
20230604:0902,228.8,52.19,46.75,6.89,32.74,18.02,0.69,0.0
20230604:1002,706.85,31.28,169.28,5.95,34.75,18.7,0.83,0.0
20230604:1102,688.1,24.11,169.23,5.53,33.12,18.8,1.38,0.0
20230604:1202,492.25,11.12,129.95,4.84,28.12,19.21,2.48,0.0
20230604:1302,216.9,0.0,67.77,1.02,20.5,18.53,3.03,0.0
20230604:1402,136.5,0.0,47.26,0.71,11.01,17.57,2.76,0.0
20230604:1502,0.0,0.0,0.0,0.0,0.0,16.61,1.79,0.0
20230604:1602,0.0,0.0,0.0,0.0,0.0,15.95,2.0,0.0
20230604:1702,0.0,0.0,0.0,0.0,0.0,15.46,2.41,0.0
20230604:1802,0.0,0.0,0.0,0.0,0.0,14.87,2.48,0.0
20230604:1902,0.0,0.0,0.0,0.0,0.0,15.11,1.52,0.0
20230604:2002,0.0,0.0,0.0,0.0,0.0,15.36,1.72,0.0
20230604:2102,0.0,0.0,0.0,0.0,0.0,15.07,2.55,0.0
20230604:2202,0.0,0.0,0.0,0.0,0.0,14.23,4.0,0.0
20230604:2302,0.0,0.0,0.0,0.0,0.0,14.15,4.14,0.0
20230605:0002,0.0,0.0,0.0,0.0,0.0,14.68,4.83,0.0
20230605:0102,0.0,0.0,0.0,0.0,0.0,14.63,5.45,0.0
20230605:0202,0.0,0.0,0.0,0.0,0.0,14.48,5.93,0.0
20230605:0302,0.0,0.0,0.0,0.0,0.0,14.51,6.76,0.0
20230605:0402,0.0,0.0,0.0,0.0,0.0,14.78,7.52,0.0
20230605:0502,0.0,0.0,0.0,0.0,0.0,14.92,7.66,0.0
20230605:0602,114.3,0.0,41.02,0.62,9.82,15.2,7.38,0.0
20230605:0702,195.0,0.0,61.52,0.92,19.46,15.78,7.24,0.0
20230605:0802,128.3,16.43,38.45,5.84,27.31,17.14,6.9,0.0
20230605:0902,208.35,53.3,41.31,7.09,32.62,18.4,7.86,0.0
20230605:1002,253.05,67.52,42.71,7.54,34.64,19.33,8.07,0.0
20230605:1102,223.95,55.31,43.97,7.14,33.02,19.38,7.52,0.0
20230605:1202,155.5,20.55,44.63,5.94,28.04,19.4,7.03,0.0
20230605:1302,376.15,0.0,106.11,1.59,20.43,18.7,6.07,0.0
20230605:1402,133.15,0.0,46.37,0.7,10.96,17.73,5.59,0.0
20230605:1502,0.0,0.0,0.0,0.0,0.0,16.35,4.69,0.0
20230605:1602,0.0,0.0,0.0,0.0,0.0,15.23,4.14,0.0
20230605:1702,0.0,0.0,0.0,0.0,0.0,14.58,3.79,0.0
20230605:1802,0.0,0.0,0.0,0.0,0.0,14.37,3.59,0.0
20230605:1902,0.0,0.0,0.0,0.0,0.0,13.78,3.31,0.0
20230605:2002,0.0,0.0,0.0,0.0,0.0,12.74,2.97,0.0
20230605:2102,0.0,0.0,0.0,0.0,0.0,12.15,2.41,0.0
20230605:2202,0.0,0.0,0.0,0.0,0.0,11.96,2.0,0.0
20230605:2302,0.0,0.0,0.0,0.0,0.0,12.15,2.07,0.0
20230606:0002,0.0,0.0,0.0,0.0,0.0,11.5,1.93,0.0
20230606:0102,0.0,0.0,0.0,0.0,0.0,11.4,1.93,0.0
20230606:0202,0.0,0.0,0.0,0.0,0.0,11.65,2.21,0.0
20230606:0302,0.0,0.0,0.0,0.0,0.0,12.28,2.83,0.0
20230606:0402,0.0,0.0,0.0,0.0,0.0,12.49,3.38,0.0
20230606:0502,0.0,0.0,0.0,0.0,0.0,12.85,3.72,0.0
20230606:0602,125.8,0.0,43.69,0.66,9.72,13.11,4.14,0.0
20230606:0702,0.0,0.0,0.0,0.0,0.0,14.97,4.41,0.0
20230606:0802,124.7,15.02,37.95,5.85,27.2,17.53,4.62,0.0
20230606:0902,199.65,52.11,40.32,7.1,32.51,19.34,4.69,0.0
20230606:1002,250.7,65.46,44.34,7.52,34.53,21.51,4.14,0.0
20230606:1102,213.25,54.26,42.99,7.15,32.93,22.26,3.79,0.0
20230606:1202,128.05,20.18,38.24,6.02,27.97,22.57,3.1,0.0
20230606:1302,205.15,0.0,65.98,0.99,20.37,22.72,2.69,0.0
20230606:1402,130.35,0.0,46.37,0.7,10.92,21.48,2.83,0.0
20230606:1502,0.0,0.0,0.0,0.0,0.0,18.47,2.9,0.0
20230606:1602,0.0,0.0,0.0,0.0,0.0,16.38,3.24,0.0
20230606:1702,0.0,0.0,0.0,0.0,0.0,15.28,2.97,0.0
20230606:1802,0.0,0.0,0.0,0.0,0.0,14.84,2.41,0.0
20230606:1902,0.0,0.0,0.0,0.0,0.0,15.12,2.48,0.0
20230606:2002,0.0,0.0,0.0,0.0,0.0,14.25,2.9,0.0
20230606:2102,0.0,0.0,0.0,0.0,0.0,14.15,3.38,0.0
20230606:2202,0.0,0.0,0.0,0.0,0.0,13.64,3.79,0.0
20230606:2302,0.0,0.0,0.0,0.0,0.0,13.69,4.07,0.0
20230607:0002,0.0,0.0,0.0,0.0,0.0,13.95,4.34,0.0
20230607:0102,0.0,0.0,0.0,0.0,0.0,14.31,4.48,0.0
20230607:0202,0.0,0.0,0.0,0.0,0.0,14.67,4.55,0.0
20230607:0302,0.0,0.0,0.0,0.0,0.0,14.69,4.41,0.0
20230607:0402,0.0,0.0,0.0,0.0,0.0,14.43,4.34,0.0
20230607:0502,0.0,0.0,0.0,0.0,0.0,15.45,4.21,0.0
20230607:0602,116.9,0.0,41.91,0.63,9.62,16.24,4.14,0.0
20230607:0702,211.3,0.0,65.98,0.99,19.25,17.15,3.86,0.0
20230607:0802,130.65,13.13,40.6,5.72,27.09,20.66,3.38,0.0
20230607:0902,212.2,48.25,46.64,6.93,32.4,23.63,2.69,0.0
20230607:1002,240.6,63.08,44.85,7.41,34.43,25.91,1.93,0.0
20230607:1102,216.95,51.25,46.73,7.02,32.84,26.21,2.28,0.0
20230607:1202,147.25,17.99,44.7,5.87,27.9,25.89,3.17,0.0
20230607:1302,241.2,0.0,75.79,1.14,20.32,25.27,3.52,0.0
20230607:1402,145.8,0.0,50.82,0.76,10.88,23.46,3.03,0.0
20230607:1502,0.0,0.0,0.0,0.0,0.0,21.36,2.97,0.0
20230607:1602,0.0,0.0,0.0,0.0,0.0,18.39,2.0,0.0
20230607:1702,0.0,0.0,0.0,0.0,0.0,18.57,2.14,0.0
20230607:1802,0.0,0.0,0.0,0.0,0.0,17.95,4.97,0.0
20230607:1902,0.0,0.0,0.0,0.0,0.0,18.59,6.07,0.0
20230607:2002,0.0,0.0,0.0,0.0,0.0,18.31,5.72,0.0
20230607:2102,0.0,0.0,0.0,0.0,0.0,17.56,5.24,0.0
20230607:2202,0.0,0.0,0.0,0.0,0.0,16.22,4.9,0.0
20230607:2302,0.0,0.0,0.0,0.0,0.0,16.32,4.69,0.0
20230608:0002,0.0,0.0,0.0,0.0,0.0,15.91,4.14,0.0
20230608:0102,0.0,0.0,0.0,0.0,0.0,15.1,3.59,0.0
20230608:0202,0.0,0.0,0.0,0.0,0.0,14.56,2.9,0.0
20230608:0302,0.0,0.0,0.0,0.0,0.0,14.06,2.69,0.0
20230608:0402,0.0,0.0,0.0,0.0,0.0,13.89,2.55,0.0
20230608:0502,0.0,0.0,0.0,0.0,0.0,13.78,2.62,0.0
20230608:0602,110.9,0.0,40.12,0.6,9.53,14.81,2.83,0.0
20230608:0702,229.9,0.0,70.44,1.06,19.15,16.58,2.83,0.0
20230608:0802,190.15,10.46,56.36,5.47,26.99,18.96,2.69,0.0
20230608:0902,202.65,46.81,44.6,6.85,32.3,21.76,2.55,0.0
20230608:1002,236.15,61.37,44.01,7.33,34.34,23.33,3.03,0.0
20230608:1102,211.05,49.79,45.32,6.94,32.76,23.56,3.24,0.0
20230608:1202,127.3,17.41,39.04,5.87,27.83,23.25,3.03,0.0
20230608:1302,190.8,0.0,62.42,0.94,20.28,23.08,2.76,0.0
20230608:1402,123.2,0.0,44.58,0.67,10.85,22.01,2.07,0.0
20230608:1502,0.0,0.0,0.0,0.0,0.0,19.33,2.14,0.0
20230608:1602,0.0,0.0,0.0,0.0,0.0,18.08,1.31,0.0
20230608:1702,0.0,0.0,0.0,0.0,0.0,16.99,1.24,0.0
20230608:1802,0.0,0.0,0.0,0.0,0.0,16.2,1.24,0.0
20230608:1902,0.0,0.0,0.0,0.0,0.0,15.95,1.86,0.0
20230608:2002,0.0,0.0,0.0,0.0,0.0,16.34,2.55,0.0
20230608:2102,0.0,0.0,0.0,0.0,0.0,16.26,3.1,0.0
20230608:2202,0.0,0.0,0.0,0.0,0.0,16.9,3.93,0.0
20230608:2302,0.0,0.0,0.0,0.0,0.0,17.44,4.55,0.0
20230609:0002,0.0,0.0,0.0,0.0,0.0,17.41,5.24,0.0
20230609:0102,0.0,0.0,0.0,0.0,0.0,17.53,5.52,0.0
20230609:0202,0.0,0.0,0.0,0.0,0.0,17.19,5.66,0.0
20230609:0302,0.0,0.0,0.0,0.0,0.0,17.28,5.52,0.0
20230609:0402,0.0,0.0,0.0,0.0,0.0,17.46,5.66,0.0
20230609:0502,0.0,0.0,0.0,0.0,0.0,17.31,5.79,0.0
20230609:0602,106.3,0.0,39.23,0.59,9.44,17.22,5.86,0.0
20230609:0702,188.85,0.0,60.63,0.91,19.05,18.25,5.86,0.0
20230609:0802,118.4,10.62,37.73,5.64,26.89,19.89,5.31,0.0
20230609:0902,412.25,32.52,101.72,6.19,32.2,21.4,5.24,0.0
20230609:1002,240.5,59.09,46.13,7.25,34.25,22.65,5.59,0.0
20230609:1102,545.4,27.94,135.65,5.91,32.69,22.83,7.17,0.0
20230609:1202,682.5,3.52,178.42,3.87,27.78,21.9,8.07,0.0
20230609:1302,353.85,0.0,101.65,1.53,20.23,21.02,8.83,0.0
20230609:1402,205.2,0.0,65.09,0.98,10.82,20.03,9.31,0.0
20230609:1502,0.0,0.0,0.0,0.0,0.0,17.57,9.1,0.0
20230609:1602,0.0,0.0,0.0,0.0,0.0,17.26,9.1,0.0
20230609:1702,0.0,0.0,0.0,0.0,0.0,16.74,8.9,0.0
20230609:1802,0.0,0.0,0.0,0.0,0.0,16.01,8.9,0.0
20230609:1902,0.0,0.0,0.0,0.0,0.0,15.57,8.69,0.0
20230609:2002,0.0,0.0,0.0,0.0,0.0,15.25,8.48,0.0
20230609:2102,0.0,0.0,0.0,0.0,0.0,15.13,8.21,0.0
20230609:2202,0.0,0.0,0.0,0.0,0.0,14.06,8.21,0.0
20230609:2302,0.0,0.0,0.0,0.0,0.0,13.97,7.79,0.0
20230610:0002,0.0,0.0,0.0,0.0,0.0,13.92,7.38,0.0
20230610:0102,0.0,0.0,0.0,0.0,0.0,14.02,7.17,0.0
20230610:0202,0.0,0.0,0.0,0.0,0.0,13.82,6.9,0.0
20230610:0302,0.0,0.0,0.0,0.0,0.0,13.82,6.48,0.0
20230610:0402,0.0,0.0,0.0,0.0,0.0,13.72,6.0,0.0
20230610:0502,0.0,0.0,0.0,0.0,0.0,14.14,5.59,0.0
20230610:0602,114.55,0.0,41.02,0.62,9.35,14.6,5.45,0.0
20230610:0702,187.95,0.0,59.74,0.9,18.96,15.39,5.17,0.0
20230610:0802,113.5,9.72,36.01,5.73,26.8,16.82,5.1,0.0
20230610:0902,188.45,45.9,40.89,6.95,32.11,18.32,4.76,0.0
20230610:1002,230.05,60.17,42.37,7.41,34.17,19.44,4.69,0.0
20230610:1102,195.8,49.41,41.01,7.06,32.62,19.81,4.14,0.0
20230610:1202,120.05,15.88,36.87,5.94,27.73,19.85,3.59,0.0
20230610:1302,197.8,0.0,63.31,0.95,20.2,19.65,2.9,0.0
20230610:1402,118.35,0.0,42.8,0.64,10.8,19.19,2.28,0.0
20230610:1502,0.0,0.0,0.0,0.0,0.0,14.92,2.14,0.0
20230610:1602,0.0,0.0,0.0,0.0,0.0,14.72,2.21,0.0
20230610:1702,0.0,0.0,0.0,0.0,0.0,16.14,1.31,0.0
20230610:1802,0.0,0.0,0.0,0.0,0.0,14.8,0.9,0.0
20230610:1902,0.0,0.0,0.0,0.0,0.0,13.26,1.72,0.0
20230610:2002,0.0,0.0,0.0,0.0,0.0,13.48,1.79,0.0
20230610:2102,0.0,0.0,0.0,0.0,0.0,13.56,2.34,0.0
20230610:2202,0.0,0.0,0.0,0.0,0.0,13.35,3.03,0.0
20230610:2302,0.0,0.0,0.0,0.0,0.0,13.3,3.17,0.0
20230611:0002,0.0,0.0,0.0,0.0,0.0,12.7,3.31,0.0
20230611:0102,0.0,0.0,0.0,0.0,0.0,12.9,3.45,0.0
20230611:0202,0.0,0.0,0.0,0.0,0.0,12.85,3.66,0.0
20230611:0302,0.0,0.0,0.0,0.0,0.0,12.86,3.86,0.0
20230611:0402,0.0,0.0,0.0,0.0,0.0,12.91,4.14,0.0
20230611:0502,0.0,0.0,0.0,0.0,0.0,13.09,4.28,0.0
20230611:0602,107.55,0.0,39.23,0.59,9.27,14.92,4.62,0.0
20230611:0702,183.2,0.0,58.85,0.88,18.88,16.59,4.69,0.0
20230611:0802,111.25,8.6,35.97,5.71,26.71,19.1,4.41,0.0
20230611:0902,180.25,44.8,40.29,6.93,32.03,21.68,4.0,0.0
20230611:1002,212.6,59.99,39.69,7.44,34.1,23.99,3.17,0.0
20230611:1102,181.2,49.08,38.92,7.09,32.56,24.71,2.0,0.0
20230611:1202,115.4,15.02,36.8,5.92,27.68,25.37,1.17,0.0
20230611:1302,185.5,0.0,61.52,0.92,20.17,24.75,1.72,0.0
20230611:1402,115.75,0.0,42.8,0.64,10.78,23.41,2.9,0.0
20230611:1502,0.0,0.0,0.0,0.0,0.0,19.9,3.31,0.0
20230611:1602,0.0,0.0,0.0,0.0,0.0,18.59,3.24,0.0
20230611:1702,0.0,0.0,0.0,0.0,0.0,17.68,3.17,0.0
20230611:1802,0.0,0.0,0.0,0.0,0.0,17.21,3.17,0.0
20230611:1902,0.0,0.0,0.0,0.0,0.0,17.22,3.38,0.0
20230611:2002,0.0,0.0,0.0,0.0,0.0,16.5,3.72,0.0
20230611:2102,0.0,0.0,0.0,0.0,0.0,16.47,4.07,0.0
20230611:2202,0.0,0.0,0.0,0.0,0.0,16.72,4.14,0.0
20230611:2302,0.0,0.0,0.0,0.0,0.0,16.76,4.34,0.0
20230612:0002,0.0,0.0,0.0,0.0,0.0,17.63,4.69,0.0
20230612:0102,0.0,0.0,0.0,0.0,0.0,18.12,4.69,0.0
20230612:0202,0.0,0.0,0.0,0.0,0.0,18.84,4.9,0.0
20230612:0302,0.0,0.0,0.0,0.0,0.0,18.8,5.31,0.0
20230612:0402,0.0,0.0,0.0,0.0,0.0,18.5,5.24,0.0
20230612:0502,0.0,0.0,0.0,0.0,0.0,17.53,5.31,0.0
20230612:0602,164.8,0.0,54.39,0.82,9.19,17.39,5.86,0.0
20230612:0702,214.1,0.0,66.87,1.0,18.8,18.14,5.66,0.0
20230612:0802,112.4,7.47,36.45,5.63,26.63,18.89,5.03,0.0
20230612:0902,0.0,0.0,0.0,0.0,0.0,19.84,5.03,0.0
20230612:1002,222.85,57.36,42.75,7.3,34.03,20.98,5.66,0.0
20230612:1102,221.3,44.58,50.11,6.85,32.5,21.35,5.66,0.0
20230612:1202,146.0,13.39,44.69,5.76,27.64,21.62,5.52,0.0
20230612:1302,323.75,0.0,94.52,1.42,20.15,20.87,5.38,0.0
20230612:1402,165.75,0.0,55.28,0.83,10.77,20.42,6.0,0.0
20230612:1502,0.0,0.0,0.0,0.0,0.0,18.69,6.41,0.0
20230612:1602,0.0,0.0,0.0,0.0,0.0,17.51,6.9,0.0
20230612:1702,0.0,0.0,0.0,0.0,0.0,16.7,7.59,0.0
20230612:1802,0.0,0.0,0.0,0.0,0.0,16.28,7.72,0.0
20230612:1902,0.0,0.0,0.0,0.0,0.0,15.81,7.24,0.0
20230612:2002,0.0,0.0,0.0,0.0,0.0,15.64,6.69,0.0
20230612:2102,0.0,0.0,0.0,0.0,0.0,15.62,5.79,0.0
20230612:2202,0.0,0.0,0.0,0.0,0.0,14.85,5.38,0.0
20230612:2302,0.0,0.0,0.0,0.0,0.0,14.97,4.55,0.0
20230613:0002,0.0,0.0,0.0,0.0,0.0,14.4,4.48,0.0
20230613:0102,0.0,0.0,0.0,0.0,0.0,13.88,4.07,0.0
20230613:0202,0.0,0.0,0.0,0.0,0.0,13.83,3.86,0.0
20230613:0302,0.0,0.0,0.0,0.0,0.0,14.22,4.07,0.0
20230613:0402,0.0,0.0,0.0,0.0,0.0,14.61,4.34,0.0
20230613:0502,0.0,0.0,0.0,0.0,0.0,14.64,4.76,0.0
20230613:0602,114.2,0.0,41.02,0.62,9.12,15.14,4.97,0.0
20230613:0702,433.65,0.0,118.59,1.78,18.72,16.43,5.66,0.0
20230613:0802,476.85,0.02,129.44,1.88,26.56,17.96,6.48,0.0
20230613:0902,816.5,2.9,208.57,3.48,31.88,20.02,7.31,0.0
20230613:1002,450.8,38.85,106.6,6.46,33.97,21.47,7.59,0.0
20230613:1102,781.8,12.5,197.29,4.81,32.46,21.84,9.79,0.0
20230613:1202,141.1,12.64,43.6,5.67,27.61,21.72,9.45,0.0
20230613:1302,253.7,0.0,77.57,1.17,20.13,21.65,8.9,0.0
20230613:1402,120.95,0.0,43.69,0.66,10.76,20.86,7.45,0.0
20230613:1502,0.0,0.0,0.0,0.0,0.0,19.98,6.0,0.0
20230613:1602,0.0,0.0,0.0,0.0,0.0,19.2,4.9,0.0
20230613:1702,0.0,0.0,0.0,0.0,0.0,18.58,3.72,0.0
20230613:1802,0.0,0.0,0.0,0.0,0.0,18.42,3.1,0.0
20230613:1902,0.0,0.0,0.0,0.0,0.0,18.26,3.17,0.0
20230613:2002,0.0,0.0,0.0,0.0,0.0,18.66,4.14,0.0
20230613:2102,0.0,0.0,0.0,0.0,0.0,19.05,5.86,0.0
20230613:2202,0.0,0.0,0.0,0.0,0.0,19.27,6.07,0.0
20230613:2302,0.0,0.0,0.0,0.0,0.0,19.29,6.97,0.0
20230614:0002,0.0,0.0,0.0,0.0,0.0,19.53,7.31,0.0
20230614:0102,0.0,0.0,0.0,0.0,0.0,19.42,7.52,0.0
20230614:0202,0.0,0.0,0.0,0.0,0.0,19.25,7.93,0.0
20230614:0302,0.0,0.0,0.0,0.0,0.0,19.33,8.34,0.0
20230614:0402,0.0,0.0,0.0,0.0,0.0,19.1,9.03,0.0
20230614:0502,0.0,0.0,0.0,0.0,0.0,19.11,9.45,0.0
20230614:0602,105.4,0.0,39.23,0.59,9.05,18.93,9.72,0.0
20230614:0702,191.3,0.0,61.52,0.92,18.65,19.68,9.86,0.0
20230614:0802,128.35,5.43,41.33,5.44,26.49,20.58,9.45,0.0
20230614:0902,233.9,37.08,57.21,6.52,31.82,21.65,6.62,0.0
20230614:1002,316.2,0.0,93.26,1.34,33.92,22.3,6.0,0.0
20230614:1102,843.8,6.64,215.62,4.17,32.42,22.08,5.86,0.0
20230614:1202,699.1,1.74,182.14,3.44,27.59,20.66,7.31,0.0
20230614:1302,470.95,0.0,128.4,1.93,20.12,18.98,8.41,0.0
20230614:1402,76.5,0.0,31.21,0.47,10.76,17.84,7.86,0.0
20230614:1502,0.0,0.0,0.0,0.0,0.0,17.06,8.21,0.0
20230614:1602,0.0,0.0,0.0,0.0,0.0,16.52,6.97,0.0
20230614:1702,0.0,0.0,0.0,0.0,0.0,17.2,5.66,0.0
20230614:1802,0.0,0.0,0.0,0.0,0.0,17.65,5.45,0.0
20230614:1902,0.0,0.0,0.0,0.0,0.0,17.55,6.21,0.0
20230614:2002,0.0,0.0,0.0,0.0,0.0,18.29,7.17,0.0
20230614:2102,0.0,0.0,0.0,0.0,0.0,18.77,7.1,0.0
20230614:2202,0.0,0.0,0.0,0.0,0.0,15.28,7.1,0.0
20230614:2302,0.0,0.0,0.0,0.0,0.0,15.44,6.55,0.0
20230615:0002,0.0,0.0,0.0,0.0,0.0,14.86,5.72,0.0
20230615:0102,0.0,0.0,0.0,0.0,0.0,14.86,5.38,0.0
20230615:0202,0.0,0.0,0.0,0.0,0.0,15.21,4.9,0.0
20230615:0302,0.0,0.0,0.0,0.0,0.0,15.45,4.48,0.0
20230615:0402,0.0,0.0,0.0,0.0,0.0,15.01,3.79,0.0
20230615:0502,0.0,0.0,0.0,0.0,0.0,14.82,3.59,0.0
20230615:0602,56.0,0.0,24.97,0.38,8.98,13.5,3.72,0.0
20230615:0702,53.25,0.0,24.07,0.36,18.59,12.48,4.28,0.0
20230615:0802,213.1,0.0,65.28,0.94,26.43,12.64,3.66,0.0
20230615:0902,326.6,0.0,92.33,1.33,31.76,12.71,2.62,0.0
20230615:1002,726.95,0.49,184.83,2.72,33.87,13.68,2.9,0.0
20230615:1102,340.5,0.0,96.06,1.38,32.38,13.63,1.72,0.0
20230615:1202,313.35,0.0,89.53,1.29,27.57,13.22,1.52,0.0
20230615:1302,384.05,0.0,106.11,1.59,20.11,13.5,2.0,0.0
20230615:1402,49.8,0.0,23.18,0.35,10.77,13.61,2.28,0.0
20230615:1502,0.0,0.0,0.0,0.0,0.0,13.83,1.93,0.0
20230615:1602,0.0,0.0,0.0,0.0,0.0,14.26,1.93,0.0
20230615:1702,0.0,0.0,0.0,0.0,0.0,14.36,2.34,0.0
20230615:1802,0.0,0.0,0.0,0.0,0.0,14.87,2.48,0.0
20230615:1902,0.0,0.0,0.0,0.0,0.0,14.45,3.72,0.0
20230615:2002,0.0,0.0,0.0,0.0,0.0,14.53,4.41,0.0
20230615:2102,0.0,0.0,0.0,0.0,0.0,14.61,5.66,0.0
20230615:2202,0.0,0.0,0.0,0.0,0.0,14.1,7.17,0.0
20230615:2302,0.0,0.0,0.0,0.0,0.0,14.03,8.07,0.0
20230616:0002,0.0,0.0,0.0,0.0,0.0,14.16,7.66,0.0
20230616:0102,0.0,0.0,0.0,0.0,0.0,14.11,6.9,0.0
20230616:0202,0.0,0.0,0.0,0.0,0.0,13.55,6.0,0.0
20230616:0302,0.0,0.0,0.0,0.0,0.0,13.18,5.17,0.0
20230616:0402,0.0,0.0,0.0,0.0,0.0,12.95,4.07,0.0
20230616:0502,0.0,0.0,0.0,0.0,0.0,13.04,3.45,0.0
20230616:0602,94.75,0.0,35.67,0.54,8.92,13.59,3.38,0.0
20230616:0702,180.85,0.0,57.96,0.87,18.53,14.97,2.76,0.0
20230616:0802,109.95,4.36,35.85,5.6,26.37,16.88,1.93,0.0
20230616:0902,172.7,40.27,40.22,6.82,31.71,18.74,1.79,0.0
20230616:1002,205.45,55.54,39.7,7.33,33.83,19.88,2.21,0.0
20230616:1102,174.95,45.3,38.39,6.99,32.36,20.36,3.38,0.0
20230616:1202,116.1,12.11,36.81,5.85,27.55,20.64,4.69,0.0
20230616:1302,190.1,0.0,61.52,0.92,20.11,20.59,5.59,0.0
20230616:1402,121.35,0.0,43.69,0.66,10.77,20.11,6.14,0.0
20230616:1502,0.0,0.0,0.0,0.0,0.0,18.65,6.34,0.0
20230616:1602,0.0,0.0,0.0,0.0,0.0,18.05,6.34,0.0
20230616:1702,0.0,0.0,0.0,0.0,0.0,17.72,5.79,0.0
20230616:1802,0.0,0.0,0.0,0.0,0.0,16.68,4.97,0.0
20230616:1902,0.0,0.0,0.0,0.0,0.0,15.75,4.21,0.0
20230616:2002,0.0,0.0,0.0,0.0,0.0,15.55,3.86,0.0
20230616:2102,0.0,0.0,0.0,0.0,0.0,17.0,3.93,0.0
20230616:2202,0.0,0.0,0.0,0.0,0.0,17.08,4.34,0.0
20230616:2302,0.0,0.0,0.0,0.0,0.0,17.74,4.83,0.0
20230617:0002,0.0,0.0,0.0,0.0,0.0,18.58,5.31,0.0
20230617:0102,0.0,0.0,0.0,0.0,0.0,18.98,5.38,0.0
20230617:0202,0.0,0.0,0.0,0.0,0.0,19.16,4.97,0.0
20230617:0302,0.0,0.0,0.0,0.0,0.0,19.14,4.34,0.0
20230617:0402,0.0,0.0,0.0,0.0,0.0,19.43,4.0,0.0
20230617:0502,0.0,0.0,0.0,0.0,0.0,19.61,3.93,0.0
20230617:0602,97.95,0.0,37.45,0.56,8.86,20.26,4.0,0.0
20230617:0702,179.0,0.0,58.85,0.88,18.47,21.05,4.14,0.0
20230617:0802,106.25,3.78,35.82,5.59,26.32,22.93,4.07,0.0
20230617:0902,166.35,39.68,40.2,6.81,31.67,24.87,4.0,0.0
20230617:1002,204.0,54.39,41.6,7.29,33.8,26.35,3.59,0.0
20230617:1102,174.55,44.32,40.32,6.95,32.34,27.04,3.45,0.0
20230617:1202,118.75,11.66,38.74,5.83,27.55,27.04,3.59,0.0
20230617:1302,181.4,0.0,60.63,0.91,20.11,25.78,3.59,0.0
20230617:1402,108.4,0.0,41.02,0.62,10.79,24.82,3.24,0.0
20230617:1502,0.0,0.0,0.0,0.0,0.0,21.25,3.31,0.0
20230617:1602,0.0,0.0,0.0,0.0,0.0,19.11,1.52,0.0
20230617:1702,0.0,0.0,0.0,0.0,0.0,18.67,6.21,0.0
20230617:1802,0.0,0.0,0.0,0.0,0.0,19.35,7.03,0.0
20230617:1902,0.0,0.0,0.0,0.0,0.0,19.17,6.28,0.0
20230617:2002,0.0,0.0,0.0,0.0,0.0,18.68,5.72,0.0
20230617:2102,0.0,0.0,0.0,0.0,0.0,18.55,5.1,0.0
20230617:2202,0.0,0.0,0.0,0.0,0.0,17.41,5.86,0.0
20230617:2302,0.0,0.0,0.0,0.0,0.0,16.63,5.86,0.0
20230618:0002,0.0,0.0,0.0,0.0,0.0,16.16,5.72,0.0
20230618:0102,0.0,0.0,0.0,0.0,0.0,15.87,5.45,0.0
20230618:0202,0.0,0.0,0.0,0.0,0.0,15.36,5.1,0.0
20230618:0302,0.0,0.0,0.0,0.0,0.0,14.83,4.69,0.0
20230618:0402,0.0,0.0,0.0,0.0,0.0,14.67,4.07,0.0
20230618:0502,0.0,0.0,0.0,0.0,0.0,14.1,3.59,0.0
20230618:0602,145.8,0.0,49.04,0.74,8.81,14.42,3.24,0.0
20230618:0702,429.85,0.0,117.7,1.77,18.42,15.7,2.76,0.0
20230618:0802,346.4,2.05,95.89,4.81,26.27,17.1,2.14,0.0
20230618:0902,602.75,18.06,152.82,5.41,31.63,18.4,1.03,0.0
20230618:1002,602.6,27.98,147.98,5.98,33.77,19.26,0.9,0.0
20230618:1102,393.2,31.13,97.6,6.23,32.32,19.49,1.72,0.0
20230618:1202,255.35,8.92,73.26,5.37,27.54,19.85,2.97,0.0
20230618:1302,380.65,0.0,107.89,1.62,20.12,19.86,3.93,0.0
20230618:1402,135.3,0.0,47.26,0.71,10.8,19.42,4.34,0.0
20230618:1502,0.0,0.0,0.0,0.0,0.0,18.36,4.9,0.0
20230618:1602,0.0,0.0,0.0,0.0,0.0,17.94,5.45,0.0
20230618:1702,0.0,0.0,0.0,0.0,0.0,17.75,5.52,0.0
20230618:1802,0.0,0.0,0.0,0.0,0.0,17.32,4.9,0.0
20230618:1902,0.0,0.0,0.0,0.0,0.0,17.28,4.83,0.0
20230618:2002,0.0,0.0,0.0,0.0,0.0,16.97,4.83,0.0
20230618:2102,0.0,0.0,0.0,0.0,0.0,16.78,4.07,0.0
20230618:2202,0.0,0.0,0.0,0.0,0.0,15.21,3.1,0.0
20230618:2302,0.0,0.0,0.0,0.0,0.0,15.09,2.69,0.0
20230619:0002,0.0,0.0,0.0,0.0,0.0,14.43,2.83,0.0
20230619:0102,0.0,0.0,0.0,0.0,0.0,14.15,3.03,0.0
20230619:0202,0.0,0.0,0.0,0.0,0.0,13.98,3.38,0.0
20230619:0302,0.0,0.0,0.0,0.0,0.0,13.9,3.59,0.0
20230619:0402,0.0,0.0,0.0,0.0,0.0,13.97,3.93,0.0
20230619:0502,0.0,0.0,0.0,0.0,0.0,15.12,4.28,0.0
20230619:0602,74.1,0.0,30.32,0.46,8.76,15.8,4.55,0.0
20230619:0702,417.1,0.0,115.02,1.73,18.37,16.81,4.55,0.0
20230619:0802,623.5,0.1,163.97,2.56,26.23,18.16,4.14,0.0
20230619:0902,835.3,5.45,213.37,4.07,31.6,20.23,3.59,0.0
20230619:1002,825.9,14.99,207.69,5.13,33.75,21.42,3.24,0.0
20230619:1102,184.1,43.36,42.16,6.93,32.32,22.37,2.48,0.0
20230619:1202,118.5,11.43,37.98,5.84,27.55,22.85,3.24,0.0
20230619:1302,181.0,0.0,59.74,0.9,20.14,22.7,4.55,0.0
20230619:1402,172.25,0.0,57.07,0.86,10.83,20.98,6.41,0.0
20230619:1502,0.0,0.0,0.0,0.0,0.0,18.64,8.41,0.0
20230619:1602,0.0,0.0,0.0,0.0,0.0,16.66,9.03,0.0
20230619:1702,0.0,0.0,0.0,0.0,0.0,15.82,8.76,0.0
20230619:1802,0.0,0.0,0.0,0.0,0.0,16.16,8.28,0.0
20230619:1902,0.0,0.0,0.0,0.0,0.0,15.96,7.72,0.0
20230619:2002,0.0,0.0,0.0,0.0,0.0,15.42,6.97,0.0
20230619:2102,0.0,0.0,0.0,0.0,0.0,15.83,6.69,0.0
20230619:2202,0.0,0.0,0.0,0.0,0.0,15.08,7.1,0.0
20230619:2302,0.0,0.0,0.0,0.0,0.0,14.84,7.24,0.0
20230620:0002,0.0,0.0,0.0,0.0,0.0,14.35,7.52,0.0
20230620:0102,0.0,0.0,0.0,0.0,0.0,14.12,7.66,0.0
20230620:0202,0.0,0.0,0.0,0.0,0.0,13.8,7.66,0.0
20230620:0302,0.0,0.0,0.0,0.0,0.0,13.75,7.86,0.0
20230620:0402,0.0,0.0,0.0,0.0,0.0,13.47,8.28,0.0
20230620:0502,0.0,0.0,0.0,0.0,0.0,14.43,8.62,0.0
20230620:0602,94.45,0.0,35.67,0.54,8.72,14.4,8.76,0.0
20230620:0702,188.9,0.0,59.74,0.9,18.33,14.67,8.28,0.0
20230620:0802,121.85,2.54,38.88,5.53,26.2,15.6,9.17,0.0
20230620:0902,185.55,37.83,43.86,6.75,31.57,16.32,9.45,0.0
20230620:1002,229.8,52.24,46.48,7.23,33.74,17.28,9.45,0.0
20230620:1102,188.7,43.47,41.93,6.95,32.32,17.43,9.03,0.0
20230620:1202,197.75,10.03,57.72,5.64,27.56,17.61,9.17,0.0
20230620:1302,218.5,0.0,67.77,1.02,20.16,17.67,8.55,0.0
20230620:1402,133.65,0.0,46.37,0.7,10.85,17.12,7.17,0.0
20230620:1502,0.0,0.0,0.0,0.0,0.0,15.72,6.55,0.0
20230620:1602,0.0,0.0,0.0,0.0,0.0,14.99,5.79,0.0
20230620:1702,0.0,0.0,0.0,0.0,0.0,14.03,5.17,0.0
20230620:1802,0.0,0.0,0.0,0.0,0.0,13.49,4.41,0.0
20230620:1902,0.0,0.0,0.0,0.0,0.0,13.04,3.93,0.0
20230620:2002,0.0,0.0,0.0,0.0,0.0,12.64,3.59,0.0
20230620:2102,0.0,0.0,0.0,0.0,0.0,12.57,3.31,0.0
20230620:2202,0.0,0.0,0.0,0.0,0.0,11.4,3.45,0.0
20230620:2302,0.0,0.0,0.0,0.0,0.0,10.86,3.1,0.0
20230621:0002,0.0,0.0,0.0,0.0,0.0,10.53,2.83,0.0
20230621:0102,0.0,0.0,0.0,0.0,0.0,10.38,2.9,0.0
20230621:0202,0.0,0.0,0.0,0.0,0.0,10.24,3.03,0.0
20230621:0302,0.0,0.0,0.0,0.0,0.0,10.25,3.38,0.0
20230621:0402,0.0,0.0,0.0,0.0,0.0,10.59,3.86,0.0
20230621:0502,0.0,0.0,0.0,0.0,0.0,11.59,4.41,0.0
20230621:0602,140.25,0.0,47.26,0.71,8.68,12.52,4.76,0.0
20230621:0702,251.6,0.0,74.9,1.13,18.3,14.2,4.76,0.0
20230621:0802,395.25,1.32,107.3,4.64,26.17,16.6,4.28,0.0
20230621:0902,180.0,37.14,43.52,6.65,31.56,19.05,4.14,0.0
20230621:1002,230.35,50.76,48.25,7.09,33.73,20.16,5.17,0.0
20230621:1102,214.55,40.74,50.31,6.74,32.32,20.62,7.31,0.0
20230621:1202,548.6,4.59,144.87,4.47,27.58,20.25,9.52,0.0
20230621:1302,492.25,0.0,133.75,2.01,20.18,19.85,10.14,0.0
20230621:1402,196.0,0.0,62.42,0.94,10.89,18.58,9.93,0.0
20230621:1502,0.0,0.0,0.0,0.0,0.0,16.76,9.38,0.0
20230621:1602,0.0,0.0,0.0,0.0,0.0,15.49,8.76,0.0
20230621:1702,0.0,0.0,0.0,0.0,0.0,14.67,8.28,0.0
20230621:1802,0.0,0.0,0.0,0.0,0.0,14.3,7.79,0.0
20230621:1902,0.0,0.0,0.0,0.0,0.0,14.2,7.52,0.0
20230621:2002,0.0,0.0,0.0,0.0,0.0,13.8,7.45,0.0
20230621:2102,0.0,0.0,0.0,0.0,0.0,13.4,7.24,0.0
20230621:2202,0.0,0.0,0.0,0.0,0.0,12.68,7.1,0.0
20230621:2302,0.0,0.0,0.0,0.0,0.0,12.6,7.03,0.0
20230622:0002,0.0,0.0,0.0,0.0,0.0,12.64,6.9,0.0
20230622:0102,0.0,0.0,0.0,0.0,0.0,12.57,6.83,0.0
20230622:0202,0.0,0.0,0.0,0.0,0.0,12.26,6.62,0.0
20230622:0302,0.0,0.0,0.0,0.0,0.0,11.98,6.28,0.0
20230622:0402,0.0,0.0,0.0,0.0,0.0,11.75,5.93,0.0
20230622:0502,0.0,0.0,0.0,0.0,0.0,11.56,6.0,0.0
20230622:0602,112.55,0.0,40.12,0.6,8.64,12.27,6.07,0.0
20230622:0702,201.3,0.0,62.42,0.94,18.27,12.98,5.72,0.0
20230622:0802,136.35,2.1,42.66,5.39,26.15,14.59,5.52,0.0
20230622:0902,189.95,36.64,45.51,6.62,31.54,16.15,4.76,0.0
20230622:1002,221.3,51.83,44.83,7.14,33.73,17.45,3.86,0.0
20230622:1102,243.15,39.4,57.16,6.69,32.34,17.64,3.45,0.0
20230622:1202,313.65,8.18,86.88,5.24,27.6,17.39,3.03,0.0
20230622:1302,236.3,0.0,72.22,1.09,20.21,17.32,2.62,0.0
20230622:1402,165.0,0.0,54.39,0.82,10.92,16.7,2.28,0.0
20230622:1502,0.0,0.0,0.0,0.0,0.0,15.38,1.93,0.0
20230622:1602,0.0,0.0,0.0,0.0,0.0,13.25,2.0,0.0
20230622:1702,0.0,0.0,0.0,0.0,0.0,13.01,2.07,0.0
20230622:1802,0.0,0.0,0.0,0.0,0.0,12.12,2.07,0.0
20230622:1902,0.0,0.0,0.0,0.0,0.0,12.14,2.55,0.0
20230622:2002,0.0,0.0,0.0,0.0,0.0,12.56,2.97,0.0
20230622:2102,0.0,0.0,0.0,0.0,0.0,13.42,3.38,0.0
20230622:2202,0.0,0.0,0.0,0.0,0.0,13.17,3.45,0.0
20230622:2302,0.0,0.0,0.0,0.0,0.0,12.95,3.52,0.0
20230623:0002,0.0,0.0,0.0,0.0,0.0,12.66,3.66,0.0
20230623:0102,0.0,0.0,0.0,0.0,0.0,12.88,3.86,0.0
20230623:0202,0.0,0.0,0.0,0.0,0.0,12.84,4.07,0.0
20230623:0302,0.0,0.0,0.0,0.0,0.0,12.8,4.28,0.0
20230623:0402,0.0,0.0,0.0,0.0,0.0,12.83,4.41,0.0
20230623:0502,0.0,0.0,0.0,0.0,0.0,12.84,4.55,0.0
20230623:0602,122.2,0.0,42.8,0.64,8.61,13.37,4.9,0.0
20230623:0702,232.3,0.0,70.44,1.06,18.24,14.9,5.17,0.0
20230623:0802,157.85,1.96,48.72,5.29,26.13,16.94,6.07,0.0
20230623:0902,227.25,34.38,56.1,6.48,31.54,18.49,6.83,0.0
20230623:1002,256.45,48.87,55.26,6.99,33.74,19.69,7.03,0.0
20230623:1102,241.65,39.35,57.46,6.66,32.35,20.3,6.9,0.0
20230623:1202,179.55,10.53,53.8,5.59,27.63,20.49,6.76,0.0
20230623:1302,262.45,0.0,79.36,1.19,20.25,20.31,6.76,0.0
20230623:1402,153.0,0.0,51.72,0.78,10.96,19.03,7.1,0.0
20230623:1502,0.0,0.0,0.0,0.0,0.0,18.61,7.31,0.0
20230623:1602,0.0,0.0,0.0,0.0,0.0,18.27,7.03,0.0
20230623:1702,0.0,0.0,0.0,0.0,0.0,17.54,6.62,0.0
20230623:1802,0.0,0.0,0.0,0.0,0.0,17.1,6.07,0.0
20230623:1902,0.0,0.0,0.0,0.0,0.0,16.84,5.24,0.0
20230623:2002,0.0,0.0,0.0,0.0,0.0,16.13,4.34,0.0
20230623:2102,0.0,0.0,0.0,0.0,0.0,15.43,3.86,0.0
20230623:2202,0.0,0.0,0.0,0.0,0.0,16.3,3.52,0.0
20230623:2302,0.0,0.0,0.0,0.0,0.0,18.01,4.0,0.0
20230624:0002,0.0,0.0,0.0,0.0,0.0,18.31,4.21,0.0
20230624:0102,0.0,0.0,0.0,0.0,0.0,17.62,4.34,0.0
20230624:0202,0.0,0.0,0.0,0.0,0.0,16.97,4.9,0.0
20230624:0302,0.0,0.0,0.0,0.0,0.0,16.27,4.9,0.0
20230624:0402,0.0,0.0,0.0,0.0,0.0,15.87,4.69,0.0
20230624:0502,0.0,0.0,0.0,0.0,0.0,15.47,4.41,0.0
20230624:0602,124.1,0.0,43.69,0.66,8.58,15.73,4.21,0.0
20230624:0702,248.2,0.0,74.9,1.13,18.23,16.82,4.07,0.0
20230624:0802,156.0,2.01,48.56,5.31,26.12,18.29,4.14,0.0
20230624:0902,226.05,34.59,55.98,6.5,31.54,19.13,4.28,0.0
20230624:1002,282.25,47.39,62.26,6.94,33.75,19.67,4.34,0.0
20230624:1102,226.85,40.6,53.18,6.71,32.38,19.75,4.48,0.0
20230624:1202,210.2,10.3,61.5,5.52,27.67,19.67,4.41,0.0
20230624:1302,263.2,0.0,79.36,1.19,20.29,19.43,4.41,0.0
20230624:1402,153.05,0.0,51.72,0.78,11.01,18.69,3.86,0.0
20230624:1502,0.0,0.0,0.0,0.0,0.0,17.32,3.72,0.0
20230624:1602,0.0,0.0,0.0,0.0,0.0,15.46,3.72,0.0
20230624:1702,0.0,0.0,0.0,0.0,0.0,14.49,2.97,0.0
20230624:1802,0.0,0.0,0.0,0.0,0.0,14.07,2.62,0.0
20230624:1902,0.0,0.0,0.0,0.0,0.0,14.45,2.55,0.0
20230624:2002,0.0,0.0,0.0,0.0,0.0,15.01,2.76,0.0
20230624:2102,0.0,0.0,0.0,0.0,0.0,14.66,3.1,0.0
20230624:2202,0.0,0.0,0.0,0.0,0.0,14.32,3.93,0.0
20230624:2302,0.0,0.0,0.0,0.0,0.0,14.01,3.66,0.0
20230625:0002,0.0,0.0,0.0,0.0,0.0,13.75,3.38,0.0
20230625:0102,0.0,0.0,0.0,0.0,0.0,13.42,3.03,0.0
20230625:0202,0.0,0.0,0.0,0.0,0.0,13.4,2.55,0.0
20230625:0302,0.0,0.0,0.0,0.0,0.0,12.95,2.21,0.0
20230625:0402,0.0,0.0,0.0,0.0,0.0,12.65,2.0,0.0
20230625:0502,0.0,0.0,0.0,0.0,0.0,12.66,1.66,0.0
20230625:0602,118.55,0.0,41.91,0.63,8.56,13.29,1.72,0.0
20230625:0702,350.6,0.0,98.97,1.49,18.21,15.01,1.45,0.0
20230625:0802,540.8,0.81,143.29,3.99,26.12,16.93,1.03,0.0
20230625:0902,635.2,0.28,168.23,2.47,31.55,18.51,0.9,0.0
20230625:1002,676.15,22.81,167.59,5.57,33.77,18.89,0.9,0.0
20230625:1102,826.2,7.11,210.58,4.19,32.41,19.21,1.66,0.0
20230625:1202,533.2,5.11,141.65,4.45,27.71,19.42,2.55,0.0
20230625:1302,457.8,0.0,125.72,1.89,20.34,18.84,3.72,0.0
20230625:1402,199.65,0.0,63.31,0.95,11.06,17.98,4.07,0.0
20230625:1502,0.0,0.0,0.0,0.0,0.0,17.53,4.14,0.0
20230625:1602,0.0,0.0,0.0,0.0,0.0,17.2,4.07,0.0
20230625:1702,0.0,0.0,0.0,0.0,0.0,16.8,4.48,0.0
20230625:1802,0.0,0.0,0.0,0.0,0.0,16.73,5.17,0.0
20230625:1902,0.0,0.0,0.0,0.0,0.0,16.7,6.28,0.0
20230625:2002,0.0,0.0,0.0,0.0,0.0,16.53,6.9,0.0
20230625:2102,0.0,0.0,0.0,0.0,0.0,16.35,7.45,0.0
20230625:2202,0.0,0.0,0.0,0.0,0.0,15.68,6.69,0.0
20230625:2302,0.0,0.0,0.0,0.0,0.0,15.55,6.9,0.0
20230626:0002,0.0,0.0,0.0,0.0,0.0,15.47,7.24,0.0
20230626:0102,0.0,0.0,0.0,0.0,0.0,15.36,7.45,0.0
20230626:0202,0.0,0.0,0.0,0.0,0.0,15.37,7.38,0.0
20230626:0302,0.0,0.0,0.0,0.0,0.0,15.34,7.31,0.0
20230626:0402,0.0,0.0,0.0,0.0,0.0,15.34,7.03,0.0
20230626:0502,0.0,0.0,0.0,0.0,0.0,15.28,6.34,0.0
20230626:0602,68.0,0.0,28.53,0.43,8.55,15.18,5.52,0.0
20230626:0702,80.75,0.0,32.1,0.48,18.2,15.4,5.17,0.0
20230626:0802,569.55,0.05,149.73,2.25,26.12,15.69,4.9,0.0
20230626:0902,299.25,0.0,86.73,1.25,31.56,15.46,4.55,0.0
20230626:1002,298.9,0.0,86.73,1.25,33.8,15.61,4.07,0.0
20230626:1102,225.35,0.0,69.01,0.99,32.45,15.47,3.86,0.0
20230626:1202,187.45,0.0,59.69,0.86,27.76,15.41,4.0,0.0
20230626:1302,382.0,0.0,106.11,1.59,20.39,15.27,4.48,0.0
20230626:1402,13.65,0.0,11.59,0.17,11.12,15.1,4.83,0.0
20230626:1502,0.0,0.0,0.0,0.0,0.0,15.18,5.45,0.0
20230626:1602,0.0,0.0,0.0,0.0,0.0,15.29,6.07,0.0
20230626:1702,0.0,0.0,0.0,0.0,0.0,15.36,6.55,0.0
20230626:1802,0.0,0.0,0.0,0.0,0.0,15.21,6.69,0.0
20230626:1902,0.0,0.0,0.0,0.0,0.0,14.96,6.97,0.0
20230626:2002,0.0,0.0,0.0,0.0,0.0,14.93,7.03,0.0
20230626:2102,0.0,0.0,0.0,0.0,0.0,15.0,6.97,0.0
20230626:2202,0.0,0.0,0.0,0.0,0.0,15.02,6.34,0.0
20230626:2302,0.0,0.0,0.0,0.0,0.0,15.1,6.21,0.0
20230627:0002,0.0,0.0,0.0,0.0,0.0,15.33,6.07,0.0
20230627:0102,0.0,0.0,0.0,0.0,0.0,15.4,6.07,0.0
20230627:0202,0.0,0.0,0.0,0.0,0.0,15.4,5.93,0.0
20230627:0302,0.0,0.0,0.0,0.0,0.0,15.39,5.79,0.0
20230627:0402,0.0,0.0,0.0,0.0,0.0,15.58,5.93,0.0
20230627:0502,0.0,0.0,0.0,0.0,0.0,15.57,5.79,0.0
20230627:0602,83.95,0.0,32.99,0.5,8.54,15.58,5.93,0.0
20230627:0702,253.6,0.0,75.79,1.14,18.2,15.73,6.0,0.0
20230627:0802,283.5,0.0,83.0,1.19,26.13,15.8,6.48,0.0
20230627:0902,416.75,0.0,114.71,1.65,31.58,16.65,7.1,0.0
20230627:1002,274.4,0.0,81.13,1.17,33.83,16.82,7.31,0.0
20230627:1102,376.9,0.0,105.38,1.51,32.5,16.77,8.07,0.0
20230627:1202,421.55,0.0,115.64,1.66,27.81,16.39,8.07,0.0
20230627:1302,260.6,0.0,77.57,1.17,20.45,16.27,8.48,0.0
20230627:1402,151.65,0.0,50.82,0.76,11.17,16.41,8.55,0.0
20230627:1502,0.0,0.0,0.0,0.0,0.0,16.38,8.62,0.0
20230627:1602,0.0,0.0,0.0,0.0,0.0,16.58,8.62,0.0
20230627:1702,0.0,0.0,0.0,0.0,0.0,16.87,8.48,0.0
20230627:1802,0.0,0.0,0.0,0.0,0.0,17.02,8.69,0.0
20230627:1902,0.0,0.0,0.0,0.0,0.0,16.99,8.76,0.0
20230627:2002,0.0,0.0,0.0,0.0,0.0,17.12,8.48,0.0
20230627:2102,0.0,0.0,0.0,0.0,0.0,17.77,8.9,0.0
20230627:2202,0.0,0.0,0.0,0.0,0.0,17.63,7.59,0.0
20230627:2302,0.0,0.0,0.0,0.0,0.0,17.63,8.07,0.0
20230628:0002,0.0,0.0,0.0,0.0,0.0,17.96,8.83,0.0
20230628:0102,0.0,0.0,0.0,0.0,0.0,17.98,9.24,0.0
20230628:0202,0.0,0.0,0.0,0.0,0.0,17.98,9.38,0.0
20230628:0302,0.0,0.0,0.0,0.0,0.0,17.79,9.79,0.0
20230628:0402,0.0,0.0,0.0,0.0,0.0,17.6,10.07,0.0
20230628:0502,0.0,0.0,0.0,0.0,0.0,17.86,10.28,0.0
20230628:0602,112.55,0.0,41.02,0.62,8.53,18.22,10.55,0.0
20230628:0702,45.6,0.0,22.29,0.33,18.2,18.28,10.07,0.0
20230628:0802,177.6,0.0,57.82,0.83,26.14,18.4,8.97,0.0
20230628:0902,276.2,0.0,82.07,1.18,31.61,18.38,8.07,0.0
20230628:1002,321.45,0.0,93.26,1.34,33.87,19.19,7.52,0.0
20230628:1102,115.45,0.0,41.97,0.6,32.55,19.04,6.41,0.0
20230628:1202,194.9,0.0,62.48,0.9,27.87,19.5,5.66,0.0
20230628:1302,458.4,0.0,125.72,1.89,20.51,19.12,6.14,0.0
20230628:1402,122.0,0.0,43.69,0.66,11.24,19.12,6.76,0.0
20230628:1502,0.0,0.0,0.0,0.0,0.0,19.08,6.97,0.0
20230628:1602,0.0,0.0,0.0,0.0,0.0,19.04,6.41,0.0
20230628:1702,0.0,0.0,0.0,0.0,0.0,18.76,5.24,0.0
20230628:1802,0.0,0.0,0.0,0.0,0.0,17.92,4.62,0.0
20230628:1902,0.0,0.0,0.0,0.0,0.0,17.56,4.21,0.0
20230628:2002,0.0,0.0,0.0,0.0,0.0,16.78,3.72,0.0
20230628:2102,0.0,0.0,0.0,0.0,0.0,15.73,2.76,0.0
20230628:2202,0.0,0.0,0.0,0.0,0.0,15.3,2.62,0.0
20230628:2302,0.0,0.0,0.0,0.0,0.0,15.28,2.9,0.0
20230629:0002,0.0,0.0,0.0,0.0,0.0,15.03,3.38,0.0
20230629:0102,0.0,0.0,0.0,0.0,0.0,15.27,4.0,0.0
20230629:0202,0.0,0.0,0.0,0.0,0.0,15.49,4.9,0.0
20230629:0302,0.0,0.0,0.0,0.0,0.0,15.49,5.79,0.0
20230629:0402,0.0,0.0,0.0,0.0,0.0,15.6,6.14,0.0
20230629:0502,0.0,0.0,0.0,0.0,0.0,16.15,5.93,0.0
20230629:0602,87.0,0.0,33.88,0.51,8.53,16.07,6.07,0.0
20230629:0702,194.65,0.0,61.52,0.92,18.21,16.03,6.07,0.0
20230629:0802,120.65,3.65,38.95,5.41,26.16,17.44,5.31,0.0
20230629:0902,178.15,39.7,41.76,6.69,31.64,19.07,5.17,0.0
20230629:1002,227.15,54.31,45.34,7.14,33.92,20.36,5.79,0.0
20230629:1102,249.1,42.2,57.79,6.7,32.61,20.75,6.28,0.0
20230629:1202,126.75,15.07,38.97,5.84,27.93,20.58,5.59,0.0
20230629:1302,211.35,0.0,66.87,1.0,20.58,20.57,4.83,0.0
20230629:1402,191.25,0.0,61.52,0.92,11.3,19.28,4.21,0.0
20230629:1502,0.0,0.0,0.0,0.0,0.0,17.71,3.24,0.0
20230629:1602,0.0,0.0,0.0,0.0,0.0,16.71,2.76,0.0
20230629:1702,0.0,0.0,0.0,0.0,0.0,16.14,2.07,0.0
20230629:1802,0.0,0.0,0.0,0.0,0.0,15.61,2.62,0.0
20230629:1902,0.0,0.0,0.0,0.0,0.0,15.6,3.17,0.0
20230629:2002,0.0,0.0,0.0,0.0,0.0,15.5,3.72,0.0
20230629:2102,0.0,0.0,0.0,0.0,0.0,15.37,4.76,0.0
20230629:2202,0.0,0.0,0.0,0.0,0.0,16.09,6.0,0.0
20230629:2302,0.0,0.0,0.0,0.0,0.0,16.61,6.34,0.0
20230630:0002,0.0,0.0,0.0,0.0,0.0,16.59,6.0,0.0
20230630:0102,0.0,0.0,0.0,0.0,0.0,15.94,5.52,0.0
20230630:0202,0.0,0.0,0.0,0.0,0.0,15.55,4.97,0.0
20230630:0302,0.0,0.0,0.0,0.0,0.0,15.23,4.69,0.0
20230630:0402,0.0,0.0,0.0,0.0,0.0,15.04,4.62,0.0
20230630:0502,0.0,0.0,0.0,0.0,0.0,14.81,4.83,0.0
20230630:0602,104.05,0.0,38.34,0.58,8.53,15.15,5.03,0.0
20230630:0702,197.95,0.0,62.42,0.94,18.22,16.29,5.45,0.0
20230630:0802,118.75,4.22,38.47,5.41,26.19,17.83,5.24,0.0
20230630:0902,197.15,39.16,46.62,6.62,31.68,19.06,5.79,0.0
20230630:1002,230.0,55.12,45.39,7.15,33.98,19.96,5.86,0.0
20230630:1102,0.0,0.0,0.0,0.0,0.0,20.42,5.38,0.0
20230630:1202,133.1,15.75,40.48,5.83,28.0,20.49,4.9,0.0
20230630:1302,190.35,0.0,61.52,0.92,20.65,20.2,4.34,0.0
20230630:1402,115.1,0.0,41.91,0.63,11.38,19.23,3.93,0.0
20230630:1502,0.0,0.0,0.0,0.0,0.0,16.87,3.31,0.0
20230630:1602,0.0,0.0,0.0,0.0,0.0,15.66,3.24,0.0
20230630:1702,0.0,0.0,0.0,0.0,0.0,14.34,3.31,0.0
20230630:1802,0.0,0.0,0.0,0.0,0.0,13.8,3.17,0.0
20230630:1902,0.0,0.0,0.0,0.0,0.0,13.71,2.9,0.0
20230630:2002,0.0,0.0,0.0,0.0,0.0,13.3,2.28,0.0
20230630:2102,0.0,0.0,0.0,0.0,0.0,12.69,2.07,0.0
20230630:2202,0.0,0.0,0.0,0.0,0.0,12.08,2.14,0.0
20230630:2302,0.0,0.0,0.0,0.0,0.0,12.01,2.07,0.0
20230701:0002,0.0,0.0,0.0,0.0,0.0,11.67,2.0,0.0
20230701:0102,0.0,0.0,0.0,0.0,0.0,11.9,2.34,0.0
20230701:0202,0.0,0.0,0.0,0.0,0.0,11.94,2.62,0.0
20230701:0302,0.0,0.0,0.0,0.0,0.0,11.88,2.69,0.0
20230701:0402,0.0,0.0,0.0,0.0,0.0,12.0,2.83,0.0
20230701:0502,0.0,0.0,0.0,0.0,0.0,11.98,2.9,0.0
20230701:0602,98.35,0.0,36.56,0.55,8.54,13.08,3.1,0.0
20230701:0702,195.75,0.0,61.52,0.92,18.24,14.54,2.83,0.0
20230701:0802,123.3,4.85,39.54,5.44,26.22,17.12,2.07,0.0
20230701:0902,190.2,40.65,44.4,6.69,31.73,19.26,1.24,0.0
20230701:1002,233.75,56.02,46.44,7.19,34.04,21.35,0.55,0.0
20230701:1102,198.9,48.01,43.1,6.94,32.75,21.93,0.9,0.0
20230701:1202,135.15,16.68,41.06,5.85,28.08,21.74,1.79,0.0
20230701:1302,196.2,0.0,63.31,0.95,20.73,21.16,2.48,0.0
20230701:1402,121.4,0.0,43.69,0.66,11.45,19.78,2.9,0.0
20230701:1502,0.0,0.0,0.0,0.0,0.0,18.24,2.76,0.0
20230701:1602,0.0,0.0,0.0,0.0,0.0,16.03,2.97,0.0
20230701:1702,0.0,0.0,0.0,0.0,0.0,17.12,2.62,0.0
20230701:1802,0.0,0.0,0.0,0.0,0.0,14.56,2.0,0.0
20230701:1902,0.0,0.0,0.0,0.0,0.0,14.53,1.86,0.0
20230701:2002,0.0,0.0,0.0,0.0,0.0,14.87,1.93,0.0
20230701:2102,0.0,0.0,0.0,0.0,0.0,14.65,2.62,0.0
20230701:2202,0.0,0.0,0.0,0.0,0.0,13.96,3.38,0.0
20230701:2302,0.0,0.0,0.0,0.0,0.0,14.37,3.66,0.0
20230702:0002,0.0,0.0,0.0,0.0,0.0,14.04,3.66,0.0
20230702:0102,0.0,0.0,0.0,0.0,0.0,13.94,3.52,0.0
20230702:0202,0.0,0.0,0.0,0.0,0.0,13.43,3.24,0.0
20230702:0302,0.0,0.0,0.0,0.0,0.0,12.93,2.83,0.0
20230702:0402,0.0,0.0,0.0,0.0,0.0,12.94,2.69,0.0
20230702:0502,0.0,0.0,0.0,0.0,0.0,12.6,2.76,0.0
20230702:0602,94.8,0.0,35.67,0.54,8.55,13.44,2.97,0.0
20230702:0702,198.6,0.0,62.42,0.94,18.27,15.29,2.83,0.0
20230702:0802,128.5,5.54,40.92,5.44,26.26,17.55,2.34,0.0
20230702:0902,197.7,41.24,45.77,6.69,31.79,18.98,2.48,0.0
20230702:1002,243.95,56.61,47.83,7.19,34.11,19.75,2.55,0.0
20230702:1102,210.75,48.7,44.98,6.95,32.82,20.02,2.69,0.0
20230702:1202,142.7,17.59,42.39,5.87,28.16,19.86,2.83,0.0
20230702:1302,201.7,0.0,64.2,0.96,20.81,19.26,2.69,0.0
20230702:1402,125.9,0.0,44.58,0.67,11.53,17.99,2.34,0.0
20230702:1502,0.0,0.0,0.0,0.0,0.0,16.37,2.07,0.0
20230702:1602,0.0,0.0,0.0,0.0,0.0,16.9,1.66,0.0
20230702:1702,0.0,0.0,0.0,0.0,0.0,15.62,0.21,0.0
20230702:1802,0.0,0.0,0.0,0.0,0.0,13.35,1.24,0.0
20230702:1902,0.0,0.0,0.0,0.0,0.0,13.07,1.66,0.0
20230702:2002,0.0,0.0,0.0,0.0,0.0,12.88,1.86,0.0
20230702:2102,0.0,0.0,0.0,0.0,0.0,12.85,1.86,0.0
20230702:2202,0.0,0.0,0.0,0.0,0.0,12.42,1.79,0.0
20230702:2302,0.0,0.0,0.0,0.0,0.0,12.71,2.28,0.0
20230703:0002,0.0,0.0,0.0,0.0,0.0,12.63,2.62,0.0
20230703:0102,0.0,0.0,0.0,0.0,0.0,13.13,3.03,0.0
20230703:0202,0.0,0.0,0.0,0.0,0.0,12.89,3.1,0.0
20230703:0302,0.0,0.0,0.0,0.0,0.0,12.9,3.24,0.0
20230703:0402,0.0,0.0,0.0,0.0,0.0,12.71,3.45,0.0
20230703:0502,0.0,0.0,0.0,0.0,0.0,12.64,3.66,0.0
20230703:0602,101.75,0.0,37.45,0.56,8.57,13.06,4.0,0.0
20230703:0702,195.75,0.0,61.52,0.92,18.3,14.68,4.07,0.0
20230703:0802,121.85,6.49,39.11,5.52,26.3,18.35,3.93,0.0
20230703:0902,195.95,42.94,45.08,6.79,31.85,21.56,3.72,0.0
20230703:1002,261.75,56.62,53.34,7.22,34.18,24.22,3.59,0.0
20230703:1102,221.6,49.23,48.6,6.98,32.91,24.88,2.69,0.0
20230703:1202,144.95,18.73,43.86,5.94,28.25,25.77,1.38,0.0
20230703:1302,204.45,0.0,66.87,1.0,20.9,26.28,0.97,0.0
20230703:1402,124.15,0.0,45.47,0.68,11.61,25.48,1.17,0.0
20230703:1502,0.0,0.0,0.0,0.0,0.0,23.34,1.59,0.0
20230703:1602,0.0,0.0,0.0,0.0,0.0,21.87,1.38,0.0
20230703:1702,0.0,0.0,0.0,0.0,0.0,17.8,1.1,0.0
20230703:1802,0.0,0.0,0.0,0.0,0.0,17.42,1.31,0.0
20230703:1902,0.0,0.0,0.0,0.0,0.0,15.94,2.14,0.0
20230703:2002,0.0,0.0,0.0,0.0,0.0,15.06,3.03,0.0
20230703:2102,0.0,0.0,0.0,0.0,0.0,14.38,3.45,0.0
20230703:2202,0.0,0.0,0.0,0.0,0.0,16.22,3.79,0.0
20230703:2302,0.0,0.0,0.0,0.0,0.0,15.66,3.79,0.0
20230704:0002,0.0,0.0,0.0,0.0,0.0,14.94,3.72,0.0
20230704:0102,0.0,0.0,0.0,0.0,0.0,14.75,3.59,0.0
20230704:0202,0.0,0.0,0.0,0.0,0.0,14.24,3.38,0.0
20230704:0302,0.0,0.0,0.0,0.0,0.0,14.18,3.1,0.0
20230704:0402,0.0,0.0,0.0,0.0,0.0,13.58,2.69,0.0
20230704:0502,0.0,0.0,0.0,0.0,0.0,13.03,2.28,0.0
20230704:0602,136.0,0.0,46.37,0.7,8.59,13.28,2.34,0.0
20230704:0702,220.85,0.0,67.77,1.02,18.34,14.86,2.69,0.0
20230704:0802,207.6,6.24,61.06,5.21,26.35,16.88,3.38,0.0
20230704:0902,240.7,40.83,55.77,6.59,31.91,17.64,4.62,0.0
20230704:1002,407.45,46.73,90.67,6.75,34.26,18.53,4.97,0.0
20230704:1102,274.9,46.72,60.69,6.79,33.0,18.87,5.17,0.0
20230704:1202,223.35,17.36,62.71,5.67,28.34,19.15,5.03,0.0
20230704:1302,303.65,0.0,89.17,1.34,20.99,19.49,4.83,0.0
20230704:1402,184.95,0.0,59.74,0.9,11.7,18.53,5.03,0.0
20230704:1502,0.0,0.0,0.0,0.0,0.0,17.88,6.07,0.0
20230704:1602,0.0,0.0,0.0,0.0,0.0,17.16,6.9,0.0
20230704:1702,0.0,0.0,0.0,0.0,0.0,16.48,8.07,0.0
20230704:1802,0.0,0.0,0.0,0.0,0.0,15.77,8.41,0.0
20230704:1902,0.0,0.0,0.0,0.0,0.0,15.27,7.79,0.0
20230704:2002,0.0,0.0,0.0,0.0,0.0,14.77,7.66,0.0
20230704:2102,0.0,0.0,0.0,0.0,0.0,14.66,7.38,0.0
20230704:2202,0.0,0.0,0.0,0.0,0.0,14.3,7.1,0.0
20230704:2302,0.0,0.0,0.0,0.0,0.0,14.11,6.97,0.0
20230705:0002,0.0,0.0,0.0,0.0,0.0,13.64,6.9,0.0
20230705:0102,0.0,0.0,0.0,0.0,0.0,13.44,7.03,0.0
20230705:0202,0.0,0.0,0.0,0.0,0.0,13.22,7.24,0.0
20230705:0302,0.0,0.0,0.0,0.0,0.0,13.08,7.52,0.0
20230705:0402,0.0,0.0,0.0,0.0,0.0,12.91,7.72,0.0
20230705:0502,0.0,0.0,0.0,0.0,0.0,12.92,7.59,0.0
20230705:0602,105.45,0.0,38.34,0.58,8.62,12.71,7.24,0.0
20230705:0702,0.0,0.0,0.0,0.0,0.0,13.18,6.83,0.0
20230705:0802,161.2,7.8,48.39,5.39,26.41,14.33,7.38,0.0
20230705:0902,233.15,42.88,52.21,6.66,31.99,15.55,7.38,0.0
20230705:1002,269.7,59.21,50.85,7.21,34.35,16.54,7.24,0.0
20230705:1102,255.05,49.95,53.55,6.9,33.09,17.03,7.24,0.0
20230705:1202,194.15,19.64,54.08,5.8,28.44,17.0,7.59,0.0
20230705:1302,212.3,0.0,65.98,0.99,21.08,16.63,7.59,0.0
20230705:1402,127.5,0.0,44.58,0.67,11.79,15.99,6.83,0.0
20230705:1502,0.0,0.0,0.0,0.0,0.0,14.68,6.07,0.0
20230705:1602,0.0,0.0,0.0,0.0,0.0,14.11,5.79,0.0
20230705:1702,0.0,0.0,0.0,0.0,0.0,13.33,5.45,0.0
20230705:1802,0.0,0.0,0.0,0.0,0.0,13.06,4.97,0.0
20230705:1902,0.0,0.0,0.0,0.0,0.0,12.53,4.62,0.0
20230705:2002,0.0,0.0,0.0,0.0,0.0,11.8,4.21,0.0
20230705:2102,0.0,0.0,0.0,0.0,0.0,11.36,3.79,0.0
20230705:2202,0.0,0.0,0.0,0.0,0.0,11.36,4.0,0.0
20230705:2302,0.0,0.0,0.0,0.0,0.0,11.21,3.86,0.0
20230706:0002,0.0,0.0,0.0,0.0,0.0,10.6,3.38,0.0
20230706:0102,0.0,0.0,0.0,0.0,0.0,10.55,2.9,0.0
20230706:0202,0.0,0.0,0.0,0.0,0.0,10.12,2.76,0.0
20230706:0302,0.0,0.0,0.0,0.0,0.0,9.84,2.62,0.0
20230706:0402,0.0,0.0,0.0,0.0,0.0,9.64,2.48,0.0
20230706:0502,0.0,0.0,0.0,0.0,0.0,9.57,2.34,0.0
20230706:0602,103.3,0.0,37.45,0.56,8.66,10.08,2.55,0.0
20230706:0702,197.9,0.0,61.52,0.92,18.42,12.25,2.34,0.0
20230706:0802,126.75,9.39,39.43,5.49,26.47,14.89,2.76,0.0
20230706:0902,212.55,45.51,46.32,6.73,32.07,16.74,4.07,0.0
20230706:1002,261.9,61.32,48.35,7.25,34.44,18.42,4.62,0.0
20230706:1102,234.4,52.98,47.59,6.98,33.2,19.11,4.83,0.0
20230706:1202,194.45,20.81,54.43,5.8,28.54,19.52,5.24,0.0
20230706:1302,252.7,0.0,76.68,1.15,21.18,19.26,5.38,0.0
20230706:1402,228.35,0.0,70.44,1.06,11.89,18.36,5.66,0.0
20230706:1502,0.0,0.0,0.0,0.0,0.0,17.48,5.72,0.0
20230706:1602,0.0,0.0,0.0,0.0,0.0,17.2,5.52,0.0
20230706:1702,0.0,0.0,0.0,0.0,0.0,16.77,5.24,0.0
20230706:1802,0.0,0.0,0.0,0.0,0.0,16.5,4.62,0.0
20230706:1902,0.0,0.0,0.0,0.0,0.0,16.07,4.14,0.0
20230706:2002,0.0,0.0,0.0,0.0,0.0,15.98,3.86,0.0
20230706:2102,0.0,0.0,0.0,0.0,0.0,16.42,3.93,0.0
20230706:2202,0.0,0.0,0.0,0.0,0.0,17.09,4.21,0.0
20230706:2302,0.0,0.0,0.0,0.0,0.0,18.63,4.41,0.0
20230707:0002,0.0,0.0,0.0,0.0,0.0,19.51,4.83,0.0
20230707:0102,0.0,0.0,0.0,0.0,0.0,20.29,5.24,0.0
20230707:0202,0.0,0.0,0.0,0.0,0.0,20.99,5.59,0.0
20230707:0302,0.0,0.0,0.0,0.0,0.0,22.07,6.0,0.0
20230707:0402,0.0,0.0,0.0,0.0,0.0,22.57,7.1,0.0
20230707:0502,0.0,0.0,0.0,0.0,0.0,23.1,7.66,0.0
20230707:0602,149.9,0.0,51.72,0.78,8.7,23.02,8.0,0.0
20230707:0702,335.4,0.0,98.08,1.47,18.48,23.05,7.86,0.0
20230707:0802,489.9,4.86,133.6,4.47,26.54,24.54,7.59,0.0
20230707:0902,826.2,4.0,215.43,3.68,32.15,25.37,7.03,0.0
20230707:1002,907.4,9.42,233.72,4.49,34.55,26.54,5.38,0.0
20230707:1102,843.35,3.95,222.17,3.71,33.3,26.89,3.86,0.0
20230707:1202,481.05,0.07,135.98,1.97,28.65,26.8,2.9,0.0
20230707:1302,293.9,0.0,89.17,1.34,21.29,25.49,2.69,0.0
20230707:1402,158.35,0.0,54.39,0.82,11.99,24.77,3.31,0.0
20230707:1502,0.0,0.0,0.0,0.0,0.0,21.9,2.97,0.0
20230707:1602,0.0,0.0,0.0,0.0,0.0,20.97,3.72,0.0
20230707:1702,0.0,0.0,0.0,0.0,0.0,20.22,4.48,0.0
20230707:1802,0.0,0.0,0.0,0.0,0.0,21.34,4.97,0.0
20230707:1902,0.0,0.0,0.0,0.0,0.0,22.1,5.52,0.0
20230707:2002,0.0,0.0,0.0,0.0,0.0,22.81,5.93,0.0
20230707:2102,0.0,0.0,0.0,0.0,0.0,23.59,6.14,0.0
20230707:2202,0.0,0.0,0.0,0.0,0.0,21.2,3.86,0.0
20230707:2302,0.0,0.0,0.0,0.0,0.0,19.35,4.21,0.0
20230708:0002,0.0,0.0,0.0,0.0,0.0,18.03,4.69,0.0
20230708:0102,0.0,0.0,0.0,0.0,0.0,16.95,3.66,0.0
20230708:0202,0.0,0.0,0.0,0.0,0.0,15.86,2.9,0.0
20230708:0302,0.0,0.0,0.0,0.0,0.0,15.49,2.07,0.0
20230708:0402,0.0,0.0,0.0,0.0,0.0,16.49,1.93,0.0
20230708:0502,0.0,0.0,0.0,0.0,0.0,16.34,1.66,0.0
20230708:0602,151.35,0.0,50.82,0.76,8.74,16.03,1.31,0.0
20230708:0702,418.9,0.0,115.92,1.74,18.54,16.71,1.24,0.0
20230708:0802,518.75,4.95,137.84,4.31,26.62,18.24,1.72,0.0
20230708:0902,318.25,41.03,74.23,6.43,32.25,18.78,2.07,0.0
20230708:1002,335.65,57.83,67.52,7.03,34.65,19.32,4.0,0.0
20230708:1102,271.2,53.39,55.77,6.9,33.42,19.14,4.55,0.0
20230708:1202,192.9,23.74,52.78,5.84,28.77,18.63,4.07,0.0
20230708:1302,249.55,0.0,75.79,1.14,21.4,18.68,4.07,0.0
20230708:1402,192.05,0.0,61.52,0.92,12.09,18.48,4.34,0.0
20230708:1502,0.0,0.0,0.0,0.0,0.0,18.31,5.1,0.0
20230708:1602,0.0,0.0,0.0,0.0,0.0,18.13,6.9,0.0
20230708:1702,0.0,0.0,0.0,0.0,0.0,16.92,7.31,0.0
20230708:1802,0.0,0.0,0.0,0.0,0.0,16.1,6.97,0.0
20230708:1902,0.0,0.0,0.0,0.0,0.0,15.55,7.03,0.0
20230708:2002,0.0,0.0,0.0,0.0,0.0,15.02,7.17,0.0
20230708:2102,0.0,0.0,0.0,0.0,0.0,14.58,7.03,0.0
20230708:2202,0.0,0.0,0.0,0.0,0.0,13.3,6.76,0.0
20230708:2302,0.0,0.0,0.0,0.0,0.0,13.13,6.55,0.0
20230709:0002,0.0,0.0,0.0,0.0,0.0,13.22,7.03,0.0
20230709:0102,0.0,0.0,0.0,0.0,0.0,13.37,7.79,0.0
20230709:0202,0.0,0.0,0.0,0.0,0.0,13.22,8.21,0.0
20230709:0302,0.0,0.0,0.0,0.0,0.0,12.84,8.07,0.0
20230709:0402,0.0,0.0,0.0,0.0,0.0,12.63,7.72,0.0
20230709:0502,0.0,0.0,0.0,0.0,0.0,12.25,7.72,0.0
20230709:0602,98.85,0.0,36.56,0.55,8.79,12.36,7.86,0.0
20230709:0702,208.6,0.0,64.2,0.96,18.6,13.19,7.52,0.0
20230709:0802,155.25,12.65,45.86,5.49,26.7,14.05,8.48,0.0
20230709:0902,276.0,46.63,59.62,6.69,32.35,14.76,8.97,0.0
20230709:1002,321.3,62.89,59.3,7.25,34.77,15.18,10.14,0.0
20230709:1102,841.4,17.54,202.36,5.1,33.54,15.86,11.17,0.0
20230709:1202,208.05,25.26,54.99,5.92,28.89,15.63,11.31,0.0
20230709:1302,407.0,0.0,111.46,1.67,21.51,15.08,10.48,0.0
20230709:1402,241.35,0.0,72.22,1.09,12.19,13.95,10.07,0.0
20230709:1502,0.0,0.0,0.89,0.01,1.56,12.92,9.79,0.0
20230709:1602,0.0,0.0,0.0,0.0,0.0,12.41,8.97,0.0
20230709:1702,0.0,0.0,0.0,0.0,0.0,12.25,8.28,0.0
20230709:1802,0.0,0.0,0.0,0.0,0.0,11.85,7.52,0.0
20230709:1902,0.0,0.0,0.0,0.0,0.0,11.52,7.45,0.0
20230709:2002,0.0,0.0,0.0,0.0,0.0,11.12,7.66,0.0
20230709:2102,0.0,0.0,0.0,0.0,0.0,10.98,7.79,0.0
20230709:2202,0.0,0.0,0.0,0.0,0.0,10.6,7.45,0.0
20230709:2302,0.0,0.0,0.0,0.0,0.0,10.66,7.24,0.0
20230710:0002,0.0,0.0,0.0,0.0,0.0,10.77,7.45,0.0
20230710:0102,0.0,0.0,0.0,0.0,0.0,10.66,7.52,0.0
20230710:0202,0.0,0.0,0.0,0.0,0.0,10.58,7.38,0.0
20230710:0302,0.0,0.0,0.0,0.0,0.0,10.81,7.17,0.0
20230710:0402,0.0,0.0,0.0,0.0,0.0,10.78,6.76,0.0
20230710:0502,0.0,0.0,0.0,0.0,0.0,10.94,6.48,0.0
20230710:0602,66.4,0.0,27.64,0.42,8.84,10.88,5.93,0.0
20230710:0702,428.95,0.0,115.02,1.73,18.67,11.33,5.79,0.0
20230710:0802,663.5,3.6,166.84,3.8,26.79,11.88,5.93,0.0
20230710:0902,785.2,17.35,188.4,5.05,32.45,12.76,5.93,0.0
20230710:1002,504.25,49.45,107.38,6.7,34.89,13.41,6.28,0.0
20230710:1102,532.95,39.14,121.03,6.27,33.67,14.55,6.97,0.0
20230710:1202,586.05,0.16,152.57,2.22,29.01,14.7,7.24,0.0
20230710:1302,542.45,0.0,142.67,2.14,21.63,14.81,7.1,0.0
20230710:1402,174.55,0.0,56.17,0.84,12.3,14.48,6.9,0.0
20230710:1502,0.0,0.0,0.89,0.01,1.66,13.98,6.62,0.0
20230710:1602,0.0,0.0,0.0,0.0,0.0,13.69,6.48,0.0
20230710:1702,0.0,0.0,0.0,0.0,0.0,13.54,6.28,0.0
20230710:1802,0.0,0.0,0.0,0.0,0.0,13.08,6.41,0.0
20230710:1902,0.0,0.0,0.0,0.0,0.0,13.11,6.62,0.0
20230710:2002,0.0,0.0,0.0,0.0,0.0,12.94,6.69,0.0
20230710:2102,0.0,0.0,0.0,0.0,0.0,13.05,6.69,0.0
20230710:2202,0.0,0.0,0.0,0.0,0.0,12.36,6.41,0.0
20230710:2302,0.0,0.0,0.0,0.0,0.0,12.41,6.28,0.0
20230711:0002,0.0,0.0,0.0,0.0,0.0,12.53,6.14,0.0
20230711:0102,0.0,0.0,0.0,0.0,0.0,12.41,6.0,0.0
20230711:0202,0.0,0.0,0.0,0.0,0.0,12.46,6.14,0.0
20230711:0302,0.0,0.0,0.0,0.0,0.0,12.32,6.28,0.0
20230711:0402,0.0,0.0,0.0,0.0,0.0,12.26,6.34,0.0
20230711:0502,0.0,0.0,0.0,0.0,0.0,12.47,6.28,0.0
20230711:0602,102.1,0.0,37.45,0.56,8.9,12.63,6.28,0.0
20230711:0702,429.0,0.0,115.92,1.74,18.75,13.24,6.21,0.0
20230711:0802,189.8,14.48,54.26,5.39,26.88,14.72,6.41,0.0
20230711:0902,728.85,20.78,176.31,5.24,32.57,15.91,6.62,0.0
20230711:1002,296.7,68.5,50.72,7.3,35.01,17.4,6.48,0.0
20230711:1102,251.25,62.16,45.18,7.11,33.8,17.98,5.93,0.0
20230711:1202,162.9,30.78,42.27,6.08,29.14,18.24,5.52,0.0
20230711:1302,206.6,0.0,65.09,0.98,21.75,18.33,4.97,0.0
20230711:1402,143.45,0.0,49.04,0.74,12.41,17.71,4.21,0.0
20230711:1502,0.0,0.0,2.67,0.04,1.77,16.35,3.59,0.0
20230711:1602,0.0,0.0,0.0,0.0,0.0,14.48,3.31,0.0
20230711:1702,0.0,0.0,0.0,0.0,0.0,13.46,3.03,0.0
20230711:1802,0.0,0.0,0.0,0.0,0.0,13.62,2.9,0.0
20230711:1902,0.0,0.0,0.0,0.0,0.0,13.67,2.9,0.0
20230711:2002,0.0,0.0,0.0,0.0,0.0,13.61,2.97,0.0
20230711:2102,0.0,0.0,0.0,0.0,0.0,13.84,2.9,0.0
20230711:2202,0.0,0.0,0.0,0.0,0.0,13.23,3.1,0.0
20230711:2302,0.0,0.0,0.0,0.0,0.0,12.95,2.97,0.0
20230712:0002,0.0,0.0,0.0,0.0,0.0,12.33,3.03,0.0
20230712:0102,0.0,0.0,0.0,0.0,0.0,11.93,3.03,0.0
20230712:0202,0.0,0.0,0.0,0.0,0.0,11.53,3.03,0.0
20230712:0302,0.0,0.0,0.0,0.0,0.0,11.26,2.97,0.0
20230712:0402,0.0,0.0,0.0,0.0,0.0,11.01,2.9,0.0
20230712:0502,0.0,0.0,0.0,0.0,0.0,10.69,2.83,0.0
20230712:0602,99.45,0.0,36.56,0.55,8.97,10.94,2.97,0.0
20230712:0702,201.5,0.0,62.42,0.94,18.83,12.37,2.62,0.0
20230712:0802,133.45,17.96,39.21,5.65,26.99,15.14,1.93,0.0
20230712:0902,226.5,56.57,43.38,6.95,32.69,17.37,0.9,0.0
20230712:1002,280.35,73.53,44.86,7.49,35.15,19.33,0.14,0.0
20230712:1102,253.1,65.13,44.66,7.23,33.94,20.11,1.03,0.0
20230712:1202,153.5,33.69,39.18,6.22,29.28,20.47,1.38,0.0
20230712:1302,193.35,0.0,62.42,0.94,21.87,20.26,1.45,0.0
20230712:1402,124.6,0.0,44.58,0.67,12.53,19.77,1.31,0.0
20230712:1502,0.0,0.0,3.57,0.05,1.87,16.85,2.28,0.0
20230712:1602,0.0,0.0,0.0,0.0,0.0,14.88,2.28,0.0
20230712:1702,0.0,0.0,0.0,0.0,0.0,13.44,2.14,0.0
20230712:1802,0.0,0.0,0.0,0.0,0.0,13.12,2.0,0.0
20230712:1902,0.0,0.0,0.0,0.0,0.0,13.31,1.79,0.0
20230712:2002,0.0,0.0,0.0,0.0,0.0,13.92,2.21,0.0
20230712:2102,0.0,0.0,0.0,0.0,0.0,13.95,2.62,0.0
20230712:2202,0.0,0.0,0.0,0.0,0.0,13.65,2.9,0.0
20230712:2302,0.0,0.0,0.0,0.0,0.0,13.5,3.03,0.0
20230713:0002,0.0,0.0,0.0,0.0,0.0,13.5,3.03,0.0
20230713:0102,0.0,0.0,0.0,0.0,0.0,12.97,3.03,0.0
20230713:0202,0.0,0.0,0.0,0.0,0.0,12.68,2.97,0.0
20230713:0302,0.0,0.0,0.0,0.0,0.0,12.49,2.9,0.0
20230713:0402,0.0,0.0,0.0,0.0,0.0,12.5,2.83,0.0
20230713:0502,0.0,0.0,0.0,0.0,0.0,12.59,2.76,0.0
20230713:0602,98.45,0.0,36.56,0.55,9.04,12.82,2.9,0.0
20230713:0702,195.85,0.0,61.52,0.92,18.92,14.43,2.83,0.0
20230713:0802,131.45,19.99,38.28,5.73,27.09,16.44,2.41,0.0
20230713:0902,237.65,58.39,45.12,7.01,32.81,18.65,1.86,0.0
20230713:1002,287.55,76.55,44.47,7.6,35.29,19.79,1.24,0.0
20230713:1102,257.5,68.07,43.77,7.33,34.08,20.15,1.17,0.0
20230713:1202,149.85,36.71,36.8,6.35,29.41,20.07,1.52,0.0
20230713:1302,218.8,0.0,68.66,1.03,22.0,19.81,2.0,0.0
20230713:1402,132.0,0.0,46.37,0.7,12.65,19.03,2.21,0.0
20230713:1502,0.0,0.0,3.57,0.05,1.98,17.89,2.28,0.0
20230713:1602,0.0,0.0,0.0,0.0,0.0,15.79,2.34,0.0
20230713:1702,0.0,0.0,0.0,0.0,0.0,15.13,2.41,0.0
20230713:1802,0.0,0.0,0.0,0.0,0.0,14.92,2.48,0.0
20230713:1902,0.0,0.0,0.0,0.0,0.0,14.67,2.62,0.0
20230713:2002,0.0,0.0,0.0,0.0,0.0,14.7,2.9,0.0
20230713:2102,0.0,0.0,0.0,0.0,0.0,14.79,3.03,0.0
20230713:2202,0.0,0.0,0.0,0.0,0.0,14.18,2.83,0.0
20230713:2302,0.0,0.0,0.0,0.0,0.0,14.49,2.83,0.0
20230714:0002,0.0,0.0,0.0,0.0,0.0,14.47,2.97,0.0
20230714:0102,0.0,0.0,0.0,0.0,0.0,14.28,2.97,0.0
20230714:0202,0.0,0.0,0.0,0.0,0.0,13.11,2.97,0.0
20230714:0302,0.0,0.0,0.0,0.0,0.0,12.72,2.97,0.0
20230714:0402,0.0,0.0,0.0,0.0,0.0,13.0,3.1,0.0
20230714:0502,0.0,0.0,0.0,0.0,0.0,12.64,3.31,0.0
20230714:0602,115.4,0.0,41.02,0.62,9.11,13.12,3.79,0.0
20230714:0702,218.35,0.0,66.87,1.0,19.01,14.03,3.93,0.0
20230714:0802,158.7,20.71,45.02,5.64,27.2,16.69,4.28,0.0
20230714:0902,276.45,57.08,54.54,6.89,32.94,18.66,5.24,0.0
20230714:1002,334.9,73.27,57.22,7.42,35.43,21.02,5.24,0.0
20230714:1102,314.45,64.28,59.43,7.13,34.23,22.02,4.97,0.0
20230714:1202,326.65,28.46,84.19,5.77,29.56,22.13,4.69,0.0
20230714:1302,249.7,0.0,76.68,1.15,22.14,21.51,4.76,0.0
20230714:1402,158.45,0.0,53.5,0.8,12.77,20.74,5.03,0.0
20230714:1502,0.0,0.0,5.35,0.08,2.09,18.85,4.76,0.0
20230714:1602,0.0,0.0,0.0,0.0,0.0,17.94,4.21,0.0
20230714:1702,0.0,0.0,0.0,0.0,0.0,17.08,3.66,0.0
20230714:1802,0.0,0.0,0.0,0.0,0.0,16.15,3.24,0.0
20230714:1902,0.0,0.0,0.0,0.0,0.0,15.82,2.9,0.0
20230714:2002,0.0,0.0,0.0,0.0,0.0,15.68,2.83,0.0
20230714:2102,0.0,0.0,0.0,0.0,0.0,15.6,2.97,0.0
20230714:2202,0.0,0.0,0.0,0.0,0.0,15.27,3.1,0.0
20230714:2302,0.0,0.0,0.0,0.0,0.0,14.99,3.66,0.0
20230715:0002,0.0,0.0,0.0,0.0,0.0,15.49,4.28,0.0
20230715:0102,0.0,0.0,0.0,0.0,0.0,16.45,4.76,0.0
20230715:0202,0.0,0.0,0.0,0.0,0.0,17.51,5.03,0.0
20230715:0302,0.0,0.0,0.0,0.0,0.0,17.69,5.03,0.0
20230715:0402,0.0,0.0,0.0,0.0,0.0,17.29,5.31,0.0
20230715:0502,0.0,0.0,0.0,0.0,0.0,17.18,5.66,0.0
20230715:0602,140.2,0.0,48.15,0.72,9.2,17.54,6.41,0.0
20230715:0702,264.7,0.0,79.36,1.19,19.11,18.65,7.03,0.0
20230715:0802,289.4,17.74,79.17,5.28,27.32,20.21,7.24,0.0
20230715:0902,872.9,5.74,222.03,3.86,33.08,21.71,6.34,0.0
20230715:1002,797.4,31.8,191.35,5.85,35.58,23.7,5.45,0.0
20230715:1102,306.25,67.44,56.2,7.18,34.39,24.42,4.55,0.0
20230715:1202,428.1,24.78,111.58,5.48,29.71,25.11,4.0,0.0
20230715:1302,259.05,0.0,80.25,1.21,22.27,25.03,2.97,0.0
20230715:1402,257.15,0.0,79.36,1.19,12.89,23.59,2.21,0.0
20230715:1502,1.0,0.0,6.24,0.09,2.2,20.39,2.21,0.0
20230715:1602,0.0,0.0,0.0,0.0,0.0,19.17,1.72,0.0
20230715:1702,0.0,0.0,0.0,0.0,0.0,17.6,1.52,0.0
20230715:1802,0.0,0.0,0.0,0.0,0.0,16.41,1.38,0.0
20230715:1902,0.0,0.0,0.0,0.0,0.0,15.89,1.52,0.0
20230715:2002,0.0,0.0,0.0,0.0,0.0,16.01,1.79,0.0
20230715:2102,0.0,0.0,0.0,0.0,0.0,15.98,2.41,0.0
20230715:2202,0.0,0.0,0.0,0.0,0.0,16.48,3.45,0.0
20230715:2302,0.0,0.0,0.0,0.0,0.0,16.57,3.66,0.0
20230716:0002,0.0,0.0,0.0,0.0,0.0,15.82,3.72,0.0
20230716:0102,0.0,0.0,0.0,0.0,0.0,15.79,3.86,0.0
20230716:0202,0.0,0.0,0.0,0.0,0.0,15.32,3.79,0.0
20230716:0302,0.0,0.0,0.0,0.0,0.0,14.79,3.66,0.0
20230716:0402,0.0,0.0,0.0,0.0,0.0,15.0,3.45,0.0
20230716:0502,0.0,0.0,0.0,0.0,0.0,14.75,3.38,0.0
20230716:0602,104.25,0.0,38.34,0.58,9.28,14.69,3.38,0.0
20230716:0702,201.25,0.0,63.31,0.95,19.21,16.28,2.97,0.0
20230716:0802,154.1,24.69,43.01,5.68,27.45,19.31,2.55,0.0
20230716:0902,258.85,63.25,47.22,6.97,33.23,20.97,2.55,0.0
20230716:1002,320.6,80.3,49.22,7.52,35.74,21.89,3.24,0.0
20230716:1102,283.85,73.16,46.38,7.3,34.55,22.13,3.31,0.0
20230716:1202,177.2,41.68,41.45,6.3,29.86,22.32,3.17,0.0
20230716:1302,199.05,0.0,64.2,0.96,22.41,21.9,2.97,0.0
20230716:1402,130.75,0.0,46.37,0.7,13.02,20.84,2.55,0.0
20230716:1502,1.05,0.0,6.24,0.09,2.32,17.85,2.34,0.0
20230716:1602,0.0,0.0,0.0,0.0,0.0,16.72,1.31,0.0
20230716:1702,0.0,0.0,0.0,0.0,0.0,15.99,0.21,0.0
20230716:1802,0.0,0.0,0.0,0.0,0.0,13.9,1.31,0.0
20230716:1902,0.0,0.0,0.0,0.0,0.0,13.52,1.66,0.0
20230716:2002,0.0,0.0,0.0,0.0,0.0,13.47,1.72,0.0
20230716:2102,0.0,0.0,0.0,0.0,0.0,13.47,1.79,0.0
20230716:2202,0.0,0.0,0.0,0.0,0.0,13.42,1.86,0.0
20230716:2302,0.0,0.0,0.0,0.0,0.0,13.42,2.07,0.0
20230717:0002,0.0,0.0,0.0,0.0,0.0,13.6,2.28,0.0
20230717:0102,0.0,0.0,0.0,0.0,0.0,13.49,2.76,0.0
20230717:0202,0.0,0.0,0.0,0.0,0.0,12.99,3.24,0.0
20230717:0302,0.0,0.0,0.0,0.0,0.0,13.33,3.72,0.0
20230717:0402,0.0,0.0,0.0,0.0,0.0,13.8,4.07,0.0
20230717:0502,0.0,0.0,0.0,0.0,0.0,14.18,4.21,0.0
20230717:0602,100.45,0.0,37.45,0.56,9.37,15.5,4.28,0.0
20230717:0702,193.4,0.0,61.52,0.92,19.32,17.09,4.0,0.0
20230717:0802,143.95,27.58,39.47,5.79,27.58,20.37,3.31,0.0
20230717:0902,265.4,65.63,47.86,7.02,33.38,23.23,2.34,0.0
20230717:1002,324.1,82.96,49.26,7.57,35.91,24.78,1.59,0.0
20230717:1102,293.1,74.83,48.54,7.32,34.71,25.23,0.76,0.0
20230717:1202,179.35,44.17,41.49,6.35,30.02,25.56,1.1,0.0
20230717:1302,494.75,0.0,138.21,2.08,22.56,24.49,1.72,0.0
20230717:1402,132.7,0.0,47.26,0.71,13.15,22.89,2.28,0.0
20230717:1502,2.75,0.0,7.13,0.11,2.43,20.1,2.07,0.0
20230717:1602,0.0,0.0,0.0,0.0,0.0,17.59,2.28,0.0
20230717:1702,0.0,0.0,0.0,0.0,0.0,16.75,2.21,0.0
20230717:1802,0.0,0.0,0.0,0.0,0.0,18.51,1.17,0.0
20230717:1902,0.0,0.0,0.0,0.0,0.0,18.87,0.14,0.0
20230717:2002,0.0,0.0,0.0,0.0,0.0,17.75,0.34,0.0
20230717:2102,0.0,0.0,0.0,0.0,0.0,15.73,0.76,0.0
20230717:2202,0.0,0.0,0.0,0.0,0.0,14.65,1.24,0.0
20230717:2302,0.0,0.0,0.0,0.0,0.0,14.57,1.45,0.0
20230718:0002,0.0,0.0,0.0,0.0,0.0,14.28,1.93,0.0
20230718:0102,0.0,0.0,0.0,0.0,0.0,14.15,2.14,0.0
20230718:0202,0.0,0.0,0.0,0.0,0.0,13.92,2.41,0.0
20230718:0302,0.0,0.0,0.0,0.0,0.0,14.12,2.83,0.0
20230718:0402,0.0,0.0,0.0,0.0,0.0,14.26,3.31,0.0
20230718:0502,0.0,0.0,0.0,0.0,0.0,15.16,3.86,0.0
20230718:0602,113.05,0.0,41.02,0.62,9.47,17.04,4.62,0.0
20230718:0702,204.85,0.0,65.09,0.98,19.44,20.07,5.38,0.0
20230718:0802,165.0,28.48,44.94,5.71,27.72,22.98,6.07,0.0
20230718:0902,278.9,67.0,50.26,7.01,33.53,24.84,5.72,0.0
20230718:1002,339.2,84.09,52.27,7.56,36.08,27.04,4.48,0.0
20230718:1102,305.3,76.19,50.95,7.3,34.88,27.72,2.28,0.0
20230718:1202,199.8,44.73,46.9,6.27,30.18,28.39,1.24,0.0
20230718:1302,221.8,0.0,71.33,1.07,22.71,26.55,2.07,0.0
20230718:1402,148.5,0.0,51.72,0.78,13.28,24.34,2.9,0.0
20230718:1502,2.65,0.0,7.13,0.11,2.55,21.77,3.79,0.0
20230718:1602,0.0,0.0,0.0,0.0,0.0,20.22,4.41,0.0
20230718:1702,0.0,0.0,0.0,0.0,0.0,18.94,4.07,0.0
20230718:1802,0.0,0.0,0.0,0.0,0.0,18.32,3.66,0.0
20230718:1902,0.0,0.0,0.0,0.0,0.0,18.07,3.79,0.0
20230718:2002,0.0,0.0,0.0,0.0,0.0,17.9,4.14,0.0
20230718:2102,0.0,0.0,0.0,0.0,0.0,17.79,5.17,0.0
20230718:2202,0.0,0.0,0.0,0.0,0.0,17.64,5.93,0.0
20230718:2302,0.0,0.0,0.0,0.0,0.0,17.13,6.76,0.0
20230719:0002,0.0,0.0,0.0,0.0,0.0,16.67,7.24,0.0
20230719:0102,0.0,0.0,0.0,0.0,0.0,16.16,7.38,0.0
20230719:0202,0.0,0.0,0.0,0.0,0.0,15.39,7.79,0.0
20230719:0302,0.0,0.0,0.0,0.0,0.0,15.12,8.48,0.0
20230719:0402,0.0,0.0,0.0,0.0,0.0,15.03,8.48,0.0
20230719:0502,0.0,0.0,0.0,0.0,0.0,14.87,8.28,0.0
20230719:0602,107.55,0.0,39.23,0.59,9.57,15.14,8.14,0.0
20230719:0702,199.45,0.0,62.42,0.94,19.56,15.05,8.48,0.0
20230719:0802,161.85,31.9,41.04,5.85,27.86,15.42,9.52,0.0
20230719:0902,291.5,71.13,47.34,7.13,33.7,16.0,9.66,0.0
20230719:1002,360.35,88.74,49.31,7.69,36.25,16.65,8.62,0.0
20230719:1102,471.55,64.47,91.11,6.95,35.06,16.87,8.9,0.0
20230719:1202,242.55,45.82,53.05,6.28,30.35,16.6,10.0,0.0
20230719:1302,455.6,0.0,123.05,1.85,22.86,15.77,9.79,0.0
20230719:1402,262.6,0.0,77.57,1.17,13.42,14.85,9.59,0.0
20230719:1502,0.0,0.0,1.78,0.03,2.67,13.57,8.62,0.0
20230719:1602,0.0,0.0,0.0,0.0,0.0,13.15,7.86,0.0
20230719:1702,0.0,0.0,0.0,0.0,0.0,12.5,6.97,0.0
20230719:1802,0.0,0.0,0.0,0.0,0.0,12.41,6.28,0.0
20230719:1902,0.0,0.0,0.0,0.0,0.0,12.26,5.72,0.0
20230719:2002,0.0,0.0,0.0,0.0,0.0,12.01,5.86,0.0
20230719:2102,0.0,0.0,0.0,0.0,0.0,12.03,6.14,0.0
20230719:2202,0.0,0.0,0.0,0.0,0.0,11.03,6.21,0.0
20230719:2302,0.0,0.0,0.0,0.0,0.0,11.02,6.28,0.0
20230720:0002,0.0,0.0,0.0,0.0,0.0,11.04,6.41,0.0
20230720:0102,0.0,0.0,0.0,0.0,0.0,11.16,6.55,0.0
20230720:0202,0.0,0.0,0.0,0.0,0.0,10.73,6.62,0.0
20230720:0302,0.0,0.0,0.0,0.0,0.0,10.59,6.69,0.0
20230720:0402,0.0,0.0,0.0,0.0,0.0,10.49,6.41,0.0
20230720:0502,0.0,0.0,0.0,0.0,0.0,10.53,6.14,0.0
20230720:0602,102.6,0.0,37.45,0.56,9.68,11.59,5.66,0.0
20230720:0702,490.6,0.0,129.29,1.94,19.69,11.7,5.24,0.0
20230720:0802,690.05,1.35,175.02,2.75,28.01,13.03,4.69,0.0
20230720:0902,604.6,0.0,156.67,2.25,33.87,13.81,4.69,0.0
20230720:1002,1024.05,17.27,241.62,4.98,36.44,13.58,4.69,0.0
20230720:1102,866.85,1.97,215.15,3.27,35.24,13.64,4.62,0.0
20230720:1202,301.9,0.0,86.73,1.25,30.52,13.65,4.41,0.0
20230720:1302,396.15,0.01,108.93,1.58,23.01,13.97,3.86,0.0
20230720:1402,182.0,0.0,57.96,0.87,13.55,13.83,3.17,0.0
20230720:1502,0.0,0.0,2.67,0.04,2.79,13.04,2.0,0.0
20230720:1602,0.0,0.0,0.0,0.0,0.0,11.41,2.55,0.0
20230720:1702,0.0,0.0,0.0,0.0,0.0,10.95,2.69,0.0
20230720:1802,0.0,0.0,0.0,0.0,0.0,11.26,2.55,0.0
20230720:1902,0.0,0.0,0.0,0.0,0.0,11.13,3.17,0.0
20230720:2002,0.0,0.0,0.0,0.0,0.0,11.72,4.07,0.0
20230720:2102,0.0,0.0,0.0,0.0,0.0,11.7,4.55,0.0
20230720:2202,0.0,0.0,0.0,0.0,0.0,11.82,5.38,0.0
20230720:2302,0.0,0.0,0.0,0.0,0.0,11.85,5.93,0.0
20230721:0002,0.0,0.0,0.0,0.0,0.0,11.96,6.21,0.0
20230721:0102,0.0,0.0,0.0,0.0,0.0,11.88,6.14,0.0
20230721:0202,0.0,0.0,0.0,0.0,0.0,12.23,6.41,0.0
20230721:0302,0.0,0.0,0.0,0.0,0.0,12.81,6.55,0.0
20230721:0402,0.0,0.0,0.0,0.0,0.0,13.08,6.62,0.0
20230721:0502,0.0,0.0,0.0,0.0,0.0,13.34,6.76,0.0
20230721:0602,26.65,0.0,16.05,0.24,9.79,13.91,6.76,0.0
20230721:0702,396.5,0.0,108.78,1.63,19.82,14.17,7.17,0.0
20230721:0802,448.95,0.0,121.24,1.74,28.16,14.74,7.1,0.0
20230721:0902,878.65,3.77,217.4,3.48,34.04,15.04,7.17,0.0
20230721:1002,272.85,0.0,80.2,1.15,36.62,15.06,7.1,0.0
20230721:1102,568.95,0.0,149.21,2.14,35.43,15.47,7.17,0.0
20230721:1202,731.5,1.49,186.14,2.85,30.69,16.05,7.03,0.0
20230721:1302,545.95,0.95,143.43,3.22,23.17,16.19,6.76,0.0
20230721:1402,223.75,0.0,68.66,1.03,13.69,16.09,6.62,0.0
20230721:1502,1.15,0.0,6.24,0.09,2.92,15.78,6.9,0.0
20230721:1602,0.0,0.0,0.0,0.0,0.0,15.66,7.03,0.0
20230721:1702,0.0,0.0,0.0,0.0,0.0,15.25,6.69,0.0
20230721:1802,0.0,0.0,0.0,0.0,0.0,14.92,6.14,0.0
20230721:1902,0.0,0.0,0.0,0.0,0.0,14.69,5.45,0.0
20230721:2002,0.0,0.0,0.0,0.0,0.0,14.48,4.69,0.0
20230721:2102,0.0,0.0,0.0,0.0,0.0,14.46,4.07,0.0
20230721:2202,0.0,0.0,0.0,0.0,0.0,13.68,3.59,0.0
20230721:2302,0.0,0.0,0.0,0.0,0.0,13.53,3.38,0.0
20230722:0002,0.0,0.0,0.0,0.0,0.0,14.52,3.17,0.0
20230722:0102,0.0,0.0,0.0,0.0,0.0,14.26,3.52,0.0
20230722:0202,0.0,0.0,0.0,0.0,0.0,14.77,3.93,0.0
20230722:0302,0.0,0.0,0.0,0.0,0.0,15.31,4.07,0.0
20230722:0402,0.0,0.0,0.0,0.0,0.0,15.83,4.28,0.0
20230722:0502,0.0,0.0,0.0,0.0,0.0,16.57,4.28,0.0
20230722:0602,136.55,0.0,47.26,0.71,9.91,17.67,4.34,0.0
20230722:0702,304.2,0.0,89.17,1.34,19.96,19.03,4.41,0.0
20230722:0802,240.9,34.41,60.47,5.69,28.32,21.27,4.28,0.0
20230722:0902,687.1,39.74,160.42,5.94,34.22,22.77,3.59,0.0
20230722:1002,541.25,74.1,103.45,7.18,36.82,24.82,4.14,0.0
20230722:1102,544.4,63.77,112.18,6.83,35.62,24.62,3.45,0.0
20230722:1202,769.3,12.44,198.54,4.33,30.87,24.61,2.62,0.0
20230722:1302,349.85,3.52,100.27,4.05,23.33,24.22,2.14,0.0
20230722:1402,236.85,0.0,74.01,1.11,13.84,22.8,2.41,0.0
20230722:1502,0.0,0.0,3.57,0.05,3.04,20.8,2.83,0.0
20230722:1602,0.0,0.0,0.0,0.0,0.0,19.81,3.24,0.0
20230722:1702,0.0,0.0,0.0,0.0,0.0,18.65,3.59,0.0
20230722:1802,0.0,0.0,0.0,0.0,0.0,18.82,3.93,0.0
20230722:1902,0.0,0.0,0.0,0.0,0.0,18.42,4.0,0.0
20230722:2002,0.0,0.0,0.0,0.0,0.0,18.03,3.79,0.0
20230722:2102,0.0,0.0,0.0,0.0,0.0,17.77,4.0,0.0
20230722:2202,0.0,0.0,0.0,0.0,0.0,17.12,4.21,0.0
20230722:2302,0.0,0.0,0.0,0.0,0.0,16.4,3.86,0.0
20230723:0002,0.0,0.0,0.0,0.0,0.0,16.12,3.66,0.0
20230723:0102,0.0,0.0,0.0,0.0,0.0,15.82,3.79,0.0
20230723:0202,0.0,0.0,0.0,0.0,0.0,15.4,3.86,0.0
20230723:0302,0.0,0.0,0.0,0.0,0.0,15.33,3.86,0.0
20230723:0402,0.0,0.0,0.0,0.0,0.0,15.19,4.21,0.0
20230723:0502,0.0,0.0,0.0,0.0,0.0,15.31,4.28,0.0
20230723:0602,177.15,0.0,57.07,0.86,10.03,15.33,4.41,0.0
20230723:0702,427.8,0.0,116.81,1.76,20.1,15.33,4.48,0.0
20230723:0802,690.35,1.72,177.69,2.8,28.49,16.65,4.55,0.0
20230723:0902,929.15,8.55,229.42,4.07,34.41,17.25,4.34,0.0
20230723:1002,998.2,21.22,237.82,5.13,37.02,17.91,4.21,0.0
20230723:1102,692.55,52.26,148.71,6.4,35.82,18.2,4.28,0.0
20230723:1202,298.65,52.73,62.12,6.27,31.06,18.29,4.21,0.0
20230723:1302,138.0,8.17,43.79,4.69,23.49,18.45,4.55,0.0
20230723:1402,160.85,0.0,53.5,0.8,13.98,17.84,5.31,0.0
20230723:1502,18.35,0.0,13.37,0.2,3.17,16.93,5.45,0.0
20230723:1602,0.0,0.0,0.0,0.0,0.0,16.55,5.31,0.0
20230723:1702,0.0,0.0,0.0,0.0,0.0,15.68,5.17,0.0
20230723:1802,0.0,0.0,0.0,0.0,0.0,15.27,5.1,0.0
20230723:1902,0.0,0.0,0.0,0.0,0.0,14.79,5.38,0.0
20230723:2002,0.0,0.0,0.0,0.0,0.0,14.32,5.86,0.0
20230723:2102,0.0,0.0,0.0,0.0,0.0,14.2,6.28,0.0
20230723:2202,0.0,0.0,0.0,0.0,0.0,13.83,6.21,0.0
20230723:2302,0.0,0.0,0.0,0.0,0.0,13.59,6.48,0.0
20230724:0002,0.0,0.0,0.0,0.0,0.0,13.46,6.62,0.0
20230724:0102,0.0,0.0,0.0,0.0,0.0,13.27,7.03,0.0
20230724:0202,0.0,0.0,0.0,0.0,0.0,12.93,7.17,0.0
20230724:0302,0.0,0.0,0.0,0.0,0.0,12.69,7.17,0.0
20230724:0402,0.0,0.0,0.0,0.0,0.0,12.42,7.17,0.0
20230724:0502,0.0,0.0,0.0,0.0,0.0,12.16,7.1,0.0
20230724:0602,105.5,0.0,38.34,0.58,10.16,12.59,6.9,0.0
20230724:0702,204.65,0.0,63.31,0.95,20.25,13.4,6.83,0.0
20230724:0802,192.3,45.2,41.64,6.1,28.66,15.33,7.03,0.0
20230724:0902,339.4,87.2,46.3,7.45,34.6,16.43,6.48,0.0
20230724:1002,418.95,104.47,49.84,7.97,37.22,17.77,5.93,0.0
20230724:1102,369.2,98.69,44.37,7.8,36.02,18.05,5.79,0.0
20230724:1202,246.6,63.46,43.6,6.7,31.24,18.03,5.52,0.0
20230724:1302,99.05,11.93,32.48,5.02,23.66,18.05,5.24,0.0
20230724:1402,140.15,0.0,48.15,0.72,14.13,17.52,5.17,0.0
20230724:1502,18.45,0.0,13.37,0.2,3.3,16.15,4.97,0.0
20230724:1602,0.0,0.0,0.0,0.0,0.0,15.03,4.97,0.0
20230724:1702,0.0,0.0,0.0,0.0,0.0,14.0,4.28,0.0
20230724:1802,0.0,0.0,0.0,0.0,0.0,12.02,2.97,0.0
20230724:1902,0.0,0.0,0.0,0.0,0.0,11.38,2.62,0.0
20230724:2002,0.0,0.0,0.0,0.0,0.0,11.05,2.41,0.0
20230724:2102,0.0,0.0,0.0,0.0,0.0,11.39,2.69,0.0
20230724:2202,0.0,0.0,0.0,0.0,0.0,11.37,3.38,0.0
20230724:2302,0.0,0.0,0.0,0.0,0.0,11.3,3.31,0.0
20230725:0002,0.0,0.0,0.0,0.0,0.0,10.51,2.9,0.0
20230725:0102,0.0,0.0,0.0,0.0,0.0,10.01,2.21,0.0
20230725:0202,0.0,0.0,0.0,0.0,0.0,9.49,2.14,0.0
20230725:0302,0.0,0.0,0.0,0.0,0.0,9.33,2.14,0.0
20230725:0402,0.0,0.0,0.0,0.0,0.0,9.0,2.14,0.0
20230725:0502,0.0,0.0,0.0,0.0,0.0,9.11,2.21,0.0
20230725:0602,113.4,0.0,40.12,0.6,10.3,10.5,2.48,0.0
20230725:0702,209.15,0.0,64.2,0.96,20.4,11.99,2.14,0.0
20230725:0802,196.85,48.7,40.86,6.19,28.84,15.04,1.86,0.0
20230725:0902,347.85,91.45,45.5,7.56,34.8,17.11,2.83,0.0
20230725:1002,423.0,110.4,46.9,8.13,37.43,18.89,3.31,0.0
20230725:1102,377.6,103.31,43.53,7.92,36.23,19.75,3.45,0.0
20230725:1202,244.8,68.21,40.78,6.83,31.43,20.12,3.86,0.0
20230725:1302,102.85,14.67,33.19,5.08,23.83,20.02,4.55,0.0
20230725:1402,142.45,0.0,49.04,0.74,14.27,19.1,4.9,0.0
20230725:1502,18.2,0.0,13.37,0.2,3.43,18.14,5.17,0.0
20230725:1602,0.0,0.0,0.0,0.0,0.0,16.79,5.03,0.0
20230725:1702,0.0,0.0,0.0,0.0,0.0,15.59,4.76,0.0
20230725:1802,0.0,0.0,0.0,0.0,0.0,15.36,4.48,0.0
20230725:1902,0.0,0.0,0.0,0.0,0.0,14.91,3.93,0.0
20230725:2002,0.0,0.0,0.0,0.0,0.0,14.45,3.52,0.0
20230725:2102,0.0,0.0,0.0,0.0,0.0,14.18,3.31,0.0
20230725:2202,0.0,0.0,0.0,0.0,0.0,12.8,3.1,0.0
20230725:2302,0.0,0.0,0.0,0.0,0.0,12.84,3.1,0.0
20230726:0002,0.0,0.0,0.0,0.0,0.0,12.45,3.38,0.0
20230726:0102,0.0,0.0,0.0,0.0,0.0,12.3,3.45,0.0
20230726:0202,0.0,0.0,0.0,0.0,0.0,12.57,3.52,0.0
20230726:0302,0.0,0.0,0.0,0.0,0.0,12.82,3.52,0.0
20230726:0402,0.0,0.0,0.0,0.0,0.0,13.09,3.66,0.0
20230726:0502,0.0,0.0,0.0,0.0,0.0,12.67,3.66,0.0
20230726:0602,160.45,0.0,52.61,0.79,10.43,13.9,3.72,0.0
20230726:0702,511.5,0.0,136.42,2.05,20.56,15.43,3.52,0.0
20230726:0802,623.8,20.24,155.94,4.72,29.02,19.08,3.03,0.0
20230726:0902,734.55,0.99,193.13,2.85,35.01,21.63,2.28,0.0
20230726:1002,631.55,0.0,170.66,2.45,37.65,23.67,2.28,0.0
20230726:1102,657.75,0.21,177.98,2.57,36.44,24.94,2.0,0.0
20230726:1202,520.3,0.0,144.55,2.08,31.63,24.71,2.0,0.0
20230726:1302,480.1,0.28,134.2,2.01,24.0,24.1,2.41,0.0
20230726:1402,276.8,0.0,83.82,1.26,14.42,22.34,2.34,0.0
20230726:1502,0.0,0.0,2.67,0.04,3.56,20.09,2.83,0.0
20230726:1602,0.0,0.0,0.0,0.0,0.0,19.64,2.55,0.0
20230726:1702,0.0,0.0,0.0,0.0,0.0,19.06,2.55,0.0
20230726:1802,0.0,0.0,0.0,0.0,0.0,17.26,2.55,0.0
20230726:1902,0.0,0.0,0.0,0.0,0.0,17.1,1.38,0.0
20230726:2002,0.0,0.0,0.0,0.0,0.0,17.02,3.17,0.0
20230726:2102,0.0,0.0,0.0,0.0,0.0,17.17,4.41,0.0
20230726:2202,0.0,0.0,0.0,0.0,0.0,17.33,5.93,0.0
20230726:2302,0.0,0.0,0.0,0.0,0.0,17.54,5.79,0.0
20230727:0002,0.0,0.0,0.0,0.0,0.0,17.61,5.03,0.0
20230727:0102,0.0,0.0,0.0,0.0,0.0,17.43,3.1,0.0
20230727:0202,0.0,0.0,0.0,0.0,0.0,16.8,1.38,0.0
20230727:0302,0.0,0.0,0.0,0.0,0.0,16.03,2.41,0.0
20230727:0402,0.0,0.0,0.0,0.0,0.0,15.86,1.93,0.0
20230727:0502,0.0,0.0,0.0,0.0,0.0,15.34,2.14,0.0
20230727:0602,127.6,0.0,44.58,0.67,10.58,15.51,2.83,0.0
20230727:0702,227.1,0.0,69.55,1.05,20.73,15.94,3.38,0.0
20230727:0802,248.0,49.21,52.46,5.92,29.21,17.24,4.48,0.0
20230727:0902,475.1,78.79,81.3,6.98,35.22,17.99,4.97,0.0
20230727:1002,500.3,102.23,68.4,7.69,37.87,19.33,4.76,0.0
20230727:1102,430.2,99.85,56.16,7.57,36.66,19.84,4.14,0.0
20230727:1202,278.5,70.26,46.24,6.65,31.83,19.6,3.66,0.0
20230727:1302,144.7,18.21,43.2,4.86,24.18,19.02,3.38,0.0
20230727:1402,163.5,0.0,54.39,0.82,14.58,18.59,2.9,0.0
20230727:1502,28.7,0.0,16.94,0.25,3.7,17.7,2.0,0.0
20230727:1602,0.0,0.0,0.0,0.0,0.0,17.71,2.0,0.0
20230727:1702,0.0,0.0,0.0,0.0,0.0,16.87,0.76,0.0
20230727:1802,0.0,0.0,0.0,0.0,0.0,14.3,1.24,0.0
20230727:1902,0.0,0.0,0.0,0.0,0.0,14.66,1.52,0.0
20230727:2002,0.0,0.0,0.0,0.0,0.0,13.94,2.21,0.0
20230727:2102,0.0,0.0,0.0,0.0,0.0,13.76,2.62,0.0
20230727:2202,0.0,0.0,0.0,0.0,0.0,14.5,2.83,0.0
20230727:2302,0.0,0.0,0.0,0.0,0.0,14.36,3.03,0.0
20230728:0002,0.0,0.0,0.0,0.0,0.0,14.24,2.97,0.0
20230728:0102,0.0,0.0,0.0,0.0,0.0,14.28,3.17,0.0
20230728:0202,0.0,0.0,0.0,0.0,0.0,14.07,3.31,0.0
20230728:0302,0.0,0.0,0.0,0.0,0.0,13.52,3.45,0.0
20230728:0402,0.0,0.0,0.0,0.0,0.0,13.39,3.59,0.0
20230728:0502,0.0,0.0,0.0,0.0,0.0,13.42,3.66,0.0
20230728:0602,118.3,0.0,41.91,0.63,10.73,14.0,3.72,0.0
20230728:0702,116.9,0.04,38.78,4.18,20.9,15.27,3.45,0.0
20230728:0802,250.3,53.86,50.83,6.11,29.41,18.86,2.97,0.0
20230728:0902,396.4,96.26,53.28,7.48,35.44,21.56,2.76,0.0
20230728:1002,467.75,114.71,54.66,8.04,38.1,24.56,3.1,0.0
20230728:1102,420.65,109.2,49.6,7.88,36.88,25.03,3.66,0.0
20230728:1202,298.2,72.84,50.55,6.74,32.03,24.5,4.55,0.0
20230728:1302,170.1,20.21,50.01,4.92,24.35,23.68,4.97,0.0
20230728:1402,170.4,0.0,57.07,0.86,14.73,22.95,5.1,0.0
20230728:1502,0.0,0.0,5.35,0.08,3.83,22.28,5.24,0.0
20230728:1602,0.0,0.0,0.0,0.0,0.0,21.96,5.52,0.0
20230728:1702,0.0,0.0,0.0,0.0,0.0,21.85,5.72,0.0
20230728:1802,0.0,0.0,0.0,0.0,0.0,22.32,5.45,0.0
20230728:1902,0.0,0.0,0.0,0.0,0.0,22.72,4.97,0.0
20230728:2002,0.0,0.0,0.0,0.0,0.0,23.08,4.62,0.0
20230728:2102,0.0,0.0,0.0,0.0,0.0,22.73,4.34,0.0
20230728:2202,0.0,0.0,0.0,0.0,0.0,22.78,4.21,0.0
20230728:2302,0.0,0.0,0.0,0.0,0.0,22.16,2.83,0.0
20230729:0002,0.0,0.0,0.0,0.0,0.0,19.88,3.86,0.0
20230729:0102,0.0,0.0,0.0,0.0,0.0,18.7,2.97,0.0
20230729:0202,0.0,0.0,0.0,0.0,0.0,18.6,3.66,0.0
20230729:0302,0.0,0.0,0.0,0.0,0.0,17.84,5.03,0.0
20230729:0402,0.0,0.0,0.0,0.0,0.0,17.61,4.9,0.0
20230729:0502,0.0,0.0,0.0,0.0,0.0,17.65,5.1,0.0
20230729:0602,186.0,0.0,59.74,0.9,10.88,17.52,6.07,0.0
20230729:0702,245.8,1.81,72.26,3.74,21.08,17.71,6.07,0.0
20230729:0802,483.2,36.47,113.33,5.33,29.61,18.14,5.79,0.0
20230729:0902,579.35,73.31,107.73,6.77,35.66,18.69,5.52,0.0
20230729:1002,766.35,0.7,197.26,2.88,38.33,19.04,5.52,0.0
20230729:1102,768.9,0.9,198.01,2.91,37.11,19.12,4.83,0.0
20230729:1202,111.5,0.0,41.03,0.59,32.23,19.64,5.03,0.0
20230729:1302,169.1,0.0,55.95,0.8,24.53,19.37,5.17,0.0
20230729:1402,157.25,0.0,52.61,0.79,14.89,17.79,3.86,0.0
20230729:1502,0.0,0.0,2.67,0.04,3.97,17.86,2.0,0.0
20230729:1602,0.0,0.0,0.0,0.0,0.0,17.71,0.48,0.0
20230729:1702,0.0,0.0,0.0,0.0,0.0,16.75,1.45,0.0
20230729:1802,0.0,0.0,0.0,0.0,0.0,16.4,4.41,0.0
20230729:1902,0.0,0.0,0.0,0.0,0.0,15.68,5.52,0.0
20230729:2002,0.0,0.0,0.0,0.0,0.0,15.08,4.41,0.0
20230729:2102,0.0,0.0,0.0,0.0,0.0,14.25,4.0,0.0
20230729:2202,0.0,0.0,0.0,0.0,0.0,14.11,4.9,0.0
20230729:2302,0.0,0.0,0.0,0.0,0.0,13.94,6.07,0.0
20230730:0002,0.0,0.0,0.0,0.0,0.0,13.84,7.24,0.0
20230730:0102,0.0,0.0,0.0,0.0,0.0,14.46,8.83,0.0
20230730:0202,0.0,0.0,0.0,0.0,0.0,14.61,10.48,0.0
20230730:0302,0.0,0.0,0.0,0.0,0.0,14.71,11.86,0.0
20230730:0402,0.0,0.0,0.0,0.0,0.0,14.46,13.24,0.0
20230730:0502,0.0,0.0,0.0,0.0,0.0,13.55,13.45,0.0
20230730:0602,223.35,0.0,67.77,1.02,11.04,13.52,12.0,0.0
20230730:0702,462.4,0.15,123.42,1.89,21.26,13.73,12.14,0.0
20230730:0802,288.15,59.33,54.08,6.19,29.81,14.33,12.62,0.0
20230730:0902,452.3,102.0,57.03,7.57,35.89,15.51,12.69,0.0
20230730:1002,729.35,87.87,125.4,7.42,38.57,16.63,12.28,0.0
20230730:1102,477.35,115.57,51.98,7.97,37.34,17.43,11.86,0.0
20230730:1202,367.25,75.58,60.9,6.75,32.44,17.77,11.72,0.0
20230730:1302,143.9,28.3,38.86,5.2,24.72,17.44,11.24,0.0
20230730:1402,147.9,0.0,49.93,0.75,15.04,16.76,9.79,0.0
20230730:1502,37.5,0.0,19.62,0.29,4.1,15.88,8.55,0.0
20230730:1602,0.0,0.0,0.0,0.0,0.0,15.39,7.59,0.0
20230730:1702,0.0,0.0,0.0,0.0,0.0,14.69,6.69,0.0
20230730:1802,0.0,0.0,0.0,0.0,0.0,14.58,6.0,0.0
20230730:1902,0.0,0.0,0.0,0.0,0.0,14.11,5.59,0.0
20230730:2002,0.0,0.0,0.0,0.0,0.0,13.61,5.38,0.0
20230730:2102,0.0,0.0,0.0,0.0,0.0,13.61,5.45,0.0
20230730:2202,0.0,0.0,0.0,0.0,0.0,13.53,6.48,0.0
20230730:2302,0.0,0.0,0.0,0.0,0.0,13.84,6.55,0.0
20230731:0002,0.0,0.0,0.0,0.0,0.0,14.02,6.34,0.0
20230731:0102,0.0,0.0,0.0,0.0,0.0,13.92,6.34,0.0
20230731:0202,0.0,0.0,0.0,0.0,0.0,13.96,6.34,0.0
20230731:0302,0.0,0.0,0.0,0.0,0.0,14.04,6.62,0.0
20230731:0402,0.0,0.0,0.0,0.0,0.0,13.89,7.1,0.0
20230731:0502,0.0,0.0,0.0,0.0,0.0,13.8,7.24,0.0
20230731:0602,114.8,0.0,41.02,0.62,11.21,14.35,7.52,0.0
20230731:0702,120.5,8.13,38.92,4.37,21.45,15.43,7.17,0.0
20230731:0802,270.45,66.21,46.64,6.39,30.03,17.02,8.97,0.0
20230731:0902,460.55,106.52,56.34,7.66,36.12,17.92,9.52,0.0
20230731:1002,545.9,125.21,58.28,8.24,38.81,18.61,10.0,0.0
20230731:1102,487.85,120.26,51.33,8.07,37.57,19.42,10.07,0.0
20230731:1202,326.5,87.42,44.31,7.07,32.65,19.24,10.0,0.0
20230731:1302,153.5,31.24,40.29,5.25,24.9,18.87,9.59,0.0
20230731:1402,140.0,0.0,48.15,0.72,15.2,18.0,8.76,0.0
20230731:1502,31.6,0.0,17.83,0.27,4.24,16.91,8.28,0.0
20230731:1602,0.0,0.0,0.0,0.0,0.0,16.3,7.38,0.0
20230731:1702,0.0,0.0,0.0,0.0,0.0,15.39,7.03,0.0
20230731:1802,0.0,0.0,0.0,0.0,0.0,14.76,7.17,0.0
20230731:1902,0.0,0.0,0.0,0.0,0.0,14.14,7.59,0.0
20230731:2002,0.0,0.0,0.0,0.0,0.0,13.74,7.93,0.0
20230731:2102,0.0,0.0,0.0,0.0,0.0,13.74,8.21,0.0
20230731:2202,0.0,0.0,0.0,0.0,0.0,13.67,7.72,0.0
20230731:2302,0.0,0.0,0.0,0.0,0.0,13.53,7.45,0.0
20230801:0002,0.0,0.0,0.0,0.0,0.0,13.43,7.52,0.0
20230801:0102,0.0,0.0,0.0,0.0,0.0,13.36,7.66,0.0
20230801:0202,0.0,0.0,0.0,0.0,0.0,13.37,7.79,0.0
20230801:0302,0.0,0.0,0.0,0.0,0.0,13.53,7.38,0.0
20230801:0402,0.0,0.0,0.0,0.0,0.0,13.3,6.9,0.0
20230801:0502,0.0,0.0,0.0,0.0,0.0,13.27,6.55,0.0
20230801:0602,150.2,0.0,49.93,0.75,11.38,13.59,6.41,0.0
20230801:0702,169.55,9.92,50.98,4.27,21.64,14.17,6.14,0.0
20230801:0802,475.1,49.16,102.17,5.79,30.24,15.88,6.28,0.0
20230801:0902,544.3,98.37,79.81,7.45,36.36,17.09,5.72,0.0
20230801:1002,614.7,117.96,78.36,8.07,39.06,18.07,5.1,0.0
20230801:1102,550.85,114.86,68.51,7.93,37.81,18.46,4.55,0.0
20230801:1202,390.1,83.58,60.68,6.94,32.87,18.69,4.14,0.0
20230801:1302,197.55,31.84,50.88,5.17,25.09,18.68,3.86,0.0
20230801:1402,195.65,0.0,62.42,0.94,15.36,18.33,3.59,0.0
20230801:1502,40.05,0.0,20.51,0.31,4.38,17.09,2.83,0.0
20230801:1602,0.0,0.0,0.0,0.0,0.0,15.16,2.14,0.0
20230801:1702,0.0,0.0,0.0,0.0,0.0,14.98,2.28,0.0
20230801:1802,0.0,0.0,0.0,0.0,0.0,15.53,1.38,0.0
20230801:1902,0.0,0.0,0.0,0.0,0.0,13.56,0.97,0.0
20230801:2002,0.0,0.0,0.0,0.0,0.0,11.63,1.59,0.0
20230801:2102,0.0,0.0,0.0,0.0,0.0,12.05,1.86,0.0
20230801:2202,0.0,0.0,0.0,0.0,0.0,12.2,2.41,0.0
20230801:2302,0.0,0.0,0.0,0.0,0.0,12.03,2.55,0.0
20230802:0002,0.0,0.0,0.0,0.0,0.0,11.82,2.55,0.0
20230802:0102,0.0,0.0,0.0,0.0,0.0,11.44,2.41,0.0
20230802:0202,0.0,0.0,0.0,0.0,0.0,10.77,2.48,0.0
20230802:0302,0.0,0.0,0.0,0.0,0.0,10.82,2.76,0.0
20230802:0402,0.0,0.0,0.0,0.0,0.0,10.96,3.03,0.0
20230802:0502,0.0,0.0,0.0,0.0,0.0,11.04,2.83,0.0
20230802:0602,158.25,0.0,51.72,0.78,11.55,12.09,2.9,0.0
20230802:0702,177.95,12.59,52.43,4.34,21.83,13.75,2.69,0.0
20230802:0802,348.2,66.91,63.17,6.32,30.46,16.69,3.17,0.0
20230802:0902,544.45,104.96,75.62,7.61,36.6,18.67,4.41,0.0
20230802:1002,607.75,126.71,71.29,8.27,39.31,20.77,5.17,0.0
20230802:1102,561.9,119.78,68.27,8.05,38.05,21.37,5.59,0.0
20230802:1202,408.5,85.85,63.85,6.97,33.09,21.42,5.86,0.0
20230802:1302,228.3,33.03,58.29,5.13,25.27,21.18,6.28,0.0
20230802:1402,208.05,0.0,65.98,0.99,15.52,20.48,6.28,0.0
20230802:1502,45.3,0.0,22.29,0.33,4.52,19.47,6.48,0.0
20230802:1602,0.0,0.0,0.0,0.0,0.0,18.13,6.34,0.0
20230802:1702,0.0,0.0,0.0,0.0,0.0,17.24,6.07,0.0
20230802:1802,0.0,0.0,0.0,0.0,0.0,16.88,5.59,0.0
20230802:1902,0.0,0.0,0.0,0.0,0.0,16.4,4.9,0.0
20230802:2002,0.0,0.0,0.0,0.0,0.0,15.97,4.41,0.0
20230802:2102,0.0,0.0,0.0,0.0,0.0,15.41,4.0,0.0
20230802:2202,0.0,0.0,0.0,0.0,0.0,14.92,3.45,0.0
20230802:2302,0.0,0.0,0.0,0.0,0.0,14.02,3.38,0.0
20230803:0002,0.0,0.0,0.0,0.0,0.0,13.78,3.38,0.0
20230803:0102,0.0,0.0,0.0,0.0,0.0,13.79,3.45,0.0
20230803:0202,0.0,0.0,0.0,0.0,0.0,13.73,3.45,0.0
20230803:0302,0.0,0.0,0.0,0.0,0.0,13.83,3.59,0.0
20230803:0402,0.0,0.0,0.0,0.0,0.0,13.91,3.72,0.0
20230803:0502,0.0,0.0,0.0,0.0,0.0,13.82,3.86,0.0
20230803:0602,170.35,0.0,55.28,0.83,11.73,14.91,4.07,0.0
20230803:0702,211.2,14.36,61.0,4.31,22.04,17.23,3.79,0.0
20230803:0802,382.55,67.86,71.46,6.35,30.69,20.34,3.66,0.0
20230803:0902,545.8,110.3,74.56,7.74,36.85,23.62,3.59,0.0
20230803:1002,625.35,128.41,77.07,8.32,39.57,25.57,3.17,0.0
20230803:1102,582.4,120.0,75.81,8.05,38.3,26.34,2.97,0.0
20230803:1202,432.4,86.8,70.67,6.98,33.31,26.17,3.86,0.0
20230803:1302,246.3,35.28,62.79,5.18,25.47,25.3,4.55,0.0
20230803:1402,222.05,0.0,70.44,1.06,15.68,23.78,5.03,0.0
20230803:1502,47.55,0.0,23.18,0.35,4.66,21.75,5.17,0.0
20230803:1602,0.0,0.0,0.0,0.0,0.0,19.78,4.83,0.0
20230803:1702,0.0,0.0,0.0,0.0,0.0,18.66,4.21,0.0
20230803:1802,0.0,0.0,0.0,0.0,0.0,17.67,3.79,0.0
20230803:1902,0.0,0.0,0.0,0.0,0.0,17.55,3.52,0.0
20230803:2002,0.0,0.0,0.0,0.0,0.0,17.25,3.31,0.0
20230803:2102,0.0,0.0,0.0,0.0,0.0,17.11,3.31,0.0
20230803:2202,0.0,0.0,0.0,0.0,0.0,16.66,3.59,0.0
20230803:2302,0.0,0.0,0.0,0.0,0.0,16.5,3.93,0.0
20230804:0002,0.0,0.0,0.0,0.0,0.0,16.9,4.21,0.0
20230804:0102,0.0,0.0,0.0,0.0,0.0,17.48,4.41,0.0
20230804:0202,0.0,0.0,0.0,0.0,0.0,17.98,5.03,0.0
20230804:0302,0.0,0.0,0.0,0.0,0.0,18.57,5.86,0.0
20230804:0402,0.0,0.0,0.0,0.0,0.0,18.87,6.48,0.0
20230804:0502,0.0,0.0,0.0,0.0,0.0,19.15,6.9,0.0
20230804:0602,162.75,0.0,54.39,0.82,11.91,19.89,7.17,0.0
20230804:0702,309.8,13.34,86.62,4.06,22.24,21.36,7.03,0.0
20230804:0802,504.95,57.1,107.11,5.99,30.93,23.5,6.34,0.0
20230804:0902,734.05,82.46,138.38,7.09,37.11,25.36,5.79,0.0
20230804:1002,1056.9,46.31,241.06,6.26,39.83,26.51,4.55,0.0
20230804:1102,1021.45,38.74,241.19,5.88,38.55,27.43,2.9,0.0
20230804:1202,807.75,4.25,215.55,3.4,33.53,27.8,1.03,0.0
20230804:1302,333.8,31.81,86.56,4.94,25.66,27.22,2.14,0.0
20230804:1402,268.45,0.0,82.92,1.25,15.85,25.92,2.9,0.0
20230804:1502,44.35,0.0,22.29,0.33,4.8,22.95,3.31,0.0
20230804:1602,0.0,0.0,0.0,0.0,0.0,21.25,3.24,0.0
20230804:1702,0.0,0.0,0.0,0.0,0.0,20.03,3.1,0.0
20230804:1802,0.0,0.0,0.0,0.0,0.0,19.62,2.83,0.0
20230804:1902,0.0,0.0,0.0,0.0,0.0,19.13,2.9,0.0
20230804:2002,0.0,0.0,0.0,0.0,0.0,18.68,3.17,0.0
20230804:2102,0.0,0.0,0.0,0.0,0.0,18.95,3.52,0.0
20230804:2202,0.0,0.0,0.0,0.0,0.0,18.71,3.59,0.0
20230804:2302,0.0,0.0,0.0,0.0,0.0,19.18,3.72,0.0
20230805:0002,0.0,0.0,0.0,0.0,0.0,18.98,3.72,0.0
20230805:0102,0.0,0.0,0.0,0.0,0.0,18.42,3.72,0.0
20230805:0202,0.0,0.0,0.0,0.0,0.0,17.8,3.59,0.0
20230805:0302,0.0,0.0,0.0,0.0,0.0,17.0,3.31,0.0
20230805:0402,0.0,0.0,0.0,0.0,0.0,16.59,2.97,0.0
20230805:0502,0.0,0.0,0.0,0.0,0.0,15.85,2.83,0.0
20230805:0602,190.35,0.0,60.63,0.91,12.1,16.32,2.83,0.0
20230805:0702,237.25,18.87,66.38,4.33,22.46,18.78,2.21,0.0
20230805:0802,416.25,71.88,76.82,6.34,31.16,22.27,1.24,0.0
20230805:0902,573.45,115.53,77.33,7.76,37.36,24.6,0.14,0.0
20230805:1002,657.0,133.65,79.8,8.33,40.1,25.95,1.1,0.0
20230805:1102,619.35,125.19,78.54,8.07,38.8,25.78,2.48,0.0
20230805:1202,466.95,91.89,73.43,6.99,33.76,25.24,3.52,0.0
20230805:1302,279.35,39.39,68.16,5.17,25.85,24.66,4.0,0.0
20230805:1402,236.35,0.0,74.01,1.11,16.01,23.53,4.0,0.0
20230805:1502,53.25,0.0,24.97,0.38,4.94,22.41,4.0,0.0
20230805:1602,0.0,0.0,0.0,0.0,0.0,20.51,3.93,0.0
20230805:1702,0.0,0.0,0.0,0.0,0.0,19.13,3.86,0.0
20230805:1802,0.0,0.0,0.0,0.0,0.0,18.62,3.72,0.0
20230805:1902,0.0,0.0,0.0,0.0,0.0,18.14,3.31,0.0
20230805:2002,0.0,0.0,0.0,0.0,0.0,17.8,3.1,0.0
20230805:2102,0.0,0.0,0.0,0.0,0.0,17.31,3.1,0.0
20230805:2202,0.0,0.0,0.0,0.0,0.0,17.2,2.97,0.0
20230805:2302,0.0,0.0,0.0,0.0,0.0,16.98,3.1,0.0
20230806:0002,0.0,0.0,0.0,0.0,0.0,17.1,3.45,0.0
20230806:0102,0.0,0.0,0.0,0.0,0.0,16.86,3.59,0.0
20230806:0202,0.0,0.0,0.0,0.0,0.0,17.07,3.79,0.0
20230806:0302,0.0,0.0,0.0,0.0,0.0,17.71,4.21,0.0
20230806:0402,0.0,0.0,0.0,0.0,0.0,18.87,4.69,0.0
20230806:0502,0.0,0.0,0.0,0.0,0.0,19.48,5.03,0.0
20230806:0602,183.2,0.0,59.74,0.9,12.3,20.44,5.24,0.0
20230806:0702,249.35,20.97,69.6,4.33,22.67,22.96,5.24,0.0
20230806:0802,408.55,77.49,71.63,6.43,31.41,25.12,4.28,0.0
20230806:0902,580.7,120.66,74.74,7.82,37.63,26.91,2.83,0.0
20230806:1002,668.55,136.71,80.43,8.35,40.37,27.65,1.31,0.0
20230806:1102,637.6,128.2,79.76,8.09,39.06,26.52,3.66,0.0
20230806:1202,538.8,86.02,92.78,6.82,33.99,24.41,4.48,0.0
20230806:1302,303.3,41.06,72.11,5.16,26.05,22.78,3.93,0.0
20230806:1402,271.35,0.0,82.03,1.23,16.18,21.2,2.83,0.0
20230806:1502,56.9,0.0,25.86,0.39,5.08,20.09,2.21,0.0
20230806:1602,0.0,0.0,0.0,0.0,0.0,18.83,3.1,0.0
20230806:1702,0.0,0.0,0.0,0.0,0.0,18.54,3.79,0.0
20230806:1802,0.0,0.0,0.0,0.0,0.0,18.12,4.0,0.0
20230806:1902,0.0,0.0,0.0,0.0,0.0,18.37,4.28,0.0
20230806:2002,0.0,0.0,0.0,0.0,0.0,18.46,4.9,0.0
20230806:2102,0.0,0.0,0.0,0.0,0.0,18.36,5.24,0.0
20230806:2202,0.0,0.0,0.0,0.0,0.0,17.76,4.9,0.0
20230806:2302,0.0,0.0,0.0,0.0,0.0,17.3,4.9,0.0
20230807:0002,0.0,0.0,0.0,0.0,0.0,16.8,4.55,0.0
20230807:0102,0.0,0.0,0.0,0.0,0.0,16.35,4.07,0.0
20230807:0202,0.0,0.0,0.0,0.0,0.0,15.44,3.66,0.0
20230807:0302,0.0,0.0,0.0,0.0,0.0,15.43,3.45,0.0
20230807:0402,0.0,0.0,0.0,0.0,0.0,15.31,2.97,0.0
20230807:0502,0.0,0.0,0.0,0.0,0.0,15.1,2.41,0.0
20230807:0602,248.7,0.0,74.9,1.13,12.5,16.01,2.0,0.0
20230807:0702,540.5,7.26,142.33,3.15,22.9,17.59,1.59,0.0
20230807:0802,505.5,68.89,96.72,6.12,31.65,19.41,0.76,0.0
20230807:0902,695.55,104.39,108.84,7.41,37.9,20.33,0.83,0.0
20230807:1002,1131.75,24.77,269.86,5.28,40.65,20.94,1.86,0.0
20230807:1102,843.25,91.84,150.54,7.26,39.33,21.17,2.76,0.0
20230807:1202,522.3,93.82,80.77,6.9,34.22,20.9,3.72,0.0
20230807:1302,311.45,43.46,71.63,5.13,26.24,20.75,4.41,0.0
20230807:1402,247.9,0.0,75.79,1.14,16.34,20.1,4.97,0.0
20230807:1502,57.2,0.0,25.86,0.39,5.22,19.45,4.9,0.0
20230807:1602,0.0,0.0,0.0,0.0,0.0,18.77,4.9,0.0
20230807:1702,0.0,0.0,0.0,0.0,0.0,18.02,4.97,0.0
20230807:1802,0.0,0.0,0.0,0.0,0.0,18.26,5.1,0.0
20230807:1902,0.0,0.0,0.0,0.0,0.0,18.14,5.24,0.0
20230807:2002,0.0,0.0,0.0,0.0,0.0,18.08,5.24,0.0
20230807:2102,0.0,0.0,0.0,0.0,0.0,17.84,5.24,0.0
20230807:2202,0.0,0.0,0.0,0.0,0.0,17.51,4.97,0.0
20230807:2302,0.0,0.0,0.0,0.0,0.0,16.71,4.62,0.0
20230808:0002,0.0,0.0,0.0,0.0,0.0,16.39,4.48,0.0
20230808:0102,0.0,0.0,0.0,0.0,0.0,16.45,4.0,0.0
20230808:0202,0.0,0.0,0.0,0.0,0.0,15.65,3.24,0.0
20230808:0302,0.0,0.0,0.0,0.0,0.0,15.1,2.76,0.0
20230808:0402,0.0,0.0,0.0,0.0,0.0,14.39,2.62,0.0
20230808:0502,0.0,0.0,0.0,0.0,0.0,13.56,2.21,0.0
20230808:0602,205.95,0.0,64.2,0.96,12.7,15.02,2.0,0.0
20230808:0702,287.7,25.21,75.17,4.34,23.12,17.15,2.14,0.0
20230808:0802,680.0,1.15,177.33,2.63,31.91,19.35,4.83,0.0
20230808:0902,964.2,6.06,240.54,3.8,38.17,20.5,6.69,0.0
20230808:1002,1156.85,42.11,256.72,6.02,40.93,20.16,7.66,0.0
20230808:1102,730.1,125.81,95.42,7.96,39.59,20.53,7.79,0.0
20230808:1202,562.3,94.15,88.23,6.9,34.45,20.78,7.79,0.0
20230808:1302,315.85,47.56,69.74,5.24,26.44,20.19,7.79,0.0
20230808:1402,234.35,0.0,72.22,1.09,16.51,19.6,7.66,0.0
20230808:1502,60.7,0.0,26.75,0.4,5.36,18.15,7.17,0.0
20230808:1602,0.0,0.0,0.0,0.0,0.0,17.73,6.76,0.0
20230808:1702,0.0,0.0,0.0,0.0,0.0,17.62,5.79,0.0
20230808:1802,0.0,0.0,0.0,0.0,0.0,17.15,5.45,0.0
20230808:1902,0.0,0.0,0.0,0.0,0.0,17.08,5.45,0.0
20230808:2002,0.0,0.0,0.0,0.0,0.0,16.88,5.59,0.0
20230808:2102,0.0,0.0,0.0,0.0,0.0,16.72,5.24,0.0
20230808:2202,0.0,0.0,0.0,0.0,0.0,16.28,4.83,0.0
20230808:2302,0.0,0.0,0.0,0.0,0.0,16.45,4.76,0.0
20230809:0002,0.0,0.0,0.0,0.0,0.0,16.36,4.34,0.0
20230809:0102,0.0,0.0,0.0,0.0,0.0,16.38,4.07,0.0
20230809:0202,0.0,0.0,0.0,0.0,0.0,16.34,3.59,0.0
20230809:0302,0.0,0.0,0.0,0.0,0.0,16.32,2.83,0.0
20230809:0402,0.0,0.0,0.0,0.0,0.0,16.42,2.14,0.0
20230809:0502,0.0,0.0,0.0,0.0,0.0,16.33,1.72,0.0
20230809:0602,218.8,0.0,67.77,1.02,12.91,16.54,1.79,0.0
20230809:0702,490.7,0.79,132.25,2.0,23.36,16.5,2.14,0.0
20230809:0802,674.5,0.95,174.71,2.57,32.17,16.85,3.24,0.0
20230809:0902,1056.7,43.35,232.18,5.8,38.45,17.33,3.86,0.0
20230809:1002,1182.8,37.62,263.9,5.83,41.22,17.47,4.97,0.0
20230809:1102,1120.8,17.07,266.13,4.77,39.86,17.83,5.17,0.0
20230809:1202,955.25,12.34,231.45,4.1,34.69,17.15,5.24,0.0
20230809:1302,688.45,6.12,175.67,3.08,26.64,17.81,5.31,0.0
20230809:1402,273.35,0.0,81.14,1.22,16.68,17.54,5.72,0.0
20230809:1502,40.0,0.0,20.51,0.31,5.51,17.27,5.59,0.0
20230809:1602,0.0,0.0,0.0,0.0,0.0,17.05,5.59,0.0
20230809:1702,0.0,0.0,0.0,0.0,0.0,17.01,5.72,0.0
20230809:1802,0.0,0.0,0.0,0.0,0.0,17.13,5.72,0.0
20230809:1902,0.0,0.0,0.0,0.0,0.0,16.92,5.66,0.0
20230809:2002,0.0,0.0,0.0,0.0,0.0,16.47,5.52,0.0
20230809:2102,0.0,0.0,0.0,0.0,0.0,16.33,5.38,0.0
20230809:2202,0.0,0.0,0.0,0.0,0.0,16.03,5.03,0.0
20230809:2302,0.0,0.0,0.0,0.0,0.0,16.08,4.9,0.0
20230810:0002,0.0,0.0,0.0,0.0,0.0,16.01,4.83,0.0
20230810:0102,0.0,0.0,0.0,0.0,0.0,16.05,4.62,0.0
20230810:0202,0.0,0.0,0.0,0.0,0.0,15.96,4.62,0.0
20230810:0302,0.0,0.0,0.0,0.0,0.0,16.04,4.83,0.0
20230810:0402,0.0,0.0,0.0,0.0,0.0,16.12,4.83,0.0
20230810:0502,0.0,0.0,0.0,0.0,0.0,15.97,4.83,0.0
20230810:0602,223.0,0.0,68.66,1.03,13.12,16.58,4.97,0.0
20230810:0702,322.0,29.84,80.82,4.42,23.59,17.95,4.97,0.0
20230810:0802,539.0,82.55,92.31,6.42,32.43,19.68,5.52,0.0
20230810:0902,719.9,125.15,94.63,7.81,38.74,21.08,5.79,0.0
20230810:1002,802.0,142.53,97.76,8.37,41.51,23.48,6.0,0.0
20230810:1102,758.5,134.01,96.49,8.11,40.13,23.68,6.76,0.0
20230810:1202,590.35,101.87,89.19,7.05,34.93,23.28,7.52,0.0
20230810:1302,352.75,51.96,76.06,5.29,26.84,22.7,7.93,0.0
20230810:1402,260.95,0.0,79.36,1.19,16.85,21.58,7.93,0.0
20230810:1502,62.85,0.0,27.64,0.42,5.65,20.85,7.93,0.0
20230810:1602,0.0,0.0,0.0,0.0,0.0,19.93,7.52,0.0
20230810:1702,0.0,0.0,0.0,0.0,0.0,19.03,7.45,0.0
20230810:1802,0.0,0.0,0.0,0.0,0.0,18.89,7.1,0.0
20230810:1902,0.0,0.0,0.0,0.0,0.0,18.68,6.62,0.0
20230810:2002,0.0,0.0,0.0,0.0,0.0,18.25,5.86,0.0
20230810:2102,0.0,0.0,0.0,0.0,0.0,17.77,5.17,0.0
20230810:2202,0.0,0.0,0.0,0.0,0.0,17.36,4.28,0.0
20230810:2302,0.0,0.0,0.0,0.0,0.0,16.64,4.14,0.0
20230811:0002,0.0,0.0,0.0,0.0,0.0,16.24,3.93,0.0
20230811:0102,0.0,0.0,0.0,0.0,0.0,15.94,3.86,0.0
20230811:0202,0.0,0.0,0.0,0.0,0.0,15.23,3.59,0.0
20230811:0302,0.0,0.0,0.0,0.0,0.0,14.79,3.38,0.0
20230811:0402,0.0,0.0,0.0,0.0,0.0,15.06,3.38,0.0
20230811:0502,0.0,0.0,2.67,0.04,1.82,15.73,3.31,0.0
20230811:0602,192.15,0.0,61.52,0.92,13.34,18.25,3.45,0.0
20230811:0702,255.3,39.09,61.48,4.74,23.83,21.01,3.31,0.0
20230811:0802,503.05,94.97,77.58,6.71,32.7,23.74,3.17,0.0
20230811:0902,685.7,141.69,77.41,8.16,39.03,25.6,2.97,0.0
20230811:1002,780.65,157.89,83.71,8.69,41.8,26.62,2.48,0.0
20230811:1102,732.6,149.05,81.73,8.41,40.41,27.22,3.24,0.0
20230811:1202,565.85,113.95,76.65,7.32,35.17,26.56,4.28,0.0
20230811:1302,329.55,59.75,67.0,5.52,27.05,25.43,4.69,0.0
20230811:1402,145.9,1.01,48.87,3.22,17.02,24.12,4.76,0.0
20230811:1502,62.3,0.0,27.64,0.42,5.79,22.22,4.97,0.0
20230811:1602,0.0,0.0,0.0,0.0,0.0,20.76,4.97,0.0
20230811:1702,0.0,0.0,0.0,0.0,0.0,19.57,4.62,0.0
20230811:1802,0.0,0.0,0.0,0.0,0.0,19.17,4.48,0.0
20230811:1902,0.0,0.0,0.0,0.0,0.0,18.63,4.28,0.0
20230811:2002,0.0,0.0,0.0,0.0,0.0,17.94,4.0,0.0
20230811:2102,0.0,0.0,0.0,0.0,0.0,17.16,3.79,0.0
20230811:2202,0.0,0.0,0.0,0.0,0.0,17.63,3.52,0.0
20230811:2302,0.0,0.0,0.0,0.0,0.0,17.18,3.38,0.0
20230812:0002,0.0,0.0,0.0,0.0,0.0,16.86,3.45,0.0
20230812:0102,0.0,0.0,0.0,0.0,0.0,17.2,3.45,0.0
20230812:0202,0.0,0.0,0.0,0.0,0.0,17.65,3.72,0.0
20230812:0302,0.0,0.0,0.0,0.0,0.0,18.22,3.86,0.0
20230812:0402,0.0,0.0,0.0,0.0,0.0,18.5,4.0,0.0
20230812:0502,0.0,0.0,3.57,0.05,2.02,18.7,4.21,0.0
20230812:0602,225.6,0.0,70.44,1.06,13.56,20.59,4.55,0.0
20230812:0702,258.15,43.04,60.18,4.81,24.08,22.4,4.55,0.0
20230812:0802,501.5,101.21,72.63,6.79,32.97,25.25,4.07,0.0
20230812:0902,696.45,146.51,75.77,8.2,39.32,26.7,3.38,0.0
20230812:1002,779.05,165.26,78.25,8.78,42.1,28.06,1.45,0.0
20230812:1102,734.15,155.98,76.95,8.49,40.69,27.39,0.97,0.0
20230812:1202,567.9,119.85,73.19,7.4,35.41,28.09,2.97,0.0
20230812:1302,323.3,64.92,62.63,5.6,27.25,27.09,3.66,0.0
20230812:1402,140.65,3.52,47.58,3.26,17.19,25.38,3.52,0.0
20230812:1502,68.0,0.0,29.42,0.44,5.94,23.36,3.52,0.0
20230812:1602,0.0,0.0,0.0,0.0,0.0,21.39,3.45,0.0
20230812:1702,0.0,0.0,0.0,0.0,0.0,19.84,3.52,0.0
20230812:1802,0.0,0.0,0.0,0.0,0.0,18.93,3.45,0.0
20230812:1902,0.0,0.0,0.0,0.0,0.0,18.29,3.24,0.0
20230812:2002,0.0,0.0,0.0,0.0,0.0,17.54,2.97,0.0
20230812:2102,0.0,0.0,0.0,0.0,0.0,17.27,2.28,0.0
20230812:2202,0.0,0.0,0.0,0.0,0.0,17.07,1.66,0.0
20230812:2302,0.0,0.0,0.0,0.0,0.0,17.36,2.97,0.0
20230813:0002,0.0,0.0,0.0,0.0,0.0,16.93,4.21,0.0
20230813:0102,0.0,0.0,0.0,0.0,0.0,16.04,4.48,0.0
20230813:0202,0.0,0.0,0.0,0.0,0.0,16.55,5.31,0.0
20230813:0302,0.0,0.0,0.0,0.0,0.0,16.35,5.17,0.0
20230813:0402,0.0,0.0,0.0,0.0,0.0,16.84,4.21,0.0
20230813:0502,0.0,0.0,2.67,0.04,2.23,16.96,4.0,0.0
20230813:0602,236.8,0.0,72.22,1.09,13.78,17.28,4.83,0.0
20230813:0702,618.55,6.71,158.99,2.91,24.33,17.43,6.0,0.0
20230813:0802,898.75,34.28,203.92,4.98,33.24,17.94,6.21,0.0
20230813:0902,847.25,119.23,123.07,7.61,39.62,18.56,6.14,0.0
20230813:1002,986.2,121.69,149.64,7.92,42.4,19.02,6.55,0.0
20230813:1102,853.6,136.78,109.18,8.05,40.97,19.12,6.07,0.0
20230813:1202,927.0,53.43,196.48,5.8,35.65,19.01,5.66,0.0
20230813:1302,714.4,7.55,181.46,3.18,27.45,18.96,5.38,0.0
20230813:1402,358.15,0.33,101.56,1.61,17.36,18.15,5.45,0.0
20230813:1502,67.1,0.0,28.53,0.43,6.08,17.49,4.97,0.0
20230813:1602,0.0,0.0,0.0,0.0,0.0,17.06,4.28,0.0
20230813:1702,0.0,0.0,0.0,0.0,0.0,16.91,3.66,0.0
20230813:1802,0.0,0.0,0.0,0.0,0.0,16.56,3.24,0.0
20230813:1902,0.0,0.0,0.0,0.0,0.0,16.62,3.1,0.0
20230813:2002,0.0,0.0,0.0,0.0,0.0,16.18,3.31,0.0
20230813:2102,0.0,0.0,0.0,0.0,0.0,15.88,3.86,0.0
20230813:2202,0.0,0.0,0.0,0.0,0.0,15.78,4.07,0.0
20230813:2302,0.0,0.0,0.0,0.0,0.0,15.56,4.07,0.0
20230814:0002,0.0,0.0,0.0,0.0,0.0,15.34,4.07,0.0
20230814:0102,0.0,0.0,0.0,0.0,0.0,15.41,4.07,0.0
20230814:0202,0.0,0.0,0.0,0.0,0.0,15.26,4.34,0.0
20230814:0302,0.0,0.0,0.0,0.0,0.0,15.19,4.28,0.0
20230814:0402,0.0,0.0,0.0,0.0,0.0,15.11,4.34,0.0
20230814:0502,0.0,0.0,0.89,0.01,2.44,14.93,4.34,0.0
20230814:0602,65.05,0.0,27.64,0.42,14.01,14.56,4.34,0.0
20230814:0702,398.95,0.0,110.04,1.58,24.58,15.13,4.62,0.0
20230814:0802,364.05,0.0,102.58,1.47,33.53,16.78,4.62,0.0
20230814:0902,1138.7,18.77,268.27,4.81,39.92,17.26,4.48,0.0
20230814:1002,1077.1,106.67,182.64,7.66,42.71,18.44,4.34,0.0
20230814:1102,1200.55,30.3,275.02,5.47,41.26,18.6,4.41,0.0
20230814:1202,831.6,81.47,153.65,6.54,35.9,19.12,4.83,0.0
20230814:1302,359.55,72.28,61.97,5.68,27.66,19.06,6.0,0.0
20230814:1402,147.7,8.84,47.19,3.35,17.53,18.48,6.62,0.0
20230814:1502,86.25,0.0,33.88,0.51,6.23,17.6,5.79,0.0
20230814:1602,0.0,0.0,0.0,0.0,0.0,17.0,5.31,0.0
20230814:1702,0.0,0.0,0.0,0.0,0.0,16.28,5.52,0.0
20230814:1802,0.0,0.0,0.0,0.0,0.0,15.83,5.45,0.0
20230814:1902,0.0,0.0,0.0,0.0,0.0,15.54,5.66,0.0
20230814:2002,0.0,0.0,0.0,0.0,0.0,15.37,5.79,0.0
20230814:2102,0.0,0.0,0.0,0.0,0.0,15.21,6.14,0.0
20230814:2202,0.0,0.0,0.0,0.0,0.0,15.21,6.41,0.0
20230814:2302,0.0,0.0,0.0,0.0,0.0,14.95,6.48,0.0
20230815:0002,0.0,0.0,0.0,0.0,0.0,14.31,6.41,0.0
20230815:0102,0.0,0.0,0.0,0.0,0.0,14.25,6.28,0.0
20230815:0202,0.0,0.0,0.0,0.0,0.0,14.03,6.48,0.0
20230815:0302,0.0,0.0,0.0,0.0,0.0,13.86,6.83,0.0
20230815:0402,0.0,0.0,0.0,0.0,0.0,13.82,7.03,0.0
20230815:0502,4.95,0.0,8.02,0.12,2.66,13.67,7.1,0.0
20230815:0602,181.9,0.0,57.96,0.87,14.25,14.33,6.83,0.0
20230815:0702,287.55,57.13,55.66,5.1,24.84,15.1,7.59,0.0
20230815:0802,572.8,118.85,67.59,7.11,33.81,16.59,7.45,0.0
20230815:0902,941.85,120.93,139.98,7.74,40.23,17.55,7.66,0.0
20230815:1002,1099.9,116.86,176.18,7.93,43.02,17.53,7.03,0.0
20230815:1102,1188.4,68.56,237.57,6.74,41.54,17.09,6.21,0.0
20230815:1202,1058.65,28.58,242.46,5.02,36.15,17.33,5.93,0.0
20230815:1302,520.15,0.23,138.82,2.01,27.86,16.75,5.59,0.0
20230815:1402,405.1,1.13,111.74,1.89,17.7,16.61,5.17,0.0
20230815:1502,13.6,0.0,11.59,0.17,6.37,15.73,4.28,0.0
20230815:1602,0.0,0.0,0.0,0.0,0.0,15.43,3.31,0.0
20230815:1702,0.0,0.0,0.0,0.0,0.0,15.31,2.41,0.0
20230815:1802,0.0,0.0,0.0,0.0,0.0,14.5,2.55,0.0
20230815:1902,0.0,0.0,0.0,0.0,0.0,14.79,1.72,0.0
20230815:2002,0.0,0.0,0.0,0.0,0.0,15.55,0.69,0.0
20230815:2102,0.0,0.0,0.0,0.0,0.0,14.6,0.9,0.0
20230815:2202,0.0,0.0,0.0,0.0,0.0,13.39,1.52,0.0
20230815:2302,0.0,0.0,0.0,0.0,0.0,12.64,1.93,0.0
20230816:0002,0.0,0.0,0.0,0.0,0.0,12.99,2.0,0.0
20230816:0102,0.0,0.0,0.0,0.0,0.0,13.5,2.48,0.0
20230816:0202,0.0,0.0,0.0,0.0,0.0,13.76,3.24,0.0
20230816:0302,0.0,0.0,0.0,0.0,0.0,13.83,3.72,0.0
20230816:0402,0.0,0.0,0.0,0.0,0.0,13.84,4.0,0.0
20230816:0502,1.2,0.0,6.24,0.09,2.88,13.65,4.48,0.0
20230816:0602,308.35,0.0,88.27,1.33,14.49,13.96,4.97,0.0
20230816:0702,656.9,7.32,165.57,2.95,25.1,15.27,6.28,0.0
20230816:0802,941.5,42.71,205.4,5.29,34.1,17.09,7.03,0.0
20230816:0902,1197.8,33.84,269.02,5.52,40.54,18.2,7.52,0.0
20230816:1002,1081.95,125.66,165.48,8.04,43.34,19.09,7.66,0.0
20230816:1102,924.0,150.89,110.82,8.33,41.83,19.69,7.72,0.0
20230816:1202,970.75,61.51,199.16,6.04,36.4,19.75,7.52,0.0
20230816:1302,527.35,57.86,108.19,5.25,28.07,19.89,7.52,0.0
20230816:1402,407.75,3.25,112.74,2.29,17.87,19.21,7.52,0.0
20230816:1502,73.0,0.0,30.32,0.46,6.51,18.7,8.21,0.0
20230816:1602,0.0,0.0,0.0,0.0,0.0,18.74,7.93,0.0
20230816:1702,0.0,0.0,0.0,0.0,0.0,18.52,6.76,0.0
20230816:1802,0.0,0.0,0.0,0.0,0.0,18.27,5.45,0.0
20230816:1902,0.0,0.0,0.0,0.0,0.0,18.05,4.9,0.0
20230816:2002,0.0,0.0,0.0,0.0,0.0,17.95,4.76,0.0
20230816:2102,0.0,0.0,0.0,0.0,0.0,18.48,4.97,0.0
20230816:2202,0.0,0.0,0.0,0.0,0.0,18.75,4.07,0.0
20230816:2302,0.0,0.0,0.0,0.0,0.0,18.97,4.0,0.0
20230817:0002,0.0,0.0,0.0,0.0,0.0,19.28,4.28,0.0
20230817:0102,0.0,0.0,0.0,0.0,0.0,19.3,4.28,0.0
20230817:0202,0.0,0.0,0.0,0.0,0.0,19.43,4.21,0.0
20230817:0302,0.0,0.0,0.0,0.0,0.0,18.95,3.31,0.0
20230817:0402,0.0,0.0,0.0,0.0,0.0,18.95,3.45,0.0
20230817:0502,0.0,0.0,1.78,0.03,3.1,19.87,3.52,0.0
20230817:0602,47.9,0.0,23.18,0.35,14.73,20.54,4.14,0.0
20230817:0702,585.15,3.3,155.88,2.48,25.37,21.0,2.28,0.0
20230817:0802,676.3,0.89,180.52,2.64,34.39,23.88,3.38,0.0
20230817:0902,1162.05,38.8,265.39,5.67,40.86,24.28,5.79,0.0
20230817:1002,1264.4,30.5,289.95,5.57,43.66,20.46,6.41,0.0
20230817:1102,954.35,146.2,120.8,8.17,42.13,19.9,7.79,0.0
20230817:1202,786.8,110.5,118.45,7.03,36.65,19.51,7.79,0.0
20230817:1302,488.2,67.48,92.15,5.41,28.28,19.22,7.03,0.0
20230817:1402,407.25,4.12,112.32,2.33,18.04,19.11,6.9,0.0
20230817:1502,92.6,0.0,35.67,0.54,6.66,18.04,6.76,0.0
20230817:1602,0.0,0.0,0.0,0.0,0.0,17.37,6.07,0.0
20230817:1702,0.0,0.0,0.0,0.0,0.0,16.56,5.03,0.0
20230817:1802,0.0,0.0,0.0,0.0,0.0,16.54,4.62,0.0
20230817:1902,0.0,0.0,0.0,0.0,0.0,16.39,4.48,0.0
20230817:2002,0.0,0.0,0.0,0.0,0.0,16.11,4.55,0.0
20230817:2102,0.0,0.0,0.0,0.0,0.0,15.85,4.9,0.0
20230817:2202,0.0,0.0,0.0,0.0,0.0,14.8,4.69,0.0
20230817:2302,0.0,0.0,0.0,0.0,0.0,14.69,4.62,0.0
20230818:0002,0.0,0.0,0.0,0.0,0.0,14.47,4.69,0.0
20230818:0102,0.0,0.0,0.0,0.0,0.0,14.6,4.83,0.0
20230818:0202,0.0,0.0,0.0,0.0,0.0,14.42,5.03,0.0
20230818:0302,0.0,0.0,0.0,0.0,0.0,14.23,4.97,0.0
20230818:0402,0.0,0.0,0.0,0.0,0.0,13.87,4.48,0.0
20230818:0502,16.2,0.0,12.48,0.19,3.33,14.09,3.93,0.0
20230818:0602,111.4,2.86,38.34,2.87,14.98,15.38,3.72,0.0
20230818:0702,332.15,70.55,56.82,5.36,25.64,16.73,3.86,0.0
20230818:0802,630.05,136.0,66.44,7.42,34.69,19.46,5.59,0.0
20230818:0902,860.55,184.15,69.87,8.84,41.18,20.81,7.17,0.0
20230818:1002,1133.7,133.14,171.85,8.27,43.98,21.07,7.72,0.0
20230818:1102,905.6,190.95,72.78,9.06,42.42,21.42,7.86,0.0
20230818:1202,691.0,159.33,59.8,8.07,36.9,21.85,7.52,0.0
20230818:1302,401.4,94.49,55.64,6.14,28.49,21.94,6.97,0.0
20230818:1402,143.75,22.25,42.7,3.7,18.21,21.33,6.28,0.0
20230818:1502,79.0,0.0,32.1,0.48,6.8,19.42,5.72,0.0
20230818:1602,0.0,0.0,0.0,0.0,0.0,18.42,6.0,0.0
20230818:1702,0.0,0.0,0.0,0.0,0.0,15.75,6.48,0.0
20230818:1802,0.0,0.0,0.0,0.0,0.0,15.58,6.48,0.0
20230818:1902,0.0,0.0,0.0,0.0,0.0,15.1,6.14,0.0
20230818:2002,0.0,0.0,0.0,0.0,0.0,14.26,5.86,0.0
20230818:2102,0.0,0.0,0.0,0.0,0.0,14.05,5.52,0.0
20230818:2202,0.0,0.0,0.0,0.0,0.0,13.9,5.1,0.0
20230818:2302,0.0,0.0,0.0,0.0,0.0,13.8,4.41,0.0
20230819:0002,0.0,0.0,0.0,0.0,0.0,13.15,3.79,0.0
20230819:0102,0.0,0.0,0.0,0.0,0.0,12.95,3.59,0.0
20230819:0202,0.0,0.0,0.0,0.0,0.0,12.71,3.59,0.0
20230819:0302,0.0,0.0,0.0,0.0,0.0,12.67,3.45,0.0
20230819:0402,0.0,0.0,0.0,0.0,0.0,12.77,3.03,0.0
20230819:0502,0.0,0.0,2.67,0.04,3.56,13.61,2.62,0.0
20230819:0602,278.85,0.16,81.29,1.23,15.23,13.46,2.28,0.0
20230819:0702,694.65,9.65,174.16,3.15,25.92,15.39,1.52,0.0
20230819:0802,713.0,119.93,95.89,7.06,35.0,17.27,1.59,0.0
20230819:0902,1205.75,66.76,246.66,6.59,41.5,18.61,2.9,0.0
20230819:1002,982.4,206.95,72.47,9.41,44.3,19.34,3.72,0.0
20230819:1102,928.9,196.02,71.86,9.1,42.72,19.62,4.69,0.0
20230819:1202,727.5,157.83,66.53,7.97,37.16,19.47,5.52,0.0
20230819:1302,450.2,90.69,67.0,5.96,28.7,19.12,6.07,0.0
20230819:1402,175.75,23.4,49.65,3.6,18.39,18.57,6.41,0.0
20230819:1502,82.8,0.0,32.99,0.5,6.95,18.15,6.07,0.0
20230819:1602,0.0,0.0,0.0,0.0,0.0,18.25,5.86,0.0
20230819:1702,0.0,0.0,0.0,0.0,0.0,17.3,5.66,0.0
20230819:1802,0.0,0.0,0.0,0.0,0.0,16.97,4.9,0.0
20230819:1902,0.0,0.0,0.0,0.0,0.0,16.72,4.0,0.0
20230819:2002,0.0,0.0,0.0,0.0,0.0,15.57,2.97,0.0
20230819:2102,0.0,0.0,0.0,0.0,0.0,14.55,2.69,0.0
20230819:2202,0.0,0.0,0.0,0.0,0.0,15.1,2.14,0.0
20230819:2302,0.0,0.0,0.0,0.0,0.0,14.22,2.0,0.0
20230820:0002,0.0,0.0,0.0,0.0,0.0,13.48,1.72,0.0
20230820:0102,0.0,0.0,0.0,0.0,0.0,14.02,2.21,0.0
20230820:0202,0.0,0.0,0.0,0.0,0.0,13.95,2.48,0.0
20230820:0302,0.0,0.0,0.0,0.0,0.0,13.27,2.14,0.0
20230820:0402,0.0,0.0,0.0,0.0,0.0,13.12,2.34,0.0
20230820:0502,24.0,0.0,15.16,0.23,3.79,13.59,2.48,0.0
20230820:0602,131.15,9.04,42.55,2.93,15.48,14.67,2.34,0.0
20230820:0702,371.1,77.5,60.19,5.43,26.19,17.17,1.45,0.0
20230820:0802,663.05,146.51,65.74,7.56,35.3,20.05,0.41,0.0
20230820:0902,892.0,193.06,70.88,8.92,41.83,21.77,1.45,0.0
20230820:1002,988.2,213.23,71.96,9.5,44.63,22.64,2.28,0.0
20230820:1102,939.3,201.84,72.02,9.19,43.02,22.53,3.17,0.0
20230820:1202,743.5,161.1,69.07,8.01,37.41,22.2,4.07,0.0
20230820:1302,447.7,99.15,61.32,6.14,28.9,21.67,4.83,0.0
20230820:1402,169.75,27.72,46.89,3.72,18.56,21.03,5.59,0.0
20230820:1502,85.1,0.0,33.88,0.51,7.09,20.14,5.86,0.0
20230820:1602,0.0,0.0,0.0,0.0,0.0,19.33,6.21,0.0
20230820:1702,0.0,0.0,0.0,0.0,0.0,17.87,6.07,0.0
20230820:1802,0.0,0.0,0.0,0.0,0.0,18.12,5.38,0.0
20230820:1902,0.0,0.0,0.0,0.0,0.0,18.0,4.55,0.0
20230820:2002,0.0,0.0,0.0,0.0,0.0,16.97,3.79,0.0
20230820:2102,0.0,0.0,0.0,0.0,0.0,15.31,3.38,0.0
20230820:2202,0.0,0.0,0.0,0.0,0.0,15.93,3.45,0.0
20230820:2302,0.0,0.0,0.0,0.0,0.0,16.35,3.72,0.0
20230821:0002,0.0,0.0,0.0,0.0,0.0,17.05,3.79,0.0
20230821:0102,0.0,0.0,0.0,0.0,0.0,17.92,3.79,0.0
20230821:0202,0.0,0.0,0.0,0.0,0.0,18.3,3.79,0.0
20230821:0302,0.0,0.0,0.0,0.0,0.0,18.32,3.72,0.0
20230821:0402,0.0,0.0,0.0,0.0,0.0,18.15,3.24,0.0
20230821:0502,31.2,0.0,17.83,0.27,4.03,18.84,3.1,0.0
20230821:0602,123.55,12.99,40.47,3.07,15.74,19.86,3.31,0.0
20230821:0702,382.25,83.07,60.11,5.55,26.48,21.59,2.62,0.0
20230821:0802,690.15,149.58,70.34,7.62,35.61,23.89,2.28,0.0
20230821:0902,909.4,200.77,70.69,9.08,42.16,25.42,1.86,0.0
20230821:1002,1024.8,206.05,88.81,9.41,44.96,25.43,2.48,0.0
20230821:1102,973.35,201.26,80.45,9.19,43.33,24.6,5.1,0.0
20230821:1202,786.05,158.95,79.34,7.97,37.67,23.07,6.97,0.0
20230821:1302,521.0,91.11,82.25,5.95,29.11,21.59,8.0,0.0
20230821:1402,448.4,7.48,120.78,2.55,18.73,19.52,7.38,0.0
20230821:1502,115.75,0.0,41.91,0.63,7.23,18.28,5.66,0.0
20230821:1602,0.0,0.0,0.0,0.0,0.0,17.54,4.0,0.0
20230821:1702,0.0,0.0,0.0,0.0,0.0,16.63,3.17,0.0
20230821:1802,0.0,0.0,0.0,0.0,0.0,16.2,2.28,0.0
20230821:1902,0.0,0.0,0.0,0.0,0.0,15.42,1.93,0.0
20230821:2002,0.0,0.0,0.0,0.0,0.0,15.3,1.72,0.0
20230821:2102,0.0,0.0,0.0,0.0,0.0,15.21,2.14,0.0
20230821:2202,0.0,0.0,0.0,0.0,0.0,13.4,2.62,0.0
20230821:2302,0.0,0.0,0.0,0.0,0.0,12.93,2.34,0.0
20230822:0002,0.0,0.0,0.0,0.0,0.0,12.37,2.0,0.0
20230822:0102,0.0,0.0,0.0,0.0,0.0,12.37,1.79,0.0
20230822:0202,0.0,0.0,0.0,0.0,0.0,12.62,1.66,0.0
20230822:0302,0.0,0.0,0.0,0.0,0.0,12.6,1.24,0.0
20230822:0402,0.0,0.0,0.0,0.0,0.0,13.44,1.45,0.0
20230822:0502,37.9,0.0,19.62,0.29,4.28,13.72,1.93,0.0
20230822:0602,157.95,14.65,48.1,2.96,16.0,15.77,2.21,0.0
20230822:0702,421.3,82.52,66.28,5.44,26.76,17.24,3.1,0.0
20230822:0802,723.15,152.29,70.69,7.58,35.92,19.75,3.38,0.0
20230822:0902,952.05,200.64,74.07,8.99,42.5,21.5,3.45,0.0
20230822:1002,1033.75,217.87,77.57,9.5,45.3,23.47,1.93,0.0
20230822:1102,977.75,206.4,77.0,9.18,43.63,24.24,2.62,0.0
20230822:1202,787.2,165.89,74.03,8.01,37.92,23.56,4.21,0.0
20230822:1302,488.9,104.15,65.67,6.14,29.32,22.33,5.24,0.0
20230822:1402,194.95,33.13,50.4,3.75,18.9,21.25,5.66,0.0
20230822:1502,91.5,0.0,35.67,0.54,7.38,20.18,5.31,0.0
20230822:1602,0.0,0.0,0.0,0.0,0.0,19.27,5.03,0.0
20230822:1702,0.0,0.0,0.0,0.0,0.0,18.18,4.14,0.0
20230822:1802,0.0,0.0,0.0,0.0,0.0,16.43,3.03,0.0
20230822:1902,0.0,0.0,0.0,0.0,0.0,16.54,2.62,0.0
20230822:2002,0.0,0.0,0.0,0.0,0.0,15.77,2.34,0.0
20230822:2102,0.0,0.0,0.0,0.0,0.0,14.94,2.97,0.0
20230822:2202,0.0,0.0,0.0,0.0,0.0,17.51,3.24,0.0
20230822:2302,0.0,0.0,0.0,0.0,0.0,18.76,4.76,0.0
20230823:0002,0.0,0.0,0.0,0.0,0.0,17.98,5.45,0.0
20230823:0102,0.0,0.0,0.0,0.0,0.0,17.54,4.97,0.0
20230823:0202,0.0,0.0,0.0,0.0,0.0,16.78,3.93,0.0
20230823:0302,0.0,0.0,0.0,0.0,0.0,17.72,3.24,0.0
20230823:0402,0.0,0.0,0.0,0.0,0.0,16.86,3.03,0.0
20230823:0502,43.05,0.0,21.4,0.32,4.52,16.75,3.52,0.0
20230823:0602,259.85,12.2,74.03,2.71,16.26,17.11,4.62,0.0
20230823:0702,466.65,83.07,74.7,5.45,27.05,16.87,5.93,0.0
20230823:0802,890.75,115.52,134.18,7.01,36.24,17.73,6.14,0.0
20230823:0902,1195.65,122.14,191.74,7.8,42.84,18.49,6.41,0.0
20230823:1002,1189.3,179.72,137.08,9.0,45.64,19.19,7.72,0.0
20230823:1102,1330.95,77.49,261.99,7.01,43.94,19.68,7.79,0.0
20230823:1202,869.45,157.15,94.07,7.89,38.18,19.65,8.48,0.0
20230823:1302,551.15,100.82,78.27,6.06,29.53,18.1,9.31,0.0
20230823:1402,216.65,35.68,53.18,3.78,19.07,17.52,9.1,0.0
20230823:1502,96.45,0.0,36.56,0.55,7.52,17.01,8.48,0.0
20230823:1602,0.0,0.0,0.0,0.0,0.0,16.7,7.86,0.0
20230823:1702,0.0,0.0,0.0,0.0,0.0,16.01,7.31,0.0
20230823:1802,0.0,0.0,0.0,0.0,0.0,15.44,6.83,0.0
20230823:1902,0.0,0.0,0.0,0.0,0.0,15.3,6.14,0.0
20230823:2002,0.0,0.0,0.0,0.0,0.0,14.72,5.72,0.0
20230823:2102,0.0,0.0,0.0,0.0,0.0,14.16,5.45,0.0
20230823:2202,0.0,0.0,0.0,0.0,0.0,13.21,4.69,0.0
20230823:2302,0.0,0.0,0.0,0.0,0.0,12.9,4.34,0.0
20230824:0002,0.0,0.0,0.0,0.0,0.0,12.55,3.79,0.0
20230824:0102,0.0,0.0,0.0,0.0,0.0,12.01,3.52,0.0
20230824:0202,0.0,0.0,0.0,0.0,0.0,11.69,3.52,0.0
20230824:0302,0.0,0.0,0.0,0.0,0.0,11.48,3.38,0.0
20230824:0402,0.0,0.0,0.0,0.0,0.0,11.41,2.83,0.0
20230824:0502,47.35,0.0,22.29,0.33,4.77,11.52,2.41,0.0
20230824:0602,182.15,20.9,51.18,3.07,16.53,13.26,2.07,0.0
20230824:0702,472.95,90.43,69.99,5.57,27.34,15.04,1.38,0.0
20230824:0802,881.05,123.24,127.5,7.1,36.56,16.8,0.28,0.0
20230824:0902,1027.4,203.72,84.01,9.02,43.18,17.92,1.59,0.0
20230824:1002,1256.55,154.49,176.68,8.59,45.98,18.48,3.03,0.0
20230824:1102,1062.8,217.6,77.49,9.34,44.25,18.93,4.07,0.0
20230824:1202,1150.35,60.18,236.6,6.03,38.44,18.06,5.72,0.0
20230824:1302,810.2,9.65,199.98,3.36,29.74,17.97,6.69,0.0
20230824:1402,437.05,2.33,119.03,1.9,19.24,17.79,7.24,0.0
20230824:1502,109.65,0.0,40.12,0.6,7.67,17.33,7.45,0.0
20230824:1602,0.0,0.0,0.0,0.0,0.0,16.94,7.72,0.0
20230824:1702,0.0,0.0,0.0,0.0,0.0,16.85,7.59,0.0
20230824:1802,0.0,0.0,0.0,0.0,0.0,17.02,7.31,0.0
20230824:1902,0.0,0.0,0.0,0.0,0.0,17.05,6.97,0.0
20230824:2002,0.0,0.0,0.0,0.0,0.0,16.69,6.97,0.0
20230824:2102,0.0,0.0,0.0,0.0,0.0,16.26,6.41,0.0
20230824:2202,0.0,0.0,0.0,0.0,0.0,16.58,5.38,0.0
20230824:2302,0.0,0.0,0.0,0.0,0.0,16.69,5.03,0.0
20230825:0002,0.0,0.0,0.0,0.0,0.0,16.36,4.28,0.0
20230825:0102,0.0,0.0,0.0,0.0,0.0,15.98,3.72,0.0
20230825:0202,0.0,0.0,0.0,0.0,0.0,15.68,3.45,0.0
20230825:0302,0.0,0.0,0.0,0.0,0.0,15.51,3.17,0.0
20230825:0402,0.0,0.0,0.0,0.0,0.0,15.85,2.97,0.0
20230825:0502,28.9,0.0,16.94,0.25,5.02,16.65,3.17,0.0
20230825:0602,223.25,21.65,61.57,3.04,16.8,17.26,3.17,0.0
20230825:0702,466.3,101.39,62.4,5.8,27.64,20.21,2.9,0.0
20230825:0802,786.2,167.98,73.64,7.84,36.89,24.56,2.07,0.0
20230825:0902,1002.7,216.59,77.69,9.24,43.53,26.73,0.48,0.0
20230825:1002,1095.3,236.57,78.1,9.79,46.33,27.5,1.45,0.0
20230825:1102,1043.5,224.44,77.53,9.46,44.56,27.28,2.21,0.0
20230825:1202,855.0,182.06,75.31,8.27,38.7,26.49,5.59,0.0
20230825:1302,554.65,116.7,68.69,6.32,29.95,22.62,7.59,0.0
20230825:1402,230.75,43.11,52.75,3.9,19.41,19.3,7.45,0.0
20230825:1502,98.9,0.0,37.45,0.56,7.81,18.58,6.21,0.0
20230825:1602,0.0,0.0,0.0,0.0,0.0,17.97,4.41,0.0
20230825:1702,0.0,0.0,0.0,0.0,0.0,16.77,3.38,0.0
20230825:1802,0.0,0.0,0.0,0.0,0.0,16.3,3.1,0.0
20230825:1902,0.0,0.0,0.0,0.0,0.0,16.16,2.9,0.0
20230825:2002,0.0,0.0,0.0,0.0,0.0,15.75,3.31,0.0
20230825:2102,0.0,0.0,0.0,0.0,0.0,16.02,3.79,0.0
20230825:2202,0.0,0.0,0.0,0.0,0.0,16.18,4.55,0.0
20230825:2302,0.0,0.0,0.0,0.0,0.0,16.3,5.1,0.0
20230826:0002,0.0,0.0,0.0,0.0,0.0,15.6,10.07,0.0
20230826:0102,0.0,0.0,0.0,0.0,0.0,14.04,10.69,0.0
20230826:0202,0.0,0.0,0.0,0.0,0.0,13.37,8.48,0.0
20230826:0302,0.0,0.0,0.0,0.0,0.0,13.7,8.9,0.0
20230826:0402,0.0,0.0,0.0,0.0,0.0,12.94,10.83,0.0
20230826:0502,53.2,0.0,24.07,0.36,5.28,12.77,10.55,0.0
20230826:0602,190.9,29.56,49.2,3.28,17.08,13.32,10.34,0.0
20230826:0702,524.25,101.27,70.19,5.77,27.94,14.22,11.59,0.0
20230826:0802,871.35,169.19,79.48,7.85,37.21,15.46,12.21,0.0
20230826:0902,1390.7,46.88,294.47,6.12,43.88,16.31,13.93,0.0
20230826:1002,1306.1,182.01,154.89,9.06,46.67,17.52,12.34,0.0
20230826:1102,1420.65,49.94,299.97,6.31,44.87,17.26,13.03,0.0
20230826:1202,1051.75,132.24,150.02,7.5,38.96,17.53,12.0,0.0
20230826:1302,877.55,17.72,208.15,3.85,30.16,17.6,11.72,0.0
20230826:1402,244.55,46.77,53.0,3.95,19.58,17.01,10.9,0.0
20230826:1502,100.15,0.0,37.45,0.56,7.95,16.36,9.17,0.0
20230826:1602,0.0,0.0,0.0,0.0,0.0,15.62,8.9,0.0
20230826:1702,0.0,0.0,0.0,0.0,0.0,14.66,8.9,0.0
20230826:1802,0.0,0.0,0.0,0.0,0.0,14.3,8.76,0.0
20230826:1902,0.0,0.0,0.0,0.0,0.0,13.99,8.48,0.0
20230826:2002,0.0,0.0,0.0,0.0,0.0,13.61,8.34,0.0
20230826:2102,0.0,0.0,0.0,0.0,0.0,13.4,8.14,0.0
20230826:2202,0.0,0.0,0.0,0.0,0.0,12.76,7.66,0.0
20230826:2302,0.0,0.0,0.0,0.0,0.0,12.75,7.03,0.0
20230827:0002,0.0,0.0,0.0,0.0,0.0,12.49,6.69,0.0
20230827:0102,0.0,0.0,0.0,0.0,0.0,12.45,6.55,0.0
20230827:0202,0.0,0.0,0.0,0.0,0.0,12.32,6.41,0.0
20230827:0302,0.0,0.0,0.0,0.0,0.0,12.39,6.48,0.0
20230827:0402,0.0,0.0,0.0,0.0,0.0,12.61,6.48,0.0
20230827:0502,59.35,0.0,25.86,0.39,5.54,12.82,6.14,0.0
20230827:0602,284.7,24.07,73.37,3.01,17.35,13.84,5.72,0.0
20230827:0702,651.7,77.04,115.42,5.29,28.24,15.12,5.79,0.0
20230827:0802,872.15,179.58,72.89,7.98,37.54,17.3,5.38,0.0
20230827:0902,1119.1,219.98,85.71,9.24,44.23,18.86,4.69,0.0
20230827:1002,1348.3,152.2,198.73,8.57,47.02,19.91,4.34,0.0
20230827:1102,1139.3,236.44,76.07,9.59,45.19,20.02,4.34,0.0
20230827:1202,923.3,195.45,71.48,8.43,39.22,20.12,4.55,0.0
20230827:1302,587.85,130.91,62.19,6.52,30.37,19.65,4.62,0.0
20230827:1402,258.75,48.86,55.41,3.94,19.75,18.73,3.79,0.0
20230827:1502,109.25,0.0,40.12,0.6,8.09,17.59,2.34,0.0
20230827:1602,0.0,0.0,0.0,0.0,0.0,15.52,1.59,0.0
20230827:1702,0.0,0.0,0.0,0.0,0.0,13.52,1.66,0.0
20230827:1802,0.0,0.0,0.0,0.0,0.0,13.29,1.93,0.0
20230827:1902,0.0,0.0,0.0,0.0,0.0,13.41,2.0,0.0
20230827:2002,0.0,0.0,0.0,0.0,0.0,12.83,2.14,0.0
20230827:2102,0.0,0.0,0.0,0.0,0.0,13.2,2.48,0.0
20230827:2202,0.0,0.0,0.0,0.0,0.0,12.25,2.69,0.0
20230827:2302,0.0,0.0,0.0,0.0,0.0,11.7,2.55,0.0
20230828:0002,0.0,0.0,0.0,0.0,0.0,11.41,2.34,0.0
20230828:0102,0.0,0.0,0.0,0.0,0.0,10.92,2.21,0.0
20230828:0202,0.0,0.0,0.0,0.0,0.0,11.1,2.21,0.0
20230828:0302,0.0,0.0,0.0,0.0,0.0,11.08,2.07,0.0
20230828:0402,0.0,0.0,0.0,0.0,0.0,11.52,2.14,0.0
20230828:0502,62.7,0.0,26.75,0.4,5.8,12.11,2.62,0.0
20230828:0602,222.2,36.29,53.19,3.39,17.63,14.17,2.83,0.0
20230828:0702,562.05,110.89,71.62,5.92,28.55,16.41,3.31,0.0
20230828:0802,905.75,182.65,78.31,8.07,37.88,18.75,4.69,0.0
20230828:0902,1143.95,228.57,84.84,9.41,44.58,20.82,5.1,0.0
20230828:1002,1232.25,247.8,86.57,9.95,47.38,22.66,5.38,0.0
20230828:1102,1167.7,238.71,82.13,9.66,45.5,22.79,5.79,0.0
20230828:1202,951.5,198.07,76.17,8.48,39.48,22.37,6.28,0.0
20230828:1302,614.35,132.43,67.17,6.54,30.58,21.97,6.48,0.0
20230828:1402,267.3,53.32,55.3,4.03,19.92,21.5,6.34,0.0
20230828:1502,107.65,0.0,40.12,0.6,8.24,20.69,5.93,0.0
20230828:1602,0.0,0.0,0.0,0.0,0.0,19.11,5.66,0.0
20230828:1702,0.0,0.0,0.0,0.0,0.0,18.02,5.31,0.0
20230828:1802,0.0,0.0,0.0,0.0,0.0,17.49,4.9,0.0
20230828:1902,0.0,0.0,0.0,0.0,0.0,17.39,4.69,0.0
20230828:2002,0.0,0.0,0.0,0.0,0.0,16.88,4.76,0.0
20230828:2102,0.0,0.0,0.0,0.0,0.0,16.77,4.76,0.0
20230828:2202,0.0,0.0,0.0,0.0,0.0,16.23,4.62,0.0
20230828:2302,0.0,0.0,0.0,0.0,0.0,16.29,4.62,0.0
20230829:0002,0.0,0.0,0.0,0.0,0.0,15.73,4.28,0.0
20230829:0102,0.0,0.0,0.0,0.0,0.0,15.36,3.79,0.0
20230829:0202,0.0,0.0,0.0,0.0,0.0,14.71,3.45,0.0
20230829:0302,0.0,0.0,0.0,0.0,0.0,14.12,3.24,0.0
20230829:0402,0.0,0.0,0.0,0.0,0.0,14.05,3.38,0.0
20230829:0502,77.7,0.0,31.21,0.47,6.06,14.78,3.52,0.0
20230829:0602,258.7,37.17,61.46,3.39,17.92,16.49,3.66,0.0
20230829:0702,591.3,114.43,76.41,6.02,28.85,19.58,3.79,0.0
20230829:0802,927.45,186.06,83.07,8.15,38.21,22.4,4.28,0.0
20230829:0902,1154.0,237.69,83.91,9.58,44.94,25.25,4.76,0.0
20230829:1002,1238.8,257.43,84.93,10.13,47.73,26.84,4.55,0.0
20230829:1102,1180.55,244.2,85.08,9.78,45.82,26.83,5.1,0.0
20230829:1202,968.6,201.04,80.86,8.55,39.74,26.2,5.72,0.0
20230829:1302,634.3,137.38,69.39,6.65,30.79,25.35,6.21,0.0
20230829:1402,283.95,55.86,58.14,4.06,20.09,24.1,6.28,0.0
20230829:1502,109.85,0.0,41.02,0.62,8.38,22.6,6.21,0.0
20230829:1602,0.0,0.0,0.0,0.0,0.0,21.02,5.86,0.0
20230829:1702,0.0,0.0,0.0,0.0,0.0,19.62,5.52,0.0
20230829:1802,0.0,0.0,0.0,0.0,0.0,19.76,5.38,0.0
20230829:1902,0.0,0.0,0.0,0.0,0.0,19.39,5.24,0.0
20230829:2002,0.0,0.0,0.0,0.0,0.0,18.82,4.9,0.0
20230829:2102,0.0,0.0,0.0,0.0,0.0,18.6,4.28,0.0
20230829:2202,0.0,0.0,0.0,0.0,0.0,17.4,3.72,0.0
20230829:2302,0.0,0.0,0.0,0.0,0.0,16.54,3.38,0.0
20230830:0002,0.0,0.0,0.0,0.0,0.0,15.56,3.17,0.0
20230830:0102,0.0,0.0,0.0,0.0,0.0,15.26,3.1,0.0
20230830:0202,0.0,0.0,0.0,0.0,0.0,15.16,2.9,0.0
20230830:0302,0.0,0.0,0.0,0.0,0.0,15.75,2.83,0.0
20230830:0402,0.0,0.0,0.0,0.0,0.0,16.28,2.9,0.0
20230830:0502,76.6,0.0,31.21,0.47,6.33,17.43,3.03,0.0
20230830:0602,259.9,42.31,59.68,3.5,18.2,19.66,3.03,0.0
20230830:0702,601.65,119.35,76.82,6.08,29.16,23.34,2.55,0.0
20230830:0802,928.8,191.41,83.49,8.21,38.55,26.59,2.14,0.0
20230830:0902,1148.95,243.27,84.97,9.66,45.3,28.88,1.59,0.0
20230830:1002,1231.5,262.63,86.04,10.2,48.09,30.33,1.79,0.0
20230830:1102,1178.8,249.33,85.52,9.83,46.14,30.41,3.38,0.0
20230830:1202,973.35,211.55,75.65,8.69,40.0,28.98,4.34,0.0
20230830:1302,652.05,138.06,74.03,6.62,31.0,27.91,4.9,0.0
20230830:1402,302.9,57.52,62.05,4.06,20.26,26.6,5.03,0.0
20230830:1502,108.4,0.0,41.02,0.62,8.52,25.0,4.9,0.0
20230830:1602,0.0,0.0,0.0,0.0,0.0,22.49,4.76,0.0
20230830:1702,0.0,0.0,0.0,0.0,0.0,21.89,4.28,0.0
20230830:1802,0.0,0.0,0.0,0.0,0.0,22.29,3.93,0.0
20230830:1902,0.0,0.0,0.0,0.0,0.0,22.28,3.79,0.0
20230830:2002,0.0,0.0,0.0,0.0,0.0,21.33,3.72,0.0
20230830:2102,0.0,0.0,0.0,0.0,0.0,20.16,3.52,0.0
20230830:2202,0.0,0.0,0.0,0.0,0.0,20.63,3.79,0.0
20230830:2302,0.0,0.0,0.0,0.0,0.0,19.97,3.86,0.0
20230831:0002,0.0,0.0,0.0,0.0,0.0,19.74,4.21,0.0
20230831:0102,0.0,0.0,0.0,0.0,0.0,19.93,4.62,0.0
20230831:0202,0.0,0.0,0.0,0.0,0.0,20.45,4.9,0.0
20230831:0302,0.0,0.0,0.0,0.0,0.0,21.68,5.38,0.0
20230831:0402,0.0,0.0,0.0,0.0,0.0,21.73,5.66,0.0
20230831:0502,74.4,0.0,31.21,0.47,6.6,22.9,5.93,0.0
20230831:0602,256.0,48.22,56.37,3.6,18.49,24.33,6.14,0.0
20230831:0702,611.7,125.77,74.15,6.15,29.48,26.05,5.86,0.0
20230831:0802,945.85,199.21,80.12,8.29,38.9,29.07,5.59,0.0
20230831:0902,1174.15,245.54,86.62,9.63,45.67,30.7,4.97,0.0
20230831:1002,1248.45,264.89,87.64,10.17,48.45,32.54,3.72,0.0
20230831:1102,1178.95,248.19,90.35,9.75,46.46,32.11,1.66,0.0
20230831:1202,996.7,193.98,99.92,8.39,40.27,30.8,1.66,0.0
20230831:1302,657.15,141.93,73.92,6.63,31.21,31.01,3.52,0.0
20230831:1402,306.0,61.34,60.96,4.09,20.43,29.21,4.07,0.0
20230831:1502,110.75,0.0,41.91,0.63,8.66,26.44,4.34,0.0
20230831:1602,0.0,0.0,0.0,0.0,0.0,23.62,4.48,0.0
20230831:1702,0.0,0.0,0.0,0.0,0.0,22.74,4.28,0.0
20230831:1802,0.0,0.0,0.0,0.0,0.0,22.51,0.97,0.0
20230831:1902,0.0,0.0,0.0,0.0,0.0,19.63,9.31,0.0
20230831:2002,0.0,0.0,0.0,0.0,0.0,18.91,8.62,0.0
20230831:2102,0.0,0.0,0.0,0.0,0.0,18.53,9.24,0.0
20230831:2202,0.0,0.0,0.0,0.0,0.0,17.93,8.14,0.0
20230831:2302,0.0,0.0,0.0,0.0,0.0,17.43,8.21,0.0
20230901:0002,0.0,0.0,0.0,0.0,0.0,17.02,8.21,0.0
20230901:0102,0.0,0.0,0.0,0.0,0.0,16.76,7.93,0.0
20230901:0202,0.0,0.0,0.0,0.0,0.0,16.38,7.52,0.0
20230901:0302,0.0,0.0,0.0,0.0,0.0,16.08,7.17,0.0
20230901:0402,0.0,0.0,0.0,0.0,0.0,15.86,7.52,0.0
20230901:0502,0.0,0.0,5.35,0.08,6.88,15.87,7.17,0.0
20230901:0602,127.95,0.0,44.76,0.64,18.78,16.2,7.31,0.0
20230901:0702,659.55,2.22,169.0,2.52,29.79,16.47,7.24,0.0
20230901:0802,1017.45,8.14,246.43,3.85,39.24,17.11,7.03,0.0
20230901:0902,1251.05,13.98,295.05,4.74,46.04,17.3,6.83,0.0
20230901:1002,509.2,0.0,137.09,1.97,48.81,18.14,6.62,0.0
20230901:1102,365.7,0.0,103.52,1.49,46.78,18.37,6.62,0.0
20230901:1202,968.75,4.52,239.29,3.6,40.53,17.83,6.41,0.0
20230901:1302,780.55,5.67,194.79,3.03,31.42,17.14,6.28,0.0
20230901:1402,106.3,0.0,39.17,0.56,20.6,16.61,5.72,0.0
20230901:1502,46.15,0.0,22.29,0.33,8.8,16.14,4.9,0.0
20230901:1602,0.0,0.0,0.0,0.0,0.0,16.03,4.07,0.0
20230901:1702,0.0,0.0,0.0,0.0,0.0,15.61,3.31,0.0
20230901:1802,0.0,0.0,0.0,0.0,0.0,15.71,2.07,0.0
20230901:1902,0.0,0.0,0.0,0.0,0.0,15.69,1.59,0.0
20230901:2002,0.0,0.0,0.0,0.0,0.0,15.36,1.72,0.0
20230901:2102,0.0,0.0,0.0,0.0,0.0,15.06,1.86,0.0
20230901:2202,0.0,0.0,0.0,0.0,0.0,14.98,1.52,0.0
20230901:2302,0.0,0.0,0.0,0.0,0.0,14.97,0.97,0.0
20230902:0002,0.0,0.0,0.0,0.0,0.0,14.99,0.83,0.0
20230902:0102,0.0,0.0,0.0,0.0,0.0,14.93,0.21,0.0
20230902:0202,0.0,0.0,0.0,0.0,0.0,14.85,0.62,0.0
20230902:0302,0.0,0.0,0.0,0.0,0.0,14.77,1.1,0.0
20230902:0402,0.0,0.0,0.0,0.0,0.0,14.88,2.21,0.0
20230902:0502,40.55,0.0,20.51,0.31,7.15,14.95,3.17,0.0
20230902:0602,86.15,0.0,33.57,0.48,19.07,15.18,4.14,0.0
20230902:0702,406.7,0.0,111.91,1.61,30.11,15.31,4.9,0.0
20230902:0802,1134.1,17.79,264.58,4.46,39.59,16.28,5.52,0.0
20230902:0902,1187.7,8.59,284.79,4.39,46.41,16.65,6.07,0.0
20230902:1002,1535.45,143.32,240.53,8.43,49.18,17.45,6.9,0.0
20230902:1102,1347.2,225.25,123.51,9.34,47.1,18.22,7.03,0.0
20230902:1202,1100.3,204.74,93.62,8.4,40.79,18.24,6.97,0.0
20230902:1302,753.75,138.9,85.0,6.46,31.63,18.05,6.97,0.0
20230902:1402,452.6,2.48,121.98,1.88,20.77,17.23,6.83,0.0
20230902:1502,105.85,0.01,39.01,0.58,8.95,16.4,5.93,0.0
20230902:1602,0.0,0.0,0.0,0.0,0.0,16.01,4.62,0.0
20230902:1702,0.0,0.0,0.0,0.0,0.0,15.83,3.45,0.0
20230902:1802,0.0,0.0,0.0,0.0,0.0,15.33,2.34,0.0
20230902:1902,0.0,0.0,0.0,0.0,0.0,15.43,2.14,0.0
20230902:2002,0.0,0.0,0.0,0.0,0.0,15.11,1.31,0.0
20230902:2102,0.0,0.0,0.0,0.0,0.0,15.24,0.9,0.0
20230902:2202,0.0,0.0,0.0,0.0,0.0,13.91,1.1,0.0
20230902:2302,0.0,0.0,0.0,0.0,0.0,13.63,0.76,0.0
20230903:0002,0.0,0.0,0.0,0.0,0.0,13.67,0.21,0.0
20230903:0102,0.0,0.0,0.0,0.0,0.0,13.62,0.55,0.0
20230903:0202,0.0,0.0,0.0,0.0,0.0,13.91,0.55,0.0
20230903:0302,0.0,0.0,0.0,0.0,0.0,14.02,0.62,0.0
20230903:0402,0.0,0.0,0.0,0.0,0.0,14.48,1.03,0.0
20230903:0502,6.9,0.0,8.92,0.13,7.43,15.31,1.52,0.0
20230903:0602,110.0,0.0,40.1,0.58,19.37,15.84,1.31,0.0
20230903:0702,508.75,0.0,137.09,1.97,30.43,17.02,2.14,0.0
20230903:0802,1208.55,36.59,269.55,5.21,39.94,17.71,2.76,0.0
20230903:0902,923.05,1.31,233.79,3.4,46.78,18.54,3.03,0.0
20230903:1002,1477.35,41.79,329.39,6.19,49.55,19.61,3.24,0.0
20230903:1102,1421.3,41.02,318.22,6.02,47.42,19.85,2.69,0.0
20230903:1202,1102.4,204.07,98.52,8.35,41.05,20.23,3.03,0.0
20230903:1302,761.3,141.8,85.7,6.46,31.83,19.91,3.86,0.0
20230903:1402,422.5,55.16,85.65,3.82,20.94,19.37,4.62,0.0
20230903:1502,156.95,0.52,52.44,0.95,9.09,18.2,4.41,0.0
20230903:1602,0.0,0.0,0.0,0.0,0.0,17.48,3.79,0.0
20230903:1702,0.0,0.0,0.0,0.0,0.0,17.25,3.03,0.0
20230903:1802,0.0,0.0,0.0,0.0,0.0,15.82,2.14,0.0
20230903:1902,0.0,0.0,0.0,0.0,0.0,17.69,1.38,0.0
20230903:2002,0.0,0.0,0.0,0.0,0.0,16.36,0.28,0.0
20230903:2102,0.0,0.0,0.0,0.0,0.0,15.06,1.17,0.0
20230903:2202,0.0,0.0,0.0,0.0,0.0,14.33,1.66,0.0
20230903:2302,0.0,0.0,0.0,0.0,0.0,14.5,2.07,0.0
20230904:0002,0.0,0.0,0.0,0.0,0.0,14.41,2.41,0.0
20230904:0102,0.0,0.0,0.0,0.0,0.0,14.5,2.9,0.0
20230904:0202,0.0,0.0,0.0,0.0,0.0,14.39,3.17,0.0
20230904:0302,0.0,0.0,0.0,0.0,0.0,14.44,3.72,0.0
20230904:0402,0.0,0.0,0.0,0.0,0.0,14.9,4.48,0.0
20230904:0502,113.6,0.0,41.02,0.62,7.71,16.15,5.1,0.0
20230904:0602,367.65,54.42,73.24,3.6,19.67,16.97,5.59,0.0
20230904:0702,741.95,138.0,83.16,6.24,30.75,17.8,5.38,0.0
20230904:0802,1102.3,208.11,91.59,8.29,40.29,18.5,5.17,0.0
20230904:0902,1337.65,256.26,95.53,9.65,47.15,20.1,5.1,0.0
20230904:1002,1439.75,251.62,121.99,9.87,49.92,21.03,5.52,0.0
20230904:1102,1357.0,257.27,99.37,9.73,47.75,21.24,6.07,0.0
20230904:1202,1135.4,222.6,86.12,8.63,41.32,20.19,6.69,0.0
20230904:1302,790.3,146.68,86.67,6.54,32.04,20.1,6.62,0.0
20230904:1402,520.35,7.03,135.84,2.28,21.1,18.67,6.34,0.0
20230904:1502,112.15,0.07,40.88,0.6,9.23,17.79,5.45,0.0
20230904:1602,0.0,0.0,0.0,0.0,0.0,17.85,4.28,0.0
20230904:1702,0.0,0.0,0.0,0.0,0.0,17.54,3.31,0.0
20230904:1802,0.0,0.0,0.0,0.0,0.0,17.45,2.48,0.0
20230904:1902,0.0,0.0,0.0,0.0,0.0,16.98,1.93,0.0
20230904:2002,0.0,0.0,0.0,0.0,0.0,17.47,1.59,0.0
20230904:2102,0.0,0.0,0.0,0.0,0.0,17.21,1.72,0.0
20230904:2202,0.0,0.0,0.0,0.0,0.0,16.6,1.52,0.0
20230904:2302,0.0,0.0,0.0,0.0,0.0,16.81,1.59,0.0
20230905:0002,0.0,0.0,0.0,0.0,0.0,16.88,1.72,0.0
20230905:0102,0.0,0.0,0.0,0.0,0.0,16.91,2.0,0.0
20230905:0202,0.0,0.0,0.0,0.0,0.0,16.84,2.0,0.0
20230905:0302,0.0,0.0,0.0,0.0,0.0,16.87,0.34,0.0
20230905:0402,0.0,0.0,0.0,0.0,0.0,17.34,0.83,0.0
20230905:0502,52.55,0.0,24.25,0.35,7.99,16.43,1.52,0.0
20230905:0602,469.4,5.02,124.69,2.02,19.96,16.76,2.76,0.0
20230905:0702,922.4,26.34,211.88,4.05,31.08,17.58,4.97,0.0
20230905:0802,1173.2,19.1,274.01,4.61,40.64,18.23,6.69,0.0
20230905:0902,1403.1,28.6,318.06,5.55,47.53,18.66,7.79,0.0
20230905:1002,1405.2,18.48,325.01,5.29,50.29,17.1,8.34,0.0
20230905:1102,1208.7,7.61,289.94,4.42,48.07,17.43,9.38,0.0
20230905:1202,352.85,0.0,99.79,1.43,41.58,17.09,10.0,0.0
20230905:1302,953.95,91.8,163.62,5.73,32.25,16.84,9.45,0.0
20230905:1402,438.95,1.39,118.88,1.77,21.27,16.6,9.03,0.0
20230905:1502,159.9,0.84,52.58,0.88,9.37,15.7,9.38,0.0
20230905:1602,0.0,0.0,0.0,0.0,0.0,15.1,10.34,0.0
20230905:1702,0.0,0.0,0.0,0.0,0.0,14.38,9.72,0.0
20230905:1802,0.0,0.0,0.0,0.0,0.0,14.18,8.97,0.0
20230905:1902,0.0,0.0,0.0,0.0,0.0,14.13,8.55,0.0
20230905:2002,0.0,0.0,0.0,0.0,0.0,13.97,8.76,0.0
20230905:2102,0.0,0.0,0.0,0.0,0.0,13.91,8.69,0.0
20230905:2202,0.0,0.0,0.0,0.0,0.0,13.15,8.14,0.0
20230905:2302,0.0,0.0,0.0,0.0,0.0,12.94,7.45,0.0
20230906:0002,0.0,0.0,0.0,0.0,0.0,12.87,6.9,0.0
20230906:0102,0.0,0.0,0.0,0.0,0.0,12.76,6.48,0.0
20230906:0202,0.0,0.0,0.0,0.0,0.0,12.32,6.28,0.0
20230906:0302,0.0,0.0,0.0,0.0,0.0,12.2,6.14,0.0
20230906:0402,0.0,0.0,0.0,0.0,0.0,11.81,5.59,0.0
20230906:0502,77.0,4.28,29.69,1.34,8.27,12.41,5.03,0.0
20230906:0602,372.0,80.5,55.59,4.18,20.26,14.0,4.76,0.0
20230906:0702,812.5,163.92,73.88,6.75,31.4,15.51,5.03,0.0
20230906:0802,1193.4,237.5,82.52,8.86,41.0,17.36,5.03,0.0
20230906:0902,1439.0,281.51,92.15,10.16,47.91,18.96,4.83,0.0
20230906:1002,1523.5,312.55,82.1,10.84,50.66,20.5,4.97,0.0
20230906:1102,1437.85,297.35,80.93,10.42,48.4,21.87,5.1,0.0
20230906:1202,1199.6,252.13,75.81,9.16,41.84,22.16,5.24,0.0
20230906:1302,828.2,181.28,67.41,7.17,32.45,22.34,5.38,0.0
20230906:1402,456.25,73.17,80.77,4.21,21.44,20.84,5.1,0.0
20230906:1502,119.45,8.06,41.04,1.54,9.51,18.31,4.14,0.0
20230906:1602,0.0,0.0,0.0,0.0,0.0,17.36,3.66,0.0
20230906:1702,0.0,0.0,0.0,0.0,0.0,14.48,2.28,0.0
20230906:1802,0.0,0.0,0.0,0.0,0.0,14.26,1.38,0.0
20230906:1902,0.0,0.0,0.0,0.0,0.0,12.5,1.38,0.0
20230906:2002,0.0,0.0,0.0,0.0,0.0,12.51,1.86,0.0
20230906:2102,0.0,0.0,0.0,0.0,0.0,12.4,1.86,0.0
20230906:2202,0.0,0.0,0.0,0.0,0.0,11.7,1.79,0.0
20230906:2302,0.0,0.0,0.0,0.0,0.0,11.35,2.0,0.0
20230907:0002,0.0,0.0,0.0,0.0,0.0,11.15,1.93,0.0
20230907:0102,0.0,0.0,0.0,0.0,0.0,10.86,1.72,0.0
20230907:0202,0.0,0.0,0.0,0.0,0.0,10.58,1.59,0.0
20230907:0302,0.0,0.0,0.0,0.0,0.0,10.6,1.59,0.0
20230907:0402,0.0,0.0,0.0,0.0,0.0,11.16,2.07,0.0
20230907:0502,90.3,6.45,33.03,1.35,8.56,13.18,2.41,0.0
20230907:0602,398.7,79.32,61.82,4.1,20.57,14.94,2.07,0.0
20230907:0702,820.3,163.91,76.71,6.67,31.73,16.38,1.38,0.0
20230907:0802,1179.75,236.12,86.11,8.75,41.35,19.52,1.31,0.0
20230907:0902,1411.2,286.88,87.87,10.12,48.29,21.47,1.86,0.0
20230907:1002,1506.1,305.64,88.89,10.62,51.03,22.04,3.03,0.0
20230907:1102,1444.1,290.45,88.42,10.22,48.73,21.43,3.93,0.0
20230907:1202,1216.5,249.41,80.07,9.03,42.1,20.8,4.07,0.0
20230907:1302,851.05,174.9,75.92,6.98,32.66,20.4,2.83,0.0
20230907:1402,423.55,90.03,61.61,4.43,21.6,20.4,1.72,0.0
20230907:1502,105.9,11.75,36.74,1.65,9.65,19.88,1.45,0.0
20230907:1602,0.0,0.0,0.0,0.0,0.0,17.49,1.52,0.0
20230907:1702,0.0,0.0,0.0,0.0,0.0,15.8,1.66,0.0
20230907:1802,0.0,0.0,0.0,0.0,0.0,15.28,1.93,0.0
20230907:1902,0.0,0.0,0.0,0.0,0.0,15.1,1.79,0.0
20230907:2002,0.0,0.0,0.0,0.0,0.0,16.17,1.52,0.0
20230907:2102,0.0,0.0,0.0,0.0,0.0,17.16,1.45,0.0
20230907:2202,0.0,0.0,0.0,0.0,0.0,16.39,0.76,0.0
20230907:2302,0.0,0.0,0.0,0.0,0.0,16.06,0.28,0.0
20230908:0002,0.0,0.0,0.0,0.0,0.0,14.43,0.48,0.0
20230908:0102,0.0,0.0,0.0,0.0,0.0,13.88,0.41,0.0
20230908:0202,0.0,0.0,0.0,0.0,0.0,13.14,0.28,0.0
20230908:0302,0.0,0.0,0.0,0.0,0.0,12.61,0.21,0.0
20230908:0402,0.0,0.0,0.0,0.0,0.0,12.41,0.48,0.0
20230908:0502,133.65,0.77,45.83,0.74,8.84,14.28,1.1,0.0
20230908:0602,532.75,9.01,136.58,2.33,20.87,15.97,1.52,0.0
20230908:0702,854.7,163.29,84.57,6.67,32.06,18.27,2.76,0.0
20230908:0802,1215.95,233.65,94.75,8.71,41.71,21.12,3.79,0.0
20230908:0902,1455.25,277.43,104.29,10.01,48.67,22.73,4.48,0.0
20230908:1002,1538.85,304.53,97.06,10.62,51.41,23.7,4.9,0.0
20230908:1102,1467.4,285.6,99.22,10.16,49.05,23.37,5.31,0.0
20230908:1202,1307.1,175.55,169.33,8.12,42.36,22.7,5.59,0.0
20230908:1302,1023.05,46.37,222.54,4.84,32.86,22.08,5.45,0.0
20230908:1402,503.05,71.09,91.77,4.1,21.77,21.74,5.03,0.0
20230908:1502,124.45,12.44,41.39,1.61,9.79,20.63,4.28,0.0
20230908:1602,0.0,0.0,0.0,0.0,0.0,20.45,3.03,0.0
20230908:1702,0.0,0.0,0.0,0.0,0.0,18.87,2.55,0.0
20230908:1802,0.0,0.0,0.0,0.0,0.0,18.38,2.55,0.0
20230908:1902,0.0,0.0,0.0,0.0,0.0,17.74,2.21,0.0
20230908:2002,0.0,0.0,0.0,0.0,0.0,17.15,2.21,0.0
20230908:2102,0.0,0.0,0.0,0.0,0.0,15.85,2.14,0.0
20230908:2202,0.0,0.0,0.0,0.0,0.0,15.29,2.21,0.0
20230908:2302,0.0,0.0,0.0,0.0,0.0,15.28,2.34,0.0
20230909:0002,0.0,0.0,0.0,0.0,0.0,15.46,2.62,0.0
20230909:0102,0.0,0.0,0.0,0.0,0.0,15.92,2.97,0.0
20230909:0202,0.0,0.0,0.0,0.0,0.0,16.72,3.38,0.0
20230909:0302,0.0,0.0,0.0,0.0,0.0,18.75,3.72,0.0
20230909:0402,0.0,0.0,0.0,0.0,0.0,20.26,4.07,0.0
20230909:0502,156.4,4.01,52.27,1.09,9.13,21.99,4.62,0.0
20230909:0602,511.45,58.69,103.53,3.76,21.18,24.16,4.9,0.0
20230909:0702,913.25,132.62,131.0,6.34,32.39,27.66,5.03,0.0
20230909:0802,1259.4,175.3,172.46,8.09,42.07,31.39,4.14,0.0
20230909:0902,1441.9,247.92,147.98,9.77,49.06,33.22,3.59,0.0
20230909:1002,1516.9,268.33,146.71,10.3,51.79,33.25,2.97,0.0
20230909:1102,1435.15,264.56,132.9,10.01,49.38,34.1,2.97,0.0
20230909:1202,1240.05,206.52,142.88,8.57,42.62,34.11,3.93,0.0
20230909:1302,912.0,143.78,126.23,6.6,33.07,32.6,4.34,0.0
20230909:1402,502.6,73.24,95.53,4.15,21.93,31.77,4.55,0.0
20230909:1502,132.15,14.01,44.4,1.63,9.93,29.55,5.03,0.0
20230909:1602,0.0,0.0,0.0,0.0,0.0,26.66,5.38,0.0
20230909:1702,0.0,0.0,0.0,0.0,0.0,25.77,5.45,0.0
20230909:1802,0.0,0.0,0.0,0.0,0.0,25.63,5.52,0.0
20230909:1902,0.0,0.0,0.0,0.0,0.0,26.39,5.59,0.0
20230909:2002,0.0,0.0,0.0,0.0,0.0,27.42,5.79,0.0
20230909:2102,0.0,0.0,0.0,0.0,0.0,28.83,6.34,0.0
20230909:2202,0.0,0.0,0.0,0.0,0.0,30.37,6.48,0.0
20230909:2302,0.0,0.0,0.0,0.0,0.0,30.56,6.9,0.0
20230910:0002,0.0,0.0,0.0,0.0,0.0,29.99,7.03,0.0
20230910:0102,0.0,0.0,0.0,0.0,0.0,27.99,4.9,0.0
20230910:0202,0.0,0.0,0.0,0.0,0.0,22.2,8.48,0.0
20230910:0302,0.0,0.0,0.0,0.0,0.0,19.62,7.72,0.0
20230910:0402,0.0,0.0,0.0,0.0,0.0,18.3,8.28,0.0
20230910:0502,163.1,6.09,52.47,1.18,9.42,18.22,6.83,0.0
20230910:0602,557.25,52.19,114.14,3.6,21.48,18.57,5.45,0.0
20230910:0702,965.4,126.14,138.57,6.15,32.72,19.02,4.41,0.0
20230910:0802,1333.25,176.33,170.54,8.0,42.43,20.11,4.69,0.0
20230910:0902,1563.75,216.18,182.64,9.27,49.44,20.36,4.48,0.0
20230910:1002,1618.85,258.93,155.64,10.06,52.17,21.09,3.59,0.0
20230910:1102,1543.45,246.25,151.39,9.66,49.71,21.22,3.79,0.0
20230910:1202,1318.45,211.14,135.85,8.49,42.88,20.46,3.86,0.0
20230910:1302,963.6,147.18,121.48,6.54,33.27,20.43,3.86,0.0
20230910:1402,532.15,76.58,92.01,4.13,22.09,19.43,3.52,0.0
20230910:1502,145.15,15.48,45.11,1.62,10.07,18.96,3.59,0.0
20230910:1602,0.0,0.0,0.0,0.0,0.0,18.97,4.07,0.0
20230910:1702,0.0,0.0,0.0,0.0,0.0,18.68,4.0,0.0
20230910:1802,0.0,0.0,0.0,0.0,0.0,18.5,3.66,0.0
20230910:1902,0.0,0.0,0.0,0.0,0.0,18.94,3.17,0.0
20230910:2002,0.0,0.0,0.0,0.0,0.0,18.88,2.83,0.0
20230910:2102,0.0,0.0,0.0,0.0,0.0,19.04,2.0,0.0
20230910:2202,0.0,0.0,0.0,0.0,0.0,18.05,1.31,0.0
20230910:2302,0.0,0.0,0.0,0.0,0.0,17.71,1.38,0.0
20230911:0002,0.0,0.0,0.0,0.0,0.0,17.42,1.66,0.0
20230911:0102,0.0,0.0,0.0,0.0,0.0,17.36,2.28,0.0
20230911:0202,0.0,0.0,0.0,0.0,0.0,16.08,4.69,0.0
20230911:0302,0.0,0.0,0.0,0.0,0.0,15.11,7.38,0.0
20230911:0402,0.0,0.0,0.0,0.0,0.0,14.61,7.86,0.0
20230911:0502,12.7,0.0,11.19,0.16,9.71,14.08,8.14,0.0
20230911:0602,115.25,0.0,41.03,0.59,21.79,13.55,8.14,0.0
20230911:0702,311.65,0.0,88.6,1.27,33.05,12.92,7.86,0.0
20230911:0802,387.6,0.0,106.31,1.53,42.8,13.19,7.86,0.0
20230911:0902,468.65,0.0,124.97,1.8,49.83,13.36,8.34,0.0
20230911:1002,511.6,0.0,135.22,1.94,52.55,14.2,8.34,0.0
20230911:1102,296.75,0.0,85.8,1.23,50.03,15.04,9.1,0.0
20230911:1202,172.9,0.0,55.95,0.8,43.14,15.32,9.59,0.0
20230911:1302,203.5,0.0,63.42,0.91,33.48,15.02,10.07,0.0
20230911:1402,79.65,0.0,31.71,0.46,22.26,14.61,10.28,0.0
20230911:1502,15.25,0.0,12.12,0.17,10.21,13.55,10.07,0.0
20230911:1602,0.0,0.0,0.0,0.0,0.0,12.87,9.86,0.0
20230911:1702,0.0,0.0,0.0,0.0,0.0,12.64,10.14,0.0
20230911:1802,0.0,0.0,0.0,0.0,0.0,12.84,10.07,0.0
20230911:1902,0.0,0.0,0.0,0.0,0.0,12.57,10.14,0.0
20230911:2002,0.0,0.0,0.0,0.0,0.0,12.02,9.38,0.0
20230911:2102,0.0,0.0,0.0,0.0,0.0,11.5,8.69,0.0
20230911:2202,0.0,0.0,0.0,0.0,0.0,11.27,7.66,0.0
20230911:2302,0.0,0.0,0.0,0.0,0.0,10.99,7.38,0.0
20230912:0002,0.0,0.0,0.0,0.0,0.0,10.54,7.31,0.0
20230912:0102,0.0,0.0,0.0,0.0,0.0,10.51,7.1,0.0
20230912:0202,0.0,0.0,0.0,0.0,0.0,10.39,7.1,0.0
20230912:0302,0.0,0.0,0.0,0.0,0.0,10.59,6.62,0.0
20230912:0402,0.0,0.0,0.0,0.0,0.0,10.53,6.0,0.0
20230912:0502,135.75,21.68,38.76,1.69,10.0,11.11,5.24,0.0
20230912:0602,527.55,108.66,62.78,4.58,22.1,12.11,5.45,0.0
20230912:0702,1007.2,194.12,81.2,7.14,33.38,13.17,5.24,0.0
20230912:0802,1393.75,268.25,89.83,9.22,43.16,14.92,4.55,0.0
20230912:0902,1655.65,267.37,146.5,10.02,50.22,15.79,3.86,0.0
20230912:1002,1715.75,332.99,97.99,11.03,52.93,16.68,3.24,0.0
20230912:1102,1626.65,325.3,88.86,10.69,50.36,17.27,2.69,0.0
20230912:1202,1385.25,275.12,87.02,9.36,43.4,17.39,2.9,0.0
20230912:1302,1002.65,200.88,79.06,7.3,33.68,17.19,3.72,0.0
20230912:1402,537.2,111.63,64.82,4.7,22.42,16.2,4.14,0.0
20230912:1502,212.5,7.43,63.28,1.3,10.34,15.4,4.21,0.0
20230912:1602,0.0,0.0,0.0,0.0,0.0,14.52,3.79,0.0
20230912:1702,0.0,0.0,0.0,0.0,0.0,13.94,4.0,0.0
20230912:1802,0.0,0.0,0.0,0.0,0.0,14.05,4.62,0.0
20230912:1902,0.0,0.0,0.0,0.0,0.0,13.93,5.24,0.0
20230912:2002,0.0,0.0,0.0,0.0,0.0,13.93,5.31,0.0
20230912:2102,0.0,0.0,0.0,0.0,0.0,13.8,5.31,0.0
20230912:2202,0.0,0.0,0.0,0.0,0.0,12.94,4.83,0.0
20230912:2302,0.0,0.0,0.0,0.0,0.0,13.06,5.31,0.0
20230913:0002,0.0,0.0,0.0,0.0,0.0,12.59,5.59,0.0
20230913:0102,0.0,0.0,0.0,0.0,0.0,12.45,5.38,0.0
20230913:0202,0.0,0.0,0.0,0.0,0.0,12.26,5.24,0.0
20230913:0302,0.0,0.0,0.0,0.0,0.0,12.22,5.59,0.0
20230913:0402,0.0,0.0,0.0,0.0,0.0,12.55,5.79,0.0
20230913:0502,181.9,16.55,51.92,1.54,10.3,13.48,5.86,0.0
20230913:0602,574.2,94.17,83.49,4.34,22.41,14.67,6.07,0.0
20230913:0702,1036.0,175.73,105.22,6.89,33.72,16.42,6.41,0.0
20230913:0802,1402.55,249.39,113.1,8.96,43.53,19.23,6.69,0.0
20230913:0902,1635.75,301.83,113.38,10.34,50.61,21.08,7.24,0.0
20230913:1002,1716.1,324.7,109.34,10.88,53.31,21.88,7.45,0.0
20230913:1102,1633.05,314.15,102.54,10.5,50.69,22.14,7.52,0.0
20230913:1202,1394.1,261.12,103.53,9.14,43.66,22.13,8.34,0.0
20230913:1302,1014.05,189.04,93.57,7.09,33.88,21.84,9.38,0.0
20230913:1402,561.85,100.93,79.26,4.49,22.58,21.12,9.52,0.0
20230913:1502,154.7,25.79,42.99,1.82,10.48,20.05,9.59,0.0
20230913:1602,0.0,0.0,0.0,0.0,0.0,19.71,9.31,0.0
20230913:1702,0.0,0.0,0.0,0.0,0.0,19.16,8.9,0.0
20230913:1802,0.0,0.0,0.0,0.0,0.0,19.5,8.34,0.0
20230913:1902,0.0,0.0,0.0,0.0,0.0,19.58,7.59,0.0
20230913:2002,0.0,0.0,0.0,0.0,0.0,19.17,6.83,0.0
20230913:2102,0.0,0.0,0.0,0.0,0.0,18.84,5.79,0.0
20230913:2202,0.0,0.0,0.0,0.0,0.0,18.25,5.52,0.0
20230913:2302,0.0,0.0,0.0,0.0,0.0,17.5,4.83,0.0
20230914:0002,0.0,0.0,0.0,0.0,0.0,17.2,4.14,0.0
20230914:0102,0.0,0.0,0.0,0.0,0.0,16.96,3.66,0.0
20230914:0202,0.0,0.0,0.0,0.0,0.0,16.86,3.38,0.0
20230914:0302,0.0,0.0,0.0,0.0,0.0,17.05,2.76,0.0
20230914:0402,0.0,0.0,0.0,0.0,0.0,17.56,7.59,0.0
20230914:0502,198.55,15.92,56.6,1.51,10.59,16.87,7.38,0.0
20230914:0602,595.45,93.98,88.7,4.33,22.71,16.99,6.0,0.0
20230914:0702,1048.15,182.44,103.16,6.95,34.05,17.82,5.03,0.0
20230914:0802,1418.1,262.36,105.2,9.1,43.89,19.03,4.48,0.0
20230914:0902,1660.4,311.1,109.03,10.42,51.0,19.25,4.62,0.0
20230914:1002,1745.1,328.1,110.06,10.88,53.69,19.55,5.31,0.0
20230914:1102,1672.4,305.64,115.52,10.38,51.02,19.13,5.66,0.0
20230914:1202,1489.8,151.33,225.1,7.8,43.92,19.34,6.34,0.0
20230914:1302,1050.95,184.37,102.87,7.01,34.08,19.07,6.41,0.0
20230914:1402,585.85,105.25,78.81,4.53,22.75,17.53,5.17,0.0
20230914:1502,164.2,29.12,43.1,1.88,10.62,17.25,4.07,0.0
20230914:1602,0.0,0.0,0.0,0.0,0.0,17.02,2.83,0.0
20230914:1702,0.0,0.0,0.0,0.0,0.0,15.07,2.14,0.0
20230914:1802,0.0,0.0,0.0,0.0,0.0,16.41,0.83,0.0
20230914:1902,0.0,0.0,0.0,0.0,0.0,15.07,0.69,0.0
20230914:2002,0.0,0.0,0.0,0.0,0.0,14.82,1.38,0.0
20230914:2102,0.0,0.0,0.0,0.0,0.0,15.03,2.0,0.0
20230914:2202,0.0,0.0,0.0,0.0,0.0,14.71,2.76,0.0
20230914:2302,0.0,0.0,0.0,0.0,0.0,14.44,3.66,0.0
20230915:0002,0.0,0.0,0.0,0.0,0.0,14.27,4.21,0.0
20230915:0102,0.0,0.0,0.0,0.0,0.0,14.21,3.86,0.0
20230915:0202,0.0,0.0,0.0,0.0,0.0,13.36,2.76,0.0
20230915:0302,0.0,0.0,0.0,0.0,0.0,13.37,3.1,0.0
20230915:0402,0.0,0.0,0.0,0.0,0.0,14.33,2.62,0.0
20230915:0502,163.15,0.74,53.89,0.8,10.88,17.94,2.69,0.0
20230915:0602,628.85,88.98,102.03,4.3,23.02,20.41,2.83,0.0
20230915:0702,1107.75,66.16,227.02,5.31,34.39,23.36,2.62,0.0
20230915:0802,1438.55,174.08,208.51,8.15,44.26,26.56,2.34,0.0
20230915:0902,1603.4,330.53,99.21,10.69,51.4,27.96,1.59,0.0
20230915:1002,1679.05,348.1,100.22,11.16,54.08,28.98,2.0,0.0
20230915:1102,1621.2,335.03,95.82,10.76,51.34,28.03,2.97,0.0
20230915:1202,1419.75,288.43,90.01,9.47,44.17,25.29,4.9,0.0
20230915:1302,1054.4,210.56,83.9,7.36,34.28,22.5,6.07,0.0
20230915:1402,600.9,108.71,80.81,4.58,22.91,20.66,4.97,0.0
20230915:1502,198.4,23.72,53.96,1.74,10.76,20.07,3.86,0.0
20230915:1602,0.0,0.0,0.0,0.0,0.0,19.41,4.55,0.0
20230915:1702,0.0,0.0,0.0,0.0,0.0,17.37,6.55,0.0
20230915:1802,0.0,0.0,0.0,0.0,0.0,16.67,7.1,0.0
20230915:1902,0.0,0.0,0.0,0.0,0.0,16.69,7.66,0.0
20230915:2002,0.0,0.0,0.0,0.0,0.0,16.19,8.0,0.0
20230915:2102,0.0,0.0,0.0,0.0,0.0,15.9,7.86,0.0
20230915:2202,0.0,0.0,0.0,0.0,0.0,15.53,6.14,0.0
20230915:2302,0.0,0.0,0.0,0.0,0.0,15.28,5.52,0.0
20230916:0002,0.0,0.0,0.0,0.0,0.0,14.87,5.66,0.0
20230916:0102,0.0,0.0,0.0,0.0,0.0,14.56,5.66,0.0
20230916:0202,0.0,0.0,0.0,0.0,0.0,14.24,5.45,0.0
20230916:0302,0.0,0.0,0.0,0.0,0.0,14.15,5.31,0.0
20230916:0402,0.0,0.0,0.0,0.0,0.0,14.21,5.24,0.0
20230916:0502,216.45,25.84,55.41,1.77,11.18,14.96,5.59,0.0
20230916:0602,632.4,128.43,68.3,4.88,23.33,16.07,6.69,0.0
20230916:0702,1122.6,214.86,86.79,7.42,34.72,16.87,7.59,0.0
20230916:0802,1511.15,285.4,99.48,9.45,44.63,18.74,8.21,0.0
20230916:0902,1753.95,335.03,103.35,10.78,51.79,19.98,8.41,0.0
20230916:1002,1832.2,357.22,100.26,11.31,54.46,21.24,8.76,0.0
20230916:1102,1745.55,339.56,99.9,10.85,51.67,21.63,8.97,0.0
20230916:1202,1493.25,292.87,93.38,9.55,44.43,21.95,9.03,0.0
20230916:1302,1095.95,217.69,84.01,7.46,34.48,21.72,9.1,0.0
20230916:1402,617.15,120.2,74.59,4.74,23.07,20.9,8.55,0.0
20230916:1502,180.35,36.23,43.41,1.98,10.9,19.52,8.69,0.0
20230916:1602,0.0,0.0,0.0,0.0,0.0,18.33,8.62,0.0
20230916:1702,0.0,0.0,0.0,0.0,0.0,17.03,8.76,0.0
20230916:1802,0.0,0.0,0.0,0.0,0.0,16.16,8.55,0.0
20230916:1902,0.0,0.0,0.0,0.0,0.0,15.53,8.34,0.0
20230916:2002,0.0,0.0,0.0,0.0,0.0,14.86,8.07,0.0
20230916:2102,0.0,0.0,0.0,0.0,0.0,14.61,7.72,0.0
20230916:2202,0.0,0.0,0.0,0.0,0.0,14.37,8.14,0.0
20230916:2302,0.0,0.0,0.0,0.0,0.0,14.09,7.79,0.0
20230917:0002,0.0,0.0,0.0,0.0,0.0,13.95,7.66,0.0
20230917:0102,0.0,0.0,0.0,0.0,0.0,13.91,7.31,0.0
20230917:0202,0.0,0.0,0.0,0.0,0.0,13.72,7.17,0.0
20230917:0302,0.0,0.0,0.0,0.0,0.0,13.7,7.31,0.0
20230917:0402,0.0,0.0,0.0,0.0,0.0,13.69,7.38,0.0
20230917:0502,240.75,24.86,60.82,1.76,11.47,14.15,7.03,0.0
20230917:0602,663.25,129.45,72.36,4.88,23.64,15.37,7.45,0.0
20230917:0702,1154.0,210.06,96.76,7.36,35.05,16.86,7.86,0.0
20230917:0802,1546.15,279.59,110.86,9.38,44.99,17.75,7.52,0.0
20230917:0902,1782.85,333.89,109.64,10.76,52.18,19.02,7.24,0.0
20230917:1002,1861.8,350.5,111.4,11.21,54.85,20.02,7.86,0.0
20230917:1102,1772.3,343.58,100.5,10.87,52.0,20.43,7.45,0.0
20230917:1202,1515.25,284.07,104.94,9.41,44.68,20.65,7.24,0.0
20230917:1302,1122.65,215.4,90.52,7.41,34.68,20.72,7.31,0.0
20230917:1402,639.5,124.36,75.01,4.78,23.23,20.04,7.45,0.0
20230917:1502,190.85,39.16,43.79,2.01,11.04,18.36,7.1,0.0
20230917:1602,0.0,0.0,0.0,0.0,0.0,16.96,6.62,0.0
20230917:1702,0.0,0.0,0.0,0.0,0.0,16.05,6.0,0.0
20230917:1802,0.0,0.0,0.0,0.0,0.0,15.38,5.24,0.0
20230917:1902,0.0,0.0,0.0,0.0,0.0,14.86,4.0,0.0
20230917:2002,0.0,0.0,0.0,0.0,0.0,14.16,2.69,0.0
20230917:2102,0.0,0.0,0.0,0.0,0.0,14.3,2.97,0.0
20230917:2202,0.0,0.0,0.0,0.0,0.0,13.65,3.03,0.0
20230917:2302,0.0,0.0,0.0,0.0,0.0,13.12,2.83,0.0
20230918:0002,0.0,0.0,0.0,0.0,0.0,12.52,2.48,0.0
20230918:0102,0.0,0.0,0.0,0.0,0.0,11.95,2.21,0.0
20230918:0202,0.0,0.0,0.0,0.0,0.0,11.75,2.28,0.0
20230918:0302,0.0,0.0,0.0,0.0,0.0,11.81,2.41,0.0
20230918:0402,0.0,0.0,0.0,0.0,0.0,12.55,2.62,0.0
20230918:0502,230.45,38.63,51.13,2.01,11.77,13.76,3.17,0.0
20230918:0602,685.6,134.76,73.51,4.96,23.95,16.24,3.1,0.0
20230918:0702,1164.2,222.26,91.85,7.52,35.39,18.55,3.38,0.0
20230918:0802,1536.7,299.81,97.84,9.61,45.36,20.65,3.59,0.0
20230918:0902,1764.65,345.58,105.06,10.89,52.58,21.89,3.38,0.0
20230918:1002,1817.3,356.52,111.8,11.28,55.23,23.38,2.28,0.0
20230918:1102,1744.7,349.14,101.64,10.93,52.33,23.5,2.83,0.0
20230918:1202,1511.7,302.26,94.38,9.62,44.94,23.05,3.52,0.0
20230918:1302,1128.0,223.08,88.37,7.49,34.87,22.6,3.79,0.0
20230918:1402,651.25,128.54,75.42,4.82,23.39,21.55,3.24,0.0
20230918:1502,200.7,41.69,45.05,2.04,11.18,20.58,2.28,0.0
20230918:1602,0.0,0.0,0.0,0.0,0.0,18.5,3.31,0.0
20230918:1702,0.0,0.0,0.0,0.0,0.0,17.55,4.48,0.0
20230918:1802,0.0,0.0,0.0,0.0,0.0,16.76,4.07,0.0
20230918:1902,0.0,0.0,0.0,0.0,0.0,16.14,3.38,0.0
20230918:2002,0.0,0.0,0.0,0.0,0.0,15.49,3.1,0.0
20230918:2102,0.0,0.0,0.0,0.0,0.0,15.26,2.83,0.0
20230918:2202,0.0,0.0,0.0,0.0,0.0,13.83,2.14,0.0
20230918:2302,0.0,0.0,0.0,0.0,0.0,13.43,1.86,0.0
20230919:0002,0.0,0.0,0.0,0.0,0.0,12.57,1.86,0.0
20230919:0102,0.0,0.0,0.0,0.0,0.0,12.15,1.86,0.0
20230919:0202,0.0,0.0,0.0,0.0,0.0,11.75,1.72,0.0
20230919:0302,0.0,0.0,0.0,0.0,0.0,12.11,1.59,0.0
20230919:0402,0.0,0.0,0.0,0.0,0.0,12.34,1.45,0.0
20230919:0502,258.9,34.46,59.56,1.94,12.06,14.64,1.72,0.0
20230919:0602,707.2,130.04,81.49,4.86,24.26,16.31,1.45,0.0
20230919:0702,1220.45,142.87,176.78,6.59,35.72,18.08,1.93,0.0
20230919:0802,1589.5,171.39,231.77,8.16,45.73,19.58,3.03,0.0
20230919:0902,1798.85,341.18,113.18,10.81,52.98,20.83,4.07,0.0
20230919:1002,1866.4,357.85,113.45,11.24,55.62,22.27,4.62,0.0
20230919:1102,1787.05,340.07,112.4,10.77,52.65,22.4,5.52,0.0
20230919:1202,1548.05,295.25,103.5,9.49,45.19,21.97,6.21,0.0
20230919:1302,1161.6,210.77,103.0,7.3,35.07,21.51,6.48,0.0
20230919:1402,675.05,128.24,78.8,4.78,23.55,20.99,6.48,0.0
20230919:1502,216.05,42.84,47.38,2.04,11.32,20.4,5.79,0.0
20230919:1602,0.0,0.0,0.0,0.0,0.0,20.01,4.62,0.0
20230919:1702,0.0,0.0,0.0,0.0,0.0,18.77,3.86,0.0
20230919:1802,0.0,0.0,0.0,0.0,0.0,18.26,3.03,0.0
20230919:1902,0.0,0.0,0.0,0.0,0.0,17.68,2.21,0.0
20230919:2002,0.0,0.0,0.0,0.0,0.0,17.06,2.28,0.0
20230919:2102,0.0,0.0,0.0,0.0,0.0,16.73,0.48,0.0
20230919:2202,0.0,0.0,0.0,0.0,0.0,16.17,1.24,0.0
20230919:2302,0.0,0.0,0.0,0.0,0.0,16.35,1.86,0.0
20230920:0002,0.0,0.0,0.0,0.0,0.0,16.92,2.83,0.0
20230920:0102,0.0,0.0,0.0,0.0,0.0,16.75,3.52,0.0
20230920:0202,0.0,0.0,0.0,0.0,0.0,16.35,4.34,0.0
20230920:0302,0.0,0.0,0.0,0.0,0.0,16.7,5.1,0.0
20230920:0402,0.0,0.0,0.0,0.0,0.0,16.85,4.9,0.0
20230920:0502,290.25,20.91,74.2,1.7,12.36,17.45,4.83,0.0
20230920:0602,729.2,140.37,77.28,5.0,24.57,18.56,5.52,0.0
20230920:0702,1214.0,230.57,92.31,7.56,36.06,19.59,6.83,0.0
20230920:0802,1602.9,303.88,102.47,9.59,46.1,20.57,8.07,0.0
20230920:0902,1842.9,343.46,114.0,10.78,53.37,20.43,8.14,0.0
20230920:1002,1914.35,359.64,115.03,11.21,56.01,20.95,7.59,0.0
20230920:1102,1827.5,341.82,113.97,10.74,52.98,21.01,7.66,0.0
20230920:1202,1575.8,296.93,104.33,9.45,45.44,20.65,7.17,0.0
20230920:1302,1185.9,223.08,94.14,7.4,35.27,19.93,7.03,0.0
20230920:1402,712.7,116.49,94.14,4.62,23.71,19.27,6.9,0.0
20230920:1502,250.7,8.67,71.91,1.3,11.46,19.3,5.52,0.0
20230920:1602,0.0,0.0,0.0,0.0,0.0,17.99,2.97,0.0
20230920:1702,0.0,0.0,0.0,0.0,0.0,16.72,1.52,0.0
20230920:1802,0.0,0.0,0.0,0.0,0.0,17.08,1.45,0.0
20230920:1902,0.0,0.0,0.0,0.0,0.0,17.0,2.0,0.0
20230920:2002,0.0,0.0,0.0,0.0,0.0,16.71,2.83,0.0
20230920:2102,0.0,0.0,0.0,0.0,0.0,16.73,3.86,0.0
20230920:2202,0.0,0.0,0.0,0.0,0.0,15.68,4.83,0.0
20230920:2302,0.0,0.0,0.0,0.0,0.0,15.82,5.38,0.0
20230921:0002,0.0,0.0,0.0,0.0,0.0,15.6,5.31,0.0
20230921:0102,0.0,0.0,0.0,0.0,0.0,15.73,4.76,0.0
20230921:0202,0.0,0.0,0.0,0.0,0.0,15.76,3.79,0.0
20230921:0302,0.0,0.0,0.0,0.0,0.0,15.0,2.83,0.0
20230921:0402,0.0,0.0,0.0,0.0,0.0,14.09,2.48,0.0
20230921:0502,275.4,53.14,52.33,2.26,12.65,16.62,2.76,0.0
20230921:0602,753.55,147.28,77.46,5.1,24.88,18.97,2.34,0.0
20230921:0702,1222.45,241.59,89.86,7.72,36.39,21.2,1.86,0.0
20230921:0802,1583.65,316.74,98.45,9.77,46.46,23.61,2.21,0.0
20230921:0902,1824.1,367.57,100.8,11.09,53.77,24.31,3.52,0.0
20230921:1002,1915.6,389.67,96.98,11.59,56.39,23.78,4.28,0.0
20230921:1102,1839.05,365.39,100.78,11.04,53.3,22.89,4.97,0.0
20230921:1202,1598.55,320.91,91.72,9.77,45.69,22.39,4.83,0.0
20230921:1302,1199.3,238.8,87.29,7.61,35.46,22.47,4.28,0.0
20230921:1402,710.5,142.87,74.91,4.96,23.87,22.15,3.86,0.0
20230921:1502,239.35,48.76,48.94,2.1,11.6,21.25,3.1,0.0
20230921:1602,0.0,0.0,0.0,0.0,0.0,19.53,1.79,0.0
20230921:1702,0.0,0.0,0.0,0.0,0.0,19.22,1.45,0.0
20230921:1802,0.0,0.0,0.0,0.0,0.0,19.48,0.48,0.0
20230921:1902,0.0,0.0,0.0,0.0,0.0,17.3,1.59,0.0
20230921:2002,0.0,0.0,0.0,0.0,0.0,16.33,1.66,0.0
20230921:2102,0.0,0.0,0.0,0.0,0.0,15.55,1.79,0.0
20230921:2202,0.0,0.0,0.0,0.0,0.0,15.1,1.86,0.0
20230921:2302,0.0,0.0,0.0,0.0,0.0,14.65,1.86,0.0
20230922:0002,0.0,0.0,0.0,0.0,0.0,14.48,1.86,0.0
20230922:0102,0.0,0.0,0.0,0.0,0.0,14.27,1.72,0.0
20230922:0202,0.0,0.0,0.0,0.0,0.0,14.11,1.72,0.0
20230922:0302,0.0,0.0,0.0,0.0,0.0,15.02,2.07,0.0
20230922:0402,0.0,0.0,0.0,0.0,0.0,15.36,2.28,0.0
20230922:0502,292.35,52.5,55.78,2.24,12.94,16.85,2.55,0.0
20230922:0602,778.25,148.41,80.69,5.1,25.19,18.8,2.41,0.0
20230922:0702,1255.3,247.94,89.45,7.78,36.72,20.32,1.86,0.0
20230922:0802,1607.4,319.53,100.65,9.78,46.83,21.76,1.03,0.0
20230922:0902,1840.25,370.5,102.22,11.09,54.16,22.29,1.72,0.0
20230922:1002,1920.65,381.92,106.67,11.45,56.78,23.26,3.24,0.0
20230922:1102,1844.2,362.93,105.65,10.96,53.63,22.81,3.93,0.0
20230922:1202,1613.9,314.64,99.93,9.65,45.94,21.95,4.69,0.0
20230922:1302,1220.2,234.98,93.19,7.52,35.65,21.71,4.76,0.0
20230922:1402,736.7,140.81,80.02,4.9,24.03,20.75,4.9,0.0
20230922:1502,254.0,48.65,51.41,2.08,11.74,20.27,4.41,0.0
20230922:1602,0.0,0.0,0.0,0.0,0.0,19.79,3.45,0.0
20230922:1702,0.0,0.0,0.0,0.0,0.0,19.34,2.76,0.0
20230922:1802,0.0,0.0,0.0,0.0,0.0,19.51,2.41,0.0
20230922:1902,0.0,0.0,0.0,0.0,0.0,18.85,2.14,0.0
20230922:2002,0.0,0.0,0.0,0.0,0.0,18.2,2.21,0.0
20230922:2102,0.0,0.0,0.0,0.0,0.0,17.55,2.28,0.0
20230922:2202,0.0,0.0,0.0,0.0,0.0,16.87,2.28,0.0
20230922:2302,0.0,0.0,0.0,0.0,0.0,17.49,1.72,0.0
20230923:0002,0.0,0.0,0.0,0.0,0.0,17.25,0.83,0.0
20230923:0102,0.0,0.0,0.0,0.0,0.0,16.12,0.21,0.0
20230923:0202,0.0,0.0,0.0,0.0,0.0,16.01,0.97,0.0
20230923:0302,0.0,0.0,0.0,0.0,0.0,16.79,1.1,0.0
20230923:0402,0.0,0.0,0.0,0.0,0.0,16.93,1.24,0.0
20230923:0502,68.15,0.0,28.91,0.42,13.24,17.86,1.59,0.0
20230923:0602,375.65,0.0,106.31,1.53,25.5,18.24,1.79,0.0
20230923:0702,385.4,0.0,109.11,1.57,37.06,19.32,1.93,0.0
20230923:0802,1161.85,9.78,285.72,4.37,47.19,20.36,1.93,0.0
20230923:0902,556.05,0.0,151.08,2.17,54.56,21.12,1.38,0.0
20230923:1002,761.95,0.0,200.51,2.88,57.17,21.71,2.0,0.0
20230923:1102,556.2,0.0,151.08,2.17,53.95,21.78,2.83,0.0
20230923:1202,553.35,0.0,150.15,2.16,46.19,21.59,3.31,0.0
20230923:1302,714.7,1.63,186.31,2.72,35.85,20.89,3.59,0.0
20230923:1402,122.35,0.0,43.83,0.63,24.18,19.11,4.55,0.0
20230923:1502,55.0,0.0,25.18,0.36,11.88,18.95,4.48,0.0
20230923:1602,0.0,0.0,0.0,0.0,0.0,18.75,4.21,0.0
20230923:1702,0.0,0.0,0.0,0.0,0.0,18.37,4.62,0.0
20230923:1802,0.0,0.0,0.0,0.0,0.0,18.14,4.55,0.0
20230923:1902,0.0,0.0,0.0,0.0,0.0,18.09,4.97,0.0
20230923:2002,0.0,0.0,0.0,0.0,0.0,18.06,4.97,0.0
20230923:2102,0.0,0.0,0.0,0.0,0.0,17.85,4.62,0.0
20230923:2202,0.0,0.0,0.0,0.0,0.0,17.57,4.0,0.0
20230923:2302,0.0,0.0,0.0,0.0,0.0,17.35,4.28,0.0
20230924:0002,0.0,0.0,0.0,0.0,0.0,17.36,4.62,0.0
20230924:0102,0.0,0.0,0.0,0.0,0.0,17.48,5.03,0.0
20230924:0202,0.0,0.0,0.0,0.0,0.0,17.48,5.86,0.0
20230924:0302,0.0,0.0,0.0,0.0,0.0,17.39,6.55,0.0
20230924:0402,0.0,0.0,0.0,0.0,0.0,17.33,6.76,0.0
20230924:0502,20.05,0.0,13.99,0.2,13.53,17.15,7.03,0.0
20230924:0602,109.6,0.0,40.1,0.58,25.8,17.11,8.0,0.0
20230924:0702,235.55,0.0,71.81,1.03,37.39,17.09,8.34,0.0
20230924:0802,205.4,0.0,64.35,0.92,47.56,16.78,8.62,0.0
20230924:0902,389.05,0.0,108.18,1.55,54.96,16.73,8.62,0.0
20230924:1002,343.95,0.0,97.92,1.41,57.55,17.56,8.62,0.0
20230924:1102,339.95,0.0,96.99,1.39,54.27,17.54,8.14,0.0
20230924:1202,257.9,0.0,77.4,1.11,46.44,17.64,8.0,0.0
20230924:1302,316.1,0.0,91.39,1.31,36.04,17.73,8.21,0.0
20230924:1402,119.9,0.0,42.9,0.62,24.34,17.68,9.24,0.0
20230924:1502,55.35,0.0,25.18,0.36,12.02,17.88,9.03,0.0
20230924:1602,0.0,0.0,0.0,0.0,0.0,17.72,9.52,0.0
20230924:1702,0.0,0.0,0.0,0.0,0.0,17.73,10.14,0.0
20230924:1802,0.0,0.0,0.0,0.0,0.0,17.85,10.9,0.0
20230924:1902,0.0,0.0,0.0,0.0,0.0,18.09,11.31,0.0
20230924:2002,0.0,0.0,0.0,0.0,0.0,18.54,11.17,0.0
20230924:2102,0.0,0.0,0.0,0.0,0.0,18.68,11.86,0.0
20230924:2202,0.0,0.0,0.0,0.0,0.0,19.02,11.38,0.0
20230924:2302,0.0,0.0,0.0,0.0,0.0,19.11,11.03,0.0
20230925:0002,0.0,0.0,0.0,0.0,0.0,19.17,10.41,0.0
20230925:0102,0.0,0.0,0.0,0.0,0.0,19.06,10.0,0.0
20230925:0202,0.0,0.0,0.0,0.0,0.0,18.87,9.86,0.0
20230925:0302,0.0,0.0,0.0,0.0,0.0,18.78,10.28,0.0
20230925:0402,0.0,0.0,0.0,0.0,0.0,19.31,10.41,0.0
20230925:0502,30.85,0.0,17.72,0.25,13.82,19.02,7.93,0.0
20230925:0602,213.55,0.0,67.15,0.96,26.11,19.47,5.17,0.0
20230925:0702,320.15,0.0,93.26,1.34,37.72,19.4,3.66,0.0
20230925:0802,358.05,0.0,102.58,1.47,47.92,20.08,4.34,0.0
20230925:0902,582.85,0.0,155.74,2.24,55.35,19.95,4.69,0.0
20230925:1002,231.35,0.0,71.81,1.03,57.94,20.1,3.45,0.0
20230925:1102,219.0,0.0,69.01,0.99,54.6,20.87,2.41,0.0
20230925:1202,1645.65,318.89,106.78,9.59,46.69,22.48,2.34,0.0
20230925:1302,1258.75,246.25,94.76,7.57,36.23,23.45,2.07,0.0
20230925:1402,795.5,108.63,118.58,4.47,24.5,22.65,5.1,0.0
20230925:1502,189.25,1.16,60.51,0.9,12.16,19.97,5.38,0.0
20230925:1602,0.0,0.0,0.0,0.0,0.0,18.77,4.41,0.0
20230925:1702,0.0,0.0,0.0,0.0,0.0,17.61,3.24,0.0
20230925:1802,0.0,0.0,0.0,0.0,0.0,17.64,2.0,0.0
20230925:1902,0.0,0.0,0.0,0.0,0.0,16.49,1.93,0.0
20230925:2002,0.0,0.0,0.0,0.0,0.0,16.25,1.66,0.0
20230925:2102,0.0,0.0,0.0,0.0,0.0,15.81,1.45,0.0
20230925:2202,0.0,0.0,0.0,0.0,0.0,16.35,2.41,0.0
20230925:2302,0.0,0.0,0.0,0.0,0.0,16.34,4.34,0.0
20230926:0002,0.0,0.0,0.0,0.0,0.0,15.89,4.55,0.0
20230926:0102,0.0,0.0,0.0,0.0,0.0,15.49,4.55,0.0
20230926:0202,0.0,0.0,0.0,0.0,0.0,15.74,5.66,0.0
20230926:0302,0.0,0.0,0.0,0.0,0.0,15.86,8.28,0.0
20230926:0402,0.0,0.0,0.0,0.0,0.0,16.02,10.83,0.0
20230926:0502,375.75,65.81,62.29,2.47,14.11,16.15,11.93,0.0
20230926:0602,920.95,101.57,143.16,4.62,26.41,16.61,12.76,0.0
20230926:0702,1252.25,42.24,265.68,4.92,38.04,16.95,12.48,0.0
20230926:0802,1218.25,8.96,289.71,4.39,48.29,17.71,13.31,0.0
20230926:0902,1732.55,47.45,369.78,6.56,55.75,17.81,13.66,0.0
20230926:1002,1210.25,2.79,293.41,4.29,58.33,17.32,13.1,0.0
20230926:1102,947.4,0.0,235.94,3.39,54.92,16.97,12.83,0.0
20230926:1202,834.4,0.0,209.83,3.01,46.93,16.42,12.07,0.0
20230926:1302,679.85,0.56,174.33,2.52,36.42,16.5,11.03,0.0
20230926:1402,248.65,0.0,74.61,1.07,24.66,16.01,10.9,0.0
20230926:1502,206.95,1.8,63.26,0.95,12.3,15.37,10.55,0.0
20230926:1602,0.0,0.0,0.0,0.0,0.0,15.31,10.14,0.0
20230926:1702,0.0,0.0,0.0,0.0,0.0,14.93,9.72,0.0
20230926:1802,0.0,0.0,0.0,0.0,0.0,14.63,9.31,0.0
20230926:1902,0.0,0.0,0.0,0.0,0.0,14.53,9.03,0.0
20230926:2002,0.0,0.0,0.0,0.0,0.0,14.42,8.9,0.0
20230926:2102,0.0,0.0,0.0,0.0,0.0,14.4,9.17,0.0
20230926:2202,0.0,0.0,0.0,0.0,0.0,14.24,8.83,0.0
20230926:2302,0.0,0.0,0.0,0.0,0.0,14.26,9.24,0.0
20230927:0002,0.0,0.0,0.0,0.0,0.0,14.39,9.52,0.0
20230927:0102,0.0,0.0,0.0,0.0,0.0,14.3,9.72,0.0
20230927:0202,0.0,0.0,0.0,0.0,0.0,14.32,9.86,0.0
20230927:0302,0.0,0.0,0.0,0.0,0.0,14.5,9.79,0.0
20230927:0402,0.0,0.0,0.93,0.01,1.82,14.68,9.59,0.0
20230927:0502,59.5,0.0,26.11,0.38,14.4,15.0,8.76,0.0
20230927:0602,728.85,12.17,174.72,2.81,26.71,15.1,8.97,0.0
20230927:0702,1208.4,30.75,265.87,4.61,38.37,15.63,8.48,0.0
20230927:0802,1210.25,8.48,287.96,4.35,48.65,16.36,8.62,0.0
20230927:0902,815.55,0.0,207.03,2.97,56.14,17.52,8.76,0.0
20230927:1002,1169.9,1.69,287.03,4.17,58.72,17.72,8.76,0.0
20230927:1102,1055.95,1.13,262.86,3.8,55.24,19.13,9.17,0.0
20230927:1202,1406.3,28.28,317.41,5.29,47.18,19.18,10.14,0.0
20230927:1302,1361.45,152.34,191.53,6.6,36.61,18.7,9.59,0.0
20230927:1402,390.1,0.0,109.11,1.57,24.81,18.26,8.83,0.0
20230927:1502,237.95,3.09,70.62,1.09,12.44,17.51,8.34,0.0
20230927:1602,0.0,0.0,0.0,0.0,0.0,16.97,7.79,0.0
20230927:1702,0.0,0.0,0.0,0.0,0.0,16.41,7.31,0.0
20230927:1802,0.0,0.0,0.0,0.0,0.0,16.52,6.83,0.0
20230927:1902,0.0,0.0,0.0,0.0,0.0,16.49,6.62,0.0
20230927:2002,0.0,0.0,0.0,0.0,0.0,16.08,6.41,0.0
20230927:2102,0.0,0.0,0.0,0.0,0.0,15.86,6.07,0.0
20230927:2202,0.0,0.0,0.0,0.0,0.0,15.57,6.0,0.0
20230927:2302,0.0,0.0,0.0,0.0,0.0,15.7,5.86,0.0
20230928:0002,0.0,0.0,0.0,0.0,0.0,15.97,5.86,0.0
20230928:0102,0.0,0.0,0.0,0.0,0.0,15.68,5.79,0.0
20230928:0202,0.0,0.0,0.0,0.0,0.0,15.41,5.79,0.0
20230928:0302,0.0,0.0,0.0,0.0,0.0,15.49,5.52,0.0
20230928:0402,0.0,0.0,0.93,0.01,2.11,15.34,5.1,0.0
20230928:0502,288.2,3.74,81.77,1.26,14.68,16.06,4.69,0.0
20230928:0602,943.95,75.84,171.47,4.33,27.01,16.85,4.69,0.0
20230928:0702,1454.65,257.96,113.59,7.93,38.7,17.83,4.48,0.0
20230928:0802,1757.45,140.86,295.54,7.85,49.01,19.28,4.28,0.0
20230928:0902,2044.05,351.44,154.84,10.96,56.54,19.76,4.14,0.0
20230928:1002,2090.6,306.23,213.51,10.78,59.1,20.84,4.07,0.0
20230928:1102,2025.2,405.01,102.05,11.39,55.56,21.57,4.0,0.0
20230928:1202,1769.15,348.85,100.61,9.97,47.42,21.58,3.86,0.0
20230928:1302,1378.4,268.4,92.94,7.84,36.8,20.67,4.28,0.0
20230928:1402,870.9,170.28,79.69,5.18,24.97,19.85,4.28,0.0
20230928:1502,316.85,17.17,81.53,1.55,12.58,18.95,3.52,0.0
20230928:1602,0.0,0.0,0.0,0.0,0.0,17.54,1.86,0.0
20230928:1702,0.0,0.0,0.0,0.0,0.0,17.16,1.38,0.0
20230928:1802,0.0,0.0,0.0,0.0,0.0,16.83,1.38,0.0
20230928:1902,0.0,0.0,0.0,0.0,0.0,16.45,1.59,0.0
20230928:2002,0.0,0.0,0.0,0.0,0.0,16.36,1.79,0.0
20230928:2102,0.0,0.0,0.0,0.0,0.0,16.1,1.79,0.0
20230928:2202,0.0,0.0,0.0,0.0,0.0,15.32,1.79,0.0
20230928:2302,0.0,0.0,0.0,0.0,0.0,15.39,2.14,0.0
20230929:0002,0.0,0.0,0.0,0.0,0.0,15.27,2.21,0.0
20230929:0102,0.0,0.0,0.0,0.0,0.0,14.52,2.14,0.0
20230929:0202,0.0,0.0,0.0,0.0,0.0,14.55,2.07,0.0
20230929:0302,0.0,0.0,0.0,0.0,0.0,14.66,2.21,0.0
20230929:0402,0.0,0.0,4.66,0.07,2.39,14.47,2.34,0.0
20230929:0502,441.8,84.73,62.66,2.76,14.97,16.96,2.28,0.0
20230929:0602,986.15,186.63,87.22,5.64,27.31,18.58,2.69,0.0
20230929:0702,1479.4,284.01,99.53,8.25,39.02,20.58,3.66,0.0
20230929:0802,1835.75,359.09,108.12,10.26,49.37,23.6,4.41,0.0
20230929:0902,2042.8,409.31,110.41,11.55,56.93,25.62,4.28,0.0
20230929:1002,2097.55,424.19,111.5,11.94,59.49,26.32,3.79,0.0
20230929:1102,2015.15,408.99,105.56,11.45,55.87,26.19,4.34,0.0
20230929:1202,1773.55,353.28,103.36,10.03,47.66,25.53,4.76,0.0
20230929:1302,1381.45,272.62,95.74,7.9,36.99,25.33,4.83,0.0
20230929:1402,873.95,169.94,84.57,5.18,25.13,24.88,4.48,0.0
20230929:1502,347.15,72.51,55.44,2.34,12.72,24.48,3.86,0.0
20230929:1602,0.0,0.0,0.0,0.0,0.0,23.27,3.38,0.0
20230929:1702,0.0,0.0,0.0,0.0,0.0,21.76,2.97,0.0
20230929:1802,0.0,0.0,0.0,0.0,0.0,21.37,2.97,0.0
20230929:1902,0.0,0.0,0.0,0.0,0.0,21.19,3.17,0.0
20230929:2002,0.0,0.0,0.0,0.0,0.0,21.12,2.07,0.0
20230929:2102,0.0,0.0,0.0,0.0,0.0,20.48,1.79,0.0
20230929:2202,0.0,0.0,0.0,0.0,0.0,19.75,1.93,0.0
20230929:2302,0.0,0.0,0.0,0.0,0.0,19.36,2.69,0.0
20230930:0002,0.0,0.0,0.0,0.0,0.0,19.28,3.17,0.0
20230930:0102,0.0,0.0,0.0,0.0,0.0,19.32,3.66,0.0
20230930:0202,0.0,0.0,0.0,0.0,0.0,20.1,4.14,0.0
20230930:0302,0.0,0.0,0.0,0.0,0.0,20.91,4.34,0.0
20230930:0402,0.0,0.0,0.93,0.01,2.67,20.4,4.9,0.0
20230930:0502,296.45,3.25,85.59,1.3,15.25,20.69,5.38,0.0
20230930:0602,886.7,38.08,194.12,3.7,27.61,21.22,6.41,0.0
20230930:0702,1422.45,92.92,263.48,6.08,39.34,20.59,7.79,0.0
20230930:0802,1798.8,132.37,312.28,7.81,49.73,21.07,7.72,0.0
20230930:0902,2023.25,159.29,338.88,8.9,57.33,21.53,7.86,0.0
20230930:1002,2187.1,318.66,215.68,10.99,59.87,20.89,8.28,0.0
20230930:1102,1839.1,74.51,376.58,7.3,56.19,20.74,8.9,0.0
20230930:1202,1850.75,324.55,134.74,9.78,47.9,21.05,8.9,0.0
20230930:1302,1156.6,28.92,261.95,4.47,37.18,20.71,9.24,0.0
20230930:1402,77.75,0.0,31.71,0.46,25.29,19.12,9.59,0.0
20230930:1502,36.95,0.0,19.58,0.28,12.86,17.58,10.0,0.0
20230930:1602,0.0,0.0,0.0,0.0,0.0,16.82,10.34,0.0
20230930:1702,0.0,0.0,0.0,0.0,0.0,16.0,10.0,0.0
20230930:1802,0.0,0.0,0.0,0.0,0.0,15.71,9.45,0.0
20230930:1902,0.0,0.0,0.0,0.0,0.0,15.49,9.17,0.0
20230930:2002,0.0,0.0,0.0,0.0,0.0,14.99,8.83,0.0
20230930:2102,0.0,0.0,0.0,0.0,0.0,15.31,8.83,0.0
20230930:2202,0.0,0.0,0.0,0.0,0.0,15.25,8.48,0.0
20230930:2302,0.0,0.0,0.0,0.0,0.0,15.13,8.34,0.0
20231001:0002,0.0,0.0,0.0,0.0,0.0,14.61,8.0,0.0
20231001:0102,0.0,0.0,0.0,0.0,0.0,14.37,7.66,0.0
20231001:0202,0.0,0.0,0.0,0.0,0.0,14.09,7.24,0.0
20231001:0302,0.0,0.0,0.0,0.0,0.0,14.14,6.9,0.0
20231001:0402,7.95,0.0,9.33,0.13,2.95,13.92,6.48,0.0
20231001:0502,382.1,9.29,99.16,1.62,15.54,14.76,5.72,0.0
20231001:0602,1059.65,120.04,155.98,5.04,27.9,16.12,6.0,0.0
20231001:0702,1583.05,257.25,138.89,8.11,39.66,16.92,5.72,0.0
20231001:0802,1955.1,309.22,170.61,9.93,50.08,17.85,5.38,0.0
20231001:0902,2160.0,303.67,225.06,10.69,57.72,18.59,4.97,0.0
20231001:1002,2242.45,390.85,158.53,11.75,60.26,18.78,4.48,0.0
20231001:1102,2153.75,416.33,114.21,11.6,56.51,18.82,4.0,0.0
20231001:1202,1889.85,360.94,110.54,10.17,48.14,18.62,3.59,0.0
20231001:1302,1493.6,288.81,95.24,8.12,37.36,18.17,3.59,0.0
20231001:1402,955.25,151.56,111.04,5.05,25.44,18.22,3.52,0.0
20231001:1502,177.8,0.0,57.82,0.83,13.01,17.67,3.31,0.0
20231001:1602,0.0,0.0,0.0,0.0,0.0,17.34,2.83,0.0
20231001:1702,0.0,0.0,0.0,0.0,0.0,16.08,2.76,0.0
20231001:1802,0.0,0.0,0.0,0.0,0.0,16.1,2.55,0.0
20231001:1902,0.0,0.0,0.0,0.0,0.0,15.84,2.62,0.0
20231001:2002,0.0,0.0,0.0,0.0,0.0,15.88,3.03,0.0
20231001:2102,0.0,0.0,0.0,0.0,0.0,15.74,3.52,0.0
20231001:2202,0.0,0.0,0.0,0.0,0.0,15.35,4.0,0.0
20231001:2302,0.0,0.0,0.0,0.0,0.0,15.47,4.69,0.0
20231002:0002,0.0,0.0,0.0,0.0,0.0,15.23,5.03,0.0
20231002:0102,0.0,0.0,0.0,0.0,0.0,15.18,5.03,0.0
20231002:0202,0.0,0.0,0.0,0.0,0.0,15.07,5.1,0.0
20231002:0302,0.0,0.0,0.0,0.0,0.0,15.57,5.38,0.0
20231002:0402,12.55,0.0,11.19,0.16,3.23,15.68,5.79,0.0
20231002:0502,529.05,106.21,63.12,3.08,15.82,16.86,5.86,0.0
20231002:0602,1103.5,205.94,90.53,5.94,28.2,17.91,6.62,0.0
20231002:0702,1622.65,308.42,100.11,8.6,39.98,18.74,7.1,0.0
20231002:0802,2003.9,389.83,104.4,10.68,50.43,20.51,7.66,0.0
20231002:0902,2236.25,441.5,105.88,11.98,58.11,21.45,8.21,0.0
20231002:1002,2293.1,456.48,106.22,12.35,60.64,22.45,8.21,0.0
20231002:1102,2190.2,434.34,105.3,11.79,56.82,22.56,8.28,0.0
20231002:1202,1923.55,376.59,103.96,10.34,48.38,22.73,8.34,0.0
20231002:1302,1504.15,290.09,98.32,8.12,37.55,22.61,8.62,0.0
20231002:1402,973.5,187.62,85.43,5.4,25.6,22.33,8.76,0.0
20231002:1502,408.5,80.83,60.14,2.45,13.15,21.6,8.76,0.0
20231002:1602,0.0,0.0,0.0,0.0,0.0,20.72,8.62,0.0
20231002:1702,0.0,0.0,0.0,0.0,0.0,19.76,8.28,0.0
20231002:1802,0.0,0.0,0.0,0.0,0.0,19.77,7.45,0.0
20231002:1902,0.0,0.0,0.0,0.0,0.0,19.9,6.48,0.0
20231002:2002,0.0,0.0,0.0,0.0,0.0,19.2,5.59,0.0
20231002:2102,0.0,0.0,0.0,0.0,0.0,18.65,4.9,0.0
20231002:2202,0.0,0.0,0.0,0.0,0.0,17.85,4.07,0.0
20231002:2302,0.0,0.0,0.0,0.0,0.0,17.3,3.52,0.0
20231003:0002,0.0,0.0,0.0,0.0,0.0,16.81,3.24,0.0
20231003:0102,0.0,0.0,0.0,0.0,0.0,16.96,3.1,0.0
20231003:0202,0.0,0.0,0.0,0.0,0.0,17.01,3.17,0.0
20231003:0302,0.0,0.0,0.0,0.0,0.0,18.24,3.17,0.0
20231003:0402,12.2,0.0,11.19,0.16,3.5,19.19,3.38,0.0
20231003:0502,520.35,85.41,78.91,2.85,16.09,22.22,3.45,0.0
20231003:0602,1062.2,185.89,108.66,5.71,28.49,24.83,2.83,0.0
20231003:0702,1523.75,293.85,113.24,8.4,40.29,27.2,1.79,0.0
20231003:0802,1825.2,377.61,114.7,10.48,50.78,30.03,0.34,0.0
20231003:0902,2069.6,433.1,112.68,11.8,58.5,29.92,1.79,0.0
20231003:1002,2191.6,447.55,113.77,12.18,61.03,27.59,3.86,0.0
20231003:1102,2130.3,425.34,112.89,11.62,57.13,25.91,5.45,0.0
20231003:1202,1895.35,369.13,110.01,10.18,48.62,24.73,6.97,0.0
20231003:1302,1497.0,288.25,100.85,8.04,37.74,23.97,7.24,0.0
20231003:1402,975.35,183.87,89.77,5.32,25.76,23.05,6.07,0.0
20231003:1502,410.8,68.99,68.34,2.3,13.29,22.0,5.38,0.0
20231003:1602,0.0,0.0,0.0,0.0,0.0,20.91,4.97,0.0
20231003:1702,0.0,0.0,0.0,0.0,0.0,19.38,4.76,0.0
20231003:1802,0.0,0.0,0.0,0.0,0.0,18.83,4.48,0.0
20231003:1902,0.0,0.0,0.0,0.0,0.0,18.52,4.28,0.0
20231003:2002,0.0,0.0,0.0,0.0,0.0,18.39,3.66,0.0
20231003:2102,0.0,0.0,0.0,0.0,0.0,18.23,3.31,0.0
20231003:2202,0.0,0.0,0.0,0.0,0.0,17.69,3.31,0.0
20231003:2302,0.0,0.0,0.0,0.0,0.0,17.48,3.24,0.0
20231004:0002,0.0,0.0,0.0,0.0,0.0,17.14,2.97,0.0
20231004:0102,0.0,0.0,0.0,0.0,0.0,17.42,2.48,0.0
20231004:0202,0.0,0.0,0.0,0.0,0.0,17.58,2.21,0.0
20231004:0302,0.0,0.0,0.0,0.0,0.0,17.61,1.93,0.0
20231004:0402,0.0,0.0,3.73,0.05,3.78,17.71,1.86,0.0
20231004:0502,147.9,0.0,50.36,0.72,16.37,18.13,2.14,0.0
20231004:0602,721.65,8.9,180.18,2.79,28.77,18.83,2.41,0.0
20231004:0702,1295.35,43.43,283.11,5.09,40.6,19.38,2.55,0.0
20231004:0802,1923.35,274.42,207.62,9.47,51.13,20.26,2.76,0.0
20231004:0902,2155.7,364.35,173.62,11.11,58.88,21.32,3.31,0.0
20231004:1002,2212.9,348.11,202.56,11.2,61.41,21.6,3.86,0.0
20231004:1102,1767.75,60.81,380.73,6.95,57.44,21.6,4.21,0.0
20231004:1202,1568.5,57.23,335.9,6.2,48.85,21.73,4.48,0.0
20231004:1302,1305.6,64.64,265.83,5.33,37.92,20.96,4.41,0.0
20231004:1402,702.75,13.54,172.34,2.77,25.91,20.08,3.72,0.0
20231004:1502,335.25,13.95,87.2,1.51,13.44,19.56,3.17,0.0
20231004:1602,0.0,0.0,0.0,0.0,0.0,19.67,2.55,0.0
20231004:1702,0.0,0.0,0.0,0.0,0.0,18.93,1.31,0.0
20231004:1802,0.0,0.0,0.0,0.0,0.0,18.77,2.41,0.0
20231004:1902,0.0,0.0,0.0,0.0,0.0,18.98,1.52,0.0
20231004:2002,0.0,0.0,0.0,0.0,0.0,18.85,0.9,0.0
20231004:2102,0.0,0.0,0.0,0.0,0.0,18.12,1.24,0.0
20231004:2202,0.0,0.0,0.0,0.0,0.0,18.34,2.76,0.0
20231004:2302,0.0,0.0,0.0,0.0,0.0,18.37,2.97,0.0
20231005:0002,0.0,0.0,0.0,0.0,0.0,19.11,3.31,0.0
20231005:0102,0.0,0.0,0.0,0.0,0.0,19.43,3.1,0.0
20231005:0202,0.0,0.0,0.0,0.0,0.0,19.61,3.86,0.0
20231005:0302,0.0,0.0,0.0,0.0,0.0,19.18,3.1,0.0
20231005:0402,0.0,0.0,2.8,0.04,4.05,20.52,2.0,0.0
20231005:0502,284.45,1.42,83.88,1.23,16.64,20.02,1.86,0.0
20231005:0602,959.3,48.22,201.74,3.97,29.06,20.74,3.45,0.0
20231005:0702,1574.4,208.65,190.63,7.53,40.91,21.26,4.28,0.0
20231005:0802,1923.1,274.21,209.39,9.43,51.48,22.48,3.86,0.0
20231005:0902,2138.7,329.88,206.42,10.74,59.27,23.22,4.0,0.0
20231005:1002,1761.2,47.87,393.86,6.82,61.79,23.34,5.17,0.0
20231005:1102,565.75,0.0,152.94,2.2,57.75,22.01,5.38,0.0
20231005:1202,193.25,0.0,62.48,0.9,49.09,21.04,4.76,0.0
20231005:1302,190.1,0.0,61.55,0.88,38.1,20.56,5.38,0.0
20231005:1402,243.4,0.0,74.61,1.07,26.07,19.72,4.97,0.0
20231005:1502,208.05,0.75,65.27,0.95,13.58,19.46,4.41,0.0
20231005:1602,0.0,0.0,0.0,0.0,0.0,19.74,3.59,0.0
20231005:1702,0.0,0.0,0.0,0.0,0.0,18.81,3.17,0.0
20231005:1802,0.0,0.0,0.0,0.0,0.0,18.7,2.34,0.0
20231005:1902,0.0,0.0,0.0,0.0,0.0,18.63,1.52,0.0
20231005:2002,0.0,0.0,0.0,0.0,0.0,18.5,1.79,0.0
20231005:2102,0.0,0.0,0.0,0.0,0.0,19.0,2.07,0.0
20231005:2202,0.0,0.0,0.0,0.0,0.0,18.41,1.72,0.0
20231005:2302,0.0,0.0,0.0,0.0,0.0,18.5,0.9,0.0
20231006:0002,0.0,0.0,0.0,0.0,0.0,18.37,1.38,0.0
20231006:0102,0.0,0.0,0.0,0.0,0.0,18.39,1.59,0.0
20231006:0202,0.0,0.0,0.0,0.0,0.0,18.26,1.66,0.0
20231006:0302,0.0,0.0,0.0,0.0,0.0,18.28,1.59,0.0
20231006:0402,0.0,0.0,2.8,0.04,4.32,18.66,2.21,0.0
20231006:0502,416.95,12.29,106.79,1.77,16.91,19.12,2.9,0.0
20231006:0602,183.25,0.0,59.69,0.86,29.34,19.81,3.59,0.0
20231006:0702,417.1,0.0,116.57,1.67,41.21,19.96,4.97,0.0
20231006:0802,427.8,0.0,119.37,1.71,51.82,20.64,5.86,0.0
20231006:0902,629.1,0.0,166.93,2.4,59.65,20.64,5.45,0.0
20231006:1002,379.25,0.0,108.18,1.55,62.17,21.38,5.17,0.0
20231006:1102,756.85,0.0,197.71,2.84,58.06,21.54,5.45,0.0
20231006:1202,545.8,0.0,147.35,2.12,49.32,20.68,5.52,0.0
20231006:1302,381.35,0.0,108.18,1.55,38.29,20.36,5.72,0.0
20231006:1402,190.85,0.0,61.55,0.88,26.22,19.81,5.52,0.0
20231006:1502,372.55,23.67,89.04,1.7,13.73,20.16,3.38,0.0
20231006:1602,0.0,0.0,0.0,0.0,0.0,20.18,3.86,0.0
20231006:1702,0.0,0.0,0.0,0.0,0.0,20.35,2.62,0.0
20231006:1802,0.0,0.0,0.0,0.0,0.0,20.25,3.1,0.0
20231006:1902,0.0,0.0,0.0,0.0,0.0,20.18,4.69,0.0
20231006:2002,0.0,0.0,0.0,0.0,0.0,20.23,4.21,0.0
20231006:2102,0.0,0.0,0.0,0.0,0.0,20.16,2.62,0.0
20231006:2202,0.0,0.0,0.0,0.0,0.0,20.25,1.72,0.0
20231006:2302,0.0,0.0,0.0,0.0,0.0,20.2,1.93,0.0
20231007:0002,0.0,0.0,0.0,0.0,0.0,20.12,1.72,0.0
20231007:0102,0.0,0.0,0.0,0.0,0.0,19.84,0.83,0.0
20231007:0202,0.0,0.0,0.0,0.0,0.0,19.8,1.03,0.0
20231007:0302,0.0,0.0,0.0,0.0,0.0,19.87,1.38,0.0
20231007:0402,26.65,1.25,15.77,0.24,4.59,19.76,2.21,0.0
20231007:0502,36.4,0.0,19.58,0.28,17.18,20.02,3.1,0.0
20231007:0602,657.6,4.6,169.43,2.53,29.62,20.17,3.86,0.0
20231007:0702,545.75,0.0,147.35,2.12,41.52,20.52,4.83,0.0
20231007:0802,818.75,0.0,211.7,3.04,52.16,20.88,5.38,0.0
20231007:0902,393.05,0.0,110.98,1.59,60.04,20.54,6.69,0.0
20231007:1002,1565.65,17.6,365.47,5.67,62.55,18.71,7.52,0.0
20231007:1102,780.65,0.0,199.57,2.87,58.37,17.98,7.93,0.0
20231007:1202,462.4,0.0,125.9,1.81,49.55,17.87,8.07,0.0
20231007:1302,343.55,0.0,97.92,1.41,38.47,17.69,7.86,0.0
20231007:1402,211.95,0.0,66.21,0.95,26.38,17.67,7.38,0.0
20231007:1502,228.55,1.56,68.99,1.02,13.87,17.08,6.97,0.0
20231007:1602,0.0,0.0,0.0,0.0,0.0,16.81,6.41,0.0
20231007:1702,0.0,0.0,0.0,0.0,0.0,16.18,6.07,0.0
20231007:1802,0.0,0.0,0.0,0.0,0.0,16.0,5.59,0.0
20231007:1902,0.0,0.0,0.0,0.0,0.0,15.93,5.17,0.0
20231007:2002,0.0,0.0,0.0,0.0,0.0,15.87,4.69,0.0
20231007:2102,0.0,0.0,0.0,0.0,0.0,15.96,4.14,0.0
20231007:2202,0.0,0.0,0.0,0.0,0.0,15.51,3.86,0.0
20231007:2302,0.0,0.0,0.0,0.0,0.0,15.42,4.0,0.0
20231008:0002,0.0,0.0,0.0,0.0,0.0,14.99,4.48,0.0
20231008:0102,0.0,0.0,0.0,0.0,0.0,14.86,4.97,0.0
20231008:0202,0.0,0.0,0.0,0.0,0.0,14.87,5.24,0.0
20231008:0302,0.0,0.0,0.0,0.0,0.0,15.35,5.38,0.0
20231008:0402,10.15,0.0,10.26,0.15,4.85,15.29,5.24,0.0
20231008:0502,259.9,0.0,77.4,1.11,17.45,15.77,5.03,0.0
20231008:0602,547.85,0.66,144.52,2.09,29.89,16.28,5.17,0.0
20231008:0702,1776.15,322.64,116.71,8.75,41.81,16.89,4.9,0.0
20231008:0802,2133.9,371.06,150.41,10.53,52.5,17.68,4.41,0.0
20231008:0902,2274.0,281.9,274.47,10.5,60.42,18.15,4.07,0.0
20231008:1002,2117.05,121.63,398.98,8.61,62.92,18.64,4.0,0.0
20231008:1102,2253.85,327.91,226.32,10.81,58.67,19.0,3.86,0.0
20231008:1202,2042.05,383.42,122.33,10.32,49.78,19.07,3.72,0.0
20231008:1302,1629.65,299.5,113.53,8.13,38.65,19.1,3.72,0.0
20231008:1402,1102.4,202.8,94.49,5.49,26.54,18.75,3.45,0.0
20231008:1502,290.65,4.75,82.03,1.26,14.02,17.79,3.31,0.0
20231008:1602,0.0,0.0,0.0,0.0,0.0,17.12,3.17,0.0
20231008:1702,0.0,0.0,0.0,0.0,0.0,16.1,3.03,0.0
20231008:1802,0.0,0.0,0.0,0.0,0.0,15.56,2.97,0.0
20231008:1902,0.0,0.0,0.0,0.0,0.0,15.12,3.1,0.0
20231008:2002,0.0,0.0,0.0,0.0,0.0,14.72,3.31,0.0
20231008:2102,0.0,0.0,0.0,0.0,0.0,14.82,3.45,0.0
20231008:2202,0.0,0.0,0.0,0.0,0.0,14.88,3.17,0.0
20231008:2302,0.0,0.0,0.0,0.0,0.0,14.93,3.72,0.0
20231009:0002,0.0,0.0,0.0,0.0,0.0,14.83,4.41,0.0
20231009:0102,0.0,0.0,0.0,0.0,0.0,14.65,4.55,0.0
20231009:0202,0.0,0.0,0.0,0.0,0.0,14.7,4.48,0.0
20231009:0302,0.0,0.0,0.0,0.0,0.0,14.78,4.62,0.0
20231009:0402,3.65,0.0,7.46,0.11,5.11,14.77,4.9,0.0
20231009:0502,46.7,0.0,22.38,0.32,17.71,15.01,5.31,0.0
20231009:0602,218.3,0.0,67.15,0.96,30.16,15.14,5.31,0.0
20231009:0702,690.7,0.0,177.19,2.55,42.11,15.23,5.52,0.0
20231009:0802,714.1,0.0,182.79,2.63,52.83,15.56,5.59,0.0
20231009:0902,644.2,0.0,166.93,2.4,60.8,15.84,5.72,0.0
20231009:1002,677.2,0.0,174.39,2.51,63.3,15.73,5.86,0.0
20231009:1102,714.0,0.0,182.79,2.63,58.98,15.79,6.28,0.0
20231009:1202,410.1,0.0,112.84,1.62,50.01,15.76,5.72,0.0
20231009:1302,362.15,0.0,101.65,1.46,38.83,15.82,5.66,0.0
20231009:1402,117.45,0.0,41.97,0.6,26.69,15.71,5.31,0.0
20231009:1502,46.6,0.0,22.38,0.32,14.17,15.46,4.83,0.0
20231009:1602,0.0,0.0,0.89,0.01,1.58,15.39,4.48,0.0
20231009:1702,0.0,0.0,0.0,0.0,0.0,15.16,4.28,0.0
20231009:1802,0.0,0.0,0.0,0.0,0.0,15.2,4.34,0.0
20231009:1902,0.0,0.0,0.0,0.0,0.0,15.23,4.14,0.0
20231009:2002,0.0,0.0,0.0,0.0,0.0,15.23,3.93,0.0
20231009:2102,0.0,0.0,0.0,0.0,0.0,15.49,3.45,0.0
20231009:2202,0.0,0.0,0.0,0.0,0.0,15.18,2.83,0.0
20231009:2302,0.0,0.0,0.0,0.0,0.0,15.21,2.62,0.0
20231010:0002,0.0,0.0,0.0,0.0,0.0,15.11,2.76,0.0
20231010:0102,0.0,0.0,0.0,0.0,0.0,15.19,2.9,0.0
20231010:0202,0.0,0.0,0.0,0.0,0.0,15.36,2.9,0.0
20231010:0302,0.0,0.0,0.0,0.0,0.0,15.48,3.03,0.0
20231010:0402,0.0,0.0,4.66,0.07,5.37,15.71,3.31,0.0
20231010:0502,120.9,0.0,42.9,0.62,17.97,15.79,4.0,0.0
20231010:0602,318.75,0.0,91.39,1.31,30.43,15.58,4.62,0.0
20231010:0702,1020.85,5.8,247.62,3.68,42.4,15.57,5.1,0.0
20231010:0802,1590.5,33.95,352.72,5.84,53.16,16.17,5.24,0.0
20231010:0902,641.65,0.0,166.93,2.4,61.17,16.56,5.38,0.0
20231010:1002,1451.0,8.05,347.08,5.17,63.68,17.05,5.45,0.0
20231010:1102,1151.6,1.25,284.34,4.11,59.28,17.4,5.52,0.0
20231010:1202,542.15,0.0,144.55,2.08,50.24,17.6,5.66,0.0
20231010:1302,653.35,0.0,170.66,2.45,39.01,18.03,5.59,0.0
20231010:1402,319.45,0.0,92.33,1.33,26.85,17.75,5.52,0.0
20231010:1502,214.45,0.82,66.21,0.96,14.32,17.52,5.38,0.0
20231010:1602,0.0,0.0,0.89,0.01,1.73,16.84,5.38,0.0
20231010:1702,0.0,0.0,0.0,0.0,0.0,17.04,5.66,0.0
20231010:1802,0.0,0.0,0.0,0.0,0.0,17.49,6.07,0.0
20231010:1902,0.0,0.0,0.0,0.0,0.0,17.58,5.93,0.0
20231010:2002,0.0,0.0,0.0,0.0,0.0,17.65,5.93,0.0
20231010:2102,0.0,0.0,0.0,0.0,0.0,17.88,5.72,0.0
20231010:2202,0.0,0.0,0.0,0.0,0.0,18.14,6.14,0.0
20231010:2302,0.0,0.0,0.0,0.0,0.0,18.3,6.62,0.0
20231011:0002,0.0,0.0,0.0,0.0,0.0,18.53,6.34,0.0
20231011:0102,0.0,0.0,0.0,0.0,0.0,18.79,5.79,0.0
20231011:0202,0.0,0.0,0.0,0.0,0.0,18.77,5.72,0.0
20231011:0302,0.0,0.0,0.0,0.0,0.0,19.06,5.24,0.0
20231011:0402,0.0,0.0,4.66,0.07,5.63,19.33,4.69,0.0
20231011:0502,111.7,0.0,41.03,0.59,18.22,19.32,4.34,0.0
20231011:0602,661.0,3.42,170.49,2.52,30.7,19.28,4.21,0.0
20231011:0702,533.05,0.0,143.62,2.06,42.69,19.35,4.9,0.0
20231011:0802,883.4,0.0,226.62,3.26,53.49,20.6,5.38,0.0
20231011:0902,1643.9,26.27,379.64,6.06,61.54,20.66,6.69,0.0
20231011:1002,1158.25,1.25,289.0,4.18,64.05,20.4,6.97,0.0
20231011:1102,1585.95,22.57,367.95,5.8,59.58,19.7,6.48,0.0
20231011:1202,531.6,0.0,143.62,2.06,50.46,20.26,6.41,0.0
20231011:1302,472.8,0.0,129.63,1.86,39.2,19.93,6.07,0.0
20231011:1402,147.2,0.0,50.36,0.72,27.01,19.51,5.79,0.0
20231011:1502,118.85,0.0,42.9,0.62,14.47,19.17,5.86,0.0
20231011:1602,0.0,0.0,3.57,0.05,1.89,19.24,6.0,0.0
20231011:1702,0.0,0.0,0.0,0.0,0.0,19.39,5.86,0.0
20231011:1802,0.0,0.0,0.0,0.0,0.0,19.33,5.72,0.0
20231011:1902,0.0,0.0,0.0,0.0,0.0,19.24,5.45,0.0
20231011:2002,0.0,0.0,0.0,0.0,0.0,19.12,5.45,0.0
20231011:2102,0.0,0.0,0.0,0.0,0.0,19.22,5.17,0.0
20231011:2202,0.0,0.0,0.0,0.0,0.0,18.85,4.76,0.0
20231011:2302,0.0,0.0,0.0,0.0,0.0,19.06,4.62,0.0
20231012:0002,0.0,0.0,0.0,0.0,0.0,19.06,4.14,0.0
20231012:0102,0.0,0.0,0.0,0.0,0.0,19.04,5.1,0.0
20231012:0202,0.0,0.0,0.0,0.0,0.0,18.95,4.97,0.0
20231012:0302,0.0,0.0,0.0,0.0,0.0,18.95,4.76,0.0
20231012:0402,7.65,0.0,9.33,0.13,5.88,18.77,4.21,0.0
20231012:0502,380.65,3.91,104.41,1.57,18.47,19.2,3.59,0.0
20231012:0602,541.5,0.69,145.46,2.1,30.96,19.61,3.17,0.0
20231012:0702,987.5,5.24,247.7,3.67,42.97,20.42,2.34,0.0
20231012:0802,1417.85,21.04,340.31,5.36,53.81,21.72,1.31,0.0
20231012:0902,1216.85,3.15,311.23,4.54,61.91,22.08,0.28,0.0
20231012:1002,603.4,0.0,161.34,2.32,64.42,20.7,3.66,0.0
20231012:1102,308.45,0.0,90.46,1.3,59.88,19.41,3.31,0.0
20231012:1202,266.65,0.0,80.2,1.15,50.69,18.97,2.62,0.0
20231012:1302,233.1,0.0,71.81,1.03,39.37,18.36,2.21,0.0
20231012:1402,98.5,0.0,37.3,0.54,27.17,17.81,2.07,0.0
20231012:1502,95.25,0.0,36.37,0.52,14.62,17.55,3.31,0.0
20231012:1602,0.0,0.0,0.89,0.01,2.04,17.49,1.93,0.0
20231012:1702,0.0,0.0,0.0,0.0,0.0,16.91,0.69,0.0
20231012:1802,0.0,0.0,0.0,0.0,0.0,16.34,1.72,0.0
20231012:1902,0.0,0.0,0.0,0.0,0.0,15.93,1.93,0.0
20231012:2002,0.0,0.0,0.0,0.0,0.0,16.03,2.07,0.0
20231012:2102,0.0,0.0,0.0,0.0,0.0,15.94,3.38,0.0
20231012:2202,0.0,0.0,0.0,0.0,0.0,16.1,3.93,0.0
20231012:2302,0.0,0.0,0.0,0.0,0.0,15.98,3.66,0.0
20231013:0002,0.0,0.0,0.0,0.0,0.0,15.56,3.72,0.0
20231013:0102,0.0,0.0,0.0,0.0,0.0,15.37,3.79,0.0
20231013:0202,0.0,0.0,0.0,0.0,0.0,15.17,3.93,0.0
20231013:0302,0.0,0.0,0.0,0.0,0.0,15.42,4.28,0.0
20231013:0402,172.75,34.82,34.64,0.82,6.13,15.48,4.97,0.0
20231013:0502,810.3,152.03,77.53,3.71,18.72,16.89,6.0,0.0
20231013:0602,1421.2,270.57,94.2,6.69,31.22,18.76,6.34,0.0
20231013:0702,1923.3,365.6,109.41,9.22,43.25,20.25,7.72,0.0
20231013:0802,2270.65,420.49,133.79,11.0,54.13,21.46,8.34,0.0
20231013:0902,2506.95,491.71,118.61,12.42,62.28,22.5,8.97,0.0
20231013:1002,2485.6,388.5,219.12,11.79,64.79,23.25,9.45,0.0
20231013:1102,2236.65,203.99,345.56,9.55,60.17,23.22,9.86,0.0
20231013:1202,2180.85,414.92,120.67,10.61,50.91,23.01,10.28,0.0
20231013:1302,778.0,1.34,201.36,2.92,39.55,22.73,10.69,0.0
20231013:1402,1051.65,83.19,189.12,4.33,27.32,21.93,10.69,0.0
20231013:1502,591.15,106.16,73.43,2.71,14.77,20.7,11.03,0.0
20231013:1602,0.0,0.0,4.46,0.07,2.2,19.34,10.48,0.0
20231013:1702,0.0,0.0,0.0,0.0,0.0,17.59,9.1,0.0
20231013:1802,0.0,0.0,0.0,0.0,0.0,16.79,8.21,0.0
20231013:1902,0.0,0.0,0.0,0.0,0.0,16.66,6.97,0.0
20231013:2002,0.0,0.0,0.0,0.0,0.0,16.36,6.55,0.0
20231013:2102,0.0,0.0,0.0,0.0,0.0,16.08,6.48,0.0
20231013:2202,0.0,0.0,0.0,0.0,0.0,15.95,6.14,0.0
20231013:2302,0.0,0.0,0.0,0.0,0.0,15.82,6.28,0.0
20231014:0002,0.0,0.0,0.0,0.0,0.0,15.7,6.28,0.0
20231014:0102,0.0,0.0,0.0,0.0,0.0,15.3,6.21,0.0
20231014:0202,0.0,0.0,0.0,0.0,0.0,14.86,5.93,0.0
20231014:0302,0.0,0.0,0.0,0.0,0.0,14.75,5.93,0.0
20231014:0402,49.9,0.0,23.31,0.33,6.37,14.84,5.72,0.0
20231014:0502,734.2,76.05,122.5,3.04,18.97,15.59,6.14,0.0
20231014:0602,706.95,3.52,177.97,2.63,31.47,15.82,5.72,0.0
20231014:0702,1483.1,52.53,310.92,5.59,43.53,17.04,5.17,0.0
20231014:0802,1219.15,4.52,297.15,4.37,54.45,17.54,5.24,0.0
20231014:0902,2540.85,482.09,131.01,12.34,62.65,17.85,5.38,0.0
20231014:1002,2536.15,400.48,213.96,11.91,65.16,18.65,5.66,0.0
20231014:1102,2443.55,412.57,180.94,11.6,60.47,19.08,5.66,0.0
20231014:1202,2162.65,340.43,187.69,10.01,51.13,19.01,5.66,0.0
20231014:1302,1770.15,296.02,143.11,8.15,39.73,18.8,5.86,0.0
20231014:1402,1151.9,128.98,167.27,4.86,27.48,18.49,6.0,0.0
20231014:1502,597.1,89.4,85.96,2.6,14.92,17.78,5.79,0.0
20231014:1602,0.0,0.0,1.78,0.03,2.35,17.2,5.03,0.0
20231014:1702,0.0,0.0,0.0,0.0,0.0,16.38,4.62,0.0
20231014:1802,0.0,0.0,0.0,0.0,0.0,15.92,4.21,0.0
20231014:1902,0.0,0.0,0.0,0.0,0.0,15.86,3.66,0.0
20231014:2002,0.0,0.0,0.0,0.0,0.0,15.59,3.24,0.0
20231014:2102,0.0,0.0,0.0,0.0,0.0,15.36,3.38,0.0
20231014:2202,0.0,0.0,0.0,0.0,0.0,15.08,3.59,0.0
20231014:2302,0.0,0.0,0.0,0.0,0.0,14.93,3.66,0.0
20231015:0002,0.0,0.0,0.0,0.0,0.0,14.99,3.79,0.0
20231015:0102,0.0,0.0,0.0,0.0,0.0,14.99,3.93,0.0
20231015:0202,0.0,0.0,0.0,0.0,0.0,15.02,3.72,0.0
20231015:0302,0.0,0.0,0.0,0.0,0.0,15.24,3.52,0.0
20231015:0402,114.6,7.81,36.14,0.59,6.62,15.27,3.24,0.0
20231015:0502,182.9,0.0,58.75,0.84,19.21,16.08,2.9,0.0
20231015:0602,387.45,0.0,108.18,1.55,31.72,16.52,2.9,0.0
20231015:0702,425.45,0.0,117.51,1.69,43.8,17.16,2.48,0.0
20231015:0802,1348.5,11.71,325.48,4.93,54.76,18.23,1.93,0.0
20231015:0902,2275.85,261.8,314.94,10.32,63.01,18.63,0.48,0.0
20231015:1002,1826.55,47.33,414.04,7.01,65.52,19.88,1.1,0.0
20231015:1102,2308.65,299.34,274.8,10.52,60.76,20.1,2.83,0.0
20231015:1202,1906.05,136.34,335.01,7.77,51.35,19.69,4.0,0.0
20231015:1302,1485.1,90.41,278.95,5.88,39.91,19.78,5.38,0.0
20231015:1402,878.0,30.01,195.63,3.38,27.64,19.18,6.55,0.0
20231015:1502,94.8,0.0,36.37,0.52,15.07,18.69,6.69,0.0
20231015:1602,0.0,0.0,1.78,0.03,2.51,18.1,6.76,0.0
20231015:1702,0.0,0.0,0.0,0.0,0.0,17.71,6.9,0.0
20231015:1802,0.0,0.0,0.0,0.0,0.0,17.47,6.97,0.0
20231015:1902,0.0,0.0,0.0,0.0,0.0,17.08,7.31,0.0
20231015:2002,0.0,0.0,0.0,0.0,0.0,17.07,7.38,0.0
20231015:2102,0.0,0.0,0.0,0.0,0.0,17.28,6.83,0.0
20231015:2202,0.0,0.0,0.0,0.0,0.0,17.1,6.21,0.0
20231015:2302,0.0,0.0,0.0,0.0,0.0,17.09,6.34,0.0
20231016:0002,0.0,0.0,0.0,0.0,0.0,17.1,6.55,0.0
20231016:0102,0.0,0.0,0.0,0.0,0.0,17.0,6.76,0.0
20231016:0202,0.0,0.0,0.0,0.0,0.0,17.09,7.38,0.0
20231016:0302,0.0,0.0,0.0,0.0,0.0,17.3,7.66,0.0
20231016:0402,136.2,11.76,39.34,0.67,6.86,17.48,8.07,0.0
20231016:0502,49.15,0.0,23.31,0.33,19.45,17.52,8.07,0.0
20231016:0602,174.65,0.0,56.89,0.82,31.96,17.55,8.69,0.0
20231016:0702,466.7,0.0,126.83,1.82,44.06,17.74,8.14,0.0
20231016:0802,469.85,0.0,127.76,1.84,55.06,17.97,7.1,0.0
20231016:0902,257.35,0.0,77.4,1.11,63.37,17.92,6.48,0.0
20231016:1002,323.35,0.0,93.26,1.34,65.89,17.76,5.45,0.0
20231016:1102,351.1,0.0,99.79,1.43,61.05,17.65,6.0,0.0
20231016:1202,311.7,0.0,90.46,1.3,51.57,17.76,5.72,0.0
20231016:1302,334.3,0.0,96.06,1.38,40.09,18.14,4.9,0.0
20231016:1402,196.05,0.0,62.48,0.9,27.8,18.27,5.1,0.0
20231016:1502,233.45,0.89,70.89,1.03,15.22,17.89,5.24,0.0
20231016:1602,4.75,0.0,8.02,0.12,2.67,17.67,4.62,0.0
20231016:1702,0.0,0.0,0.0,0.0,0.0,17.21,4.9,0.0
20231016:1802,0.0,0.0,0.0,0.0,0.0,17.17,4.9,0.0
20231016:1902,0.0,0.0,0.0,0.0,0.0,17.32,4.9,0.0
20231016:2002,0.0,0.0,0.0,0.0,0.0,17.64,5.31,0.0
20231016:2102,0.0,0.0,0.0,0.0,0.0,17.7,5.45,0.0
20231016:2202,0.0,0.0,0.0,0.0,0.0,16.87,4.9,0.0
20231016:2302,0.0,0.0,0.0,0.0,0.0,16.72,4.48,0.0
20231017:0002,0.0,0.0,0.0,0.0,0.0,16.51,4.14,0.0
20231017:0102,0.0,0.0,0.0,0.0,0.0,16.4,4.07,0.0
20231017:0202,0.0,0.0,0.0,0.0,0.0,16.35,3.72,0.0
20231017:0302,0.0,0.0,0.0,0.0,0.0,16.25,3.31,0.0
20231017:0402,89.45,2.62,32.84,0.5,7.09,16.28,3.31,0.0
20231017:0502,443.4,4.95,117.52,1.77,19.68,17.73,3.59,0.0
20231017:0602,1501.2,264.87,115.77,6.7,32.21,18.0,4.41,0.0
20231017:0702,1665.85,97.84,311.8,6.51,44.33,18.55,5.1,0.0
20231017:0802,1973.15,111.37,373.49,7.77,55.36,20.03,5.66,0.0
20231017:0902,2353.15,218.88,359.15,9.95,63.72,20.83,5.86,0.0
20231017:1002,2646.05,512.7,133.13,12.85,66.25,20.82,5.72,0.0
20231017:1102,2535.55,479.08,139.44,12.16,61.34,21.08,6.41,0.0
20231017:1202,2275.1,429.23,127.42,10.74,51.79,21.07,7.03,0.0
20231017:1302,1860.65,346.62,115.97,8.57,40.27,20.98,7.45,0.0
20231017:1402,1319.15,243.97,99.62,5.89,27.95,20.67,7.52,0.0
20231017:1502,696.45,135.23,70.99,3.0,15.38,20.32,7.24,0.0
20231017:1602,6.6,0.0,8.92,0.13,2.83,19.72,6.76,0.0
20231017:1702,0.0,0.0,0.0,0.0,0.0,18.41,6.14,0.0
20231017:1802,0.0,0.0,0.0,0.0,0.0,18.45,5.93,0.0
20231017:1902,0.0,0.0,0.0,0.0,0.0,18.31,6.0,0.0
20231017:2002,0.0,0.0,0.0,0.0,0.0,17.97,6.21,0.0
20231017:2102,0.0,0.0,0.0,0.0,0.0,17.92,6.21,0.0
20231017:2202,0.0,0.0,0.0,0.0,0.0,17.26,5.45,0.0
20231017:2302,0.0,0.0,0.0,0.0,0.0,16.91,5.17,0.0
20231018:0002,0.0,0.0,0.0,0.0,0.0,16.65,4.76,0.0
20231018:0102,0.0,0.0,0.0,0.0,0.0,16.17,4.21,0.0
20231018:0202,0.0,0.0,0.0,0.0,0.0,15.94,3.66,0.0
20231018:0302,0.0,0.0,0.0,0.0,0.0,16.2,3.17,0.0
20231018:0402,274.75,55.33,43.08,1.11,7.32,16.11,3.1,0.0
20231018:0502,938.7,178.33,81.75,4.05,19.91,18.08,2.76,0.0
20231018:0602,1533.35,292.47,102.1,6.97,32.44,19.53,2.48,0.0
20231018:0702,2013.75,390.67,115.41,9.51,44.58,20.99,2.9,0.0
20231018:0802,2357.05,472.81,119.52,11.54,55.66,22.64,2.9,0.0
20231018:0902,2544.5,522.68,120.95,12.75,64.07,23.74,2.62,0.0
20231018:1002,2593.8,543.05,116.12,13.14,66.61,24.25,2.41,0.0
20231018:1102,2495.65,510.19,120.57,12.45,61.63,24.28,3.03,0.0
20231018:1202,2252.3,454.81,114.39,11.0,52.01,23.86,3.17,0.0
20231018:1302,1842.45,362.47,109.9,8.74,40.44,23.55,2.76,0.0
20231018:1402,1314.55,249.99,99.93,5.96,28.11,22.64,2.48,0.0
20231018:1502,630.55,88.47,95.55,2.64,15.53,21.91,2.9,0.0
20231018:1602,8.65,0.0,9.81,0.15,2.99,20.56,3.38,0.0
20231018:1702,0.0,0.0,0.0,0.0,0.0,18.87,3.79,0.0
20231018:1802,0.0,0.0,0.0,0.0,0.0,18.34,4.0,0.0
20231018:1902,0.0,0.0,0.0,0.0,0.0,18.26,4.21,0.0
20231018:2002,0.0,0.0,0.0,0.0,0.0,18.44,4.34,0.0
20231018:2102,0.0,0.0,0.0,0.0,0.0,18.18,4.69,0.0
20231018:2202,0.0,0.0,0.0,0.0,0.0,18.24,4.97,0.0
20231018:2302,0.0,0.0,0.0,0.0,0.0,17.89,5.03,0.0
20231019:0002,0.0,0.0,0.0,0.0,0.0,17.67,5.03,0.0
20231019:0102,0.0,0.0,0.0,0.0,0.0,17.21,5.03,0.0
20231019:0202,0.0,0.0,0.0,0.0,0.0,16.59,4.9,0.0
20231019:0302,0.0,0.0,0.0,0.0,0.0,16.46,4.55,0.0
20231019:0402,225.2,31.74,46.97,0.95,7.55,16.48,4.14,0.0
20231019:0502,730.4,53.83,142.22,2.89,20.13,18.84,3.59,0.0
20231019:0602,1514.35,255.18,132.24,6.67,32.67,20.25,3.38,0.0
20231019:0702,2023.4,390.57,119.37,9.51,44.83,21.37,2.62,0.0
20231019:0802,2363.9,477.72,119.9,11.58,55.95,22.12,1.93,0.0
20231019:0902,2563.5,520.46,126.52,12.73,64.42,22.45,2.21,0.0
20231019:1002,2648.45,540.94,120.84,13.1,66.97,22.62,3.38,0.0
20231019:1102,2551.4,515.22,120.93,12.49,61.91,22.63,3.72,0.0
20231019:1202,2295.25,453.72,118.34,10.97,52.22,22.59,4.28,0.0
20231019:1302,1890.7,362.36,113.87,8.74,40.62,22.53,4.97,0.0
20231019:1402,1349.1,250.72,102.2,5.96,28.27,22.03,5.66,0.0
20231019:1502,694.6,117.12,84.82,2.88,15.69,21.25,5.93,0.0
20231019:1602,13.15,0.0,11.59,0.17,3.15,20.66,5.79,0.0
20231019:1702,0.0,0.0,0.0,0.0,0.0,20.03,6.07,0.0
20231019:1802,0.0,0.0,0.0,0.0,0.0,19.99,6.14,0.0
20231019:1902,0.0,0.0,0.0,0.0,0.0,19.43,6.28,0.0
20231019:2002,0.0,0.0,0.0,0.0,0.0,19.07,6.34,0.0
20231019:2102,0.0,0.0,0.0,0.0,0.0,18.9,6.55,0.0
20231019:2202,0.0,0.0,0.0,0.0,0.0,18.74,6.55,0.0
20231019:2302,0.0,0.0,0.0,0.0,0.0,18.81,6.41,0.0
20231020:0002,0.0,0.0,0.0,0.0,0.0,18.86,6.21,0.0
20231020:0102,0.0,0.0,0.0,0.0,0.0,18.67,6.07,0.0
20231020:0202,0.0,0.0,0.0,0.0,0.0,18.5,6.07,0.0
20231020:0302,0.0,0.0,0.0,0.0,0.0,18.82,6.0,0.0
20231020:0402,245.8,35.84,49.3,1.02,7.78,18.83,6.07,0.0
20231020:0502,926.65,155.29,97.57,3.85,20.35,19.9,6.21,0.0
20231020:0602,1546.1,275.61,115.2,6.75,32.9,20.36,7.1,0.0
20231020:0702,2047.45,377.22,127.4,9.31,45.08,21.66,7.59,0.0
20231020:0802,2403.0,455.76,133.19,11.27,56.24,22.9,7.79,0.0
20231020:0902,2612.55,503.61,136.22,12.46,64.76,23.58,8.0,0.0
20231020:1002,2651.75,515.69,136.57,12.75,67.32,24.28,7.59,0.0
20231020:1102,2530.7,481.75,142.94,12.07,62.19,24.28,7.03,0.0
20231020:1202,2262.0,415.96,145.06,10.56,52.43,23.97,6.69,0.0
20231020:1302,1858.05,324.75,140.26,8.35,40.79,22.77,6.69,0.0
20231020:1402,1151.75,106.53,190.62,4.64,28.43,22.16,6.14,0.0
20231020:1502,255.7,0.93,77.43,1.13,15.84,21.6,5.17,0.0
20231020:1602,0.0,0.0,1.78,0.03,3.32,20.6,3.79,0.0
20231020:1702,0.0,0.0,0.0,0.0,0.0,20.56,3.52,0.0
20231020:1802,0.0,0.0,0.0,0.0,0.0,20.5,3.86,0.0
20231020:1902,0.0,0.0,0.0,0.0,0.0,20.55,3.79,0.0
20231020:2002,0.0,0.0,0.0,0.0,0.0,19.93,3.38,0.0
20231020:2102,0.0,0.0,0.0,0.0,0.0,20.37,3.31,0.0
20231020:2202,0.0,0.0,0.0,0.0,0.0,20.15,3.59,0.0
20231020:2302,0.0,0.0,0.0,0.0,0.0,19.8,3.93,0.0
20231021:0002,0.0,0.0,0.0,0.0,0.0,19.49,4.69,0.0
20231021:0102,0.0,0.0,0.0,0.0,0.0,19.44,4.62,0.0
20231021:0202,0.0,0.0,0.0,0.0,0.0,19.21,5.03,0.0
20231021:0302,0.0,0.0,0.0,0.0,0.0,19.21,5.17,0.0
20231021:0402,131.8,5.33,42.45,0.66,8.0,19.2,5.17,0.0
20231021:0502,359.6,0.86,101.66,1.47,20.57,19.07,5.59,0.0
20231021:0602,447.05,0.0,123.1,1.77,33.12,18.97,5.52,0.0
20231021:0702,479.15,0.0,130.56,1.88,45.32,18.84,5.66,0.0
20231021:0802,1311.95,8.1,316.58,4.72,56.52,18.9,6.14,0.0
20231021:0902,317.85,0.0,92.33,1.33,65.1,18.85,6.28,0.0
20231021:1002,291.95,0.0,85.8,1.23,67.68,18.06,6.76,0.0
20231021:1102,338.95,0.0,96.99,1.39,62.47,17.92,6.41,0.0
20231021:1202,253.8,0.0,76.47,1.1,52.65,17.67,6.34,0.0
20231021:1302,159.55,0.0,53.16,0.76,40.97,17.71,6.34,0.0
20231021:1402,112.75,0.0,41.03,0.59,28.59,17.68,7.1,0.0
20231021:1502,65.25,0.0,27.98,0.4,16.0,17.21,7.38,0.0
20231021:1602,11.15,0.0,10.7,0.16,3.48,17.11,7.31,0.0
20231021:1702,0.0,0.0,0.0,0.0,0.0,17.03,7.52,0.0
20231021:1802,0.0,0.0,0.0,0.0,0.0,16.9,7.45,0.0
20231021:1902,0.0,0.0,0.0,0.0,0.0,16.69,7.38,0.0
20231021:2002,0.0,0.0,0.0,0.0,0.0,16.38,7.52,0.0
20231021:2102,0.0,0.0,0.0,0.0,0.0,16.42,7.38,0.0
20231021:2202,0.0,0.0,0.0,0.0,0.0,16.33,6.55,0.0
20231021:2302,0.0,0.0,0.0,0.0,0.0,16.15,6.21,0.0
20231022:0002,0.0,0.0,0.0,0.0,0.0,15.98,5.79,0.0
20231022:0102,0.0,0.0,0.0,0.0,0.0,15.75,5.1,0.0
20231022:0202,0.0,0.0,0.0,0.0,0.0,15.57,4.76,0.0
20231022:0302,0.0,0.0,0.0,0.0,0.0,15.67,4.34,0.0
20231022:0402,341.95,64.18,49.71,1.27,8.21,15.8,4.28,0.0
20231022:0502,213.15,0.0,66.21,0.95,20.78,16.21,4.21,0.0
20231022:0602,722.95,2.25,183.67,2.68,33.34,16.34,4.07,0.0
20231022:0702,868.45,0.7,219.13,3.16,45.56,16.74,4.14,0.0
20231022:0802,1169.5,2.04,288.06,4.18,56.8,16.93,4.14,0.0
20231022:0902,837.3,0.0,213.56,3.07,65.44,17.65,3.93,0.0
20231022:1002,715.9,0.0,185.58,2.67,68.03,17.74,3.38,0.0
20231022:1102,1988.55,70.47,418.65,7.5,62.75,18.07,3.45,0.0
20231022:1202,1946.1,111.79,366.06,7.56,52.86,18.12,3.72,0.0
20231022:1302,1503.3,70.88,300.41,5.69,41.14,17.8,3.72,0.0
20231022:1402,1415.3,246.26,115.48,5.95,28.75,17.7,3.52,0.0
20231022:1502,801.15,149.3,77.37,3.16,16.16,17.18,3.38,0.0
20231022:1602,31.6,0.0,17.83,0.27,3.65,16.8,2.9,0.0
20231022:1702,0.0,0.0,0.0,0.0,0.0,15.13,2.34,0.0
20231022:1802,0.0,0.0,0.0,0.0,0.0,14.79,2.21,0.0
20231022:1902,0.0,0.0,0.0,0.0,0.0,14.8,2.21,0.0
20231022:2002,0.0,0.0,0.0,0.0,0.0,14.93,2.21,0.0
20231022:2102,0.0,0.0,0.0,0.0,0.0,15.56,2.41,0.0
20231022:2202,0.0,0.0,0.0,0.0,0.0,13.7,2.48,0.0
20231022:2302,0.0,0.0,0.0,0.0,0.0,13.29,2.34,0.0
20231023:0002,0.0,0.0,0.0,0.0,0.0,12.99,2.28,0.0
20231023:0102,0.0,0.0,0.0,0.0,0.0,12.78,2.48,0.0
20231023:0202,0.0,0.0,0.0,0.0,0.0,12.44,2.69,0.0
20231023:0302,0.0,0.0,0.0,0.0,0.0,13.01,2.76,0.0
20231023:0402,337.15,57.7,52.15,1.25,8.42,14.06,3.03,0.0
20231023:0502,935.45,113.99,132.24,3.63,20.99,16.25,3.24,0.0
20231023:0602,1658.7,298.32,116.76,7.06,33.55,17.78,4.21,0.0
20231023:0702,2175.6,408.53,122.55,9.69,45.79,18.56,5.31,0.0
20231023:0802,2460.7,389.99,208.92,10.93,57.07,19.95,6.14,0.0
20231023:0902,2737.35,520.05,144.53,12.74,65.77,20.5,6.48,0.0
20231023:1002,2651.5,363.52,284.29,11.7,68.37,20.99,6.48,0.0
20231023:1102,2674.75,516.95,135.49,12.49,63.03,21.43,6.48,0.0
20231023:1202,2433.35,477.45,117.07,11.17,53.07,21.33,6.83,0.0
20231023:1302,1994.85,373.36,119.94,8.82,41.32,21.24,7.1,0.0
20231023:1402,1424.3,247.45,117.73,5.96,28.91,20.94,6.83,0.0
20231023:1502,734.75,108.47,98.11,2.87,16.31,20.38,5.79,0.0
20231023:1602,33.75,0.0,18.72,0.28,3.81,19.95,4.9,0.0
20231023:1702,0.0,0.0,0.0,0.0,0.0,18.37,4.41,0.0
20231023:1802,0.0,0.0,0.0,0.0,0.0,17.93,3.72,0.0
20231023:1902,0.0,0.0,0.0,0.0,0.0,17.64,2.83,0.0
20231023:2002,0.0,0.0,0.0,0.0,0.0,16.43,2.28,0.0
20231023:2102,0.0,0.0,0.0,0.0,0.0,16.41,1.79,0.0
20231023:2202,0.0,0.0,0.0,0.0,0.0,16.54,2.41,0.0
20231023:2302,0.0,0.0,0.0,0.0,0.0,16.93,3.52,0.0
20231024:0002,0.0,0.0,0.0,0.0,0.0,17.78,5.03,0.0
20231024:0102,0.0,0.0,0.0,0.0,0.0,17.82,5.66,0.0
20231024:0202,0.0,0.0,0.0,0.0,0.0,17.54,5.66,0.0
20231024:0302,0.0,0.0,0.0,0.0,0.0,17.07,5.52,0.0
20231024:0402,5.6,0.0,8.39,0.12,8.63,16.81,5.52,0.0
20231024:0502,295.35,0.0,86.73,1.25,21.19,18.21,5.38,0.0
20231024:0602,783.9,4.56,197.62,2.92,33.76,19.53,6.21,0.0
20231024:0702,2194.65,409.61,128.16,9.74,46.02,20.76,6.9,0.0
20231024:0802,2322.45,249.31,320.76,9.7,57.33,21.75,6.97,0.0
20231024:0902,2558.9,308.69,320.61,11.03,66.1,22.55,7.03,0.0
20231024:1002,2833.5,567.33,124.09,13.36,68.72,22.72,7.66,0.0
20231024:1102,2731.5,541.48,123.39,12.73,63.3,22.36,8.07,0.0
20231024:1202,2472.1,485.11,117.27,11.27,53.28,22.07,8.55,0.0
20231024:1302,2047.45,391.06,113.73,9.0,41.49,21.67,8.55,0.0
20231024:1402,1498.5,283.41,99.16,6.27,29.07,20.81,8.07,0.0
20231024:1502,836.05,154.97,79.91,3.23,16.47,19.87,7.79,0.0
20231024:1602,36.75,0.0,19.62,0.29,3.98,19.21,8.0,0.0
20231024:1702,0.0,0.0,0.0,0.0,0.0,18.1,7.31,0.0
20231024:1802,0.0,0.0,0.0,0.0,0.0,17.71,6.69,0.0
20231024:1902,0.0,0.0,0.0,0.0,0.0,17.48,6.07,0.0
20231024:2002,0.0,0.0,0.0,0.0,0.0,17.17,5.72,0.0
20231024:2102,0.0,0.0,0.0,0.0,0.0,16.68,5.59,0.0
20231024:2202,0.0,0.0,0.0,0.0,0.0,16.33,5.59,0.0
20231024:2302,0.0,0.0,0.0,0.0,0.0,16.03,5.24,0.0
20231025:0002,0.0,0.0,0.0,0.0,0.0,15.65,5.1,0.0
20231025:0102,0.0,0.0,0.0,0.0,0.0,15.46,4.83,0.0
20231025:0202,0.0,0.0,0.0,0.0,0.0,14.97,4.76,0.0
20231025:0302,0.0,0.0,0.0,0.0,0.0,15.69,4.69,0.0
20231025:0402,304.8,37.84,59.17,1.17,8.83,15.82,4.41,0.0
20231025:0502,1129.9,213.87,86.61,4.46,21.39,17.81,4.07,0.0
20231025:0602,1755.65,340.73,99.53,7.48,33.96,18.8,4.21,0.0
20231025:0702,2240.55,442.83,111.14,10.06,46.24,19.65,3.66,0.0
20231025:0802,2579.3,528.29,112.76,12.1,57.59,20.74,3.03,0.0
20231025:0902,2771.45,571.71,118.62,13.25,66.42,21.02,2.97,0.0
20231025:1002,2657.8,391.0,274.99,12.03,69.06,21.74,3.03,0.0
20231025:1102,2561.8,381.33,259.19,11.52,63.57,21.96,3.31,0.0
20231025:1202,2442.05,472.54,131.75,11.19,53.48,21.48,4.28,0.0
20231025:1302,2068.55,404.54,109.43,9.14,41.67,20.74,4.69,0.0
20231025:1402,1490.7,265.62,114.55,6.15,29.23,19.52,4.69,0.0
20231025:1502,861.5,161.19,80.26,3.3,16.63,19.42,4.34,0.0
20231025:1602,39.55,0.0,20.51,0.31,4.15,19.27,4.07,0.0
20231025:1702,0.0,0.0,0.0,0.0,0.0,18.73,4.07,0.0
20231025:1802,0.0,0.0,0.0,0.0,0.0,18.62,4.28,0.0
20231025:1902,0.0,0.0,0.0,0.0,0.0,18.55,4.48,0.0
20231025:2002,0.0,0.0,0.0,0.0,0.0,18.29,4.55,0.0
20231025:2102,0.0,0.0,0.0,0.0,0.0,18.05,4.55,0.0
20231025:2202,0.0,0.0,0.0,0.0,0.0,17.88,4.41,0.0
20231025:2302,0.0,0.0,0.0,0.0,0.0,17.69,4.62,0.0
20231026:0002,0.0,0.0,0.0,0.0,0.0,17.55,4.69,0.0
20231026:0102,0.0,0.0,0.0,0.0,0.0,17.36,4.76,0.0
20231026:0202,0.0,0.0,0.0,0.0,0.0,17.25,4.41,0.0
20231026:0302,0.0,0.0,0.0,0.0,0.0,17.71,4.07,0.0
20231026:0402,282.25,31.19,59.38,1.11,9.03,18.06,4.21,0.0
20231026:0502,1086.7,186.98,102.16,4.25,21.58,19.48,4.34,0.0
20231026:0602,1716.25,312.17,119.53,7.22,34.16,20.49,4.9,0.0
20231026:0702,2234.9,436.08,116.19,9.95,46.45,21.72,5.52,0.0
20231026:0802,2584.8,520.02,118.63,11.96,57.85,23.42,5.93,0.0
20231026:0902,2792.05,570.55,119.24,13.17,66.74,24.09,6.34,0.0
20231026:1002,2811.0,567.04,130.95,13.33,69.4,24.97,6.21,0.0
20231026:1102,2687.95,532.14,136.5,12.62,63.84,25.25,6.21,0.0
20231026:1202,2444.3,485.73,123.35,11.25,53.69,25.26,6.41,0.0
20231026:1302,1958.25,321.12,171.87,8.47,41.84,25.15,6.55,0.0
20231026:1402,1474.45,269.97,113.07,6.16,29.39,24.79,6.48,0.0
20231026:1502,843.65,154.64,84.28,3.24,16.79,23.51,6.14,0.0
20231026:1602,41.65,0.0,21.4,0.32,4.32,22.32,6.07,0.0
20231026:1702,0.0,0.0,0.0,0.0,0.0,21.46,5.79,0.0
20231026:1802,0.0,0.0,0.0,0.0,0.0,21.44,5.24,0.0
20231026:1902,0.0,0.0,0.0,0.0,0.0,21.32,4.76,0.0
20231026:2002,0.0,0.0,0.0,0.0,0.0,20.92,4.0,0.0
20231026:2102,0.0,0.0,0.0,0.0,0.0,20.29,3.24,0.0
20231026:2202,0.0,0.0,0.0,0.0,0.0,19.39,2.41,0.0
20231026:2302,0.0,0.0,0.0,0.0,0.0,18.65,1.59,0.0
20231027:0002,0.0,0.0,0.0,0.0,0.0,19.29,0.62,0.0
20231027:0102,0.0,0.0,0.0,0.0,0.0,19.21,3.72,0.0
20231027:0202,0.0,0.0,0.0,0.0,0.0,19.31,6.62,0.0
20231027:0302,0.0,0.0,0.0,0.0,0.0,18.89,7.79,0.0
20231027:0402,36.8,0.0,19.58,0.28,9.22,18.23,7.1,0.0
20231027:0502,376.35,0.9,105.4,1.53,21.77,18.84,6.9,0.0
20231027:0602,1113.75,35.69,243.71,4.13,34.35,19.78,7.52,0.0
20231027:0702,1913.2,166.46,302.12,7.53,46.66,20.61,7.59,0.0
20231027:0802,2527.5,420.87,193.42,11.11,58.09,21.13,7.52,0.0
20231027:0902,2656.45,375.88,271.39,11.54,67.05,21.7,7.79,0.0
20231027:1002,2842.05,549.36,140.61,13.06,69.74,21.69,7.59,0.0
20231027:1102,2732.95,523.84,139.15,12.43,64.11,21.58,7.79,0.0
20231027:1202,2469.3,471.46,129.58,11.01,53.89,21.62,7.79,0.0
20231027:1302,2040.55,374.11,128.95,8.76,42.01,21.58,7.38,0.0
20231027:1402,1496.4,264.61,115.43,6.07,29.55,20.89,7.31,0.0
20231027:1502,747.7,95.31,109.94,2.8,16.95,20.08,6.9,0.0
20231027:1602,39.4,0.0,20.51,0.31,4.49,19.99,5.72,0.0
20231027:1702,0.0,0.0,0.0,0.0,0.0,19.36,5.17,0.0
20231027:1802,0.0,0.0,0.0,0.0,0.0,18.78,5.38,0.0
20231027:1902,0.0,0.0,0.0,0.0,0.0,18.78,5.1,0.0
20231027:2002,0.0,0.0,0.0,0.0,0.0,18.23,4.41,0.0
20231027:2102,0.0,0.0,0.0,0.0,0.0,18.09,4.34,0.0
20231027:2202,0.0,0.0,0.0,0.0,0.0,18.01,4.97,0.0
20231027:2302,0.0,0.0,0.0,0.0,0.0,17.7,5.86,0.0
20231028:0002,0.0,0.0,0.0,0.0,0.0,17.44,6.62,0.0
20231028:0102,0.0,0.0,0.0,0.0,0.0,17.25,6.9,0.0
20231028:0202,0.0,0.0,0.0,0.0,0.0,16.86,6.9,0.0
20231028:0302,0.0,0.0,0.0,0.0,0.0,16.58,7.03,0.0
20231028:0402,14.95,0.0,12.12,0.17,9.41,16.28,6.55,0.0
20231028:0502,75.5,0.0,30.78,0.44,21.95,16.33,6.41,0.0
20231028:0602,290.85,0.0,84.86,1.22,34.53,16.18,6.9,0.0
20231028:0702,491.45,0.0,131.49,1.89,46.86,15.63,7.24,0.0
20231028:0802,845.35,0.0,212.63,3.05,58.33,15.79,7.1,0.0
20231028:0902,1060.35,0.0,262.06,3.76,67.35,16.02,7.1,0.0
20231028:1002,850.7,0.0,214.49,3.08,70.07,16.57,7.45,0.0
20231028:1102,606.6,0.0,158.54,2.28,64.37,16.56,7.38,0.0
20231028:1202,946.25,0.0,236.88,3.4,54.1,16.79,6.62,0.0
20231028:1302,1204.65,18.59,277.33,4.33,42.19,16.55,6.97,0.0
20231028:1402,558.85,0.81,146.42,2.12,29.71,16.03,7.59,0.0
20231028:1502,184.35,0.0,58.75,0.84,17.12,15.04,7.45,0.0
20231028:1602,9.1,0.0,9.81,0.15,4.66,14.69,8.07,0.0
20231028:1702,0.0,0.0,0.0,0.0,0.0,14.28,7.86,0.0
20231028:1802,0.0,0.0,0.0,0.0,0.0,13.54,7.45,0.0
20231028:1902,0.0,0.0,0.0,0.0,0.0,12.74,7.52,0.0
20231028:2002,0.0,0.0,0.0,0.0,0.0,12.6,7.79,0.0
20231028:2102,0.0,0.0,0.0,0.0,0.0,13.04,8.14,0.0
20231028:2202,0.0,0.0,0.0,0.0,0.0,12.78,7.03,0.0
20231028:2302,0.0,0.0,0.0,0.0,0.0,13.02,7.52,0.0
20231029:0002,0.0,0.0,0.0,0.0,0.0,12.5,7.52,0.0
20231029:0102,0.0,0.0,0.0,0.0,0.0,12.17,7.24,0.0
20231029:0202,0.0,0.0,0.0,0.0,0.0,11.85,6.97,0.0
20231029:0302,0.0,0.0,0.0,0.0,0.0,11.69,6.76,0.0
20231029:0402,18.1,0.0,13.06,0.19,9.59,11.55,6.0,0.0
20231029:0502,957.55,80.03,161.11,3.46,22.12,12.67,5.86,0.0
20231029:0602,1432.35,87.99,257.95,5.23,34.71,13.54,6.07,0.0
20231029:0702,1367.6,18.3,311.72,4.82,47.06,14.0,6.48,0.0
20231029:0802,2590.95,328.59,287.35,10.61,58.57,15.19,6.62,0.0
20231029:0902,2100.2,63.72,440.59,7.62,67.65,15.82,6.48,0.0
20231029:1002,945.5,0.0,235.94,3.39,70.4,16.15,6.9,0.0
20231029:1102,2004.05,54.3,426.46,7.22,64.63,15.66,6.76,0.0
20231029:1202,2233.9,175.48,359.89,8.6,54.3,15.97,6.41,0.0
20231029:1302,2162.75,360.61,160.36,8.9,42.36,16.17,6.14,0.0
20231029:1402,1340.7,118.12,212.56,4.98,29.87,15.83,6.0,0.0
20231029:1502,307.65,1.01,87.71,1.27,17.28,15.29,5.66,0.0
20231029:1602,58.65,0.0,25.86,0.39,4.83,15.01,4.97,0.0
20231029:1702,0.0,0.0,0.0,0.0,0.0,14.22,4.55,0.0
20231029:1802,0.0,0.0,0.0,0.0,0.0,13.94,4.41,0.0
20231029:1902,0.0,0.0,0.0,0.0,0.0,14.31,4.14,0.0
20231029:2002,0.0,0.0,0.0,0.0,0.0,13.82,3.86,0.0
20231029:2102,0.0,0.0,0.0,0.0,0.0,13.64,3.66,0.0
20231029:2202,0.0,0.0,0.0,0.0,0.0,13.43,2.97,0.0
20231029:2302,0.0,0.0,0.0,0.0,0.0,13.3,2.97,0.0
20231030:0002,0.0,0.0,0.0,0.0,0.0,13.01,3.03,0.0
20231030:0102,0.0,0.0,0.0,0.0,0.0,12.79,2.83,0.0
20231030:0202,0.0,0.0,0.0,0.0,0.0,12.32,2.62,0.0
20231030:0302,0.0,0.0,0.0,0.0,0.0,12.87,2.76,0.0
20231030:0402,187.1,5.5,54.64,0.83,9.77,13.07,2.9,0.0
20231030:0502,1251.45,228.89,94.76,4.66,22.3,15.0,2.69,0.0
20231030:0602,845.85,5.53,208.85,3.09,34.89,15.96,3.17,0.0
20231030:0702,1253.0,12.51,297.07,4.5,47.25,16.76,3.86,0.0
20231030:0802,2475.2,280.62,321.18,10.13,58.8,17.68,4.55,0.0
20231030:0902,2233.05,96.04,445.05,8.33,67.95,16.99,5.31,0.0
20231030:1002,2854.15,392.33,293.95,12.11,70.73,16.94,5.86,0.0
20231030:1102,2144.25,83.24,433.99,7.9,64.89,16.47,5.86,0.0
20231030:1202,390.75,0.0,108.18,1.55,54.5,15.44,5.72,0.0
20231030:1302,347.15,0.0,97.92,1.41,42.53,15.36,6.0,0.0
20231030:1402,596.05,0.83,154.81,2.24,30.03,15.55,6.14,0.0
20231030:1502,456.8,11.16,113.48,1.77,17.44,15.38,6.0,0.0
20231030:1602,34.7,0.0,18.72,0.28,5.01,15.36,5.31,0.0
20231030:1702,0.0,0.0,0.0,0.0,0.0,14.6,5.66,0.0
20231030:1802,0.0,0.0,0.0,0.0,0.0,14.85,5.52,0.0
20231030:1902,0.0,0.0,0.0,0.0,0.0,14.77,5.38,0.0
20231030:2002,0.0,0.0,0.0,0.0,0.0,14.57,5.66,0.0
20231030:2102,0.0,0.0,0.0,0.0,0.0,14.77,5.66,0.0
20231030:2202,0.0,0.0,0.0,0.0,0.0,14.28,5.1,0.0
20231030:2302,0.0,0.0,0.0,0.0,0.0,14.19,4.76,0.0
20231031:0002,0.0,0.0,0.0,0.0,0.0,14.16,4.48,0.0
20231031:0102,0.0,0.0,0.0,0.0,0.0,14.0,4.34,0.0
20231031:0202,0.0,0.0,0.0,0.0,0.0,13.74,4.14,0.0
20231031:0302,0.0,0.0,0.0,0.0,0.0,13.95,4.07,0.0
20231031:0402,472.65,77.26,63.76,1.55,9.95,14.23,4.07,0.0
20231031:0502,1252.4,225.79,96.95,4.62,22.46,15.86,4.0,0.0
20231031:0602,1898.7,358.58,107.0,7.64,35.06,16.71,5.1,0.0
20231031:0702,2387.5,452.73,123.18,10.12,47.43,17.03,5.31,0.0
20231031:0802,2748.4,536.22,126.35,12.11,59.02,18.3,5.79,0.0
20231031:0902,2759.6,364.96,300.87,11.59,68.24,18.07,6.21,0.0
20231031:1002,2803.3,372.55,305.57,11.84,71.05,19.09,6.76,0.0
20231031:1102,2905.45,571.39,127.45,12.96,65.15,19.34,7.24,0.0
20231031:1202,2619.75,492.9,136.65,11.32,54.7,19.16,7.86,0.0
20231031:1302,1617.7,83.98,311.84,6.0,42.7,19.21,7.72,0.0
20231031:1402,924.45,23.26,211.83,3.42,30.2,19.52,7.24,0.0
20231031:1502,527.25,22.46,121.69,2.02,17.6,19.18,6.76,0.0
20231031:1602,63.5,0.0,27.64,0.42,5.18,19.0,6.41,0.0
20231031:1702,0.0,0.0,0.0,0.0,0.0,17.85,6.55,0.0
20231031:1802,0.0,0.0,0.0,0.0,0.0,17.17,5.79,0.0
20231031:1902,0.0,0.0,0.0,0.0,0.0,16.81,5.24,0.0
20231031:2002,0.0,0.0,0.0,0.0,0.0,16.49,5.38,0.0
20231031:2102,0.0,0.0,0.0,0.0,0.0,16.04,5.24,0.0
20231031:2202,0.0,0.0,0.0,0.0,0.0,16.0,4.48,0.0
20231031:2302,0.0,0.0,0.0,0.0,0.0,15.88,3.52,0.0
20231101:0002,0.0,0.0,0.0,0.0,0.0,15.66,3.1,0.0
20231101:0102,0.0,0.0,0.0,0.0,0.0,15.53,2.9,0.0
20231101:0202,0.0,0.0,0.0,0.0,0.0,15.23,2.48,0.0
20231101:0302,0.0,0.0,0.0,0.0,0.0,14.48,1.86,0.0
20231101:0402,574.6,113.51,58.19,1.8,10.12,15.55,2.14,0.0
20231101:0502,1144.55,165.09,132.23,4.22,22.63,17.59,2.07,0.0
20231101:0602,1890.65,373.47,99.84,7.74,35.22,18.5,2.55,0.0
20231101:0702,2386.2,481.11,107.14,10.34,47.61,19.4,3.45,0.0
20231101:0802,2746.05,566.69,108.06,12.35,59.23,20.34,4.21,0.0
20231101:0902,2952.15,610.34,112.36,13.48,68.52,20.75,5.1,0.0
20231101:1002,2978.25,614.16,118.85,13.71,71.37,21.79,5.1,0.0
20231101:1102,2889.5,595.22,112.88,13.13,65.4,21.41,5.45,0.0
20231101:1202,2638.45,538.06,107.44,11.67,54.9,21.38,5.93,0.0
20231101:1302,2231.1,447.3,102.6,9.46,42.87,21.41,6.07,0.0
20231101:1402,1688.85,334.33,92.18,6.7,30.36,20.94,6.14,0.0
20231101:1502,952.4,162.35,95.49,3.39,17.77,20.33,6.07,0.0
20231101:1602,60.2,0.0,26.75,0.4,5.35,19.62,5.79,0.0
20231101:1702,0.0,0.0,0.0,0.0,0.0,18.99,5.66,0.0
20231101:1802,0.0,0.0,0.0,0.0,0.0,18.79,5.45,0.0
20231101:1902,0.0,0.0,0.0,0.0,0.0,18.49,5.1,0.0
20231101:2002,0.0,0.0,0.0,0.0,0.0,18.17,4.9,0.0
20231101:2102,0.0,0.0,0.0,0.0,0.0,18.08,4.76,0.0
20231101:2202,0.0,0.0,0.0,0.0,0.0,17.68,4.48,0.0
20231101:2302,0.0,0.0,0.0,0.0,0.0,17.25,4.21,0.0
20231102:0002,0.0,0.0,0.0,0.0,0.0,17.05,4.41,0.0
20231102:0102,0.0,0.0,0.0,0.0,0.0,16.84,4.83,0.0
20231102:0202,0.0,0.0,0.0,0.0,0.0,16.78,5.1,0.0
20231102:0302,0.0,0.0,0.0,0.0,0.0,17.07,5.38,0.0
20231102:0402,187.75,5.56,55.57,0.84,10.28,17.32,5.38,0.0
20231102:0502,1243.95,217.46,104.17,4.56,22.78,18.6,5.38,0.0
20231102:0602,1895.75,358.7,109.59,7.6,35.38,19.95,6.83,0.0
20231102:0702,2385.4,461.14,120.34,10.13,47.78,21.17,7.38,0.0
20231102:0802,2752.45,550.66,119.17,12.16,59.44,22.08,7.66,0.0
20231102:0902,2956.0,592.62,125.11,13.28,68.8,22.0,7.93,0.0
20231102:1002,2996.05,604.93,125.48,13.57,71.69,22.66,7.72,0.0
20231102:1102,2880.15,568.84,131.89,12.86,65.66,22.41,8.0,0.0
20231102:1202,2639.45,523.18,118.58,11.51,55.09,22.0,8.14,0.0
20231102:1302,2185.1,400.71,135.26,9.07,43.04,21.97,8.21,0.0
20231102:1402,1681.1,321.17,101.04,6.58,30.52,21.28,8.28,0.0
20231102:1502,958.55,159.18,98.51,3.38,17.93,20.47,8.48,0.0
20231102:1602,63.15,0.0,27.64,0.42,5.53,19.95,8.14,0.0
20231102:1702,0.0,0.0,0.0,0.0,0.0,19.01,7.79,0.0
20231102:1802,0.0,0.0,0.0,0.0,0.0,18.98,7.59,0.0
20231102:1902,0.0,0.0,0.0,0.0,0.0,18.96,7.59,0.0
20231102:2002,0.0,0.0,0.0,0.0,0.0,18.64,7.79,0.0
20231102:2102,0.0,0.0,0.0,0.0,0.0,18.66,7.79,0.0
20231102:2202,0.0,0.0,0.0,0.0,0.0,18.3,6.97,0.0
20231102:2302,0.0,0.0,0.0,0.0,0.0,18.15,6.83,0.0
20231103:0002,0.0,0.0,0.0,0.0,0.0,17.95,6.62,0.0
20231103:0102,0.0,0.0,0.0,0.0,0.0,17.81,6.41,0.0
20231103:0202,0.0,0.0,0.0,0.0,0.0,17.73,6.62,0.0
20231103:0302,0.0,0.0,0.0,0.0,0.0,17.76,6.97,0.0
20231103:0402,294.5,22.3,67.85,1.15,10.44,18.26,7.24,0.0
20231103:0502,853.5,54.46,166.42,3.14,22.93,19.41,7.38,0.0
20231103:0602,1817.4,293.58,153.36,7.1,35.53,20.07,8.41,0.0
20231103:0702,2193.6,292.94,241.59,8.82,47.95,21.25,8.48,0.0
20231103:0802,2490.3,308.37,299.37,10.21,59.64,22.5,8.97,0.0
20231103:0902,2752.65,384.77,285.6,11.63,69.07,22.83,9.59,0.0
20231103:1002,2860.35,464.31,233.82,12.45,72.0,23.57,9.38,0.0
20231103:1102,2777.7,471.62,205.9,12.07,65.91,23.76,9.72,0.0
20231103:1202,2516.85,421.1,193.23,10.68,55.29,23.73,10.21,0.0
20231103:1302,2113.65,352.04,168.52,8.65,43.21,23.89,10.41,0.0
20231103:1402,1596.75,270.57,131.81,6.18,30.68,23.08,10.21,0.0
20231103:1502,399.3,6.24,107.6,1.62,18.1,22.64,9.66,0.0
20231103:1602,44.6,0.0,22.29,0.33,5.7,22.09,9.38,0.0
20231103:1702,0.0,0.0,0.0,0.0,0.0,20.2,8.69,0.0
20231103:1802,0.0,0.0,0.0,0.0,0.0,20.03,6.55,0.0
20231103:1902,0.0,0.0,0.0,0.0,0.0,20.44,3.38,0.0
20231103:2002,0.0,0.0,0.0,0.0,0.0,19.85,3.24,0.0
20231103:2102,0.0,0.0,0.0,0.0,0.0,19.84,2.97,0.0
20231103:2202,0.0,0.0,0.0,0.0,0.0,19.72,4.28,0.0
20231103:2302,0.0,0.0,0.0,0.0,0.0,19.94,5.93,0.0
20231104:0002,0.0,0.0,0.0,0.0,0.0,20.01,6.48,0.0
20231104:0102,0.0,0.0,0.0,0.0,0.0,19.72,6.0,0.0
20231104:0202,0.0,0.0,0.0,0.0,0.0,19.11,3.79,0.0
20231104:0302,0.0,0.0,0.0,0.0,0.0,19.68,0.9,0.0
20231104:0402,114.95,0.0,41.97,0.6,10.59,19.58,3.17,0.0
20231104:0502,842.1,51.01,167.3,3.09,23.08,19.11,5.1,0.0
20231104:0602,1589.7,154.5,236.29,5.95,35.67,18.31,5.72,0.0
20231104:0702,2378.95,439.3,135.93,9.87,48.11,19.07,6.62,0.0
20231104:0802,2585.85,369.25,256.66,10.7,59.84,19.34,6.48,0.0
20231104:0902,2933.3,553.66,153.74,12.86,69.34,19.04,6.28,0.0
20231104:1002,2841.8,419.51,270.01,12.07,72.31,20.2,6.9,0.0
20231104:1102,2313.85,151.69,416.42,8.94,66.15,20.26,5.45,0.0
20231104:1202,719.1,0.0,187.45,2.69,55.48,19.97,5.72,0.0
20231104:1302,792.6,0.77,203.29,2.93,43.38,19.39,5.86,0.0
20231104:1402,108.8,0.0,40.1,0.58,30.84,18.3,4.97,0.0
20231104:1502,200.25,0.0,63.42,0.91,18.26,17.68,3.93,0.0
20231104:1602,66.9,0.0,28.53,0.43,5.88,17.95,2.55,0.0
20231104:1702,0.0,0.0,0.0,0.0,0.0,17.45,1.24,0.0
20231104:1802,0.0,0.0,0.0,0.0,0.0,18.01,1.17,0.0
20231104:1902,0.0,0.0,0.0,0.0,0.0,17.96,1.86,0.0
20231104:2002,0.0,0.0,0.0,0.0,0.0,17.72,2.48,0.0
20231104:2102,0.0,0.0,0.0,0.0,0.0,17.61,2.55,0.0
20231104:2202,0.0,0.0,0.0,0.0,0.0,17.37,2.55,0.0
20231104:2302,0.0,0.0,0.0,0.0,0.0,17.6,1.72,0.0
20231105:0002,0.0,0.0,0.0,0.0,0.0,17.59,1.52,0.0
20231105:0102,0.0,0.0,0.0,0.0,0.0,17.56,1.38,0.0
20231105:0202,0.0,0.0,0.0,0.0,0.0,17.16,1.52,0.0
20231105:0302,0.0,0.0,0.0,0.0,0.0,17.0,1.1,0.0
20231105:0402,46.0,0.0,22.38,0.32,10.74,17.48,1.17,0.0
20231105:0502,240.1,0.0,73.67,1.06,23.22,18.32,0.55,0.0
20231105:0602,787.7,4.09,201.44,2.96,35.81,19.07,0.41,0.0
20231105:0702,1051.6,3.79,263.84,3.86,48.26,19.21,1.52,0.0
20231105:0802,1610.75,27.69,376.58,5.94,60.03,20.38,2.21,0.0
20231105:0902,2078.4,80.75,441.53,7.92,69.6,20.37,2.0,0.0
20231105:1002,2801.05,445.45,257.73,12.35,72.62,20.94,2.48,0.0
20231105:1102,2858.9,589.92,122.37,12.96,66.4,20.49,2.69,0.0
20231105:1202,2631.05,534.1,116.08,11.52,55.67,20.03,3.17,0.0
20231105:1302,2243.8,451.0,106.72,9.41,43.55,20.48,3.17,0.0
20231105:1402,1727.85,339.33,97.11,6.71,31.01,20.08,3.45,0.0
20231105:1502,1036.95,189.1,88.76,3.58,18.43,19.48,3.52,0.0
20231105:1602,75.85,0.0,31.21,0.47,6.06,19.26,3.45,0.0
20231105:1702,0.0,0.0,0.0,0.0,0.0,18.51,3.1,0.0
20231105:1802,0.0,0.0,0.0,0.0,0.0,18.2,2.9,0.0
20231105:1902,0.0,0.0,0.0,0.0,0.0,18.08,2.69,0.0
20231105:2002,0.0,0.0,0.0,0.0,0.0,17.92,2.76,0.0
20231105:2102,0.0,0.0,0.0,0.0,0.0,17.92,2.83,0.0
20231105:2202,0.0,0.0,0.0,0.0,0.0,17.98,1.93,0.0
20231105:2302,0.0,0.0,0.0,0.0,0.0,17.3,2.14,0.0
20231106:0002,0.0,0.0,0.0,0.0,0.0,17.3,1.59,0.0
20231106:0102,0.0,0.0,0.0,0.0,0.0,17.78,1.45,0.0
20231106:0202,0.0,0.0,0.0,0.0,0.0,17.3,1.17,0.0
20231106:0302,0.0,0.0,0.0,0.0,0.0,18.11,1.1,0.0
20231106:0402,25.3,0.0,15.85,0.23,10.88,18.11,1.31,0.0
20231106:0502,269.1,0.0,81.13,1.17,23.35,19.38,0.69,0.0
20231106:0602,1462.95,119.98,252.81,5.59,35.95,20.22,0.55,0.0
20231106:0702,2230.5,367.28,196.13,9.39,48.4,20.64,1.24,0.0
20231106:0802,2661.1,543.0,128.85,11.96,60.21,21.56,1.79,0.0
20231106:0902,2870.1,599.9,124.1,13.18,69.85,22.51,2.48,0.0
20231106:1002,2901.2,582.29,146.69,13.25,72.92,22.72,3.03,0.0
20231106:1102,2635.7,372.3,288.97,11.28,66.64,22.27,3.1,0.0
20231106:1202,2464.85,394.17,221.51,10.48,55.86,22.45,3.45,0.0
20231106:1302,2166.35,409.45,134.02,9.04,43.72,23.0,3.52,0.0
20231106:1402,1602.55,267.19,141.22,6.18,31.17,22.35,3.38,0.0
20231106:1502,906.15,126.68,117.4,3.19,18.59,21.72,3.17,0.0
20231106:1602,65.35,0.0,28.53,0.43,6.23,22.1,2.14,0.0
20231106:1702,0.0,0.0,0.0,0.0,0.0,21.52,1.24,0.0
20231106:1802,0.0,0.0,0.0,0.0,0.0,21.5,1.52,0.0
20231106:1902,0.0,0.0,0.0,0.0,0.0,20.17,1.93,0.0
20231106:2002,0.0,0.0,0.0,0.0,0.0,20.32,2.07,0.0
20231106:2102,0.0,0.0,0.0,0.0,0.0,20.25,1.24,0.0
20231106:2202,0.0,0.0,0.0,0.0,0.0,19.65,1.38,0.0
20231106:2302,0.0,0.0,0.0,0.0,0.0,19.77,2.34,0.0
20231107:0002,0.0,0.0,0.0,0.0,0.0,19.49,4.0,0.0
20231107:0102,0.0,0.0,0.0,0.0,0.0,19.52,6.28,0.0
20231107:0202,0.0,0.0,0.0,0.0,0.0,19.01,8.28,0.0
20231107:0302,0.0,0.0,0.0,0.0,0.0,18.4,7.79,0.0
20231107:0402,12.3,0.0,11.19,0.16,11.02,18.18,7.24,0.0
20231107:0502,71.55,0.0,29.84,0.43,23.48,17.87,7.17,0.0
20231107:0602,137.75,0.0,47.56,0.68,36.08,17.73,7.72,0.0
20231107:0702,368.9,0.0,103.52,1.49,48.54,16.82,8.14,0.0
20231107:0802,596.45,0.0,156.67,2.25,60.38,17.31,7.66,0.0
20231107:0902,673.65,0.0,175.33,2.52,70.09,18.27,6.76,0.0
20231107:1002,624.0,0.0,164.13,2.36,73.22,18.61,6.34,0.0
20231107:1102,612.95,0.0,162.27,2.33,66.88,19.56,6.07,0.0
20231107:1202,658.6,0.0,173.46,2.49,56.05,20.44,6.76,0.0
20231107:1302,295.85,0.0,87.66,1.26,43.89,20.73,7.45,0.0
20231107:1402,176.2,0.0,57.82,0.83,31.33,19.8,6.69,0.0
20231107:1502,321.6,1.06,92.38,1.34,18.76,19.24,6.48,0.0
20231107:1602,92.15,0.0,35.67,0.54,6.41,18.97,6.21,0.0
20231107:1702,0.0,0.0,0.0,0.0,0.0,18.44,5.72,0.0
20231107:1802,0.0,0.0,0.0,0.0,0.0,18.26,5.38,0.0
20231107:1902,0.0,0.0,0.0,0.0,0.0,18.27,5.03,0.0
20231107:2002,0.0,0.0,0.0,0.0,0.0,18.07,4.97,0.0
20231107:2102,0.0,0.0,0.0,0.0,0.0,17.91,5.1,0.0
20231107:2202,0.0,0.0,0.0,0.0,0.0,17.47,5.59,0.0
20231107:2302,0.0,0.0,0.0,0.0,0.0,17.55,5.31,0.0
20231108:0002,0.0,0.0,0.0,0.0,0.0,17.3,4.97,0.0
20231108:0102,0.0,0.0,0.0,0.0,0.0,17.1,4.69,0.0
20231108:0202,0.0,0.0,0.0,0.0,0.0,16.9,4.28,0.0
20231108:0302,0.0,0.0,0.0,0.0,0.0,16.95,3.66,0.0
20231108:0402,648.95,117.71,67.98,1.93,11.15,16.84,3.24,0.0
20231108:0502,820.5,39.61,172.67,3.0,23.6,18.16,3.03,0.0
20231108:0602,1753.45,216.66,219.28,6.65,36.2,18.79,2.76,0.0
20231108:0702,2316.85,362.94,213.36,9.5,48.68,19.49,2.28,0.0
20231108:0802,2277.35,180.8,390.11,8.99,60.55,20.15,2.07,0.0
20231108:0902,2913.25,572.88,162.44,13.17,70.33,20.81,1.93,0.0
20231108:1002,3031.25,595.52,154.64,13.53,73.52,20.97,4.0,0.0
20231108:1102,2995.35,619.66,116.63,13.28,67.11,20.41,4.34,0.0
20231108:1202,2713.6,547.67,121.11,11.71,56.24,20.66,4.0,0.0
20231108:1302,2336.5,472.18,106.36,9.65,44.05,20.32,3.52,0.0
20231108:1402,1789.85,345.27,104.47,6.82,31.49,19.58,3.24,0.0
20231108:1502,1093.95,196.0,94.38,3.7,18.93,19.54,3.17,0.0
20231108:1602,82.15,0.0,32.99,0.5,6.59,19.36,2.76,0.0
20231108:1702,0.0,0.0,0.0,0.0,0.0,18.5,1.72,0.0
20231108:1802,0.0,0.0,0.0,0.0,0.0,18.11,1.45,0.0
20231108:1902,0.0,0.0,0.0,0.0,0.0,19.06,1.24,0.0
20231108:2002,0.0,0.0,0.0,0.0,0.0,18.04,0.83,0.0
20231108:2102,0.0,0.0,0.0,0.0,0.0,17.62,0.97,0.0
20231108:2202,0.0,0.0,0.0,0.0,0.0,17.87,1.38,0.0
20231108:2302,0.0,0.0,0.0,0.0,0.0,17.71,1.86,0.0
20231109:0002,0.0,0.0,0.0,0.0,0.0,17.46,2.07,0.0
20231109:0102,0.0,0.0,0.0,0.0,0.0,17.25,2.41,0.0
20231109:0202,0.0,0.0,0.0,0.0,0.0,17.08,2.69,0.0
20231109:0302,0.0,0.0,0.0,0.0,0.0,17.01,2.9,0.0
20231109:0402,74.9,0.0,30.78,0.44,11.28,17.62,3.17,0.0
20231109:0502,1345.1,227.29,117.64,4.73,23.72,19.19,3.66,0.0
20231109:0602,2010.35,386.23,113.37,7.85,36.31,19.86,3.72,0.0
20231109:0702,2475.6,489.65,123.19,10.37,48.81,20.62,3.45,0.0
20231109:0802,2809.8,572.02,127.32,12.34,60.71,21.19,3.17,0.0
20231109:0902,2997.8,622.29,127.85,13.52,70.56,21.71,3.1,0.0
20231109:1002,3062.35,643.33,122.03,13.88,73.81,22.12,3.52,0.0
20231109:1102,2976.7,616.21,122.2,13.25,67.35,21.69,4.0,0.0
20231109:1202,2721.3,552.88,121.33,11.76,56.43,21.61,3.93,0.0
20231109:1302,2339.3,471.06,110.29,9.65,44.22,21.32,3.66,0.0
20231109:1402,1676.05,267.55,156.24,6.32,31.65,21.34,3.24,0.0
20231109:1502,1143.2,216.07,88.96,3.86,19.09,20.79,2.69,0.0
20231109:1602,84.9,0.0,33.88,0.51,6.76,20.21,2.14,0.0
20231109:1702,0.0,0.0,0.0,0.0,0.0,18.24,1.38,0.0
20231109:1802,0.0,0.0,0.0,0.0,0.0,18.63,1.17,0.0
20231109:1902,0.0,0.0,0.0,0.0,0.0,17.55,1.45,0.0
20231109:2002,0.0,0.0,0.0,0.0,0.0,16.97,1.66,0.0
20231109:2102,0.0,0.0,0.0,0.0,0.0,17.26,1.86,0.0
20231109:2202,0.0,0.0,0.0,0.0,0.0,16.27,2.28,0.0
20231109:2302,0.0,0.0,0.0,0.0,0.0,16.07,2.21,0.0
20231110:0002,0.0,0.0,0.0,0.0,0.0,15.86,2.28,0.0
20231110:0102,0.0,0.0,0.0,0.0,0.0,15.9,2.21,0.0
20231110:0202,0.0,0.0,0.0,0.0,0.0,15.9,2.21,0.0
20231110:0302,0.0,0.0,0.0,0.0,0.0,16.42,2.14,0.0
20231110:0402,687.55,128.54,67.69,2.01,11.4,17.9,2.28,0.0
20231110:0502,1429.85,274.38,95.78,5.05,23.83,19.9,2.28,0.0
20231110:0602,2028.2,402.33,107.9,8.0,36.43,21.12,2.69,0.0
20231110:0702,2508.4,509.61,115.07,10.56,48.93,22.51,3.93,0.0
20231110:0802,2847.7,595.12,115.82,12.54,60.86,23.97,4.55,0.0
20231110:0902,3048.1,645.78,116.47,13.73,70.79,24.9,5.17,0.0
20231110:1002,3115.4,667.48,110.7,14.11,74.09,25.2,5.66,0.0
20231110:1102,3008.65,631.72,116.98,13.41,67.58,25.0,6.0,0.0
20231110:1202,2766.85,575.38,111.52,11.98,56.61,24.81,6.21,0.0
20231110:1302,2374.2,484.14,106.75,9.78,44.39,24.62,6.41,0.0
20231110:1402,1841.9,365.91,100.11,7.02,31.82,24.21,6.48,0.0
20231110:1502,1177.85,227.66,86.29,3.95,19.26,23.26,6.21,0.0
20231110:1602,87.0,0.0,34.77,0.52,6.94,22.83,5.86,0.0
20231110:1702,0.0,0.0,0.0,0.0,0.0,21.88,5.52,0.0
20231110:1802,0.0,0.0,0.0,0.0,0.0,21.43,5.1,0.0
20231110:1902,0.0,0.0,0.0,0.0,0.0,20.96,4.55,0.0
20231110:2002,0.0,0.0,0.0,0.0,0.0,20.57,4.28,0.0
20231110:2102,0.0,0.0,0.0,0.0,0.0,20.87,4.0,0.0
20231110:2202,0.0,0.0,0.0,0.0,0.0,20.12,3.31,0.0
20231110:2302,0.0,0.0,0.0,0.0,0.0,19.94,3.1,0.0
20231111:0002,0.0,0.0,0.0,0.0,0.0,19.41,2.9,0.0
20231111:0102,0.0,0.0,0.0,0.0,0.0,19.01,2.48,0.0
20231111:0202,0.0,0.0,0.0,0.0,0.0,18.97,2.0,0.0
20231111:0302,0.0,0.0,0.0,0.0,0.0,19.67,2.14,0.0
20231111:0402,417.6,41.56,80.73,1.47,11.52,20.48,4.07,0.0
20231111:0502,440.55,0.98,122.21,1.77,23.94,22.4,7.72,0.0
20231111:0602,669.4,0.84,175.33,2.53,36.53,21.22,9.52,0.0
20231111:0702,2268.15,286.65,267.0,8.84,49.04,22.38,9.31,0.0
20231111:0802,2803.25,507.07,176.44,11.8,61.0,23.38,9.03,0.0
20231111:0902,2919.1,462.35,251.36,12.3,71.0,23.78,9.38,0.0
20231111:1002,3117.25,629.85,130.88,13.67,74.37,23.8,8.97,0.0
20231111:1102,3011.05,603.88,130.2,13.05,67.81,23.63,8.97,0.0
20231111:1202,2687.25,483.83,173.36,11.21,56.8,23.6,8.62,0.0
20231111:1302,2271.6,387.29,169.87,9.02,44.55,22.66,8.0,0.0
20231111:1402,1785.9,316.48,127.22,6.62,31.98,21.52,8.07,0.0
20231111:1502,858.6,86.23,139.72,2.99,19.42,21.09,7.79,0.0
20231111:1602,91.3,0.0,35.67,0.54,7.12,20.65,6.83,0.0
20231111:1702,0.0,0.0,0.0,0.0,0.0,19.6,5.79,0.0
20231111:1802,0.0,0.0,0.0,0.0,0.0,19.55,5.86,0.0
20231111:1902,0.0,0.0,0.0,0.0,0.0,19.63,6.55,0.0
20231111:2002,0.0,0.0,0.0,0.0,0.0,19.43,6.34,0.0
20231111:2102,0.0,0.0,0.0,0.0,0.0,19.14,6.55,0.0
20231111:2202,0.0,0.0,0.0,0.0,0.0,18.94,6.07,0.0
20231111:2302,0.0,0.0,0.0,0.0,0.0,18.73,6.14,0.0
20231112:0002,0.0,0.0,0.0,0.0,0.0,18.55,5.72,0.0
20231112:0102,0.0,0.0,0.0,0.0,0.0,18.27,5.31,0.0
20231112:0202,0.0,0.0,0.0,0.0,0.0,18.25,5.59,0.0
20231112:0302,0.0,0.0,0.0,0.0,0.0,18.29,5.93,0.0
20231112:0402,739.95,138.08,69.54,2.1,11.63,18.35,6.48,0.0
20231112:0502,1478.8,275.21,99.2,5.06,24.04,19.36,6.83,0.0
20231112:0602,2103.65,400.16,114.11,7.98,36.63,20.22,7.86,0.0
20231112:0702,2602.4,511.52,120.14,10.58,49.15,21.35,8.07,0.0
20231112:0802,2944.6,587.71,127.95,12.5,61.14,22.4,8.41,0.0
20231112:0902,3139.8,616.0,145.39,13.53,71.21,22.11,8.76,0.0
20231112:1002,3217.6,659.84,122.58,14.05,74.65,22.51,8.48,0.0
20231112:1102,3122.7,633.35,122.74,13.44,68.03,21.74,8.55,0.0
20231112:1202,2863.65,569.86,121.9,11.95,56.98,21.41,8.9,0.0
20231112:1302,2466.15,481.62,114.61,9.78,44.72,20.7,9.24,0.0
20231112:1402,1918.55,366.33,105.34,7.05,32.14,20.16,9.17,0.0
20231112:1502,1241.35,230.38,90.66,4.02,19.59,19.2,8.62,0.0
20231112:1602,92.25,0.0,35.67,0.54,7.29,18.84,7.52,0.0
20231112:1702,0.0,0.0,0.0,0.0,0.0,17.92,6.55,0.0
20231112:1802,0.0,0.0,0.0,0.0,0.0,17.68,5.59,0.0
20231112:1902,0.0,0.0,0.0,0.0,0.0,17.61,4.76,0.0
20231112:2002,0.0,0.0,0.0,0.0,0.0,17.01,4.21,0.0
20231112:2102,0.0,0.0,0.0,0.0,0.0,16.8,4.07,0.0
20231112:2202,0.0,0.0,0.0,0.0,0.0,16.36,4.48,0.0
20231112:2302,0.0,0.0,0.0,0.0,0.0,16.02,4.48,0.0
20231113:0002,0.0,0.0,0.0,0.0,0.0,15.58,4.41,0.0
20231113:0102,0.0,0.0,0.0,0.0,0.0,15.57,4.34,0.0
20231113:0202,0.0,0.0,0.0,0.0,0.0,15.48,4.34,0.0
20231113:0302,0.0,0.0,0.0,0.0,0.0,15.68,4.21,0.0
20231113:0402,781.55,148.69,68.11,2.17,11.74,16.13,4.07,0.0
20231113:0502,1509.15,285.49,96.54,5.14,24.14,18.1,4.28,0.0
20231113:0602,2132.2,414.7,108.64,8.11,36.72,18.96,4.9,0.0
20231113:0702,2590.6,507.3,125.03,10.54,49.25,19.9,5.1,0.0
20231113:0802,2942.05,591.4,127.34,12.51,61.27,20.61,5.45,0.0
20231113:0902,3138.75,630.69,136.73,13.63,71.42,21.34,6.14,0.0
20231113:1002,2983.25,431.15,300.5,12.42,74.92,21.16,6.14,0.0
20231113:1102,972.95,0.0,247.13,3.55,68.26,20.47,6.34,0.0
20231113:1202,2137.8,119.56,398.66,7.88,57.16,18.54,6.76,0.0
20231113:1302,593.4,0.0,156.67,2.25,44.88,18.13,6.48,0.0
20231113:1402,258.2,0.0,77.4,1.11,32.3,17.22,6.21,0.0
20231113:1502,167.95,0.0,55.02,0.79,19.76,16.47,5.86,0.0
20231113:1602,67.45,0.0,28.53,0.43,7.47,16.53,4.97,0.0
20231113:1702,0.0,0.0,0.0,0.0,0.0,16.25,4.28,0.0
20231113:1802,0.0,0.0,0.0,0.0,0.0,16.42,3.79,0.0
20231113:1902,0.0,0.0,0.0,0.0,0.0,16.14,3.59,0.0
20231113:2002,0.0,0.0,0.0,0.0,0.0,16.03,3.17,0.0
20231113:2102,0.0,0.0,0.0,0.0,0.0,16.21,2.97,0.0
20231113:2202,0.0,0.0,0.0,0.0,0.0,15.92,3.1,0.0
20231113:2302,0.0,0.0,0.0,0.0,0.0,15.85,2.97,0.0
20231114:0002,0.0,0.0,0.0,0.0,0.0,15.58,2.97,0.0
20231114:0102,0.0,0.0,0.0,0.0,0.0,15.57,3.1,0.0
20231114:0202,0.0,0.0,0.0,0.0,0.0,15.46,3.17,0.0
20231114:0302,0.0,0.0,0.0,0.0,0.0,15.66,3.24,0.0
20231114:0402,43.4,0.0,21.45,0.31,11.84,15.74,3.38,0.0
20231114:0502,644.25,10.96,157.25,2.4,24.23,16.49,3.79,0.0
20231114:0602,1460.2,80.23,278.17,5.24,36.81,17.13,4.34,0.0
20231114:0702,2016.85,137.18,353.36,7.44,49.34,17.58,4.69,0.0
20231114:0802,2199.9,114.03,422.65,8.15,61.39,18.39,5.03,0.0
20231114:0902,3094.6,538.23,215.05,13.06,71.61,19.09,5.38,0.0
20231114:1002,3203.95,615.05,165.81,13.8,75.19,19.87,5.72,0.0
20231114:1102,3063.3,548.51,196.48,12.92,68.48,20.13,6.28,0.0
20231114:1202,2907.1,582.31,121.35,12.08,57.34,20.07,6.76,0.0
20231114:1302,2516.4,499.73,111.23,9.97,45.05,20.29,7.1,0.0
20231114:1402,1994.85,393.18,97.06,7.29,32.46,19.57,7.31,0.0
20231114:1502,1295.8,243.82,90.15,4.15,19.92,19.24,7.45,0.0
20231114:1602,498.35,98.88,52.0,1.25,7.65,19.04,7.52,0.0
20231114:1702,0.0,0.0,0.0,0.0,0.0,18.29,7.59,0.0
20231114:1802,0.0,0.0,0.0,0.0,0.0,18.07,7.52,0.0
20231114:1902,0.0,0.0,0.0,0.0,0.0,17.79,7.52,0.0
20231114:2002,0.0,0.0,0.0,0.0,0.0,17.57,7.66,0.0
20231114:2102,0.0,0.0,0.0,0.0,0.0,17.69,7.66,0.0
20231114:2202,0.0,0.0,0.0,0.0,0.0,17.34,7.03,0.0
20231114:2302,0.0,0.0,0.0,0.0,0.0,17.13,6.97,0.0
20231115:0002,0.0,0.0,0.0,0.0,0.0,16.91,6.69,0.0
20231115:0102,0.0,0.0,0.0,0.0,0.0,16.59,6.34,0.0
20231115:0202,0.0,0.0,0.0,0.0,0.0,16.33,6.28,0.0
20231115:0302,0.0,0.0,0.0,0.0,0.0,16.74,6.21,0.0
20231115:0402,819.8,157.04,68.72,2.24,11.93,17.13,6.14,0.0
20231115:0502,1556.0,295.25,96.06,5.23,24.31,18.89,6.76,0.0
20231115:0602,2172.7,420.04,110.08,8.15,36.89,20.06,7.66,0.0
20231115:0702,2661.95,527.89,117.18,10.7,49.43,21.22,8.21,0.0
20231115:0802,3013.1,613.83,117.85,12.69,61.51,22.4,8.62,0.0
20231115:0902,3231.05,675.04,111.36,13.96,71.79,23.03,8.9,0.0
20231115:1002,3262.3,679.07,117.93,14.2,75.45,23.79,8.97,0.0
20231115:1102,3140.1,643.53,123.46,13.5,68.7,23.99,9.17,0.0
20231115:1202,2895.2,588.12,118.04,12.1,57.52,23.83,9.45,0.0
20231115:1302,2497.25,499.08,111.54,9.93,45.21,23.4,9.45,0.0
20231115:1402,1954.75,376.75,107.87,7.17,32.62,22.55,9.17,0.0
20231115:1502,1285.65,243.43,91.22,4.15,20.09,22.25,8.9,0.0
20231115:1602,501.25,98.25,54.03,1.27,7.82,21.51,8.69,0.0
20231115:1702,0.0,0.0,0.0,0.0,0.0,20.6,8.62,0.0
20231115:1802,0.0,0.0,0.0,0.0,0.0,20.42,8.48,0.0
20231115:1902,0.0,0.0,0.0,0.0,0.0,20.28,8.21,0.0
20231115:2002,0.0,0.0,0.0,0.0,0.0,20.12,7.72,0.0
20231115:2102,0.0,0.0,0.0,0.0,0.0,20.07,7.31,0.0
20231115:2202,0.0,0.0,0.0,0.0,0.0,19.76,6.83,0.0
20231115:2302,0.0,0.0,0.0,0.0,0.0,19.64,6.69,0.0
20231116:0002,0.0,0.0,0.0,0.0,0.0,19.45,6.07,0.0
20231116:0102,0.0,0.0,0.0,0.0,0.0,19.28,6.21,0.0
20231116:0202,0.0,0.0,0.0,0.0,0.0,18.91,6.41,0.0
20231116:0302,0.0,0.0,0.0,0.0,0.0,18.78,6.14,0.0
20231116:0402,649.4,99.24,82.18,1.93,12.02,19.34,6.0,0.0
20231116:0502,834.75,39.21,177.72,3.04,24.39,21.15,5.31,0.0
20231116:0602,284.6,0.0,85.8,1.23,36.96,22.64,3.45,0.0
20231116:0702,1230.05,12.71,302.98,4.57,49.51,22.46,1.31,0.0
20231116:0802,761.05,0.0,200.51,2.88,61.62,23.4,4.9,0.0
20231116:0902,663.6,0.0,179.06,2.57,71.97,25.59,4.76,0.0
20231116:1002,571.45,0.0,156.67,2.25,75.71,24.79,3.1,0.0
20231116:1102,1932.3,59.1,436.36,7.36,68.91,26.03,2.97,0.0
20231116:1202,1303.9,9.23,327.17,4.86,57.7,26.17,3.45,0.0
20231116:1302,1346.5,33.28,312.35,5.04,45.37,25.89,3.86,0.0
20231116:1402,1852.85,358.35,114.85,6.97,32.78,24.77,3.52,0.0
20231116:1502,1180.8,207.97,105.53,3.91,20.25,23.6,2.9,0.0
20231116:1602,482.0,91.88,55.28,1.26,8.0,21.46,2.07,0.0
20231116:1702,0.0,0.0,0.0,0.0,0.0,20.29,2.48,0.0
20231116:1802,0.0,0.0,0.0,0.0,0.0,19.12,3.24,0.0
20231116:1902,0.0,0.0,0.0,0.0,0.0,18.41,3.79,0.0
20231116:2002,0.0,0.0,0.0,0.0,0.0,18.56,3.59,0.0
20231116:2102,0.0,0.0,0.0,0.0,0.0,18.59,2.48,0.0
20231116:2202,0.0,0.0,0.0,0.0,0.0,18.63,2.41,0.0
20231116:2302,0.0,0.0,0.0,0.0,0.0,17.86,2.07,0.0
20231117:0002,0.0,0.0,0.0,0.0,0.0,17.66,1.86,0.0
20231117:0102,0.0,0.0,0.0,0.0,0.0,18.09,1.66,0.0
20231117:0202,0.0,0.0,0.0,0.0,0.0,17.24,1.17,0.0
20231117:0302,0.0,0.0,0.0,0.0,0.0,18.47,1.03,0.0
20231117:0402,520.65,61.52,86.11,1.69,12.1,18.63,1.24,0.0
20231117:0502,1014.65,81.82,180.36,3.6,24.46,20.48,2.0,0.0
20231117:0602,1795.2,224.74,224.64,6.67,37.03,21.42,3.17,0.0
20231117:0702,2101.8,204.12,320.51,8.07,49.59,22.33,3.72,0.0
20231117:0802,2610.9,350.98,300.93,10.61,61.72,22.81,4.07,0.0
20231117:0902,2992.25,543.52,202.14,12.85,72.14,23.16,4.62,0.0
20231117:1002,2990.75,533.31,219.9,12.98,75.97,25.03,4.55,0.0
20231117:1102,2898.05,502.76,222.46,12.35,69.12,24.81,5.17,0.0
20231117:1202,1178.4,3.86,297.43,4.34,57.87,24.39,5.38,0.0
20231117:1302,1537.1,62.7,327.27,5.73,45.53,23.78,3.1,0.0
20231117:1402,265.0,0.0,81.13,1.17,32.94,22.72,1.59,0.0
20231117:1502,54.2,0.0,25.18,0.36,20.42,21.27,2.34,0.0
20231117:1602,66.9,0.0,28.91,0.42,8.17,21.12,1.45,0.0
20231117:1702,0.0,0.0,0.0,0.0,0.0,20.91,1.45,0.0
20231117:1802,0.0,0.0,0.0,0.0,0.0,21.08,2.28,0.0
20231117:1902,0.0,0.0,0.0,0.0,0.0,21.95,3.1,0.0
20231117:2002,0.0,0.0,0.0,0.0,0.0,20.88,2.41,0.0
20231117:2102,0.0,0.0,0.0,0.0,0.0,20.45,1.31,0.0
20231117:2202,0.0,0.0,0.0,0.0,0.0,20.33,1.03,0.0
20231117:2302,0.0,0.0,0.0,0.0,0.0,20.22,0.9,0.0
20231118:0002,0.0,0.0,0.0,0.0,0.0,19.63,0.28,0.0
20231118:0102,0.0,0.0,0.0,0.0,0.0,19.31,0.21,0.0
20231118:0202,0.0,0.0,0.0,0.0,0.0,18.9,0.48,0.0
20231118:0302,0.0,0.0,0.0,0.0,0.0,18.8,0.76,0.0
20231118:0402,761.95,139.68,74.04,2.14,12.18,18.79,0.14,0.0
20231118:0502,713.95,20.29,169.09,2.68,24.53,20.21,0.41,0.0
20231118:0602,1169.2,34.71,264.61,4.33,37.1,21.24,1.1,0.0
20231118:0702,1664.5,66.42,354.82,6.22,49.66,22.01,1.86,0.0
20231118:0802,2303.5,179.13,402.04,8.98,61.81,22.85,2.9,0.0
20231118:0902,3099.3,635.08,140.07,13.54,72.3,23.15,4.14,0.0
20231118:1002,3214.15,686.15,114.43,14.15,76.21,23.14,4.76,0.0
20231118:1102,3079.1,633.73,131.62,13.33,69.33,22.8,4.62,0.0
20231118:1202,2858.65,587.56,120.72,12.02,58.05,22.72,4.76,0.0
20231118:1302,2450.0,479.52,126.37,9.73,45.69,22.07,4.69,0.0
20231118:1402,1360.65,96.48,246.44,4.93,33.1,21.84,4.14,0.0
20231118:1502,978.25,107.78,148.22,3.32,20.58,21.56,3.52,0.0
20231118:1602,267.25,28.36,56.67,0.95,8.35,21.01,2.62,0.0
20231118:1702,0.0,0.0,0.0,0.0,0.0,19.12,1.31,0.0
20231118:1802,0.0,0.0,0.0,0.0,0.0,19.95,1.17,0.0
20231118:1902,0.0,0.0,0.0,0.0,0.0,20.13,0.41,0.0
20231118:2002,0.0,0.0,0.0,0.0,0.0,18.72,0.97,0.0
20231118:2102,0.0,0.0,0.0,0.0,0.0,18.4,1.24,0.0
20231118:2202,0.0,0.0,0.0,0.0,0.0,19.51,0.28,0.0
20231118:2302,0.0,0.0,0.0,0.0,0.0,19.05,0.76,0.0
20231119:0002,0.0,0.0,0.0,0.0,0.0,19.38,0.9,0.0
20231119:0102,0.0,0.0,0.0,0.0,0.0,18.83,0.69,0.0
20231119:0202,0.0,0.0,0.0,0.0,0.0,19.0,1.17,0.0
20231119:0302,0.0,0.0,0.0,0.0,0.0,19.0,1.38,0.0
20231119:0402,544.8,64.94,88.57,1.74,12.25,19.48,2.48,0.0
20231119:0502,1010.1,75.41,183.96,3.56,24.59,20.92,4.34,0.0
20231119:0602,2101.85,396.42,126.45,7.89,37.15,22.11,4.69,0.0
20231119:0702,2578.45,504.29,134.21,10.41,49.72,22.64,4.76,0.0
20231119:0802,2917.2,595.94,131.81,12.42,61.9,24.49,5.1,0.0
20231119:0902,3140.7,655.02,126.86,13.67,72.46,24.17,5.45,0.0
20231119:1002,3118.3,611.94,169.58,13.6,76.46,24.43,4.83,0.0
20231119:1102,3011.55,577.46,176.4,12.96,69.54,24.3,4.76,0.0
20231119:1202,2440.05,279.51,335.68,9.73,58.22,24.61,4.0,0.0
20231119:1302,1360.3,31.96,315.25,5.05,45.85,24.21,3.17,0.0
20231119:1402,1112.2,43.41,242.96,4.11,33.26,23.42,2.69,0.0
20231119:1502,481.55,7.72,126.44,1.9,20.75,22.76,2.69,0.0
20231119:1602,275.95,30.07,57.83,0.98,8.52,22.62,2.0,0.0
20231119:1702,0.0,0.0,0.0,0.0,0.0,21.31,1.1,0.0
20231119:1802,0.0,0.0,0.0,0.0,0.0,20.69,0.9,0.0
20231119:1902,0.0,0.0,0.0,0.0,0.0,20.38,1.52,0.0
20231119:2002,0.0,0.0,0.0,0.0,0.0,20.39,2.0,0.0
20231119:2102,0.0,0.0,0.0,0.0,0.0,20.49,1.79,0.0
20231119:2202,0.0,0.0,0.0,0.0,0.0,19.65,1.79,0.0
20231119:2302,0.0,0.0,0.0,0.0,0.0,19.48,1.45,0.0
20231120:0002,0.0,0.0,0.0,0.0,0.0,19.95,1.38,0.0
20231120:0102,0.0,0.0,0.0,0.0,0.0,19.71,1.24,0.0
20231120:0202,0.0,0.0,0.0,0.0,0.0,19.5,0.97,0.0
20231120:0302,0.0,0.0,0.0,0.0,0.0,19.19,1.38,0.0
20231120:0402,36.45,0.0,19.58,0.28,12.32,19.61,1.38,0.0
20231120:0502,849.25,41.96,179.95,3.09,24.65,21.07,1.93,0.0
20231120:0602,1398.85,76.97,275.92,5.12,37.2,22.04,3.31,0.0
20231120:0702,2180.8,225.61,316.32,8.32,49.77,22.85,4.97,0.0
20231120:0802,2158.0,121.72,416.91,8.15,61.98,23.81,5.66,0.0
20231120:0902,2166.15,87.39,455.18,8.13,72.6,24.38,5.86,0.0
20231120:1002,2139.45,74.93,461.96,8.01,76.69,24.83,6.07,0.0
20231120:1102,2570.45,226.34,412.02,10.02,69.74,23.94,6.76,0.0
20231120:1202,2501.6,286.54,331.18,9.77,58.39,23.32,6.76,0.0
20231120:1302,1109.5,8.22,274.2,4.07,46.01,22.98,6.0,0.0
20231120:1402,1515.7,141.49,237.48,5.44,33.42,21.93,5.45,0.0
20231120:1502,1175.85,175.59,128.56,3.82,20.91,21.68,5.72,0.0
20231120:1602,161.3,7.47,47.62,0.72,8.69,20.02,5.45,0.0
20231120:1702,0.0,0.0,0.0,0.0,0.0,20.76,5.24,0.0
20231120:1802,0.0,0.0,0.0,0.0,0.0,21.28,4.69,0.0
20231120:1902,0.0,0.0,0.0,0.0,0.0,21.6,4.21,0.0
20231120:2002,0.0,0.0,0.0,0.0,0.0,21.63,4.41,0.0
20231120:2102,0.0,0.0,0.0,0.0,0.0,21.79,4.0,0.0
20231120:2202,0.0,0.0,0.0,0.0,0.0,21.67,3.17,0.0
20231120:2302,0.0,0.0,0.0,0.0,0.0,21.85,3.03,0.0
20231121:0002,0.0,0.0,0.0,0.0,0.0,21.25,2.48,0.0
20231121:0102,0.0,0.0,0.0,0.0,0.0,21.96,3.1,0.0
20231121:0202,0.0,0.0,0.0,0.0,0.0,22.49,3.52,0.0
20231121:0302,0.0,0.0,0.0,0.0,0.0,23.01,4.0,0.0
20231121:0402,19.25,0.0,13.99,0.2,12.38,23.44,5.03,0.0
20231121:0502,75.5,0.0,31.71,0.46,24.7,24.2,5.59,0.0
20231121:0602,750.7,1.76,196.81,2.85,37.25,24.15,5.31,0.0
20231121:0702,437.0,0.0,123.1,1.77,49.82,23.48,5.1,0.0
20231121:0802,457.45,0.0,128.7,1.85,62.05,24.21,3.31,0.0
20231121:0902,456.25,0.0,129.63,1.86,72.74,25.62,1.38,0.0
20231121:1002,494.25,0.0,139.89,2.01,76.92,26.68,0.62,0.0
20231121:1102,2182.2,104.75,449.33,8.35,69.94,26.01,4.55,0.0
20231121:1202,2212.2,153.82,394.56,8.35,58.56,23.24,6.41,0.0
20231121:1302,2046.0,203.55,305.0,7.69,46.17,22.67,4.9,0.0
20231121:1402,1590.25,171.89,228.85,5.75,33.58,22.67,3.79,0.0
20231121:1502,817.7,59.74,156.09,2.89,21.07,22.01,3.17,0.0
20231121:1602,30.3,0.0,17.72,0.25,8.86,21.67,2.62,0.0
20231121:1702,0.0,0.0,0.0,0.0,0.0,20.41,2.0,0.0
20231121:1802,0.0,0.0,0.0,0.0,0.0,20.01,1.52,0.0
20231121:1902,0.0,0.0,0.0,0.0,0.0,19.22,1.38,0.0
20231121:2002,0.0,0.0,0.0,0.0,0.0,20.21,0.83,0.0
20231121:2102,0.0,0.0,0.0,0.0,0.0,20.16,0.83,0.0
20231121:2202,0.0,0.0,0.0,0.0,0.0,20.02,0.97,0.0
20231121:2302,0.0,0.0,0.0,0.0,0.0,19.72,1.03,0.0
20231122:0002,0.0,0.0,0.0,0.0,0.0,19.49,0.76,0.0
20231122:0102,0.0,0.0,0.0,0.0,0.0,19.51,0.14,0.0
20231122:0202,0.0,0.0,0.0,0.0,0.0,19.21,0.34,0.0
20231122:0302,0.0,0.0,0.0,0.0,0.0,18.94,1.31,0.0
20231122:0402,697.15,107.48,86.29,2.02,12.44,19.86,1.52,0.0
20231122:0502,1498.0,268.35,116.04,5.01,24.74,21.26,2.41,0.0
20231122:0602,2120.2,410.6,123.31,7.98,37.29,22.5,2.83,0.0
20231122:0702,2597.65,528.0,125.5,10.58,49.87,23.3,3.03,0.0
20231122:0802,2938.45,613.01,126.94,12.54,62.11,24.33,3.79,0.0
20231122:0902,3184.95,682.61,116.59,13.89,72.87,24.51,4.69,0.0
20231122:1002,3214.95,687.83,121.47,14.13,77.15,25.25,4.83,0.0
20231122:1102,3126.7,662.11,122.44,13.56,70.14,24.95,4.9,0.0
20231122:1202,2887.95,608.29,116.87,12.19,58.73,25.06,4.55,0.0
20231122:1302,2494.65,512.32,115.78,10.01,46.33,25.22,4.21,0.0
20231122:1402,1977.15,391.18,111.99,7.3,33.73,25.11,3.79,0.0
20231122:1502,1351.8,258.21,97.06,4.35,21.23,24.3,3.45,0.0
20231122:1602,593.35,114.43,61.0,1.5,9.03,23.6,2.83,0.0
20231122:1702,0.0,0.0,0.0,0.0,0.0,22.09,1.86,0.0
20231122:1802,0.0,0.0,0.0,0.0,0.0,20.91,1.59,0.0
20231122:1902,0.0,0.0,0.0,0.0,0.0,21.15,0.76,0.0
20231122:2002,0.0,0.0,0.0,0.0,0.0,19.43,1.17,0.0
20231122:2102,0.0,0.0,0.0,0.0,0.0,19.59,1.59,0.0
20231122:2202,0.0,0.0,0.0,0.0,0.0,18.89,1.86,0.0
20231122:2302,0.0,0.0,0.0,0.0,0.0,19.03,2.0,0.0
20231123:0002,0.0,0.0,0.0,0.0,0.0,18.91,2.48,0.0
20231123:0102,0.0,0.0,0.0,0.0,0.0,18.85,2.55,0.0
20231123:0202,0.0,0.0,0.0,0.0,0.0,18.43,2.34,0.0
20231123:0302,0.0,0.0,0.0,0.0,0.0,18.54,2.0,0.0
20231123:0402,816.0,146.87,78.14,2.22,12.49,19.89,2.14,0.0
20231123:0502,1541.05,294.32,105.63,5.18,24.78,22.15,1.31,0.0
20231123:0602,2103.35,426.22,116.79,8.11,37.32,23.25,0.69,0.0
20231123:0702,2574.7,539.44,121.01,10.68,49.91,24.09,1.59,0.0
20231123:0802,2920.25,617.87,127.08,12.59,62.17,24.72,2.69,0.0
20231123:0902,3151.75,678.36,122.12,13.87,72.99,24.71,3.45,0.0
20231123:1002,3225.5,702.44,115.31,14.27,77.37,24.94,3.86,0.0
20231123:1102,3136.5,667.61,122.54,13.63,70.33,24.7,4.28,0.0
20231123:1202,2903.55,605.14,122.48,12.19,58.89,24.6,4.55,0.0
20231123:1302,2525.1,510.33,120.6,10.02,46.48,24.27,4.69,0.0
20231123:1402,2000.85,385.73,117.94,7.29,33.89,23.66,4.41,0.0
20231123:1502,1388.45,263.03,97.22,4.41,21.39,22.66,4.28,0.0
20231123:1602,625.3,119.27,62.47,1.55,9.2,22.09,4.21,0.0
20231123:1702,0.0,0.0,0.0,0.0,0.0,21.3,3.66,0.0
20231123:1802,0.0,0.0,0.0,0.0,0.0,21.29,3.24,0.0
20231123:1902,0.0,0.0,0.0,0.0,0.0,21.26,3.17,0.0
20231123:2002,0.0,0.0,0.0,0.0,0.0,21.08,3.17,0.0
20231123:2102,0.0,0.0,0.0,0.0,0.0,21.24,3.17,0.0
20231123:2202,0.0,0.0,0.0,0.0,0.0,20.66,3.03,0.0
20231123:2302,0.0,0.0,0.0,0.0,0.0,20.41,2.76,0.0
20231124:0002,0.0,0.0,0.0,0.0,0.0,20.12,2.83,0.0
20231124:0102,0.0,0.0,0.0,0.0,0.0,20.25,2.69,0.0
20231124:0202,0.0,0.0,0.0,0.0,0.0,20.49,3.24,0.0
20231124:0302,0.0,0.0,0.0,0.0,0.0,20.45,3.31,0.0
20231124:0402,19.6,0.0,13.99,0.2,12.53,20.75,3.31,0.0
20231124:0502,556.75,6.24,144.91,2.16,24.82,21.65,3.24,0.0
20231124:0602,281.15,0.0,84.86,1.22,37.35,21.86,1.38,0.0
20231124:0702,507.8,0.0,139.89,2.01,49.94,22.01,1.93,0.0
20231124:0802,617.45,0.0,166.0,2.38,62.22,22.74,4.14,0.0
20231124:0902,947.75,0.0,244.34,3.51,73.1,22.54,4.41,0.0
20231124:1002,555.6,0.0,151.08,2.17,77.58,22.84,5.38,0.0
20231124:1102,612.75,0.0,164.13,2.36,70.53,22.3,6.21,0.0
20231124:1202,538.05,0.0,146.42,2.1,59.06,22.18,5.86,0.0
20231124:1302,367.0,0.0,105.38,1.51,46.64,21.67,4.97,0.0
20231124:1402,329.15,0.0,96.06,1.38,34.04,21.19,4.69,0.0
20231124:1502,256.75,0.0,78.34,1.13,21.55,21.02,4.28,0.0
20231124:1602,253.85,20.07,59.85,0.96,9.37,20.79,3.86,0.0
20231124:1702,0.0,0.0,0.0,0.0,0.0,20.57,3.17,0.0
20231124:1802,0.0,0.0,0.0,0.0,0.0,20.59,2.28,0.0
20231124:1902,0.0,0.0,0.0,0.0,0.0,20.6,1.38,0.0
20231124:2002,0.0,0.0,0.0,0.0,0.0,20.39,0.97,0.0
20231124:2102,0.0,0.0,0.0,0.0,0.0,20.48,0.21,0.0
20231124:2202,0.0,0.0,0.0,0.0,0.0,20.04,0.48,0.0
20231124:2302,0.0,0.0,0.0,0.0,0.0,20.02,0.83,0.0
20231125:0002,0.0,0.0,0.0,0.0,0.0,19.84,1.1,0.0
20231125:0102,0.0,0.0,0.0,0.0,0.0,19.86,0.83,0.0
20231125:0202,0.0,0.0,0.0,0.0,0.0,19.78,0.55,0.0
20231125:0302,0.0,0.0,0.0,0.0,0.0,20.03,0.83,0.0
20231125:0402,518.0,55.89,90.47,1.69,12.57,20.04,0.97,0.0
20231125:0502,131.8,0.0,46.63,0.67,24.84,20.39,0.9,0.0
20231125:0602,192.8,0.0,62.48,0.9,37.38,20.85,1.1,0.0
20231125:0702,1150.05,7.37,286.31,4.23,49.96,20.92,1.45,0.0
20231125:0802,1476.0,14.85,358.84,5.41,62.27,21.56,2.0,0.0
20231125:0902,1411.0,5.34,351.48,5.14,73.21,21.81,2.76,0.0
20231125:1002,930.55,0.0,240.61,3.46,77.79,22.78,4.21,0.0
20231125:1102,2304.6,130.33,445.39,8.72,70.71,22.11,4.0,0.0
20231125:1202,1431.75,14.2,346.77,5.23,59.22,22.28,3.72,0.0
20231125:1302,331.0,0.0,96.99,1.39,46.79,22.18,3.66,0.0
20231125:1402,214.65,0.0,68.08,0.98,34.2,21.63,3.45,0.0
20231125:1502,189.1,0.0,61.55,0.88,21.71,21.31,3.38,0.0
20231125:1602,103.6,0.0,39.17,0.56,9.54,21.28,3.59,0.0
20231125:1702,0.0,0.0,0.0,0.0,0.0,21.15,3.72,0.0
20231125:1802,0.0,0.0,0.0,0.0,0.0,20.94,3.59,0.0
20231125:1902,0.0,0.0,0.0,0.0,0.0,20.7,3.86,0.0
20231125:2002,0.0,0.0,0.0,0.0,0.0,20.44,3.72,0.0
20231125:2102,0.0,0.0,0.0,0.0,0.0,20.4,3.52,0.0
20231125:2202,0.0,0.0,0.0,0.0,0.0,20.33,2.83,0.0
20231125:2302,0.0,0.0,0.0,0.0,0.0,20.34,2.97,0.0
20231126:0002,0.0,0.0,0.0,0.0,0.0,20.31,3.24,0.0
20231126:0102,0.0,0.0,0.0,0.0,0.0,20.27,3.24,0.0
20231126:0202,0.0,0.0,0.0,0.0,0.0,20.25,3.03,0.0
20231126:0302,0.0,0.0,0.0,0.0,0.0,20.36,3.03,0.0
20231126:0402,19.6,0.0,13.99,0.2,12.61,20.69,3.31,0.0
20231126:0502,409.5,0.0,115.64,1.66,24.87,21.46,3.72,0.0
20231126:0602,956.15,10.72,234.35,3.52,37.4,21.29,4.0,0.0
20231126:0702,1926.1,125.6,354.5,7.14,49.99,22.3,4.21,0.0
20231126:0802,1734.2,38.39,396.73,6.36,62.3,22.94,4.34,0.0
20231126:0902,2917.2,421.72,308.98,11.96,73.3,23.31,4.41,0.0
20231126:1002,2845.45,334.74,377.07,11.44,77.99,23.67,5.1,0.0
20231126:1102,2414.4,161.36,440.99,9.2,70.9,23.05,5.03,0.0
20231126:1202,2031.15,99.59,407.23,7.56,59.38,23.25,5.17,0.0
20231126:1302,1958.4,161.85,326.37,7.27,46.94,23.4,5.17,0.0
20231126:1402,1275.05,67.16,255.3,4.61,34.35,22.91,5.1,0.0
20231126:1502,778.5,45.66,159.63,2.79,21.87,22.66,5.38,0.0
20231126:1602,266.2,21.64,61.91,1.0,9.7,22.66,5.24,0.0
20231126:1702,0.0,0.0,0.0,0.0,0.0,22.38,4.48,0.0
20231126:1802,0.0,0.0,0.0,0.0,0.0,22.33,4.34,0.0
20231126:1902,0.0,0.0,0.0,0.0,0.0,22.24,4.07,0.0
20231126:2002,0.0,0.0,0.0,0.0,0.0,22.12,3.72,0.0
20231126:2102,0.0,0.0,0.0,0.0,0.0,21.9,3.52,0.0
20231126:2202,0.0,0.0,0.0,0.0,0.0,21.7,2.97,0.0
20231126:2302,0.0,0.0,0.0,0.0,0.0,21.47,3.31,0.0
20231127:0002,0.0,0.0,0.0,0.0,0.0,21.21,3.31,0.0
20231127:0102,0.0,0.0,0.0,0.0,0.0,20.97,2.97,0.0
20231127:0202,0.0,0.0,0.0,0.0,0.0,20.31,2.28,0.0
20231127:0302,0.0,0.0,0.0,0.0,0.0,19.44,2.07,0.0
20231127:0402,907.45,173.57,76.07,2.38,12.64,21.17,1.72,0.0
20231127:0502,1600.0,313.67,103.65,5.33,24.89,23.01,0.97,0.0
20231127:0602,2133.1,437.35,119.52,8.21,37.41,24.02,0.21,0.0
20231127:0702,2600.05,549.93,125.39,10.8,50.0,25.4,1.24,0.0
20231127:0802,2964.3,637.03,126.69,12.79,62.34,26.52,2.76,0.0
20231127:0902,3209.8,698.89,121.65,14.09,73.39,26.83,4.07,0.0
20231127:1002,3303.0,724.35,114.77,14.52,78.19,26.31,4.62,0.0
20231127:1102,3191.25,680.74,126.59,13.8,71.08,26.04,4.76,0.0
20231127:1202,2968.6,619.45,126.58,12.39,59.54,25.63,5.03,0.0
20231127:1302,2606.55,532.56,120.1,10.29,47.1,24.9,4.9,0.0
20231127:1402,1902.95,294.05,186.66,6.86,34.5,24.53,4.28,0.0
20231127:1502,1480.4,287.61,96.9,4.68,22.02,23.78,3.79,0.0
20231127:1602,723.4,143.49,63.91,1.76,9.87,23.22,3.03,0.0
20231127:1702,0.0,0.0,0.0,0.0,0.0,20.5,1.79,0.0
20231127:1802,0.0,0.0,0.0,0.0,0.0,21.31,2.0,0.0
20231127:1902,0.0,0.0,0.0,0.0,0.0,21.04,1.59,0.0
20231127:2002,0.0,0.0,0.0,0.0,0.0,20.42,1.31,0.0
20231127:2102,0.0,0.0,0.0,0.0,0.0,19.9,0.83,0.0
20231127:2202,0.0,0.0,0.0,0.0,0.0,19.41,1.03,0.0
20231127:2302,0.0,0.0,0.0,0.0,0.0,18.92,1.03,0.0
20231128:0002,0.0,0.0,0.0,0.0,0.0,18.89,0.97,0.0
20231128:0102,0.0,0.0,0.0,0.0,0.0,17.85,0.97,0.0
20231128:0202,0.0,0.0,0.0,0.0,0.0,18.15,0.9,0.0
20231128:0302,0.0,0.0,0.0,0.0,0.0,18.39,0.97,0.0
20231128:0402,717.7,107.01,90.73,2.05,12.66,19.9,1.17,0.0
20231128:0502,661.7,12.68,163.12,2.49,24.9,20.22,1.59,0.0
20231128:0602,2033.7,323.65,187.87,7.45,37.42,21.29,2.07,0.0
20231128:0702,2485.65,400.37,224.97,9.75,50.01,22.54,2.69,0.0
20231128:0802,2582.95,295.28,357.17,10.22,62.36,23.62,3.31,0.0
20231128:0902,3102.6,578.98,205.4,13.2,73.47,24.17,3.79,0.0
20231128:1002,3104.1,546.34,241.74,13.22,78.38,23.82,3.31,0.0
20231128:1102,3061.35,549.43,220.84,12.86,71.26,22.65,3.45,0.0
20231128:1202,2616.15,316.71,331.51,10.17,59.7,21.5,4.41,0.0
20231128:1302,2581.15,494.26,142.09,9.97,47.25,21.48,4.62,0.0
20231128:1402,952.8,15.7,228.11,3.5,34.65,21.63,5.72,0.0
20231128:1502,336.3,0.0,97.92,1.41,22.18,21.77,6.28,0.0
20231128:1602,724.25,137.34,66.61,1.76,10.03,21.37,6.34,0.0
20231128:1702,0.0,0.0,0.0,0.0,0.0,20.4,6.07,0.0
20231128:1802,0.0,0.0,0.0,0.0,0.0,20.42,6.34,0.0
20231128:1902,0.0,0.0,0.0,0.0,0.0,20.29,6.14,0.0
20231128:2002,0.0,0.0,0.0,0.0,0.0,20.08,7.31,0.0
20231128:2102,0.0,0.0,0.0,0.0,0.0,19.92,8.41,0.0
20231128:2202,0.0,0.0,0.0,0.0,0.0,19.46,9.03,0.0
20231128:2302,0.0,0.0,0.0,0.0,0.0,19.26,8.69,0.0
20231129:0002,0.0,0.0,0.0,0.0,0.0,19.19,8.62,0.0
20231129:0102,0.0,0.0,0.0,0.0,0.0,19.28,8.55,0.0
20231129:0202,0.0,0.0,0.0,0.0,0.0,19.2,8.9,0.0
20231129:0302,0.0,0.0,0.0,0.0,0.0,18.93,8.34,0.0
20231129:0402,806.1,127.41,88.77,2.17,12.68,18.45,8.14,0.0
20231129:0502,1597.0,264.02,131.38,5.05,24.91,19.1,8.55,0.0
20231129:0602,2111.45,306.61,204.28,7.41,37.42,19.8,9.38,0.0
20231129:0702,2750.6,489.98,171.87,10.44,50.01,20.64,9.59,0.0
20231129:0802,3026.05,494.87,234.98,11.88,62.38,21.01,9.59,0.0
20231129:0902,3362.65,651.13,160.09,13.77,73.54,20.99,9.24,0.0
20231129:1002,2759.1,217.45,455.93,10.44,78.56,21.35,8.62,0.0
20231129:1102,3273.95,606.2,188.1,13.36,71.44,21.53,8.55,0.0
20231129:1202,3053.3,586.15,155.46,12.21,59.85,21.58,7.86,0.0
20231129:1302,2656.65,498.55,148.66,10.12,47.39,21.43,7.1,0.0
20231129:1402,1915.8,264.53,206.7,6.7,34.8,20.84,6.41,0.0
20231129:1502,1490.05,266.8,109.84,4.6,22.33,20.02,5.66,0.0
20231129:1602,681.0,120.62,70.34,1.7,10.19,19.94,4.76,0.0
20231129:1702,0.0,0.0,0.0,0.0,0.0,19.17,3.72,0.0
20231129:1802,0.0,0.0,0.0,0.0,0.0,18.74,3.17,0.0
20231129:1902,0.0,0.0,0.0,0.0,0.0,18.79,2.76,0.0
20231129:2002,0.0,0.0,0.0,0.0,0.0,17.58,2.14,0.0
20231129:2102,0.0,0.0,0.0,0.0,0.0,16.91,1.79,0.0
20231129:2202,0.0,0.0,0.0,0.0,0.0,15.87,1.66,0.0
20231129:2302,0.0,0.0,0.0,0.0,0.0,16.03,1.31,0.0
20231130:0002,0.0,0.0,0.0,0.0,0.0,14.84,1.45,0.0
20231130:0102,0.0,0.0,0.0,0.0,0.0,15.28,1.31,0.0
20231130:0202,0.0,0.0,0.0,0.0,0.0,14.93,1.59,0.0
20231130:0302,0.0,0.0,0.0,0.0,0.0,15.68,1.86,0.0
20231130:0402,927.15,166.47,81.49,2.37,12.69,16.94,2.48,0.0
20231130:0502,1685.7,314.98,108.33,5.36,24.91,18.87,3.38,0.0
20231130:0602,2319.9,452.23,119.1,8.36,37.41,19.69,4.07,0.0
20231130:0702,2819.85,566.75,124.81,10.99,50.01,20.34,4.76,0.0
20231130:0802,3180.95,654.99,126.01,13.01,62.39,21.42,5.72,0.0
20231130:0902,3232.7,556.74,239.63,13.26,73.6,22.12,6.34,0.0
20231130:1002,3406.35,676.66,160.99,14.3,78.74,22.49,6.9,0.0
20231130:1102,3394.5,710.38,120.33,14.15,71.61,22.49,7.59,0.0
20231130:1202,3143.25,639.82,124.91,12.65,60.0,22.14,8.14,0.0
20231130:1302,2779.45,560.81,114.62,10.61,47.54,22.01,8.48,0.0
20231130:1402,2234.1,431.68,114.85,7.82,34.95,21.56,8.62,0.0
20231130:1502,1595.6,306.02,96.31,4.88,22.48,21.3,8.55,0.0
20231130:1602,817.45,160.55,65.98,1.92,10.35,21.02,8.41,0.0
20231130:1702,0.0,0.0,0.0,0.0,0.0,19.65,8.21,0.0
20231130:1802,0.0,0.0,0.0,0.0,0.0,19.51,8.21,0.0
20231130:1902,0.0,0.0,0.0,0.0,0.0,19.04,8.21,0.0
20231130:2002,0.0,0.0,0.0,0.0,0.0,18.69,8.07,0.0
20231130:2102,0.0,0.0,0.0,0.0,0.0,18.49,7.93,0.0
20231130:2202,0.0,0.0,0.0,0.0,0.0,18.04,7.72,0.0
20231130:2302,0.0,0.0,0.0,0.0,0.0,17.97,7.59,0.0
20231201:0002,0.0,0.0,0.0,0.0,0.0,18.01,7.1,0.0
20231201:0102,0.0,0.0,0.0,0.0,0.0,17.99,6.76,0.0
20231201:0202,0.0,0.0,0.0,0.0,0.0,17.9,6.48,0.0
20231201:0302,0.0,0.0,0.0,0.0,0.0,18.24,6.28,0.0
20231201:0402,915.15,165.61,79.12,2.33,12.7,18.63,6.28,0.0
20231201:0502,1637.3,296.86,114.22,5.2,24.91,21.43,6.83,0.0
20231201:0602,2251.15,419.98,133.84,8.07,37.41,22.62,7.45,0.0
20231201:0702,2741.4,536.54,137.47,10.65,50.0,24.14,7.86,0.0
20231201:0802,3083.4,631.85,133.0,12.69,62.4,26.16,8.07,0.0
20231201:0902,3312.1,704.87,120.59,14.07,73.66,27.09,8.34,0.0
20231201:1002,3373.85,730.97,113.67,14.51,78.9,28.02,8.48,0.0
20231201:1102,3275.75,697.7,120.0,13.89,71.78,27.89,8.83,0.0
20231201:1202,3029.35,636.95,119.84,12.5,60.16,28.24,8.76,0.0
20231201:1302,2658.0,544.06,117.8,10.37,47.69,27.22,8.55,0.0
20231201:1402,2147.25,425.79,113.0,7.7,35.09,26.67,8.21,0.0
20231201:1502,1523.75,294.96,98.04,4.77,22.63,25.7,7.72,0.0
20231201:1602,760.7,147.4,67.98,1.86,10.5,25.05,7.24,0.0
20231201:1702,0.0,0.0,0.0,0.0,0.0,22.94,2.41,0.0
20231201:1802,0.0,0.0,0.0,0.0,0.0,22.6,5.03,0.0
20231201:1902,0.0,0.0,0.0,0.0,0.0,21.77,7.45,0.0
20231201:2002,0.0,0.0,0.0,0.0,0.0,21.26,7.45,0.0
20231201:2102,0.0,0.0,0.0,0.0,0.0,21.33,6.62,0.0
20231201:2202,0.0,0.0,0.0,0.0,0.0,20.63,6.21,0.0
20231201:2302,0.0,0.0,0.0,0.0,0.0,20.28,5.72,0.0
20231202:0002,0.0,0.0,0.0,0.0,0.0,20.51,5.38,0.0
20231202:0102,0.0,0.0,0.0,0.0,0.0,20.05,5.45,0.0
20231202:0202,0.0,0.0,0.0,0.0,0.0,20.13,5.86,0.0
20231202:0302,0.0,0.0,0.0,0.0,0.0,19.98,5.93,0.0
20231202:0402,228.75,4.66,66.72,0.99,12.7,19.92,5.86,0.0
20231202:0502,118.0,0.0,42.9,0.62,24.9,20.54,6.14,0.0
20231202:0602,916.9,8.19,226.86,3.38,37.39,21.28,5.52,0.0
20231202:0702,1407.85,25.01,327.51,5.1,49.99,22.04,5.45,0.0
20231202:0802,2031.1,87.39,419.69,7.52,62.4,23.08,4.97,0.0
20231202:0902,1204.0,0.78,305.88,4.41,73.7,23.48,4.9,0.0
20231202:1002,1757.2,21.56,417.38,6.38,79.07,21.88,4.41,0.0
20231202:1102,282.5,0.0,84.86,1.22,71.95,21.83,5.66,0.0
20231202:1202,321.0,0.0,94.19,1.35,60.31,21.71,6.14,0.0
20231202:1302,337.6,0.0,97.92,1.41,47.83,20.95,5.79,0.0
20231202:1402,322.55,0.0,94.19,1.35,35.24,20.56,4.97,0.0
20231202:1502,190.65,0.0,61.55,0.88,22.78,19.85,3.93,0.0
20231202:1602,12.15,0.0,11.19,0.16,10.66,20.13,3.31,0.0
20231202:1702,0.0,0.0,0.0,0.0,0.0,19.97,2.21,0.0
20231202:1802,0.0,0.0,0.0,0.0,0.0,19.77,1.03,0.0
20231202:1902,0.0,0.0,0.0,0.0,0.0,20.31,1.31,0.0
20231202:2002,0.0,0.0,0.0,0.0,0.0,20.35,1.45,0.0
20231202:2102,0.0,0.0,0.0,0.0,0.0,20.49,2.0,0.0
20231202:2202,0.0,0.0,0.0,0.0,0.0,19.87,2.76,0.0
20231202:2302,0.0,0.0,0.0,0.0,0.0,19.74,3.38,0.0
20231203:0002,0.0,0.0,0.0,0.0,0.0,19.81,3.59,0.0
20231203:0102,0.0,0.0,0.0,0.0,0.0,19.96,3.72,0.0
20231203:0202,0.0,0.0,0.0,0.0,0.0,19.92,3.45,0.0
20231203:0302,0.0,0.0,0.0,0.0,0.0,20.36,3.24,0.0
20231203:0402,90.4,0.0,35.44,0.51,12.7,20.4,3.17,0.0
20231203:0502,268.85,0.0,81.13,1.17,24.89,20.41,3.86,0.0
20231203:0602,506.05,0.0,138.02,1.98,37.37,20.3,3.72,0.0
20231203:0702,1125.05,5.85,279.81,4.11,49.97,21.22,3.45,0.0
20231203:0802,1184.1,2.39,300.28,4.35,62.39,22.75,2.9,0.0
20231203:0902,1172.95,0.78,301.21,4.34,73.74,23.68,2.34,0.0
20231203:1002,1145.8,0.0,294.7,4.23,79.22,23.45,2.62,0.0
20231203:1102,321.85,0.0,95.12,1.37,72.11,23.19,4.0,0.0
20231203:1202,473.85,0.0,131.49,1.89,60.45,22.39,4.14,0.0
20231203:1302,593.75,0.0,160.4,2.3,47.98,22.67,3.72,0.0
20231203:1402,716.2,1.86,186.57,2.71,35.38,21.52,4.28,0.0
20231203:1502,1128.15,124.06,164.77,3.71,22.93,20.87,3.59,0.0
20231203:1602,419.7,45.14,76.74,1.35,10.81,20.75,3.52,0.0
20231203:1702,0.0,0.0,0.0,0.0,0.0,20.64,3.45,0.0
20231203:1802,0.0,0.0,0.0,0.0,0.0,20.72,3.59,0.0
20231203:1902,0.0,0.0,0.0,0.0,0.0,20.58,3.45,0.0
20231203:2002,0.0,0.0,0.0,0.0,0.0,20.2,3.45,0.0
20231203:2102,0.0,0.0,0.0,0.0,0.0,19.87,3.52,0.0
20231203:2202,0.0,0.0,0.0,0.0,0.0,19.8,3.45,0.0
20231203:2302,0.0,0.0,0.0,0.0,0.0,19.62,3.24,0.0
20231204:0002,0.0,0.0,0.0,0.0,0.0,19.38,2.55,0.0
20231204:0102,0.0,0.0,0.0,0.0,0.0,19.3,2.07,0.0
20231204:0202,0.0,0.0,0.0,0.0,0.0,19.16,1.59,0.0
20231204:0302,0.0,0.0,0.0,0.0,0.0,19.11,1.31,0.0
20231204:0402,19.8,0.0,13.99,0.2,12.69,19.09,1.72,0.0
20231204:0502,198.0,0.0,63.42,0.91,24.87,19.61,2.34,0.0
20231204:0602,266.15,0.0,80.2,1.15,37.35,19.35,2.62,0.0
20231204:0702,495.8,0.0,135.22,1.94,49.95,19.55,3.38,0.0
20231204:0802,862.15,0.0,221.95,3.19,62.38,20.21,3.72,0.0
20231204:0902,887.85,0.0,228.48,3.28,73.77,20.77,3.93,0.0
20231204:1002,602.35,0.0,160.4,2.3,79.37,19.95,4.28,0.0
20231204:1102,511.85,0.0,138.95,2.0,72.27,19.86,4.76,0.0
20231204:1202,439.1,0.0,121.24,1.74,60.6,18.85,4.83,0.0
20231204:1302,399.95,0.0,111.91,1.61,48.12,18.73,4.97,0.0
20231204:1402,267.8,0.0,80.2,1.15,35.52,18.5,4.69,0.0
20231204:1502,180.45,0.0,58.75,0.84,23.08,18.93,4.41,0.0
20231204:1602,77.7,0.0,31.71,0.46,10.96,18.94,4.28,0.0
20231204:1702,0.0,0.0,0.0,0.0,0.0,18.52,3.93,0.0
20231204:1802,0.0,0.0,0.0,0.0,0.0,18.66,3.59,0.0
20231204:1902,0.0,0.0,0.0,0.0,0.0,18.63,3.93,0.0
20231204:2002,0.0,0.0,0.0,0.0,0.0,18.34,4.41,0.0
20231204:2102,0.0,0.0,0.0,0.0,0.0,18.25,4.83,0.0
20231204:2202,0.0,0.0,0.0,0.0,0.0,17.82,5.17,0.0
20231204:2302,0.0,0.0,0.0,0.0,0.0,17.53,4.69,0.0
20231205:0002,0.0,0.0,0.0,0.0,0.0,17.37,4.34,0.0
20231205:0102,0.0,0.0,0.0,0.0,0.0,16.98,4.21,0.0
20231205:0202,0.0,0.0,0.0,0.0,0.0,16.34,4.0,0.0
20231205:0302,0.0,0.0,0.0,0.0,0.0,16.41,3.86,0.0
20231205:0402,719.7,100.76,92.53,2.0,12.68,16.98,3.79,0.0
20231205:0502,1484.75,221.83,149.9,4.72,24.85,18.82,3.72,0.0
20231205:0602,1921.25,235.62,237.97,6.77,37.32,19.85,4.07,0.0
20231205:0702,1875.05,101.56,362.78,6.82,49.92,20.45,3.86,0.0
20231205:0802,1599.9,21.57,378.48,5.8,62.36,21.28,3.79,0.0
20231205:0902,2038.15,56.89,451.33,7.48,73.79,21.51,4.0,0.0
20231205:1002,1651.4,12.38,398.94,5.95,79.51,20.55,3.93,0.0
20231205:1102,847.45,0.0,218.22,3.14,72.42,20.23,4.34,0.0
20231205:1202,442.25,0.0,122.17,1.76,60.74,19.25,5.03,0.0
20231205:1302,334.1,0.0,96.06,1.38,48.26,18.41,5.93,0.0
20231205:1402,366.55,0.0,103.52,1.49,35.66,17.89,6.41,0.0
20231205:1502,215.75,0.0,67.15,0.96,23.22,17.6,6.55,0.0
20231205:1602,188.45,3.44,57.29,0.84,11.11,17.74,6.14,0.0
20231205:1702,0.0,0.0,0.0,0.0,0.0,17.36,4.83,0.0
20231205:1802,0.0,0.0,0.0,0.0,0.0,17.55,4.07,0.0
20231205:1902,0.0,0.0,0.0,0.0,0.0,17.43,4.0,0.0
20231205:2002,0.0,0.0,0.0,0.0,0.0,17.27,4.07,0.0
20231205:2102,0.0,0.0,0.0,0.0,0.0,17.54,4.07,0.0
20231205:2202,0.0,0.0,0.0,0.0,0.0,17.34,3.31,0.0
20231205:2302,0.0,0.0,0.0,0.0,0.0,17.38,3.31,0.0
20231206:0002,0.0,0.0,0.0,0.0,0.0,17.52,3.31,0.0
20231206:0102,0.0,0.0,0.0,0.0,0.0,17.67,2.97,0.0
20231206:0202,0.0,0.0,0.0,0.0,0.0,17.74,3.1,0.0
20231206:0302,0.0,0.0,0.0,0.0,0.0,18.01,3.17,0.0
20231206:0402,33.9,0.0,18.65,0.27,12.66,18.07,3.24,0.0
20231206:0502,410.8,0.0,114.71,1.65,24.82,18.87,3.59,0.0
20231206:0602,807.6,2.76,205.25,2.99,37.29,19.27,4.14,0.0
20231206:0702,1751.4,71.49,359.78,6.3,49.89,19.78,4.83,0.0
20231206:0802,1506.6,13.61,359.89,5.4,62.33,20.47,5.79,0.0
20231206:0902,1578.9,10.15,380.35,5.64,73.81,20.71,6.69,0.0
20231206:1002,642.35,0.0,169.73,2.44,79.64,20.53,6.76,0.0
20231206:1102,629.45,0.0,166.93,2.4,72.58,20.79,6.48,0.0
20231206:1202,627.35,0.0,166.0,2.38,60.88,20.38,7.45,0.0
20231206:1302,737.55,0.0,191.18,2.75,48.39,19.87,8.14,0.0
20231206:1402,442.55,0.0,122.17,1.76,35.8,19.57,7.59,0.0
20231206:1502,221.15,0.0,69.01,0.99,23.36,19.71,8.83,0.0
20231206:1602,299.15,17.09,72.38,1.14,11.25,19.62,8.14,0.0
20231206:1702,0.0,0.0,0.0,0.0,0.0,19.54,7.72,0.0
20231206:1802,0.0,0.0,0.0,0.0,0.0,19.74,7.93,0.0
20231206:1902,0.0,0.0,0.0,0.0,0.0,20.02,7.52,0.0
20231206:2002,0.0,0.0,0.0,0.0,0.0,20.03,7.59,0.0
20231206:2102,0.0,0.0,0.0,0.0,0.0,20.27,7.59,0.0
20231206:2202,0.0,0.0,0.0,0.0,0.0,20.13,6.97,0.0
20231206:2302,0.0,0.0,0.0,0.0,0.0,20.29,6.9,0.0
20231207:0002,0.0,0.0,0.0,0.0,0.0,19.97,6.69,0.0
20231207:0102,0.0,0.0,0.0,0.0,0.0,20.13,5.79,0.0
20231207:0202,0.0,0.0,0.0,0.0,0.0,20.15,5.59,0.0
20231207:0302,0.0,0.0,0.0,0.0,0.0,20.43,5.31,0.0
20231207:0402,19.65,0.0,13.99,0.2,12.64,20.27,5.31,0.0
20231207:0502,565.85,5.44,146.78,2.17,24.79,20.76,5.38,0.0
20231207:0602,2077.95,317.83,193.42,7.3,37.25,21.1,5.52,0.0
20231207:0702,2699.25,506.47,154.76,10.29,49.85,21.67,5.86,0.0
20231207:0802,2691.8,315.91,345.64,10.29,62.31,22.02,6.48,0.0
20231207:0902,3337.8,704.28,118.08,13.88,73.82,23.71,7.17,0.0
20231207:1002,3360.95,721.62,117.44,14.27,79.76,25.64,6.62,0.0
20231207:1102,3265.85,689.86,124.62,13.71,72.72,25.79,6.76,0.0
20231207:1202,3067.7,631.88,123.49,12.37,61.02,24.83,8.07,0.0
20231207:1302,2703.0,541.48,122.24,10.32,48.53,24.52,8.55,0.0
20231207:1402,2196.25,431.09,114.33,7.76,35.94,24.69,7.72,0.0
20231207:1502,1575.65,300.45,101.03,4.88,23.5,23.57,6.21,0.0
20231207:1602,841.8,161.56,71.33,2.05,11.39,23.3,5.17,0.0
20231207:1702,0.0,0.0,0.0,0.0,0.0,22.19,5.03,0.0
20231207:1802,0.0,0.0,0.0,0.0,0.0,21.83,4.83,0.0
20231207:1902,0.0,0.0,0.0,0.0,0.0,21.55,4.83,0.0
20231207:2002,0.0,0.0,0.0,0.0,0.0,20.84,4.62,0.0
20231207:2102,0.0,0.0,0.0,0.0,0.0,20.81,3.79,0.0
20231207:2202,0.0,0.0,0.0,0.0,0.0,20.21,2.41,0.0
20231207:2302,0.0,0.0,0.0,0.0,0.0,19.93,2.07,0.0
20231208:0002,0.0,0.0,0.0,0.0,0.0,19.39,2.0,0.0
20231208:0102,0.0,0.0,0.0,0.0,0.0,18.96,1.93,0.0
20231208:0202,0.0,0.0,0.0,0.0,0.0,18.51,1.03,0.0
20231208:0302,0.0,0.0,0.0,0.0,0.0,18.48,1.66,0.0
20231208:0402,911.3,165.92,79.83,2.29,12.61,19.69,2.76,0.0
20231208:0502,1659.8,317.8,105.44,5.24,24.75,22.68,3.59,0.0
20231208:0602,2268.2,450.6,116.6,8.15,37.21,23.59,4.48,0.0
20231208:0702,2731.5,547.94,132.06,10.61,49.8,24.16,5.17,0.0
20231208:0802,3093.65,644.07,127.65,12.66,62.27,24.44,5.38,0.0
20231208:0902,3316.0,717.79,116.13,14.07,73.82,25.2,5.17,0.0
20231208:1002,3370.65,725.65,121.81,14.39,79.88,25.27,5.38,0.0
20231208:1102,3301.35,703.99,122.64,13.91,72.87,24.97,5.59,0.0
20231208:1202,3095.65,654.31,116.86,12.63,61.16,24.64,5.72,0.0
20231208:1302,2722.9,554.71,120.29,10.49,48.66,23.95,5.72,0.0
20231208:1402,1753.7,185.79,252.23,6.19,36.07,23.4,5.52,0.0
20231208:1502,489.1,3.35,131.72,1.93,23.64,22.41,5.1,0.0
20231208:1602,272.55,11.84,71.58,1.1,11.53,21.79,4.76,0.0
20231208:1702,0.0,0.0,0.0,0.0,0.0,20.89,4.14,0.0
20231208:1802,0.0,0.0,0.0,0.0,0.0,20.57,4.28,0.0
20231208:1902,0.0,0.0,0.0,0.0,0.0,20.41,4.21,0.0
20231208:2002,0.0,0.0,0.0,0.0,0.0,20.09,4.28,0.0
20231208:2102,0.0,0.0,0.0,0.0,0.0,19.86,4.48,0.0
20231208:2202,0.0,0.0,0.0,0.0,0.0,20.13,4.97,0.0
20231208:2302,0.0,0.0,0.0,0.0,0.0,20.02,5.03,0.0
20231209:0002,0.0,0.0,0.0,0.0,0.0,19.75,4.62,0.0
20231209:0102,0.0,0.0,0.0,0.0,0.0,19.64,4.34,0.0
20231209:0202,0.0,0.0,0.0,0.0,0.0,19.72,3.79,0.0
20231209:0302,0.0,0.0,0.0,0.0,0.0,19.85,3.1,0.0
20231209:0402,90.65,0.0,35.44,0.51,12.58,19.92,3.38,0.0
20231209:0502,432.0,1.1,119.43,1.73,24.71,20.31,3.24,0.0
20231209:0602,317.85,0.0,93.26,1.34,37.16,20.72,3.1,0.0
20231209:0702,487.8,0.0,134.29,1.93,49.76,21.2,3.31,0.0
20231209:0802,553.15,0.0,149.21,2.14,62.23,20.39,3.79,0.0
20231209:0902,678.4,0.0,179.06,2.57,73.81,20.92,4.21,0.0
20231209:1002,578.35,0.0,154.81,2.22,79.98,20.24,5.03,0.0
20231209:1102,406.5,0.0,113.77,1.63,73.01,19.57,6.0,0.0
20231209:1202,407.5,0.0,113.77,1.63,61.29,19.15,6.41,0.0
20231209:1302,640.55,0.0,167.86,2.41,48.8,18.64,7.17,0.0
20231209:1402,362.35,0.0,102.58,1.47,36.21,18.14,7.24,0.0
20231209:1502,196.7,0.0,62.48,0.9,23.77,17.78,6.97,0.0
20231209:1602,351.3,23.57,78.02,1.26,11.67,17.46,6.83,0.0
20231209:1702,0.0,0.0,0.0,0.0,0.0,17.1,6.55,0.0
20231209:1802,0.0,0.0,0.0,0.0,0.0,16.9,6.21,0.0
20231209:1902,0.0,0.0,0.0,0.0,0.0,16.69,5.66,0.0
20231209:2002,0.0,0.0,0.0,0.0,0.0,16.27,4.9,0.0
20231209:2102,0.0,0.0,0.0,0.0,0.0,16.0,4.48,0.0
20231209:2202,0.0,0.0,0.0,0.0,0.0,15.66,4.55,0.0
20231209:2302,0.0,0.0,0.0,0.0,0.0,15.64,4.55,0.0
20231210:0002,0.0,0.0,0.0,0.0,0.0,15.5,4.21,0.0
20231210:0102,0.0,0.0,0.0,0.0,0.0,15.61,3.86,0.0
20231210:0202,0.0,0.0,0.0,0.0,0.0,15.62,3.72,0.0
20231210:0302,0.0,0.0,0.0,0.0,0.0,15.6,3.79,0.0
20231210:0402,20.3,0.0,13.99,0.2,12.54,15.38,3.45,0.0
20231210:0502,317.1,0.0,91.39,1.31,24.66,16.33,3.17,0.0
20231210:0602,443.35,0.0,121.24,1.74,37.11,16.55,3.52,0.0
20231210:0702,562.35,0.0,149.21,2.14,49.71,17.1,4.0,0.0
20231210:0802,1168.9,0.81,290.03,4.18,62.19,17.59,4.14,0.0
20231210:0902,996.95,0.0,250.86,3.6,73.8,17.79,4.07,0.0
20231210:1002,697.15,0.0,181.85,2.61,80.08,18.78,3.93,0.0
20231210:1102,609.65,0.0,161.34,2.32,73.15,18.72,4.0,0.0
20231210:1202,1523.3,16.15,361.79,5.47,61.43,19.45,3.93,0.0
20231210:1302,1026.1,2.55,257.42,3.74,48.93,19.49,3.52,0.0
20231210:1402,1048.65,20.56,245.15,3.8,36.34,19.7,3.1,0.0
20231210:1502,660.45,15.61,158.85,2.45,23.9,19.31,2.41,0.0
20231210:1602,659.3,95.49,85.92,1.81,11.81,19.07,1.86,0.0
20231210:1702,0.0,0.0,0.0,0.0,0.0,18.4,1.03,0.0
20231210:1802,0.0,0.0,0.0,0.0,0.0,17.75,0.69,0.0
20231210:1902,0.0,0.0,0.0,0.0,0.0,17.23,1.03,0.0
20231210:2002,0.0,0.0,0.0,0.0,0.0,18.63,0.83,0.0
20231210:2102,0.0,0.0,0.0,0.0,0.0,18.83,0.07,0.0
20231210:2202,0.0,0.0,0.0,0.0,0.0,18.84,0.9,0.0
20231210:2302,0.0,0.0,0.0,0.0,0.0,17.6,0.76,0.0
20231211:0002,0.0,0.0,0.0,0.0,0.0,17.39,0.97,0.0
20231211:0102,0.0,0.0,0.0,0.0,0.0,17.61,1.17,0.0
20231211:0202,0.0,0.0,0.0,0.0,0.0,17.05,1.31,0.0
20231211:0302,0.0,0.0,0.0,0.0,0.0,17.77,1.17,0.0
20231211:0402,234.5,4.85,67.71,1.0,12.5,18.28,1.1,0.0
20231211:0502,183.5,0.0,59.69,0.86,24.61,18.96,0.76,0.0
20231211:0602,832.7,4.65,211.85,3.11,37.06,19.78,0.83,0.0
20231211:0702,1792.85,89.95,358.36,6.55,49.65,20.45,2.28,0.0
20231211:0802,2131.1,112.1,420.96,7.92,62.14,21.05,2.83,0.0
20231211:0902,1698.7,19.64,406.36,6.18,73.78,21.55,3.31,0.0
20231211:1002,1808.1,25.72,426.72,6.58,80.17,22.35,4.41,0.0
20231211:1102,2568.75,198.93,441.77,9.78,73.28,22.49,4.69,0.0
20231211:1202,2190.85,128.46,416.27,8.12,61.56,22.87,5.38,0.0
20231211:1302,2653.05,509.06,148.07,10.14,49.05,23.08,5.03,0.0
20231211:1402,2072.9,344.87,171.51,7.3,36.47,23.13,4.9,0.0
20231211:1502,1606.6,306.4,101.97,4.97,24.03,22.69,4.76,0.0
20231211:1602,817.45,146.69,77.1,2.05,11.94,21.86,4.48,0.0
20231211:1702,0.0,0.0,0.0,0.0,0.0,21.0,4.21,0.0
20231211:1802,0.0,0.0,0.0,0.0,0.0,21.03,3.66,0.0
20231211:1902,0.0,0.0,0.0,0.0,0.0,21.0,3.17,0.0
20231211:2002,0.0,0.0,0.0,0.0,0.0,20.35,2.41,0.0
20231211:2102,0.0,0.0,0.0,0.0,0.0,20.89,2.21,0.0
20231211:2202,0.0,0.0,0.0,0.0,0.0,20.19,0.9,0.0
20231211:2302,0.0,0.0,0.0,0.0,0.0,19.15,0.83,0.0
20231212:0002,0.0,0.0,0.0,0.0,0.0,19.08,1.52,0.0
20231212:0102,0.0,0.0,0.0,0.0,0.0,19.4,2.34,0.0
20231212:0202,0.0,0.0,0.0,0.0,0.0,19.34,3.17,0.0
20231212:0302,0.0,0.0,0.0,0.0,0.0,19.08,3.93,0.0
20231212:0402,948.05,177.11,76.68,2.3,12.45,19.64,4.76,0.0
20231212:0502,1647.75,299.33,113.84,5.08,24.56,21.03,5.79,0.0
20231212:0602,2242.1,409.65,141.45,7.84,37.0,22.02,6.62,0.0
20231212:0702,2770.45,545.59,132.61,10.52,49.59,22.48,6.83,0.0
20231212:0802,3121.6,619.34,145.73,12.45,62.08,22.7,7.03,0.0
20231212:0902,3370.5,707.04,122.95,13.92,73.76,23.61,7.31,0.0
20231212:1002,3422.7,715.44,129.48,14.27,80.26,24.02,7.38,0.0
20231212:1102,3374.55,705.07,123.9,13.89,73.41,24.05,8.28,0.0
20231212:1202,1639.6,25.06,381.35,5.89,61.68,22.83,9.31,0.0
20231212:1302,546.85,0.0,147.35,2.12,49.18,21.01,9.59,0.0
20231212:1402,248.0,0.0,75.54,1.09,36.59,19.4,8.21,0.0
20231212:1502,158.8,0.0,53.16,0.76,24.16,18.78,7.86,0.0
20231212:1602,101.8,0.0,38.24,0.55,12.07,18.48,6.83,0.0
20231212:1702,0.0,0.0,0.0,0.0,0.0,17.77,5.45,0.0
20231212:1802,0.0,0.0,0.0,0.0,0.0,17.66,4.76,0.0
20231212:1902,0.0,0.0,0.0,0.0,0.0,17.48,4.0,0.0
20231212:2002,0.0,0.0,0.0,0.0,0.0,17.2,3.24,0.0
20231212:2102,0.0,0.0,0.0,0.0,0.0,17.32,2.48,0.0
20231212:2202,0.0,0.0,0.0,0.0,0.0,17.29,2.41,0.0
20231212:2302,0.0,0.0,0.0,0.0,0.0,16.45,1.66,0.0
20231213:0002,0.0,0.0,0.0,0.0,0.0,17.18,0.9,0.0
20231213:0102,0.0,0.0,0.0,0.0,0.0,17.14,0.48,0.0
20231213:0202,0.0,0.0,0.0,0.0,0.0,16.74,0.34,0.0
20231213:0302,0.0,0.0,0.0,0.0,0.0,16.4,0.97,0.0
20231213:0402,71.7,0.0,29.84,0.43,12.4,17.25,1.72,0.0
20231213:0502,203.35,0.0,64.35,0.92,24.5,18.16,2.97,0.0
20231213:0602,630.3,0.0,166.0,2.38,36.93,18.39,3.72,0.0
20231213:0702,1295.15,12.77,307.91,4.62,49.52,18.42,5.03,0.0
20231213:0802,1117.25,0.81,278.84,4.02,62.02,19.14,5.72,0.0
20231213:0902,1123.7,0.0,281.64,4.05,73.72,19.81,6.48,0.0
20231213:1002,1013.1,0.0,255.53,3.67,80.33,19.65,6.55,0.0
20231213:1102,1254.7,0.79,311.48,4.49,73.54,19.88,6.9,0.0
20231213:1202,2113.7,91.41,424.92,7.62,61.81,19.97,6.69,0.0
20231213:1302,1919.35,106.5,361.52,6.85,49.3,19.93,7.24,0.0
20231213:1402,749.9,1.87,192.17,2.79,36.71,19.64,7.03,0.0
20231213:1502,1120.45,96.76,184.57,3.7,24.28,19.51,7.86,0.0
20231213:1602,528.6,56.13,90.44,1.63,12.19,19.61,7.17,0.0
20231213:1702,0.0,0.0,0.0,0.0,0.0,18.98,7.45,0.0
20231213:1802,0.0,0.0,0.0,0.0,0.0,19.1,7.72,0.0
20231213:1902,0.0,0.0,0.0,0.0,0.0,19.34,7.45,0.0
20231213:2002,0.0,0.0,0.0,0.0,0.0,18.89,6.69,0.0
20231213:2102,0.0,0.0,0.0,0.0,0.0,19.04,6.62,0.0
20231213:2202,0.0,0.0,0.0,0.0,0.0,18.74,5.17,0.0
20231213:2302,0.0,0.0,0.0,0.0,0.0,18.74,4.83,0.0
20231214:0002,0.0,0.0,0.0,0.0,0.0,18.78,4.21,0.0
20231214:0102,0.0,0.0,0.0,0.0,0.0,18.46,2.9,0.0
20231214:0202,0.0,0.0,0.0,0.0,0.0,17.96,2.41,0.0
20231214:0302,0.0,0.0,0.0,0.0,0.0,18.13,1.86,0.0
20231214:0402,883.85,157.48,81.0,2.2,12.34,18.82,1.52,0.0
20231214:0502,1658.15,318.67,104.18,5.16,24.44,21.08,2.14,0.0
20231214:0602,2212.1,409.26,141.7,7.81,36.87,21.63,3.52,0.0
20231214:0702,2550.55,397.95,233.64,9.59,49.46,22.76,5.1,0.0
20231214:0802,2084.7,93.87,424.92,7.66,61.96,24.26,7.31,0.0
20231214:0902,3346.2,686.28,138.61,13.77,73.68,25.26,8.9,0.0
20231214:1002,3461.45,704.84,138.69,14.2,80.4,23.97,10.48,0.0
20231214:1102,3410.65,697.34,130.4,13.84,73.66,23.26,10.48,0.0
20231214:1202,3156.15,619.14,145.04,12.41,61.93,23.1,10.76,0.0
20231214:1302,2798.4,543.76,132.85,10.46,49.43,22.44,10.34,0.0
20231214:1402,2038.3,283.2,214.25,7.02,36.84,21.97,10.0,0.0
20231214:1502,1133.6,101.1,183.89,3.74,24.41,20.57,10.0,0.0
20231214:1602,311.4,14.79,77.54,1.21,12.31,20.51,9.66,0.0
20231214:1702,0.0,0.0,0.0,0.0,0.0,19.75,8.07,0.0
20231214:1802,0.0,0.0,0.0,0.0,0.0,19.39,7.52,0.0
20231214:1902,0.0,0.0,0.0,0.0,0.0,19.3,7.31,0.0
20231214:2002,0.0,0.0,0.0,0.0,0.0,19.05,7.03,0.0
20231214:2102,0.0,0.0,0.0,0.0,0.0,18.65,6.76,0.0
20231214:2202,0.0,0.0,0.0,0.0,0.0,18.46,5.31,0.0
20231214:2302,0.0,0.0,0.0,0.0,0.0,18.32,4.69,0.0
20231215:0002,0.0,0.0,0.0,0.0,0.0,18.08,4.55,0.0
20231215:0102,0.0,0.0,0.0,0.0,0.0,17.89,4.62,0.0
20231215:0202,0.0,0.0,0.0,0.0,0.0,17.9,4.34,0.0
20231215:0302,0.0,0.0,0.0,0.0,0.0,17.96,4.28,0.0
20231215:0402,199.15,1.65,61.73,0.9,12.28,18.19,4.28,0.0
20231215:0502,387.15,0.0,109.11,1.57,24.37,19.18,4.62,0.0
20231215:0602,972.95,12.17,235.48,3.55,36.79,20.28,4.41,0.0
20231215:0702,1281.05,13.65,307.94,4.64,49.38,20.57,3.86,0.0
20231215:0802,1896.35,58.32,414.83,6.93,61.89,21.33,3.59,0.0
20231215:0902,1457.95,5.52,360.85,5.28,73.64,21.5,3.66,0.0
20231215:1002,1589.6,9.38,388.76,5.75,80.45,21.03,3.38,0.0
20231215:1102,1586.05,11.04,385.04,5.72,73.78,21.11,4.14,0.0
20231215:1202,765.45,0.0,199.57,2.87,62.05,21.06,4.62,0.0
20231215:1302,548.9,0.0,148.28,2.13,49.54,20.76,4.62,0.0
20231215:1402,295.95,0.0,87.66,1.26,36.96,20.29,4.55,0.0
20231215:1502,285.0,0.0,84.86,1.22,24.53,19.85,4.28,0.0
20231215:1602,87.4,0.0,34.51,0.5,12.43,19.69,3.72,0.0
20231215:1702,0.0,0.0,0.0,0.0,0.0,19.69,3.24,0.0
20231215:1802,0.0,0.0,0.0,0.0,0.0,19.5,3.1,0.0
20231215:1902,0.0,0.0,0.0,0.0,0.0,19.37,3.17,0.0
20231215:2002,0.0,0.0,0.0,0.0,0.0,19.47,3.31,0.0
20231215:2102,0.0,0.0,0.0,0.0,0.0,19.3,3.03,0.0
20231215:2202,0.0,0.0,0.0,0.0,0.0,18.86,2.55,0.0
20231215:2302,0.0,0.0,0.0,0.0,0.0,18.75,2.34,0.0
20231216:0002,0.0,0.0,0.0,0.0,0.0,18.61,2.41,0.0
20231216:0102,0.0,0.0,0.0,0.0,0.0,18.41,2.28,0.0
20231216:0202,0.0,0.0,0.0,0.0,0.0,18.5,2.0,0.0
20231216:0302,0.0,0.0,0.0,0.0,0.0,18.5,1.93,0.0
20231216:0402,48.8,0.0,23.31,0.33,12.21,18.56,2.07,0.0
20231216:0502,235.45,0.0,72.74,1.05,24.3,19.66,2.62,0.0
20231216:0602,1579.85,117.18,275.54,5.56,36.72,20.22,3.52,0.0
20231216:0702,1652.35,58.08,352.48,5.96,49.31,20.86,4.21,0.0
20231216:0802,1950.55,66.48,418.56,7.11,61.82,21.83,4.69,0.0
20231216:0902,3197.6,565.78,227.83,13.0,73.59,22.45,5.24,0.0
20231216:1002,3422.8,716.65,130.62,14.27,80.5,23.7,6.62,0.0
20231216:1102,3354.7,698.02,129.62,13.83,73.89,23.77,7.1,0.0
20231216:1202,3146.75,651.16,123.77,12.62,62.16,23.74,7.03,0.0
20231216:1302,2765.0,554.15,127.19,10.54,49.66,23.88,6.83,0.0
20231216:1402,2087.6,323.24,193.52,7.3,37.07,23.72,7.24,0.0
20231216:1502,1583.0,271.53,127.56,4.92,24.64,23.26,7.72,0.0
20231216:1602,948.1,179.0,76.74,2.32,12.55,22.64,7.45,0.0
20231216:1702,0.0,0.0,0.0,0.0,0.0,21.8,6.69,0.0
20231216:1802,0.0,0.0,0.0,0.0,0.0,21.71,5.86,0.0
20231216:1902,0.0,0.0,0.0,0.0,0.0,21.69,5.45,0.0
20231216:2002,0.0,0.0,0.0,0.0,0.0,21.33,4.97,0.0
20231216:2102,0.0,0.0,0.0,0.0,0.0,21.49,4.55,0.0
20231216:2202,0.0,0.0,0.0,0.0,0.0,20.91,4.14,0.0
20231216:2302,0.0,0.0,0.0,0.0,0.0,20.9,4.14,0.0
20231217:0002,0.0,0.0,0.0,0.0,0.0,20.77,4.0,0.0
20231217:0102,0.0,0.0,0.0,0.0,0.0,20.66,3.79,0.0
20231217:0202,0.0,0.0,0.0,0.0,0.0,20.58,3.72,0.0
20231217:0302,0.0,0.0,0.0,0.0,0.0,20.77,3.72,0.0
20231217:0402,925.55,173.11,77.15,2.24,12.14,21.08,3.86,0.0
20231217:0502,1664.3,322.12,102.56,5.14,24.22,23.43,4.21,0.0
20231217:0602,2260.5,452.51,114.72,8.03,36.64,24.24,4.41,0.0
20231217:0702,2749.0,570.33,117.87,10.64,49.23,25.05,4.97,0.0
20231217:0802,3079.5,652.36,123.85,12.62,61.74,26.52,5.38,0.0
20231217:0902,3294.0,709.04,124.14,13.92,73.53,27.31,5.86,0.0
20231217:1002,3383.65,738.91,117.87,14.46,80.54,27.37,5.93,0.0
20231217:1102,3326.35,720.35,117.69,14.03,74.0,27.27,6.48,0.0
20231217:1202,3123.8,663.44,118.18,12.74,62.28,26.88,6.97,0.0
20231217:1302,2757.3,565.23,122.41,10.65,49.77,26.63,7.17,0.0
20231217:1402,2272.05,450.11,118.29,8.08,37.19,26.02,6.9,0.0
20231217:1502,1677.35,325.41,103.06,5.24,24.75,25.54,6.41,0.0
20231217:1602,953.2,184.63,75.81,2.36,12.66,24.95,5.52,0.0
20231217:1702,0.0,0.0,0.0,0.0,0.0,23.25,4.21,0.0
20231217:1802,0.0,0.0,0.0,0.0,0.0,22.48,2.07,0.0
20231217:1902,0.0,0.0,0.0,0.0,0.0,22.34,1.03,0.0
20231217:2002,0.0,0.0,0.0,0.0,0.0,22.61,1.79,0.0
20231217:2102,0.0,0.0,0.0,0.0,0.0,22.82,3.72,0.0
20231217:2202,0.0,0.0,0.0,0.0,0.0,21.57,5.72,0.0
20231217:2302,0.0,0.0,0.0,0.0,0.0,20.91,6.9,0.0
20231218:0002,0.0,0.0,0.0,0.0,0.0,20.82,6.9,0.0
20231218:0102,0.0,0.0,0.0,0.0,0.0,20.56,7.03,0.0
20231218:0202,0.0,0.0,0.0,0.0,0.0,20.16,7.1,0.0
20231218:0302,0.0,0.0,0.0,0.0,0.0,20.15,6.69,0.0
20231218:0402,94.1,0.0,36.37,0.52,12.07,20.02,6.14,0.0
20231218:0502,139.1,0.0,48.49,0.7,24.14,20.74,5.72,0.0
20231218:0602,450.45,0.0,124.97,1.8,36.56,21.0,5.52,0.0
20231218:0702,687.3,0.0,180.92,2.6,49.14,20.96,5.17,0.0
20231218:0802,630.6,0.0,167.86,2.41,61.66,21.33,5.1,0.0
20231218:0902,843.65,0.0,218.22,3.14,73.47,21.55,5.31,0.0
20231218:1002,835.2,0.0,215.43,3.09,80.57,20.73,5.38,0.0
20231218:1102,608.6,0.0,162.27,2.33,74.1,20.91,5.66,0.0
20231218:1202,513.35,0.0,139.89,2.01,62.39,21.1,5.93,0.0
20231218:1302,548.3,0.0,148.28,2.13,49.89,21.25,5.66,0.0
20231218:1402,446.45,0.0,124.03,1.78,37.3,21.02,5.52,0.0
20231218:1502,230.35,0.0,71.81,1.03,24.86,21.12,4.76,0.0
20231218:1602,131.6,0.0,46.63,0.67,12.77,21.18,4.48,0.0
20231218:1702,0.0,0.0,0.0,0.0,0.0,20.75,3.52,0.0
20231218:1802,0.0,0.0,0.0,0.0,0.0,20.73,2.55,0.0
20231218:1902,0.0,0.0,0.0,0.0,0.0,19.88,2.62,0.0
20231218:2002,0.0,0.0,0.0,0.0,0.0,19.9,3.1,0.0
20231218:2102,0.0,0.0,0.0,0.0,0.0,19.6,3.59,0.0
20231218:2202,0.0,0.0,0.0,0.0,0.0,19.02,3.45,0.0
20231218:2302,0.0,0.0,0.0,0.0,0.0,18.92,3.24,0.0
20231219:0002,0.0,0.0,0.0,0.0,0.0,18.71,3.17,0.0
20231219:0102,0.0,0.0,0.0,0.0,0.0,18.76,3.03,0.0
20231219:0202,0.0,0.0,0.0,0.0,0.0,18.72,3.03,0.0
20231219:0302,0.0,0.0,0.0,0.0,0.0,18.79,3.1,0.0
20231219:0402,36.55,0.0,19.58,0.28,11.99,19.24,3.1,0.0
20231219:0502,521.75,4.49,137.4,2.02,24.06,20.28,3.24,0.0
20231219:0602,2007.85,296.52,206.31,7.06,36.47,21.16,2.41,0.0
20231219:0702,2509.85,423.17,216.06,9.7,49.05,22.13,1.38,0.0
20231219:0802,2820.25,461.47,259.27,11.39,61.58,22.75,1.86,0.0
20231219:0902,3105.0,545.33,244.86,12.87,73.4,23.19,2.83,0.0
20231219:1002,2415.15,127.67,480.05,9.11,80.59,23.19,4.0,0.0
20231219:1102,1396.6,3.95,348.75,5.08,74.2,22.96,4.62,0.0
20231219:1202,1840.85,47.8,411.14,6.7,62.5,22.54,5.17,0.0
20231219:1302,1325.35,16.19,316.36,4.8,49.99,22.02,5.79,0.0
20231219:1402,476.15,0.0,131.49,1.89,37.4,21.88,6.14,0.0
20231219:1502,544.15,4.41,142.98,2.1,24.97,21.49,6.41,0.0
20231219:1602,612.7,72.2,96.14,1.84,12.87,21.45,6.41,0.0
20231219:1702,0.0,0.0,0.0,0.0,0.0,21.04,6.14,0.0
20231219:1802,0.0,0.0,0.0,0.0,0.0,21.22,6.21,0.0
20231219:1902,0.0,0.0,0.0,0.0,0.0,21.25,6.14,0.0
20231219:2002,0.0,0.0,0.0,0.0,0.0,21.04,6.28,0.0
20231219:2102,0.0,0.0,0.0,0.0,0.0,21.24,6.28,0.0
20231219:2202,0.0,0.0,0.0,0.0,0.0,20.98,6.0,0.0
20231219:2302,0.0,0.0,0.0,0.0,0.0,21.05,5.79,0.0
20231220:0002,0.0,0.0,0.0,0.0,0.0,21.05,5.52,0.0
20231220:0102,0.0,0.0,0.0,0.0,0.0,21.08,5.24,0.0
20231220:0202,0.0,0.0,0.0,0.0,0.0,21.17,4.9,0.0
20231220:0302,0.0,0.0,0.0,0.0,0.0,21.05,4.55,0.0
20231220:0402,24.85,0.0,15.85,0.23,11.91,21.09,4.34,0.0
20231220:0502,289.55,0.0,86.73,1.25,23.97,22.14,5.1,0.0
20231220:0602,2260.25,441.08,120.84,7.92,36.38,22.76,4.83,0.0
20231220:0702,2726.8,556.37,125.66,10.5,48.96,24.15,4.41,0.0
20231220:0802,3059.0,645.42,128.62,12.55,61.49,25.44,4.14,0.0
20231220:0902,3286.4,712.34,123.29,13.95,73.32,25.9,4.28,0.0
20231220:1002,3363.35,733.3,123.34,14.43,80.6,26.42,4.55,0.0
20231220:1102,3307.85,715.19,124.04,14.03,74.29,26.44,4.9,0.0
20231220:1202,3091.55,659.43,123.68,12.75,62.6,26.03,4.41,0.0
20231220:1302,2762.6,579.37,117.58,10.81,50.1,25.75,4.34,0.0
20231220:1402,1287.7,51.27,278.23,4.7,37.51,24.71,3.52,0.0
20231220:1502,403.15,0.0,115.64,1.66,25.08,24.26,2.62,0.0
20231220:1602,705.9,99.02,96.51,2.02,12.98,24.14,2.34,0.0
20231220:1702,0.0,0.0,0.0,0.0,0.0,22.57,1.52,0.0
20231220:1802,0.0,0.0,0.0,0.0,0.0,21.55,1.79,0.0
20231220:1902,0.0,0.0,0.0,0.0,0.0,21.79,2.34,0.0
20231220:2002,0.0,0.0,0.0,0.0,0.0,21.25,2.97,0.0
20231220:2102,0.0,0.0,0.0,0.0,0.0,21.28,3.72,0.0
20231220:2202,0.0,0.0,0.0,0.0,0.0,20.85,4.69,0.0
20231220:2302,0.0,0.0,0.0,0.0,0.0,20.13,4.62,0.0
20231221:0002,0.0,0.0,0.0,0.0,0.0,19.87,4.28,0.0
20231221:0102,0.0,0.0,0.0,0.0,0.0,19.69,4.21,0.0
20231221:0202,0.0,0.0,0.0,0.0,0.0,19.62,4.48,0.0
20231221:0302,0.0,0.0,0.0,0.0,0.0,19.72,4.83,0.0
20231221:0402,67.3,0.0,28.91,0.42,11.82,20.35,5.66,0.0
20231221:0502,574.55,7.9,147.02,2.2,23.88,21.61,5.17,0.0
20231221:0602,1326.9,59.44,273.22,4.73,36.29,21.99,5.66,0.0
20231221:0702,1672.6,63.48,353.6,6.06,48.87,22.61,5.38,0.0
20231221:0802,792.45,0.0,207.97,2.99,61.39,23.48,5.17,0.0
20231221:0902,1555.8,10.28,381.33,5.65,73.24,23.59,5.38,0.0
20231221:1002,809.8,0.0,211.7,3.04,80.6,23.27,5.79,0.0
20231221:1102,1866.45,33.15,433.27,6.79,74.38,23.28,5.72,0.0
20231221:1202,2537.5,232.46,397.9,9.58,62.7,23.04,5.59,0.0
20231221:1302,1547.85,40.03,347.49,5.61,50.2,22.45,4.83,0.0
20231221:1402,490.35,0.0,135.22,1.94,37.61,22.04,4.21,0.0
20231221:1502,389.7,0.0,110.98,1.59,25.18,21.71,3.86,0.0
20231221:1602,253.45,4.77,73.31,1.09,13.07,21.63,3.38,0.0
20231221:1702,0.0,0.0,0.89,0.01,1.51,21.11,2.97,0.0
20231221:1802,0.0,0.0,0.0,0.0,0.0,21.04,2.83,0.0
20231221:1902,0.0,0.0,0.0,0.0,0.0,21.05,3.03,0.0
20231221:2002,0.0,0.0,0.0,0.0,0.0,21.0,3.17,0.0
20231221:2102,0.0,0.0,0.0,0.0,0.0,20.97,3.38,0.0
20231221:2202,0.0,0.0,0.0,0.0,0.0,20.78,3.59,0.0
20231221:2302,0.0,0.0,0.0,0.0,0.0,20.82,3.72,0.0
20231222:0002,0.0,0.0,0.0,0.0,0.0,20.7,3.86,0.0
20231222:0102,0.0,0.0,0.0,0.0,0.0,20.79,4.0,0.0
20231222:0202,0.0,0.0,0.0,0.0,0.0,20.65,4.21,0.0
20231222:0302,0.0,0.0,0.0,0.0,0.0,20.82,4.41,0.0
20231222:0402,17.0,0.0,13.06,0.19,11.73,20.89,4.55,0.0
20231222:0502,301.35,0.0,89.53,1.29,23.78,21.95,5.66,0.0
20231222:0602,929.8,10.39,228.9,3.43,36.19,22.8,6.55,0.0
20231222:0702,968.0,1.72,247.16,3.58,48.77,23.52,7.59,0.0
20231222:0802,1341.15,6.51,331.99,4.88,61.3,24.28,8.14,0.0
20231222:0902,1878.6,37.17,432.31,6.85,73.16,25.01,8.48,0.0
20231222:1002,1880.75,31.34,439.74,6.86,80.6,25.3,8.28,0.0
20231222:1102,2913.8,348.87,375.22,11.39,74.46,25.56,8.48,0.0
20231222:1202,3045.9,563.6,189.03,12.11,62.8,25.99,9.1,0.0
20231222:1302,2326.45,258.78,316.68,8.59,50.3,25.25,9.1,0.0
20231222:1402,1265.0,44.67,274.17,4.56,37.71,23.94,9.03,0.0
20231222:1502,1257.0,131.76,185.69,4.13,25.27,22.83,8.97,0.0
20231222:1602,202.35,1.58,63.58,0.92,13.17,22.33,7.03,0.0
20231222:1702,0.0,0.0,0.89,0.01,1.59,21.91,7.45,0.0
20231222:1802,0.0,0.0,0.0,0.0,0.0,22.27,8.97,0.0
20231222:1902,0.0,0.0,0.0,0.0,0.0,22.19,8.34,0.0
20231222:2002,0.0,0.0,0.0,0.0,0.0,22.32,7.31,0.0
20231222:2102,0.0,0.0,0.0,0.0,0.0,22.81,6.0,0.0
20231222:2202,0.0,0.0,0.0,0.0,0.0,24.67,3.59,0.0
20231222:2302,0.0,0.0,0.0,0.0,0.0,25.08,2.97,0.0
20231223:0002,0.0,0.0,0.0,0.0,0.0,22.92,3.52,0.0
20231223:0102,0.0,0.0,0.0,0.0,0.0,22.5,2.14,0.0
20231223:0202,0.0,0.0,0.0,0.0,0.0,23.56,0.97,0.0
20231223:0302,0.0,0.0,0.0,0.0,0.0,23.51,3.38,0.0
20231223:0402,563.25,72.11,86.27,1.65,11.63,22.93,5.59,0.0
20231223:0502,1458.3,239.0,134.69,4.56,23.68,24.43,5.03,0.0
20231223:0602,2134.25,402.72,136.6,7.57,36.09,25.51,4.28,0.0
20231223:0702,2636.3,539.3,128.78,10.26,48.67,26.37,4.0,0.0
20231223:0802,2968.6,618.39,138.25,12.23,61.2,27.03,4.07,0.0
20231223:0902,3196.75,685.79,131.89,13.61,73.07,27.03,4.07,0.0
20231223:1002,3296.95,695.76,140.1,14.03,80.58,26.45,4.97,0.0
20231223:1102,3058.35,505.85,268.57,12.55,74.54,26.32,5.1,0.0
20231223:1202,2726.25,367.5,318.93,10.7,62.89,25.76,5.24,0.0
20231223:1302,1344.25,19.57,321.99,4.93,50.4,24.6,5.24,0.0
20231223:1402,183.2,0.0,60.62,0.87,37.81,23.86,4.62,0.0
20231223:1502,158.3,0.0,54.09,0.78,25.37,23.39,3.86,0.0
20231223:1602,116.45,0.0,42.9,0.62,13.26,22.81,3.38,0.0
20231223:1702,0.0,0.0,0.89,0.01,1.68,22.39,2.97,0.0
20231223:1802,0.0,0.0,0.0,0.0,0.0,22.31,2.41,0.0
20231223:1902,0.0,0.0,0.0,0.0,0.0,22.43,2.21,0.0
20231223:2002,0.0,0.0,0.0,0.0,0.0,22.41,3.1,0.0
20231223:2102,0.0,0.0,0.0,0.0,0.0,22.13,2.83,0.0
20231223:2202,0.0,0.0,0.0,0.0,0.0,21.12,2.62,0.0
20231223:2302,0.0,0.0,0.0,0.0,0.0,20.82,3.38,0.0
20231224:0002,0.0,0.0,0.0,0.0,0.0,20.74,3.59,0.0
20231224:0102,0.0,0.0,0.0,0.0,0.0,20.75,4.21,0.0
20231224:0202,0.0,0.0,0.0,0.0,0.0,20.66,4.62,0.0
20231224:0302,0.0,0.0,0.0,0.0,0.0,20.44,4.41,0.0
20231224:0402,125.0,0.0,44.76,0.64,11.53,20.42,4.07,0.0
20231224:0502,302.9,0.0,89.53,1.29,23.58,20.64,3.93,0.0
20231224:0602,819.95,4.73,207.21,3.04,35.98,20.58,4.55,0.0
20231224:0702,1716.45,75.6,349.16,6.18,48.56,20.54,4.48,0.0
20231224:0802,500.85,0.0,137.09,1.97,61.1,20.94,4.14,0.0
20231224:0902,1319.65,2.37,328.25,4.76,72.98,20.74,4.62,0.0
20231224:1002,1598.55,10.97,392.48,5.83,80.56,23.12,3.86,0.0
20231224:1102,2532.9,188.56,447.8,9.67,74.62,22.86,3.86,0.0
20231224:1202,1399.8,8.9,345.03,5.1,62.98,22.72,3.79,0.0
20231224:1302,273.65,0.0,83.0,1.19,50.49,22.47,3.93,0.0
20231224:1402,266.25,0.0,81.13,1.17,37.9,22.32,3.79,0.0
20231224:1502,152.9,0.0,52.22,0.75,25.46,21.17,3.31,0.0
20231224:1602,76.7,0.0,31.71,0.46,13.34,21.19,2.55,0.0
20231224:1702,0.0,0.0,0.89,0.01,1.76,20.73,2.14,0.0
20231224:1802,0.0,0.0,0.0,0.0,0.0,20.83,1.93,0.0
20231224:1902,0.0,0.0,0.0,0.0,0.0,20.73,2.07,0.0
20231224:2002,0.0,0.0,0.0,0.0,0.0,20.71,2.55,0.0
20231224:2102,0.0,0.0,0.0,0.0,0.0,20.65,3.03,0.0
20231224:2202,0.0,0.0,0.0,0.0,0.0,20.36,2.9,0.0
20231224:2302,0.0,0.0,0.0,0.0,0.0,20.22,3.1,0.0
20231225:0002,0.0,0.0,0.0,0.0,0.0,20.31,3.24,0.0
20231225:0102,0.0,0.0,0.0,0.0,0.0,20.35,3.03,0.0
20231225:0202,0.0,0.0,0.0,0.0,0.0,20.15,2.9,0.0
20231225:0302,0.0,0.0,0.0,0.0,0.0,20.16,2.9,0.0
20231225:0402,17.05,0.0,13.06,0.19,11.43,20.27,3.03,0.0
20231225:0502,73.7,0.0,30.78,0.44,23.48,20.62,3.17,0.0
20231225:0602,197.35,0.0,63.42,0.91,35.88,20.38,2.97,0.0
20231225:0702,415.5,0.0,116.57,1.67,48.46,20.14,2.69,0.0
20231225:0802,657.75,0.0,174.39,2.51,60.99,20.65,2.9,0.0
20231225:0902,685.5,0.0,180.92,2.6,72.88,20.69,3.1,0.0
20231225:1002,661.7,0.0,175.33,2.52,80.52,20.93,3.52,0.0
20231225:1102,541.65,0.0,146.42,2.1,74.68,20.31,3.93,0.0
20231225:1202,467.55,0.0,128.7,1.85,63.07,20.16,4.55,0.0
20231225:1302,704.6,0.0,184.65,2.65,50.58,20.38,4.69,0.0
20231225:1402,258.05,0.0,78.34,1.13,37.99,20.14,4.9,0.0
20231225:1502,239.65,0.0,73.67,1.06,25.54,19.68,5.03,0.0
20231225:1602,256.15,4.68,73.27,1.09,13.43,19.67,6.48,0.0
20231225:1702,0.0,0.0,0.89,0.01,1.83,19.54,6.28,0.0
20231225:1802,0.0,0.0,0.0,0.0,0.0,19.46,5.59,0.0
20231225:1902,0.0,0.0,0.0,0.0,0.0,19.29,5.24,0.0
20231225:2002,0.0,0.0,0.0,0.0,0.0,19.18,5.38,0.0
20231225:2102,0.0,0.0,0.0,0.0,0.0,18.9,5.45,0.0
20231225:2202,0.0,0.0,0.0,0.0,0.0,18.31,5.45,0.0
20231225:2302,0.0,0.0,0.0,0.0,0.0,18.22,4.9,0.0
20231226:0002,0.0,0.0,0.0,0.0,0.0,18.16,4.48,0.0
20231226:0102,0.0,0.0,0.0,0.0,0.0,18.2,4.14,0.0
20231226:0202,0.0,0.0,0.0,0.0,0.0,18.29,3.72,0.0
20231226:0302,0.0,0.0,0.0,0.0,0.0,18.01,3.86,0.0
20231226:0402,234.1,6.98,65.27,0.98,11.32,17.63,4.83,0.0
20231226:0502,229.9,0.0,70.88,1.02,23.37,18.26,4.41,0.0
20231226:0602,355.8,0.0,101.65,1.46,35.77,19.15,4.34,0.0
20231226:0702,541.5,0.0,145.48,2.09,48.35,19.23,5.17,0.0
20231226:0802,771.75,0.0,199.57,2.87,60.88,19.8,5.86,0.0
20231226:0902,934.05,0.0,236.88,3.4,72.77,19.27,6.0,0.0
20231226:1002,646.8,0.0,169.73,2.44,80.48,19.1,6.69,0.0
20231226:1102,577.85,0.0,153.88,2.21,74.74,19.2,5.72,0.0
20231226:1202,772.35,0.0,199.57,2.87,63.15,19.42,5.17,0.0
20231226:1302,402.65,0.0,112.84,1.62,50.67,19.28,4.69,0.0
20231226:1402,262.9,0.0,79.27,1.14,38.07,19.3,4.69,0.0
20231226:1502,336.6,0.0,96.99,1.39,25.63,18.98,4.28,0.0
20231226:1602,268.05,4.66,76.08,1.13,13.5,18.95,3.93,0.0
20231226:1702,0.0,0.0,0.89,0.01,1.91,18.69,3.86,0.0
20231226:1802,0.0,0.0,0.0,0.0,0.0,18.71,4.14,0.0
20231226:1902,0.0,0.0,0.0,0.0,0.0,18.5,4.28,0.0
20231226:2002,0.0,0.0,0.0,0.0,0.0,18.25,4.34,0.0
20231226:2102,0.0,0.0,0.0,0.0,0.0,18.16,4.34,0.0
20231226:2202,0.0,0.0,0.0,0.0,0.0,17.81,4.21,0.0
20231226:2302,0.0,0.0,0.0,0.0,0.0,17.74,4.21,0.0
20231227:0002,0.0,0.0,0.0,0.0,0.0,17.58,4.55,0.0
20231227:0102,0.0,0.0,0.0,0.0,0.0,17.48,4.97,0.0
20231227:0202,0.0,0.0,0.0,0.0,0.0,17.57,5.31,0.0
20231227:0302,0.0,0.0,0.0,0.0,0.0,17.66,5.31,0.0
20231227:0402,17.4,0.0,13.06,0.19,11.21,17.51,5.59,0.0
20231227:0502,497.85,3.42,130.81,1.92,23.25,17.56,6.07,0.0
20231227:0602,622.3,0.0,163.2,2.34,35.65,17.9,6.55,0.0
20231227:0702,1644.8,52.43,347.85,5.8,48.23,18.07,6.76,0.0
20231227:0802,1883.35,50.45,407.48,6.69,60.77,18.72,7.17,0.0
20231227:0902,1740.95,18.97,406.41,6.16,72.67,19.08,7.24,0.0
20231227:1002,630.5,0.0,166.0,2.38,80.43,19.4,7.72,0.0
20231227:1102,597.85,0.0,158.54,2.28,74.8,19.61,7.72,0.0
20231227:1202,875.95,0.0,222.89,3.2,63.23,19.36,7.86,0.0
20231227:1302,553.85,0.0,148.28,2.13,50.75,19.63,7.79,0.0
20231227:1402,274.8,0.0,82.07,1.18,38.16,19.39,7.86,0.0
20231227:1502,460.35,1.09,125.03,1.81,25.71,19.15,8.0,0.0
20231227:1602,381.95,18.57,90.15,1.42,13.58,18.91,7.59,0.0
20231227:1702,0.0,0.0,1.78,0.03,1.97,18.86,7.45,0.0
20231227:1802,0.0,0.0,0.0,0.0,0.0,18.63,6.83,0.0
20231227:1902,0.0,0.0,0.0,0.0,0.0,18.6,6.76,0.0
20231227:2002,0.0,0.0,0.0,0.0,0.0,18.72,6.55,0.0
20231227:2102,0.0,0.0,0.0,0.0,0.0,19.02,6.55,0.0
20231227:2202,0.0,0.0,0.0,0.0,0.0,18.56,5.93,0.0
20231227:2302,0.0,0.0,0.0,0.0,0.0,18.3,5.59,0.0
20231228:0002,0.0,0.0,0.0,0.0,0.0,18.21,5.66,0.0
20231228:0102,0.0,0.0,0.0,0.0,0.0,18.38,5.52,0.0
20231228:0202,0.0,0.0,0.0,0.0,0.0,18.27,5.38,0.0
20231228:0302,0.0,0.0,0.0,0.0,0.0,18.84,5.45,0.0
20231228:0402,48.75,0.0,23.31,0.33,11.1,18.86,5.79,0.0
20231228:0502,811.1,37.69,171.35,2.85,23.14,19.76,7.24,0.0
20231228:0602,1695.35,156.47,258.69,5.83,35.54,20.31,7.79,0.0
20231228:0702,1408.05,25.79,322.17,5.02,48.12,20.44,8.07,0.0
20231228:0802,776.8,0.0,201.44,2.89,60.65,21.16,8.07,0.0
20231228:0902,1830.6,28.45,422.15,6.55,72.55,21.71,8.69,0.0
20231228:1002,2023.95,43.02,453.51,7.26,80.37,21.71,9.17,0.0
20231228:1102,2283.1,90.54,466.9,8.27,74.85,21.59,9.72,0.0
20231228:1202,1506.4,12.91,359.93,5.39,63.3,21.73,9.45,0.0
20231228:1302,1132.5,5.08,279.83,4.1,50.83,21.82,9.52,0.0
20231228:1402,927.4,7.39,229.66,3.4,38.23,21.89,9.03,0.0
20231228:1502,783.5,23.86,179.96,2.85,25.78,21.94,8.69,0.0
20231228:1602,383.2,20.03,90.32,1.43,13.65,21.76,8.34,0.0
20231228:1702,0.0,0.0,2.67,0.04,2.03,21.22,8.21,0.0
20231228:1802,0.0,0.0,0.0,0.0,0.0,21.25,8.14,0.0
20231228:1902,0.0,0.0,0.0,0.0,0.0,21.02,7.79,0.0
20231228:2002,0.0,0.0,0.0,0.0,0.0,20.91,7.38,0.0
20231228:2102,0.0,0.0,0.0,0.0,0.0,20.86,7.1,0.0
20231228:2202,0.0,0.0,0.0,0.0,0.0,20.62,6.62,0.0
20231228:2302,0.0,0.0,0.0,0.0,0.0,20.64,6.69,0.0
20231229:0002,0.0,0.0,0.0,0.0,0.0,20.47,6.69,0.0
20231229:0102,0.0,0.0,0.0,0.0,0.0,20.48,7.17,0.0
20231229:0202,0.0,0.0,0.0,0.0,0.0,20.31,7.66,0.0
20231229:0302,0.0,0.0,0.0,0.0,0.0,20.53,7.59,0.0
20231229:0402,356.85,28.41,76.2,1.25,10.98,20.61,7.79,0.0
20231229:0502,196.9,0.0,63.42,0.91,23.02,21.4,8.07,0.0
20231229:0602,306.4,0.0,90.46,1.3,35.42,21.6,9.86,0.0
20231229:0702,556.35,0.0,150.15,2.16,48.0,21.93,9.79,0.0
20231229:0802,1588.35,22.77,371.14,5.71,60.53,22.81,9.66,0.0
20231229:0902,1187.7,0.79,299.35,4.31,72.44,23.33,9.24,0.0
20231229:1002,1252.9,0.78,316.14,4.56,80.31,24.08,8.76,0.0
20231229:1102,1692.7,18.88,404.52,6.14,74.89,24.78,9.1,0.0
20231229:1202,1763.15,37.89,401.78,6.4,63.37,24.81,9.59,0.0
20231229:1302,1543.95,38.92,347.39,5.6,50.9,24.64,9.52,0.0
20231229:1402,1140.3,26.75,263.04,4.15,38.31,24.3,9.24,0.0
20231229:1502,676.5,12.98,166.92,2.55,25.85,23.57,8.69,0.0
20231229:1602,869.65,142.64,91.47,2.33,13.71,23.24,8.28,0.0
20231229:1702,0.0,0.0,4.46,0.07,2.09,22.71,8.07,0.0
20231229:1802,0.0,0.0,0.0,0.0,0.0,22.56,7.66,0.0
20231229:1902,0.0,0.0,0.0,0.0,0.0,22.57,6.97,0.0
20231229:2002,0.0,0.0,0.0,0.0,0.0,22.29,6.9,0.0
20231229:2102,0.0,0.0,0.0,0.0,0.0,22.18,6.62,0.0
20231229:2202,0.0,0.0,0.0,0.0,0.0,21.73,5.79,0.0
20231229:2302,0.0,0.0,0.0,0.0,0.0,21.74,5.38,0.0
20231230:0002,0.0,0.0,0.0,0.0,0.0,21.43,5.72,0.0
20231230:0102,0.0,0.0,0.0,0.0,0.0,21.26,5.72,0.0
20231230:0202,0.0,0.0,0.0,0.0,0.0,20.98,5.24,0.0
20231230:0302,0.0,0.0,0.0,0.0,0.0,20.66,4.55,0.0
20231230:0402,14.5,0.0,12.12,0.17,10.86,20.94,4.14,0.0
20231230:0502,185.1,0.0,60.62,0.87,22.9,21.77,3.93,0.0
20231230:0602,561.55,0.0,152.01,2.18,35.3,21.96,4.83,0.0
20231230:0702,455.55,0.0,126.83,1.82,47.88,22.24,5.72,0.0
20231230:0802,541.4,0.0,148.28,2.13,60.41,23.88,5.93,0.0
20231230:0902,1326.8,3.16,334.77,4.86,72.32,25.27,6.28,0.0
20231230:1002,2842.0,308.59,402.9,11.16,80.23,25.54,6.83,0.0
20231230:1102,1819.65,32.23,426.71,6.69,74.93,26.04,7.1,0.0
20231230:1202,1015.75,0.0,262.99,3.78,63.44,25.86,7.66,0.0
20231230:1302,1919.2,115.77,363.14,7.03,50.97,25.35,8.07,0.0
20231230:1402,398.3,0.0,113.77,1.63,38.38,23.93,7.72,0.0
20231230:1502,137.4,0.0,48.49,0.7,25.92,23.19,7.59,0.0
20231230:1602,169.7,0.0,56.89,0.82,13.77,22.97,7.17,0.0
20231230:1702,0.0,0.0,4.46,0.07,2.14,22.64,6.83,0.0
20231230:1802,0.0,0.0,0.0,0.0,0.0,22.19,6.69,0.0
20231230:1902,0.0,0.0,0.0,0.0,0.0,22.12,7.03,0.0
20231230:2002,0.0,0.0,0.0,0.0,0.0,21.86,7.17,0.0
20231230:2102,0.0,0.0,0.0,0.0,0.0,22.01,6.76,0.0
20231230:2202,0.0,0.0,0.0,0.0,0.0,21.58,6.28,0.0
20231230:2302,0.0,0.0,0.0,0.0,0.0,21.57,6.76,0.0
20231231:0002,0.0,0.0,0.0,0.0,0.0,21.57,6.0,0.0
20231231:0102,0.0,0.0,0.0,0.0,0.0,21.63,4.28,0.0
20231231:0202,0.0,0.0,0.0,0.0,0.0,21.4,2.76,0.0
20231231:0302,0.0,0.0,0.0,0.0,0.0,21.49,2.28,0.0
20231231:0402,12.0,0.0,11.19,0.16,10.73,21.48,2.28,0.0
20231231:0502,66.55,0.0,28.91,0.42,22.77,22.12,1.72,0.0
20231231:0602,253.8,0.0,78.34,1.13,35.18,22.5,0.9,0.0
20231231:0702,414.8,0.0,118.44,1.7,47.76,23.31,0.69,0.0
20231231:0802,564.15,0.0,155.74,2.24,60.29,25.01,1.17,0.0
20231231:0902,1050.85,0.0,274.18,3.94,72.19,25.12,2.14,0.0
20231231:1002,3118.55,567.52,231.43,13.2,80.14,24.23,2.69,0.0
20231231:1102,2894.75,403.7,334.71,11.79,74.96,24.23,2.97,0.0
20231231:1202,2989.15,599.39,156.85,12.31,63.5,24.51,3.52,0.0
20231231:1302,2279.5,262.45,313.17,8.64,51.04,23.82,2.97,0.0
20231231:1402,1947.85,265.63,228.02,7.05,38.45,23.68,2.34,0.0
20231231:1502,724.4,18.3,174.79,2.72,25.98,23.6,2.41,0.0
20231231:1602,526.9,48.65,99.92,1.77,13.83,23.48,1.59,0.0
20231231:1702,0.0,0.0,1.78,0.03,2.19,23.03,0.34,0.0
20231231:1802,0.0,0.0,0.0,0.0,0.0,22.6,0.34,0.0
20231231:1902,0.0,0.0,0.0,0.0,0.0,22.92,0.48,0.0
20231231:2002,0.0,0.0,0.0,0.0,0.0,22.92,0.69,0.0
20231231:2102,0.0,0.0,0.0,0.0,0.0,22.49,1.24,0.0
20231231:2202,0.0,0.0,0.0,0.0,0.0,21.57,1.17,0.0
20231231:2302,0.0,0.0,0.0,0.0,0.0,21.37,2.07,0.0
