Latitude (decimal degrees):	-27.431
Longitude (decimal degrees):	32.066
Elevation (m):	255
Radiation database:	PVGIS-SARAH3


Slope: 45 deg. 
Azimuth: 0 deg. 
time,G(i),H_sun,T2m,WS10m,Int
20230101:0003,0.0,0.0,19.39,0.97,0.0
20230101:0103,0.0,0.0,19.52,0.9,0.0
20230101:0203,0.0,0.0,19.7,0.9,0.0
20230101:0303,0.0,0.0,19.49,0.97,0.0
20230101:0403,77.92,12.01,19.97,0.9,0.0
20230101:0503,442.71,24.74,20.9,1.24,0.0
20230101:0603,271.48,37.77,21.59,1.52,0.0
20230101:0703,447.07,51.0,23.35,1.93,0.0
20230101:0803,427.11,64.31,24.18,1.66,0.0
20230101:0903,488.64,77.41,25.13,1.45,0.0
20230101:1003,508.34,85.23,25.36,1.31,0.0
20230101:1103,522.88,74.04,25.54,1.66,0.0
20230101:1203,239.91,60.83,26.0,1.72,0.0
20230101:1303,599.64,47.53,25.11,3.03,0.0
20230101:1403,177.5,34.34,24.51,3.52,0.0
20230101:1503,216.16,21.37,23.71,3.31,0.0
20230101:1603,190.37,8.75,22.73,2.69,0.0
20230101:1703,0.0,0.0,21.38,1.86,0.0
20230101:1803,0.0,0.0,20.39,1.17,0.0
20230101:1903,0.0,0.0,20.29,0.28,0.0
20230101:2003,0.0,0.0,19.76,0.62,0.0
20230101:2103,0.0,0.0,19.16,0.69,0.0
20230101:2203,0.0,0.0,18.76,0.76,0.0
20230101:2303,0.0,0.0,18.47,0.76,0.0
20230102:0003,0.0,0.0,18.29,0.69,0.0
20230102:0103,0.0,0.0,17.87,0.83,0.0
20230102:0203,0.0,0.0,17.14,1.03,0.0
20230102:0303,0.0,0.0,16.76,1.1,0.0
20230102:0403,254.65,11.88,18.12,0.69,0.0
20230102:0503,442.12,24.61,20.59,0.83,0.0
20230102:0603,568.76,37.65,22.54,1.45,0.0
20230102:0703,672.1,50.88,24.09,0.9,0.0
20230102:0803,748.09,64.19,25.71,1.38,0.0
20230102:0903,757.94,77.29,27.06,1.86,0.0
20230102:1003,772.78,85.19,28.11,1.86,0.0
20230102:1103,734.9,74.11,28.89,1.66,0.0
20230102:1203,606.06,60.9,29.38,1.59,0.0
20230102:1303,571.47,47.6,29.42,2.07,0.0
20230102:1403,487.79,34.41,28.96,2.83,0.0
20230102:1503,377.86,21.43,27.67,3.66,0.0
20230102:1603,225.69,8.8,25.75,3.52,0.0
20230102:1703,0.0,0.0,23.72,2.76,0.0
20230102:1803,0.0,0.0,22.39,1.66,0.0
20230102:1903,0.0,0.0,21.65,1.1,0.0
20230102:2003,0.0,0.0,21.44,0.76,0.0
20230102:2103,0.0,0.0,21.45,0.62,0.0
20230102:2203,0.0,0.0,20.8,0.83,0.0
20230102:2303,0.0,0.0,20.07,1.1,0.0
20230103:0003,0.0,0.0,20.06,1.17,0.0
20230103:0103,0.0,0.0,20.18,1.1,0.0
20230103:0203,0.0,0.0,20.3,0.97,0.0
20230103:0303,0.0,0.0,20.52,0.76,0.0
20230103:0403,262.8,11.75,20.47,0.83,0.0
20230103:0503,435.46,24.48,22.71,1.38,0.0
20230103:0603,541.25,37.52,24.3,1.86,0.0
20230103:0703,604.58,50.76,26.45,2.28,0.0
20230103:0803,703.36,64.06,27.83,2.55,0.0
20230103:0903,720.52,77.15,29.18,2.83,0.0
20230103:1003,764.01,85.14,30.29,3.1,0.0
20230103:1103,718.58,74.18,31.06,3.45,0.0
20230103:1203,688.27,60.98,31.14,3.72,0.0
20230103:1303,559.41,47.67,30.77,4.14,0.0
20230103:1403,389.88,34.47,29.54,4.55,0.0
20230103:1503,301.25,21.49,28.11,4.41,0.0
20230103:1603,46.06,8.85,26.37,3.86,0.0
20230103:1703,0.0,0.0,24.9,2.55,0.0
20230103:1803,0.0,0.0,23.94,2.0,0.0
20230103:1903,0.0,0.0,23.33,1.66,0.0
20230103:2003,0.0,0.0,22.64,1.38,0.0
20230103:2103,0.0,0.0,22.05,1.17,0.0
20230103:2203,0.0,0.0,21.66,1.17,0.0
20230103:2303,0.0,0.0,21.45,1.24,0.0
20230104:0003,0.0,0.0,21.42,1.31,0.0
20230104:0103,0.0,0.0,21.67,1.31,0.0
20230104:0203,0.0,0.0,21.78,1.38,0.0
20230104:0303,0.0,0.0,21.85,1.38,0.0
20230104:0403,127.12,11.61,22.29,2.0,0.0
20230104:0503,392.46,24.35,23.48,2.9,0.0
20230104:0603,538.42,37.4,25.06,3.24,0.0
20230104:0703,629.4,50.63,27.15,3.1,0.0
20230104:0803,723.43,63.94,29.39,3.17,0.0
20230104:0903,756.4,77.02,30.9,2.9,0.0
20230104:1003,762.68,85.07,31.78,2.62,0.0
20230104:1103,736.04,74.23,32.52,2.21,0.0
20230104:1203,693.32,61.05,33.17,1.86,0.0
20230104:1303,614.81,47.74,33.33,2.14,0.0
20230104:1403,93.5,34.54,32.65,2.76,0.0
20230104:1503,127.6,21.55,31.47,3.03,0.0
20230104:1603,61.52,8.9,29.29,3.24,0.0
20230104:1703,0.0,0.0,26.95,2.76,0.0
20230104:1803,0.0,0.0,25.4,2.14,0.0
20230104:1903,0.0,0.0,24.7,1.66,0.0
20230104:2003,0.0,0.0,24.02,1.45,0.0
20230104:2103,0.0,0.0,23.62,1.45,0.0
20230104:2203,0.0,0.0,23.31,1.59,0.0
20230104:2303,0.0,0.0,23.29,1.66,0.0
20230105:0003,0.0,0.0,23.26,1.52,0.0
20230105:0103,0.0,0.0,23.29,1.59,0.0
20230105:0203,0.0,0.0,23.13,2.21,0.0
20230105:0303,0.0,0.0,22.88,2.55,0.0
20230105:0403,11.47,11.48,22.82,2.76,0.0
20230105:0503,29.11,24.22,22.95,2.97,0.0
20230105:0603,170.27,37.27,23.13,3.03,0.0
20230105:0703,378.24,50.51,24.71,3.38,0.0
20230105:0803,544.89,63.81,25.44,2.9,0.0
20230105:0903,520.38,76.89,26.2,2.55,0.0
20230105:1003,537.11,84.99,26.29,2.0,0.0
20230105:1103,386.31,74.29,25.82,1.66,0.0
20230105:1203,284.45,61.11,25.79,1.86,0.0
20230105:1303,164.94,47.81,26.18,2.69,0.0
20230105:1403,185.59,34.6,25.82,2.97,0.0
20230105:1503,91.73,21.6,25.14,2.76,0.0
20230105:1603,65.08,8.94,24.49,2.69,0.0
20230105:1703,0.0,0.0,23.69,2.9,0.0
20230105:1803,0.0,0.0,23.02,2.83,0.0
20230105:1903,0.0,0.0,23.39,2.41,0.0
20230105:2003,0.0,0.0,23.09,2.14,0.0
20230105:2103,0.0,0.0,22.73,1.86,0.0
20230105:2203,0.0,0.0,22.28,1.79,0.0
20230105:2303,0.0,0.0,21.88,1.79,0.0
20230106:0003,0.0,0.0,21.59,1.79,0.0
20230106:0103,0.0,0.0,21.23,1.93,0.0
20230106:0203,0.0,0.0,21.11,2.21,0.0
20230106:0303,0.0,0.0,21.01,2.76,0.0
20230106:0403,11.47,11.34,20.95,3.93,0.0
20230106:0503,29.11,24.09,19.95,5.03,0.0
20230106:0603,78.5,37.14,19.28,5.59,0.0
20230106:0703,119.96,50.38,19.46,5.1,0.0
20230106:0803,164.06,63.69,19.77,5.52,0.0
20230106:0903,442.43,76.75,20.14,6.55,0.0
20230106:1003,390.35,84.91,20.2,5.79,0.0
20230106:1103,252.26,74.34,20.22,5.1,0.0
20230106:1203,189.64,61.17,20.47,5.72,0.0
20230106:1303,209.92,47.87,20.08,4.97,0.0
20230106:1403,68.8,34.65,19.77,4.34,0.0
20230106:1503,59.98,21.65,19.73,4.55,0.0
20230106:1603,85.26,8.98,19.53,5.17,0.0
20230106:1703,0.0,0.0,19.11,4.83,0.0
20230106:1803,0.0,0.0,18.95,4.62,0.0
20230106:1903,0.0,0.0,19.09,4.83,0.0
20230106:2003,0.0,0.0,18.9,4.76,0.0
20230106:2103,0.0,0.0,18.79,4.76,0.0
20230106:2203,0.0,0.0,18.65,4.76,0.0
20230106:2303,0.0,0.0,18.37,4.76,0.0
20230107:0003,0.0,0.0,18.07,4.76,0.0
20230107:0103,0.0,0.0,17.95,4.69,0.0
20230107:0203,0.0,0.0,17.89,4.62,0.0
20230107:0303,0.0,0.0,17.81,4.55,0.0
20230107:0403,74.83,11.2,18.03,3.72,0.0
20230107:0503,65.27,23.95,18.7,5.03,0.0
20230107:0603,194.18,37.01,19.37,6.14,0.0
20230107:0703,344.02,50.25,21.24,6.83,0.0
20230107:0803,537.52,63.56,21.58,6.21,0.0
20230107:0903,420.57,76.61,21.92,6.48,0.0
20230107:1003,516.74,84.81,21.79,6.21,0.0
20230107:1103,602.39,74.38,21.95,5.66,0.0
20230107:1203,683.64,61.23,22.05,5.24,0.0
20230107:1303,261.53,47.93,22.64,5.38,0.0
20230107:1403,157.0,34.71,23.17,5.52,0.0
20230107:1503,375.92,21.69,22.36,4.76,0.0
20230107:1603,200.45,9.01,21.53,4.0,0.0
20230107:1703,0.0,0.0,20.48,3.59,0.0
20230107:1803,0.0,0.0,19.53,3.17,0.0
20230107:1903,0.0,0.0,19.06,2.76,0.0
20230107:2003,0.0,0.0,18.47,2.34,0.0
20230107:2103,0.0,0.0,18.05,2.07,0.0
20230107:2203,0.0,0.0,17.43,1.86,0.0
20230107:2303,0.0,0.0,17.11,1.86,0.0
20230108:0003,0.0,0.0,16.41,1.93,0.0
20230108:0103,0.0,0.0,15.87,2.0,0.0
20230108:0203,0.0,0.0,15.55,1.93,0.0
20230108:0303,0.0,0.0,14.98,1.79,0.0
20230108:0403,99.78,11.06,15.89,1.31,0.0
20230108:0503,394.2,23.81,19.87,1.38,0.0
20230108:0603,503.43,36.88,21.77,2.21,0.0
20230108:0703,571.18,50.13,23.38,2.28,0.0
20230108:0803,697.46,63.43,25.01,2.28,0.0
20230108:0903,667.89,76.47,25.61,2.0,0.0
20230108:1003,623.76,84.7,26.52,2.0,0.0
20230108:1103,729.53,74.42,26.78,2.21,0.0
20230108:1203,636.16,61.29,27.12,2.34,0.0
20230108:1303,608.69,47.98,26.86,2.55,0.0
20230108:1403,507.55,34.75,26.65,2.55,0.0
20230108:1503,413.2,21.73,25.39,3.17,0.0
20230108:1603,209.87,9.04,24.03,3.24,0.0
20230108:1703,0.0,0.0,22.33,2.76,0.0
20230108:1803,0.0,0.0,21.24,1.66,0.0
20230108:1903,0.0,0.0,21.1,0.48,0.0
20230108:2003,0.0,0.0,19.61,1.1,0.0
20230108:2103,0.0,0.0,18.9,1.24,0.0
20230108:2203,0.0,0.0,18.5,1.31,0.0
20230108:2303,0.0,0.0,18.26,1.31,0.0
20230109:0003,0.0,0.0,18.01,1.45,0.0
20230109:0103,0.0,0.0,17.7,1.59,0.0
20230109:0203,0.0,0.0,17.48,1.59,0.0
20230109:0303,0.0,0.0,17.27,1.59,0.0
20230109:0403,236.04,10.91,18.02,1.38,0.0
20230109:0503,416.32,23.68,21.64,2.28,0.0
20230109:0603,546.3,36.75,23.47,3.45,0.0
20230109:0703,642.2,50.0,25.38,3.59,0.0
20230109:0803,707.27,63.3,27.16,3.45,0.0
20230109:0903,754.7,76.32,28.79,3.24,0.0
20230109:1003,766.91,84.59,30.21,3.17,0.0
20230109:1103,741.87,74.45,31.3,3.17,0.0
20230109:1203,699.85,61.33,31.93,3.1,0.0
20230109:1303,625.18,48.03,32.04,2.9,0.0
20230109:1403,528.14,34.8,31.73,3.03,0.0
20230109:1503,392.53,21.77,30.61,3.38,0.0
20230109:1603,203.29,9.06,28.55,3.38,0.0
20230109:1703,0.0,0.0,25.91,3.38,0.0
20230109:1803,0.0,0.0,24.12,3.03,0.0
20230109:1903,0.0,0.0,23.2,2.48,0.0
20230109:2003,0.0,0.0,22.37,2.07,0.0
20230109:2103,0.0,0.0,21.68,2.0,0.0
20230109:2203,0.0,0.0,21.05,1.93,0.0
20230109:2303,0.0,0.0,20.46,1.79,0.0
20230110:0003,0.0,0.0,19.9,1.72,0.0
20230110:0103,0.0,0.0,19.39,1.72,0.0
20230110:0203,0.0,0.0,19.0,1.72,0.0
20230110:0303,0.0,0.0,18.69,1.66,0.0
20230110:0403,204.79,10.77,19.38,1.45,0.0
20230110:0503,407.61,23.54,22.77,2.07,0.0
20230110:0603,537.55,36.61,24.74,2.69,0.0
20230110:0703,633.94,49.87,26.84,2.76,0.0
20230110:0803,694.91,63.17,28.86,2.62,0.0
20230110:0903,747.39,76.18,30.69,2.34,0.0
20230110:1003,762.33,84.46,32.26,2.28,0.0
20230110:1103,742.48,74.48,33.32,2.34,0.0
20230110:1203,698.12,61.38,33.7,2.83,0.0
20230110:1303,620.53,48.08,33.22,3.38,0.0
20230110:1403,521.45,34.84,31.86,4.0,0.0
20230110:1503,377.75,21.8,29.79,4.41,0.0
20230110:1603,110.75,9.08,27.47,3.93,0.0
20230110:1703,0.0,0.0,25.47,3.1,0.0
20230110:1803,0.0,0.0,24.16,2.34,0.0
20230110:1903,0.0,0.0,23.47,1.86,0.0
20230110:2003,0.0,0.0,22.74,1.38,0.0
20230110:2103,0.0,0.0,21.84,1.03,0.0
20230110:2203,0.0,0.0,21.21,1.1,0.0
20230110:2303,0.0,0.0,20.67,1.17,0.0
20230111:0003,0.0,0.0,20.44,1.1,0.0
20230111:0103,0.0,0.0,20.33,1.1,0.0
20230111:0203,0.0,0.0,20.22,1.1,0.0
20230111:0303,0.0,0.0,20.14,1.03,0.0
20230111:0403,29.11,10.62,20.58,0.83,0.0
20230111:0503,89.09,23.4,23.08,1.45,0.0
20230111:0603,204.8,36.48,24.81,1.79,0.0
20230111:0703,467.05,49.73,26.67,1.72,0.0
20230111:0803,606.84,63.03,28.38,1.86,0.0
20230111:0903,720.8,76.03,29.92,2.07,0.0
20230111:1003,764.57,84.32,31.19,2.34,0.0
20230111:1103,742.78,74.5,32.08,2.69,0.0
20230111:1203,700.56,61.42,32.43,2.97,0.0
20230111:1303,625.03,48.12,32.23,3.17,0.0
20230111:1403,527.2,34.87,31.45,3.38,0.0
20230111:1503,396.48,21.82,29.97,3.45,0.0
20230111:1603,204.84,9.09,27.92,3.17,0.0
20230111:1703,0.0,0.0,25.59,2.69,0.0
20230111:1803,0.0,0.0,23.75,2.21,0.0
20230111:1903,0.0,0.0,22.65,1.66,0.0
20230111:2003,0.0,0.0,21.56,1.1,0.0
20230111:2103,0.0,0.0,21.38,0.69,0.0
20230111:2203,0.0,0.0,21.32,0.62,0.0
20230111:2303,0.0,0.0,20.53,0.9,0.0
20230112:0003,0.0,0.0,19.97,1.03,0.0
20230112:0103,0.0,0.0,19.46,1.24,0.0
20230112:0203,0.0,0.0,19.33,1.38,0.0
20230112:0303,0.0,0.0,18.86,1.38,0.0
20230112:0403,71.67,10.47,19.53,1.1,0.0
20230112:0503,174.8,23.26,21.93,1.24,0.0
20230112:0603,492.08,36.34,23.76,1.03,0.0
20230112:0703,624.24,49.6,25.8,0.76,0.0
20230112:0803,705.92,62.9,27.97,0.62,0.0
20230112:0903,754.24,75.88,29.89,0.69,0.0
20230112:1003,767.48,84.18,31.53,1.31,0.0
20230112:1103,744.73,74.51,32.58,2.0,0.0
20230112:1203,702.71,61.46,32.98,2.69,0.0
20230112:1303,625.79,48.15,32.71,3.31,0.0
20230112:1403,527.0,34.91,31.7,3.79,0.0
20230112:1503,399.63,21.85,29.97,4.07,0.0
20230112:1603,214.0,9.1,27.78,3.72,0.0
20230112:1703,0.0,0.0,25.57,3.03,0.0
20230112:1803,0.0,0.0,23.99,2.21,0.0
20230112:1903,0.0,0.0,23.27,1.38,0.0
20230112:2003,0.0,0.0,22.96,0.55,0.0
20230112:2103,0.0,0.0,22.95,0.28,0.0
20230112:2203,0.0,0.0,22.43,0.76,0.0
20230112:2303,0.0,0.0,21.51,0.97,0.0
20230113:0003,0.0,0.0,21.45,0.97,0.0
20230113:0103,0.0,0.0,21.51,1.03,0.0
20230113:0203,0.0,0.0,21.42,1.1,0.0
20230113:0303,0.0,0.0,20.9,1.17,0.0
20230113:0403,51.69,10.32,21.49,0.97,0.0
20230113:0503,403.99,23.11,24.02,1.45,0.0
20230113:0603,463.84,36.21,25.81,1.59,0.0
20230113:0703,496.19,49.47,27.39,2.14,0.0
20230113:0803,661.16,62.76,28.93,2.48,0.0
20230113:0903,739.99,75.72,30.67,2.83,0.0
20230113:1003,744.26,84.02,32.15,2.9,0.0
20230113:1103,730.67,74.52,33.27,2.9,0.0
20230113:1203,688.02,61.49,33.51,2.83,0.0
20230113:1303,613.16,48.19,34.03,3.24,0.0
20230113:1403,505.32,34.93,33.44,3.72,0.0
20230113:1503,356.34,21.86,32.29,4.14,0.0
20230113:1603,76.58,9.11,30.04,4.34,0.0
20230113:1703,0.0,0.0,27.52,3.93,0.0
20230113:1803,0.0,0.0,25.85,3.52,0.0
20230113:1903,0.0,0.0,25.12,2.83,0.0
20230113:2003,0.0,0.0,24.5,2.34,0.0
20230113:2103,0.0,0.0,23.97,2.21,0.0
20230113:2203,0.0,0.0,23.69,1.86,0.0
20230113:2303,0.0,0.0,23.49,1.93,0.0
20230114:0003,0.0,0.0,23.61,1.79,0.0
20230114:0103,0.0,0.0,23.85,2.14,0.0
20230114:0203,0.0,0.0,23.79,2.0,0.0
20230114:0303,0.0,0.0,23.71,2.0,0.0
20230114:0403,216.14,10.17,23.74,1.93,0.0
20230114:0503,398.98,22.97,24.84,2.48,0.0
20230114:0603,524.56,36.07,26.67,2.62,0.0
20230114:0703,594.76,49.34,28.46,2.55,0.0
20230114:0803,665.09,62.63,30.53,2.69,0.0
20230114:0903,727.83,75.57,32.41,2.83,0.0
20230114:1003,740.23,83.86,33.93,2.9,0.0
20230114:1103,726.49,74.52,35.0,2.76,0.0
20230114:1203,676.93,61.51,35.61,2.62,0.0
20230114:1303,591.57,48.21,35.57,2.97,0.0
20230114:1403,513.91,34.96,34.71,3.66,0.0
20230114:1503,381.93,21.88,32.7,4.55,0.0
20230114:1603,202.8,9.11,29.91,4.55,0.0
20230114:1703,0.0,0.0,27.39,3.79,0.0
20230114:1803,0.0,0.0,25.92,3.1,0.0
20230114:1903,0.0,0.0,25.21,2.62,0.0
20230114:2003,0.0,0.0,24.64,2.0,0.0
20230114:2103,0.0,0.0,24.32,2.07,0.0
20230114:2203,0.0,0.0,24.13,1.93,0.0
20230114:2303,0.0,0.0,23.81,1.59,0.0
20230115:0003,0.0,0.0,24.09,1.72,0.0
20230115:0103,0.0,0.0,24.14,1.66,0.0
20230115:0203,0.0,0.0,24.24,1.59,0.0
20230115:0303,0.0,0.0,23.93,1.52,0.0
20230115:0403,138.46,10.02,24.1,1.79,0.0
20230115:0503,365.79,22.83,25.37,2.21,0.0
20230115:0603,491.68,35.93,26.95,2.28,0.0
20230115:0703,612.62,49.2,28.54,2.34,0.0
20230115:0803,660.74,62.49,30.0,2.41,0.0
20230115:0903,706.58,75.41,31.57,2.55,0.0
20230115:1003,726.94,83.68,33.15,2.62,0.0
20230115:1103,726.16,74.51,34.42,2.48,0.0
20230115:1203,684.63,61.53,35.08,2.34,0.0
20230115:1303,608.78,48.24,35.31,2.48,0.0
20230115:1403,510.89,34.98,34.86,2.9,0.0
20230115:1503,376.18,21.89,33.49,3.79,0.0
20230115:1603,191.61,9.11,30.85,4.28,0.0
20230115:1703,0.0,0.0,28.01,3.79,0.0
20230115:1803,0.0,0.0,26.19,3.45,0.0
20230115:1903,0.0,0.0,25.41,2.69,0.0
20230115:2003,0.0,0.0,24.8,2.21,0.0
20230115:2103,0.0,0.0,24.49,2.07,0.0
20230115:2203,0.0,0.0,24.24,1.38,0.0
20230115:2303,0.0,0.0,23.81,0.83,0.0
20230116:0003,0.0,0.0,23.81,0.48,0.0
20230116:0103,0.0,0.0,23.82,0.28,0.0
20230116:0203,0.0,0.0,23.67,0.41,0.0
20230116:0303,0.0,0.0,23.46,0.62,0.0
20230116:0403,181.94,9.86,23.96,0.76,0.0
20230116:0503,389.74,22.68,25.07,1.03,0.0
20230116:0603,461.84,35.79,26.46,0.97,0.0
20230116:0703,587.72,49.07,27.53,1.03,0.0
20230116:0803,650.94,62.35,29.32,1.1,0.0
20230116:0903,715.04,75.25,31.07,1.17,0.0
20230116:1003,741.69,83.5,32.87,1.31,0.0
20230116:1103,716.92,74.5,34.08,1.79,0.0
20230116:1203,678.41,61.55,34.74,2.48,0.0
20230116:1303,584.54,48.26,34.57,3.31,0.0
20230116:1403,496.24,34.99,33.6,4.07,0.0
20230116:1503,372.17,21.89,31.69,4.62,0.0
20230116:1603,108.51,9.1,29.33,4.48,0.0
20230116:1703,0.0,0.0,27.07,3.66,0.0
20230116:1803,0.0,0.0,25.68,2.97,0.0
20230116:1903,0.0,0.0,25.05,2.97,0.0
20230116:2003,0.0,0.0,24.75,2.48,0.0
20230116:2103,0.0,0.0,24.54,2.21,0.0
20230116:2203,0.0,0.0,24.31,1.79,0.0
20230116:2303,0.0,0.0,24.25,1.72,0.0
20230117:0003,0.0,0.0,23.7,1.59,0.0
20230117:0103,0.0,0.0,23.28,1.59,0.0
20230117:0203,0.0,0.0,23.05,1.66,0.0
20230117:0303,0.0,0.0,22.76,1.66,0.0
20230117:0403,175.81,9.71,23.01,1.66,0.0
20230117:0503,268.22,22.54,24.87,2.41,0.0
20230117:0603,501.71,35.65,27.02,2.62,0.0
20230117:0703,610.53,48.93,29.0,2.34,0.0
20230117:0803,677.09,62.21,31.09,2.34,0.0
20230117:0903,730.27,75.09,32.81,2.48,0.0
20230117:1003,744.34,83.31,34.41,2.76,0.0
20230117:1103,723.44,74.48,35.2,2.97,0.0
20230117:1203,675.52,61.56,35.53,3.1,0.0
20230117:1303,569.19,48.27,35.49,3.45,0.0
20230117:1403,402.57,35.0,34.45,4.21,0.0
20230117:1503,319.75,21.89,32.23,5.17,0.0
20230117:1603,212.16,9.08,29.96,4.97,0.0
20230117:1703,0.0,0.0,28.07,3.79,0.0
20230117:1803,0.0,0.0,26.91,3.03,0.0
20230117:1903,0.0,0.0,26.32,3.03,0.0
20230117:2003,0.0,0.0,25.59,2.83,0.0
20230117:2103,0.0,0.0,25.0,2.69,0.0
20230117:2203,0.0,0.0,24.56,2.62,0.0
20230117:2303,0.0,0.0,24.37,2.07,0.0
20230118:0003,0.0,0.0,24.43,2.07,0.0
20230118:0103,0.0,0.0,24.7,2.97,0.0
20230118:0203,0.0,0.0,24.72,2.55,0.0
20230118:0303,0.0,0.0,24.76,2.48,0.0
20230118:0403,42.9,9.55,24.87,2.55,0.0
20230118:0503,175.49,22.39,25.83,3.31,0.0
20230118:0603,375.65,35.51,27.71,3.59,0.0
20230118:0703,591.73,48.79,30.18,3.79,0.0
20230118:0803,632.47,62.07,32.49,4.28,0.0
20230118:0903,690.36,74.92,34.54,4.48,0.0
20230118:1003,708.2,83.12,35.67,4.62,0.0
20230118:1103,626.15,74.45,36.74,4.69,0.0
20230118:1203,649.11,61.56,37.19,4.83,0.0
20230118:1303,560.58,48.28,37.2,4.83,0.0
20230118:1403,467.38,35.0,36.37,4.9,0.0
20230118:1503,358.83,21.89,34.8,5.03,0.0
20230118:1603,177.66,9.06,32.58,4.83,0.0
20230118:1703,0.0,0.0,30.16,4.34,0.0
20230118:1803,0.0,0.0,28.49,4.14,0.0
20230118:1903,0.0,0.0,27.57,3.59,0.0
20230118:2003,0.0,0.0,26.76,3.45,0.0
20230118:2103,0.0,0.0,26.17,3.24,0.0
20230118:2203,0.0,0.0,25.76,3.03,0.0
20230118:2303,0.0,0.0,25.43,2.83,0.0
20230119:0003,0.0,0.0,25.13,2.76,0.0
20230119:0103,0.0,0.0,24.88,2.76,0.0
20230119:0203,0.0,0.0,24.64,2.83,0.0
20230119:0303,0.0,0.0,24.49,2.83,0.0
20230119:0403,133.3,9.39,24.9,2.55,0.0
20230119:0503,371.61,22.24,26.56,3.66,0.0
20230119:0603,504.37,35.37,28.91,4.07,0.0
20230119:0703,606.54,48.66,31.44,4.41,0.0
20230119:0803,673.17,61.93,34.18,4.55,0.0
20230119:0903,717.17,74.75,36.4,4.55,0.0
20230119:1003,731.94,82.91,38.13,4.34,0.0
20230119:1103,709.42,74.41,39.23,4.21,0.0
20230119:1203,665.82,61.56,39.53,4.07,0.0
20230119:1303,586.96,48.28,39.64,4.21,0.0
20230119:1403,495.81,35.0,38.61,4.69,0.0
20230119:1503,360.97,21.88,36.41,5.17,0.0
20230119:1603,196.72,9.04,33.88,4.83,0.0
20230119:1703,0.0,0.0,31.73,4.07,0.0
20230119:1803,0.0,0.0,30.19,3.45,0.0
20230119:1903,0.0,0.0,28.66,3.38,0.0
20230119:2003,0.0,0.0,27.74,3.03,0.0
20230119:2103,0.0,0.0,26.97,2.69,0.0
20230119:2203,0.0,0.0,26.4,2.21,0.0
20230119:2303,0.0,0.0,25.94,1.72,0.0
20230120:0003,0.0,0.0,25.38,1.45,0.0
20230120:0103,0.0,0.0,24.74,1.17,0.0
20230120:0203,0.0,0.0,24.17,0.97,0.0
20230120:0303,0.0,0.0,23.87,0.9,0.0
20230120:0403,56.68,9.24,23.9,0.83,0.0
20230120:0503,115.31,22.09,26.04,1.17,0.0
20230120:0603,187.02,35.23,28.11,1.31,0.0
20230120:0703,310.65,48.52,31.19,1.79,0.0
20230120:0803,616.41,61.79,33.35,1.93,0.0
20230120:0903,693.91,74.58,35.31,2.07,0.0
20230120:1003,708.86,82.7,36.86,2.34,0.0
20230120:1103,659.77,74.36,37.89,2.55,0.0
20230120:1203,632.29,61.56,38.3,3.1,0.0
20230120:1303,587.99,48.28,38.02,3.86,0.0
20230120:1403,467.72,35.0,36.47,4.83,0.0
20230120:1503,364.14,21.86,34.05,5.03,0.0
20230120:1603,204.36,9.01,31.26,4.21,0.0
20230120:1703,0.0,0.0,28.8,2.97,0.0
20230120:1803,0.0,0.0,27.14,2.14,0.0
20230120:1903,0.0,0.0,26.26,1.59,0.0
20230120:2003,0.0,0.0,25.29,1.03,0.0
20230120:2103,0.0,0.0,24.51,0.76,0.0
20230120:2203,0.0,0.0,24.29,0.76,0.0
20230120:2303,0.0,0.0,24.18,0.55,0.0
20230121:0003,0.0,0.0,24.04,0.48,0.0
20230121:0103,0.0,0.0,24.07,0.48,0.0
20230121:0203,0.0,0.0,23.64,0.62,0.0
20230121:0303,0.0,0.0,23.49,0.76,0.0
20230121:0403,157.68,9.08,23.19,0.76,0.0
20230121:0503,362.45,21.95,25.33,1.1,0.0
20230121:0603,505.76,35.09,27.6,1.24,0.0
20230121:0703,605.86,48.38,29.58,1.38,0.0
20230121:0803,676.29,61.65,31.8,1.38,0.0
20230121:0903,718.21,74.41,33.8,1.59,0.0
20230121:1003,734.79,82.48,35.39,1.93,0.0
20230121:1103,714.56,74.31,36.48,2.34,0.0
20230121:1203,669.54,61.54,37.01,2.83,0.0
20230121:1303,594.87,48.28,36.82,3.45,0.0
20230121:1403,492.87,34.99,35.82,4.0,0.0
20230121:1503,366.95,21.84,33.85,4.48,0.0
20230121:1603,181.68,8.98,31.07,4.34,0.0
20230121:1703,0.0,0.0,28.27,3.66,0.0
20230121:1803,0.0,0.0,26.45,2.97,0.0
20230121:1903,0.0,0.0,25.54,2.34,0.0
20230121:2003,0.0,0.0,24.89,1.79,0.0
20230121:2103,0.0,0.0,24.42,1.72,0.0
20230121:2203,0.0,0.0,24.06,1.66,0.0
20230121:2303,0.0,0.0,23.6,1.66,0.0
20230122:0003,0.0,0.0,23.71,1.86,0.0
20230122:0103,0.0,0.0,23.53,1.72,0.0
20230122:0203,0.0,0.0,23.39,1.79,0.0
20230122:0303,0.0,0.0,23.27,1.72,0.0
20230122:0403,188.63,8.92,23.24,1.79,0.0
20230122:0503,366.0,21.8,24.91,2.21,0.0
20230122:0603,502.23,34.95,26.93,2.21,0.0
20230122:0703,602.02,48.24,29.3,2.21,0.0
20230122:0803,669.99,61.5,31.72,2.14,0.0
20230122:0903,714.7,74.23,33.87,2.14,0.0
20230122:1003,731.76,82.26,35.63,2.28,0.0
20230122:1103,711.56,74.25,36.79,2.48,0.0
20230122:1203,666.58,61.52,37.3,2.97,0.0
20230122:1303,586.54,48.26,36.95,3.66,0.0
20230122:1403,479.31,34.97,35.61,4.21,0.0
20230122:1503,386.73,21.82,33.31,4.62,0.0
20230122:1603,132.23,8.94,30.51,4.28,0.0
20230122:1703,0.0,0.0,27.97,3.45,0.0
20230122:1803,0.0,0.0,26.32,2.9,0.0
20230122:1903,0.0,0.0,25.42,2.41,0.0
20230122:2003,0.0,0.0,24.78,1.66,0.0
20230122:2103,0.0,0.0,24.29,1.17,0.0
20230122:2203,0.0,0.0,23.72,0.97,0.0
20230122:2303,0.0,0.0,23.69,0.69,0.0
20230123:0003,0.0,0.0,23.75,0.55,0.0
20230123:0103,0.0,0.0,23.7,0.62,0.0
20230123:0203,0.0,0.0,23.91,0.76,0.0
20230123:0303,0.0,0.0,23.49,0.76,0.0
20230123:0403,148.48,8.76,23.95,0.76,0.0
20230123:0503,349.25,21.65,24.96,0.76,0.0
20230123:0603,480.03,34.81,26.63,0.34,0.0
20230123:0703,569.1,48.11,28.62,0.07,0.0
20230123:0803,651.96,61.36,30.81,0.69,0.0
20230123:0903,703.38,74.05,32.78,1.24,0.0
20230123:1003,720.43,82.02,34.37,1.86,0.0
20230123:1103,698.93,74.18,35.36,2.76,0.0
20230123:1203,631.23,61.5,35.47,3.59,0.0
20230123:1303,578.52,48.25,34.73,4.07,0.0
20230123:1403,344.88,34.95,33.28,4.48,0.0
20230123:1503,256.52,21.79,30.64,4.55,0.0
20230123:1603,130.76,8.89,28.5,4.07,0.0
20230123:1703,0.0,0.0,26.97,3.52,0.0
20230123:1803,0.0,0.0,25.86,2.9,0.0
20230123:1903,0.0,0.0,25.08,2.28,0.0
20230123:2003,0.0,0.0,24.59,1.38,0.0
20230123:2103,0.0,0.0,24.25,1.31,0.0
20230123:2203,0.0,0.0,23.92,1.38,0.0
20230123:2303,0.0,0.0,23.53,1.45,0.0
20230124:0003,0.0,0.0,23.45,1.38,0.0
20230124:0103,0.0,0.0,23.25,1.45,0.0
20230124:0203,0.0,0.0,23.22,1.24,0.0
20230124:0303,0.0,0.0,22.86,1.31,0.0
20230124:0403,177.31,8.6,22.95,1.17,0.0
20230124:0503,357.57,21.5,25.27,1.72,0.0
20230124:0603,488.58,34.67,27.24,2.0,0.0
20230124:0703,586.57,47.97,29.59,2.48,0.0
20230124:0803,659.43,61.21,31.86,2.55,0.0
20230124:0903,703.8,73.87,33.92,2.55,0.0
20230124:1003,719.26,81.79,35.62,2.48,0.0
20230124:1103,701.89,74.1,36.79,2.48,0.0
20230124:1203,653.85,61.46,37.28,2.76,0.0
20230124:1303,580.39,48.22,37.02,3.45,0.0
20230124:1403,483.86,34.93,35.91,4.48,0.0
20230124:1503,354.97,21.75,33.64,5.24,0.0
20230124:1603,167.59,8.84,30.84,5.03,0.0
20230124:1703,0.0,0.0,28.37,4.07,0.0
20230124:1803,0.0,0.0,26.95,3.45,0.0
20230124:1903,0.0,0.0,25.94,2.69,0.0
20230124:2003,0.0,0.0,25.35,1.72,0.0
20230124:2103,0.0,0.0,25.03,1.52,0.0
20230124:2203,0.0,0.0,24.65,0.76,0.0
20230124:2303,0.0,0.0,24.8,0.21,0.0
20230125:0003,0.0,0.0,24.55,1.38,0.0
20230125:0103,0.0,0.0,24.39,1.52,0.0
20230125:0203,0.0,0.0,24.54,1.66,0.0
20230125:0303,0.0,0.0,24.47,2.48,0.0
20230125:0403,104.14,8.44,23.98,4.62,0.0
20230125:0503,93.5,21.35,23.96,5.72,0.0
20230125:0603,243.36,34.53,24.67,5.59,0.0
20230125:0703,513.34,47.83,25.32,5.52,0.0
20230125:0803,626.41,61.06,26.4,6.62,0.0
20230125:0903,677.67,73.68,28.25,6.62,0.0
20230125:1003,688.76,81.54,29.72,6.55,0.0
20230125:1103,586.98,74.01,30.11,6.55,0.0
20230125:1203,494.24,61.42,30.29,6.28,0.0
20230125:1303,552.45,48.2,27.77,6.62,0.0
20230125:1403,458.07,34.9,26.22,6.83,0.0
20230125:1503,322.31,21.71,25.23,6.0,0.0
20230125:1603,163.44,8.79,23.99,5.24,0.0
20230125:1703,0.0,0.0,23.1,4.76,0.0
20230125:1803,0.0,0.0,22.42,4.0,0.0
20230125:1903,0.0,0.0,22.17,3.79,0.0
20230125:2003,0.0,0.0,21.85,3.31,0.0
20230125:2103,0.0,0.0,21.49,3.1,0.0
20230125:2203,0.0,0.0,21.45,2.97,0.0
20230125:2303,0.0,0.0,21.45,3.1,0.0
20230126:0003,0.0,0.0,21.53,3.38,0.0
20230126:0103,0.0,0.0,21.43,3.72,0.0
20230126:0203,0.0,0.0,21.38,3.52,0.0
20230126:0303,0.0,0.0,21.35,3.31,0.0
20230126:0403,68.9,8.28,21.39,3.17,0.0
20230126:0503,37.93,21.2,21.69,2.83,0.0
20230126:0603,254.68,34.39,22.82,3.38,0.0
20230126:0703,513.19,47.69,23.87,3.86,0.0
20230126:0803,594.44,60.91,25.43,3.86,0.0
20230126:0903,658.92,73.5,26.64,3.86,0.0
20230126:1003,683.19,81.29,27.7,3.93,0.0
20230126:1103,659.15,73.91,28.36,4.07,0.0
20230126:1203,615.08,61.38,29.04,4.07,0.0
20230126:1303,518.56,48.16,29.08,4.21,0.0
20230126:1403,463.45,34.86,28.92,4.28,0.0
20230126:1503,313.12,21.67,28.25,4.14,0.0
20230126:1603,123.77,8.73,27.0,3.86,0.0
20230126:1703,0.0,0.0,25.59,2.97,0.0
20230126:1803,0.0,0.0,24.57,2.21,0.0
20230126:1903,0.0,0.0,23.69,1.59,0.0
20230126:2003,0.0,0.0,23.14,1.31,0.0
20230126:2103,0.0,0.0,22.32,1.38,0.0
20230126:2203,0.0,0.0,21.6,1.38,0.0
20230126:2303,0.0,0.0,21.42,1.24,0.0
20230127:0003,0.0,0.0,21.04,1.24,0.0
20230127:0103,0.0,0.0,20.8,1.24,0.0
20230127:0203,0.0,0.0,20.62,1.24,0.0
20230127:0303,0.0,0.0,20.37,1.24,0.0
20230127:0403,18.52,8.12,20.77,0.97,0.0
20230127:0503,171.15,21.05,23.31,1.52,0.0
20230127:0603,228.18,34.24,24.85,2.0,0.0
20230127:0703,222.11,47.55,26.12,1.79,0.0
20230127:0803,389.04,60.76,27.22,2.0,0.0
20230127:0903,628.56,73.31,27.87,2.41,0.0
20230127:1003,682.9,81.03,29.16,2.69,0.0
20230127:1103,631.12,73.81,29.87,2.9,0.0
20230127:1203,591.89,61.33,30.15,3.31,0.0
20230127:1303,511.34,48.12,29.67,3.59,0.0
20230127:1403,396.1,34.82,29.5,3.52,0.0
20230127:1503,351.86,21.62,28.91,3.45,0.0
20230127:1603,150.44,8.67,27.58,3.38,0.0
20230127:1703,0.0,0.0,25.94,2.83,0.0
20230127:1803,0.0,0.0,24.71,2.07,0.0
20230127:1903,0.0,0.0,24.09,1.66,0.0
20230127:2003,0.0,0.0,23.33,1.24,0.0
20230127:2103,0.0,0.0,22.36,1.17,0.0
20230127:2203,0.0,0.0,21.97,1.1,0.0
20230127:2303,0.0,0.0,21.52,1.17,0.0
20230128:0003,0.0,0.0,21.33,1.1,0.0
20230128:0103,0.0,0.0,21.56,0.97,0.0
20230128:0203,0.0,0.0,21.34,0.97,0.0
20230128:0303,0.0,0.0,21.28,0.97,0.0
20230128:0403,147.36,7.95,21.32,0.9,0.0
20230128:0503,339.96,20.9,23.95,0.83,0.0
20230128:0603,468.25,34.1,26.05,0.9,0.0
20230128:0703,566.19,47.41,28.05,0.9,0.0
20230128:0803,636.6,60.61,30.11,1.31,0.0
20230128:0903,681.51,73.11,31.96,1.52,0.0
20230128:1003,696.54,80.77,33.47,1.66,0.0
20230128:1103,680.52,73.69,34.52,1.72,0.0
20230128:1203,636.39,61.27,35.05,2.0,0.0
20230128:1303,566.57,48.08,35.02,2.69,0.0
20230128:1403,470.94,34.77,34.21,3.38,0.0
20230128:1503,338.03,21.56,32.55,3.86,0.0
20230128:1603,154.88,8.6,30.13,3.72,0.0
20230128:1703,0.0,0.0,27.72,2.9,0.0
20230128:1803,0.0,0.0,26.14,2.28,0.0
20230128:1903,0.0,0.0,25.48,1.72,0.0
20230128:2003,0.0,0.0,24.91,1.31,0.0
20230128:2103,0.0,0.0,24.35,1.86,0.0
20230128:2203,0.0,0.0,23.96,2.21,0.0
20230128:2303,0.0,0.0,23.83,2.21,0.0
20230129:0003,0.0,0.0,23.92,2.62,0.0
20230129:0103,0.0,0.0,23.95,3.72,0.0
20230129:0203,0.0,0.0,23.88,4.55,0.0
20230129:0303,0.0,0.0,23.76,4.69,0.0
20230129:0403,131.35,7.79,23.91,4.07,0.0
20230129:0503,29.11,20.75,24.56,5.38,0.0
20230129:0603,90.85,33.96,25.75,7.03,0.0
20230129:0703,263.27,47.27,25.27,5.72,0.0
20230129:0803,416.82,60.46,25.85,5.59,0.0
20230129:0903,181.7,72.92,27.13,5.86,0.0
20230129:1003,388.67,80.5,28.43,6.55,0.0
20230129:1103,345.38,73.57,28.28,6.34,0.0
20230129:1203,151.71,61.2,27.78,6.41,0.0
20230129:1303,76.74,48.03,26.33,6.07,0.0
20230129:1403,199.91,34.72,25.83,5.93,0.0
20230129:1503,114.53,21.5,24.52,5.86,0.0
20230129:1603,24.7,8.52,23.27,5.52,0.0
20230129:1703,0.0,0.0,22.26,4.69,0.0
20230129:1803,0.0,0.0,21.82,4.41,0.0
20230129:1903,0.0,0.0,21.52,3.93,0.0
20230129:2003,0.0,0.0,21.39,3.86,0.0
20230129:2103,0.0,0.0,21.2,3.72,0.0
20230129:2203,0.0,0.0,20.99,3.59,0.0
20230129:2303,0.0,0.0,20.72,3.1,0.0
20230130:0003,0.0,0.0,20.58,3.1,0.0
20230130:0103,0.0,0.0,20.41,3.03,0.0
20230130:0203,0.0,0.0,20.29,2.83,0.0
20230130:0303,0.0,0.0,20.25,2.48,0.0
20230130:0403,9.7,7.63,20.29,2.34,0.0
20230130:0503,24.7,20.6,20.74,2.48,0.0
20230130:0603,108.49,33.82,21.35,2.34,0.0
20230130:0703,542.21,47.12,23.09,2.48,0.0
20230130:0803,555.44,60.31,24.32,1.93,0.0
20230130:0903,402.18,72.72,25.11,1.45,0.0
20230130:1003,134.95,80.23,25.48,1.52,0.0
20230130:1103,134.95,73.43,25.41,1.93,0.0
20230130:1203,247.85,61.13,25.25,2.34,0.0
20230130:1303,129.66,47.97,25.07,2.55,0.0
20230130:1403,253.61,34.66,24.81,2.76,0.0
20230130:1503,64.39,21.44,24.47,2.97,0.0
20230130:1603,33.52,8.44,23.89,3.03,0.0
20230130:1703,0.0,0.0,23.05,2.41,0.0
20230130:1803,0.0,0.0,22.39,2.07,0.0
20230130:1903,0.0,0.0,22.5,1.93,0.0
20230130:2003,0.0,0.0,22.45,1.59,0.0
20230130:2103,0.0,0.0,22.42,1.17,0.0
20230130:2203,0.0,0.0,22.44,0.83,0.0
20230130:2303,0.0,0.0,22.44,0.34,0.0
20230131:0003,0.0,0.0,22.51,0.28,0.0
20230131:0103,0.0,0.0,22.49,0.48,0.0
20230131:0203,0.0,0.0,22.38,0.41,0.0
20230131:0303,0.0,0.0,22.35,0.28,0.0
20230131:0403,7.06,7.47,22.1,0.48,0.0
20230131:0503,53.8,20.46,22.92,0.97,0.0
20230131:0603,156.07,33.68,24.78,2.41,0.0
20230131:0703,310.29,46.98,26.6,1.24,0.0
20230131:0803,472.65,60.15,28.61,1.45,0.0
20230131:0903,636.14,72.52,30.06,1.66,0.0
20230131:1003,610.43,79.95,31.19,1.79,0.0
20230131:1103,274.31,73.29,31.9,2.21,0.0
20230131:1203,522.19,61.05,32.2,2.97,0.0
20230131:1303,390.88,47.9,29.8,3.79,0.0
20230131:1403,152.59,34.6,27.38,4.07,0.0
20230131:1503,94.38,21.37,27.23,3.72,0.0
20230131:1603,52.54,8.36,26.17,2.97,0.0
20230131:1703,0.0,0.0,25.12,3.03,0.0
20230131:1803,0.0,0.0,24.51,2.97,0.0
20230131:1903,0.0,0.0,24.58,2.97,0.0
20230131:2003,0.0,0.0,24.32,3.52,0.0
20230131:2103,0.0,0.0,24.13,3.1,0.0
20230131:2203,0.0,0.0,23.93,3.1,0.0
20230131:2303,0.0,0.0,23.52,3.03,0.0
20230201:0003,0.0,0.0,23.19,2.69,0.0
20230201:0103,0.0,0.0,22.79,2.55,0.0
20230201:0203,0.0,0.0,22.58,2.69,0.0
20230201:0303,0.0,0.0,22.41,2.76,0.0
20230201:0403,6.17,7.31,22.27,3.03,0.0
20230201:0503,52.92,20.31,22.36,3.03,0.0
20230201:0603,57.33,33.54,22.92,3.86,0.0
20230201:0703,178.17,46.84,23.09,4.0,0.0
20230201:0803,336.73,59.99,23.68,4.62,0.0
20230201:0903,604.26,72.31,25.05,4.69,0.0
20230201:1003,407.25,79.67,25.88,4.69,0.0
20230201:1103,209.04,73.14,26.9,4.9,0.0
20230201:1203,435.57,60.96,27.27,4.9,0.0
20230201:1303,112.02,47.84,27.04,4.83,0.0
20230201:1403,43.22,34.53,26.58,4.48,0.0
20230201:1503,136.15,21.29,25.87,4.41,0.0
20230201:1603,14.11,8.27,25.24,3.66,0.0
20230201:1703,0.0,0.0,24.4,2.83,0.0
20230201:1803,0.0,0.0,23.86,2.55,0.0
20230201:1903,0.0,0.0,23.19,2.55,0.0
20230201:2003,0.0,0.0,22.94,2.76,0.0
20230201:2103,0.0,0.0,22.81,2.55,0.0
20230201:2203,0.0,0.0,22.8,2.55,0.0
20230201:2303,0.0,0.0,22.65,2.41,0.0
20230202:0003,0.0,0.0,22.67,2.41,0.0
20230202:0103,0.0,0.0,22.72,2.62,0.0
20230202:0203,0.0,0.0,22.68,2.62,0.0
20230202:0303,0.0,0.0,22.8,2.34,0.0
20230202:0403,9.7,7.15,22.95,2.28,0.0
20230202:0503,171.71,20.16,23.7,3.17,0.0
20230202:0603,230.83,33.39,25.27,4.07,0.0
20230202:0703,465.61,46.7,26.67,3.66,0.0
20230202:0803,490.19,59.84,27.61,3.1,0.0
20230202:0903,194.05,72.1,28.7,2.83,0.0
20230202:1003,330.47,79.38,30.34,2.28,0.0
20230202:1103,638.95,72.98,31.04,2.28,0.0
20230202:1203,601.71,60.87,31.15,2.83,0.0
20230202:1303,471.63,47.76,28.47,2.83,0.0
20230202:1403,43.22,34.46,26.49,2.48,0.0
20230202:1503,25.58,21.21,26.13,2.21,0.0
20230202:1603,10.58,8.18,24.95,1.31,0.0
20230202:1703,0.0,0.0,24.35,0.69,0.0
20230202:1803,0.0,0.0,24.25,0.41,0.0
20230202:1903,0.0,0.0,24.48,1.24,0.0
20230202:2003,0.0,0.0,24.18,1.45,0.0
20230202:2103,0.0,0.0,23.85,1.31,0.0
20230202:2203,0.0,0.0,23.77,1.52,0.0
20230202:2303,0.0,0.0,23.61,1.31,0.0
20230203:0003,0.0,0.0,23.49,1.31,0.0
20230203:0103,0.0,0.0,23.2,1.17,0.0
20230203:0203,0.0,0.0,23.13,1.17,0.0
20230203:0303,0.0,0.0,22.94,1.24,0.0
20230203:0403,60.86,6.99,22.94,0.97,0.0
20230203:0503,46.75,20.01,23.59,1.03,0.0
20230203:0603,91.73,33.25,24.84,1.79,0.0
20230203:0703,274.62,46.56,26.36,2.21,0.0
20230203:0803,472.63,59.68,27.16,2.14,0.0
20230203:0903,428.13,71.89,27.99,2.28,0.0
20230203:1003,261.96,79.08,28.99,2.62,0.0
20230203:1103,560.02,72.81,29.15,2.76,0.0
20230203:1203,183.46,60.77,29.36,2.9,0.0
20230203:1303,136.71,47.68,27.83,2.83,0.0
20230203:1403,70.56,34.38,25.03,3.66,0.0
20230203:1503,24.7,21.12,23.75,2.69,0.0
20230203:1603,10.58,8.08,23.33,0.9,0.0
20230203:1703,0.0,0.0,23.31,0.34,0.0
20230203:1803,0.0,0.0,23.19,0.97,0.0
20230203:1903,0.0,0.0,23.31,1.03,0.0
20230203:2003,0.0,0.0,23.34,1.1,0.0
20230203:2103,0.0,0.0,23.0,1.38,0.0
20230203:2203,0.0,0.0,22.8,1.38,0.0
20230203:2303,0.0,0.0,22.41,1.45,0.0
20230204:0003,0.0,0.0,22.28,1.31,0.0
20230204:0103,0.0,0.0,22.12,1.45,0.0
20230204:0203,0.0,0.0,21.94,1.59,0.0
20230204:0303,0.0,0.0,21.67,1.72,0.0
20230204:0403,53.82,6.83,21.58,1.66,0.0
20230204:0503,287.11,19.86,22.37,2.83,0.0
20230204:0603,442.61,33.11,23.8,2.62,0.0
20230204:0703,498.34,46.41,25.33,2.83,0.0
20230204:0803,549.53,59.52,26.24,2.97,0.0
20230204:0903,511.59,71.68,27.18,3.03,0.0
20230204:1003,638.42,78.79,27.98,2.97,0.0
20230204:1103,619.04,72.64,28.53,3.17,0.0
20230204:1203,593.35,60.66,28.42,3.52,0.0
20230204:1303,521.99,47.59,27.69,3.45,0.0
20230204:1403,406.71,34.29,27.33,3.79,0.0
20230204:1503,260.37,21.03,26.71,3.86,0.0
20230204:1603,141.04,7.97,25.68,3.17,0.0
20230204:1703,0.0,0.0,24.57,2.28,0.0
20230204:1803,0.0,0.0,23.89,1.72,0.0
20230204:1903,0.0,0.0,23.12,1.52,0.0
20230204:2003,0.0,0.0,22.49,1.31,0.0
20230204:2103,0.0,0.0,21.96,1.17,0.0
20230204:2203,0.0,0.0,21.54,1.17,0.0
20230204:2303,0.0,0.0,21.2,1.03,0.0
20230205:0003,0.0,0.0,20.91,1.17,0.0
20230205:0103,0.0,0.0,20.43,1.24,0.0
20230205:0203,0.0,0.0,20.68,1.1,0.0
20230205:0303,0.0,0.0,20.6,1.1,0.0
20230205:0403,68.3,6.67,20.67,1.1,0.0
20230205:0503,143.89,19.71,22.36,1.1,0.0
20230205:0603,417.88,32.97,23.8,1.66,0.0
20230205:0703,339.76,46.27,25.62,1.38,0.0
20230205:0803,595.14,59.36,26.33,1.45,0.0
20230205:0903,621.61,71.46,27.23,1.79,0.0
20230205:1003,644.6,78.48,27.67,2.21,0.0
20230205:1103,628.83,72.45,28.54,2.48,0.0
20230205:1203,580.22,60.54,29.16,2.69,0.0
20230205:1303,432.54,47.5,29.06,2.97,0.0
20230205:1403,319.23,34.2,28.58,3.17,0.0
20230205:1503,267.13,20.94,27.72,3.17,0.0
20230205:1603,138.55,7.86,26.53,2.69,0.0
20230205:1703,0.0,0.0,25.02,2.34,0.0
20230205:1803,0.0,0.0,24.04,1.93,0.0
20230205:1903,0.0,0.0,23.39,1.86,0.0
20230205:2003,0.0,0.0,22.9,1.72,0.0
20230205:2103,0.0,0.0,22.58,1.66,0.0
20230205:2203,0.0,0.0,22.24,1.59,0.0
20230205:2303,0.0,0.0,21.86,1.38,0.0
20230206:0003,0.0,0.0,21.39,1.52,0.0
20230206:0103,0.0,0.0,21.17,1.79,0.0
20230206:0203,0.0,0.0,21.25,1.86,0.0
20230206:0303,0.0,0.0,21.07,1.86,0.0
20230206:0403,44.09,6.51,21.32,1.93,0.0
20230206:0503,290.57,19.57,22.47,2.55,0.0
20230206:0603,386.54,32.83,24.14,4.14,0.0
20230206:0703,0.0,0.0,25.73,3.72,0.0
20230206:0803,562.91,59.19,26.96,4.14,0.0
20230206:0903,509.82,71.24,27.71,4.41,0.0
20230206:1003,389.45,78.18,28.42,4.41,0.0
20230206:1103,596.7,72.26,28.89,4.34,0.0
20230206:1203,162.29,60.42,28.52,4.41,0.0
20230206:1303,436.14,47.4,28.18,4.83,0.0
20230206:1403,141.13,34.11,27.28,4.97,0.0
20230206:1503,274.96,20.83,26.62,4.62,0.0
20230206:1603,120.06,7.75,25.85,3.93,0.0
20230206:1703,0.0,0.0,24.9,3.1,0.0
20230206:1803,0.0,0.0,24.13,2.55,0.0
20230206:1903,0.0,0.0,23.88,2.21,0.0
20230206:2003,0.0,0.0,23.49,2.14,0.0
20230206:2103,0.0,0.0,22.91,1.66,0.0
20230206:2203,0.0,0.0,22.5,1.52,0.0
20230206:2303,0.0,0.0,22.24,1.24,0.0
20230207:0003,0.0,0.0,22.1,1.03,0.0
20230207:0103,0.0,0.0,21.94,1.03,0.0
20230207:0203,0.0,0.0,21.81,1.03,0.0
20230207:0303,0.0,0.0,21.58,0.97,0.0
20230207:0403,74.94,6.35,21.46,0.9,0.0
20230207:0503,292.24,19.42,22.93,0.83,0.0
20230207:0603,368.59,32.69,24.34,1.03,0.0
20230207:0703,491.13,45.98,25.26,1.1,0.0
20230207:0803,561.56,59.03,26.7,1.45,0.0
20230207:0903,611.08,71.02,28.07,1.72,0.0
20230207:1003,630.23,77.86,28.85,2.0,0.0
20230207:1103,514.45,72.06,29.32,2.55,0.0
20230207:1203,399.56,60.29,29.62,3.03,0.0
20230207:1303,360.2,47.29,29.57,3.1,0.0
20230207:1403,194.25,34.01,29.12,3.31,0.0
20230207:1503,183.54,20.73,28.09,3.31,0.0
20230207:1603,109.69,7.63,26.9,2.76,0.0
20230207:1703,0.0,0.0,25.78,2.28,0.0
20230207:1803,0.0,0.0,25.05,1.79,0.0
20230207:1903,0.0,0.0,24.71,1.31,0.0
20230207:2003,0.0,0.0,24.1,0.62,0.0
20230207:2103,0.0,0.0,24.39,0.34,0.0
20230207:2203,0.0,0.0,24.18,0.34,0.0
20230207:2303,0.0,0.0,23.38,0.69,0.0
20230208:0003,0.0,0.0,22.73,1.24,0.0
20230208:0103,0.0,0.0,22.75,0.69,0.0
20230208:0203,0.0,0.0,22.75,0.34,0.0
20230208:0303,0.0,0.0,22.64,0.34,0.0
20230208:0403,5.29,6.19,22.4,0.55,0.0
20230208:0503,84.68,19.28,23.29,0.41,0.0
20230208:0603,112.02,32.55,24.76,0.28,0.0
20230208:0703,173.76,45.84,24.82,0.69,0.0
20230208:0803,158.77,58.86,25.74,0.83,0.0
20230208:0903,131.42,70.79,26.68,1.17,0.0
20230208:1003,106.73,77.55,26.25,1.79,0.0
20230208:1103,151.71,71.84,27.25,2.62,0.0
20230208:1203,120.84,60.15,25.95,2.34,0.0
20230208:1303,198.46,47.18,26.18,2.34,0.0
20230208:1403,239.47,33.9,26.24,2.07,0.0
20230208:1503,133.86,20.62,26.08,2.34,0.0
20230208:1603,44.68,7.51,25.67,2.41,0.0
20230208:1703,0.0,0.0,24.67,2.14,0.0
20230208:1803,0.0,0.0,23.41,1.52,0.0
20230208:1903,0.0,0.0,23.41,1.45,0.0
20230208:2003,0.0,0.0,22.89,1.17,0.0
20230208:2103,0.0,0.0,22.87,1.1,0.0
20230208:2203,0.0,0.0,22.65,1.03,0.0
20230208:2303,0.0,0.0,22.51,0.76,0.0
20230209:0003,0.0,0.0,22.6,0.97,0.0
20230209:0103,0.0,0.0,22.49,1.17,0.0
20230209:0203,0.0,0.0,22.35,1.38,0.0
20230209:0303,0.0,0.0,22.21,1.31,0.0
20230209:0403,5.29,6.03,22.28,1.1,0.0
20230209:0503,22.05,19.13,22.26,1.24,0.0
20230209:0603,40.57,32.41,22.35,1.17,0.0
20230209:0703,88.2,45.69,22.14,1.03,0.0
20230209:0803,125.25,58.7,22.05,1.24,0.0
20230209:0903,130.54,70.56,22.33,1.52,0.0
20230209:1003,133.19,77.23,22.53,1.45,0.0
20230209:1103,120.84,71.63,22.78,1.59,0.0
20230209:1203,232.86,60.0,23.14,1.86,0.0
20230209:1303,247.53,47.06,23.2,1.93,0.0
20230209:1403,151.58,33.79,23.2,2.21,0.0
20230209:1503,50.28,20.5,23.11,2.28,0.0
20230209:1603,46.92,7.38,22.98,2.34,0.0
20230209:1703,0.0,0.0,22.79,2.28,0.0
20230209:1803,0.0,0.0,22.61,2.48,0.0
20230209:1903,0.0,0.0,22.81,2.34,0.0
20230209:2003,0.0,0.0,22.57,2.28,0.0
20230209:2103,0.0,0.0,22.36,2.21,0.0
20230209:2203,0.0,0.0,22.13,1.86,0.0
20230209:2303,0.0,0.0,21.9,1.79,0.0
20230210:0003,0.0,0.0,21.78,2.21,0.0
20230210:0103,0.0,0.0,21.67,2.48,0.0
20230210:0203,0.0,0.0,21.5,2.9,0.0
20230210:0303,0.0,0.0,21.31,2.97,0.0
20230210:0403,19.4,5.88,21.1,2.97,0.0
20230210:0503,22.05,18.99,21.07,2.83,0.0
20230210:0603,53.8,32.27,21.16,2.55,0.0
20230210:0703,86.44,45.55,21.67,3.38,0.0
20230210:0803,232.86,58.53,21.91,3.17,0.0
20230210:0903,274.87,70.33,23.35,4.14,0.0
20230210:1003,145.54,76.91,23.86,4.41,0.0
20230210:1103,191.4,71.4,23.98,4.48,0.0
20230210:1203,175.52,59.85,23.86,4.62,0.0
20230210:1303,217.61,46.93,23.37,4.62,0.0
20230210:1403,258.91,33.67,23.05,4.83,0.0
20230210:1503,159.74,20.38,22.96,5.38,0.0
20230210:1603,36.14,7.24,22.7,4.97,0.0
20230210:1703,0.0,0.0,22.23,4.34,0.0
20230210:1803,0.0,0.0,21.97,4.14,0.0
20230210:1903,0.0,0.0,21.71,4.41,0.0
20230210:2003,0.0,0.0,21.62,4.28,0.0
20230210:2103,0.0,0.0,21.5,4.07,0.0
20230210:2203,0.0,0.0,21.33,4.07,0.0
20230210:2303,0.0,0.0,21.3,4.14,0.0
20230211:0003,0.0,0.0,21.28,4.28,0.0
20230211:0103,0.0,0.0,21.19,4.34,0.0
20230211:0203,0.0,0.0,20.78,4.0,0.0
20230211:0303,0.0,0.0,20.65,4.0,0.0
20230211:0403,38.32,5.72,20.64,4.07,0.0
20230211:0503,136.17,18.84,20.67,4.14,0.0
20230211:0603,132.3,32.13,20.83,4.14,0.0
20230211:0703,84.68,45.4,20.94,4.41,0.0
20230211:0803,69.68,58.36,21.26,4.55,0.0
20230211:0903,117.31,70.09,21.3,4.55,0.0
20230211:1003,89.97,76.58,21.35,4.14,0.0
20230211:1103,107.61,71.17,21.52,3.59,0.0
20230211:1203,127.89,59.69,21.58,2.97,0.0
20230211:1303,90.85,46.8,21.98,2.34,0.0
20230211:1403,76.74,33.54,22.29,2.0,0.0
20230211:1503,43.22,20.25,22.57,1.86,0.0
20230211:1603,23.81,7.1,22.74,1.1,0.0
20230211:1703,0.0,0.0,22.73,0.97,0.0
20230211:1803,0.0,0.0,22.79,1.24,0.0
20230211:1903,0.0,0.0,22.04,0.14,0.0
20230211:2003,0.0,0.0,21.96,0.41,0.0
20230211:2103,0.0,0.0,21.99,0.83,0.0
20230211:2203,0.0,0.0,22.16,1.1,0.0
20230211:2303,0.0,0.0,22.21,1.24,0.0
20230212:0003,0.0,0.0,22.18,1.17,0.0
20230212:0103,0.0,0.0,22.08,0.97,0.0
20230212:0203,0.0,0.0,22.03,0.76,0.0
20230212:0303,0.0,0.0,22.0,0.83,0.0
20230212:0403,34.91,5.57,22.05,1.24,0.0
20230212:0503,90.11,18.7,22.77,1.72,0.0
20230212:0603,200.33,31.99,23.49,2.07,0.0
20230212:0703,267.47,45.25,24.52,2.41,0.0
20230212:0803,501.08,58.19,25.35,2.28,0.0
20230212:0903,588.75,69.86,26.6,2.55,0.0
20230212:1003,590.47,76.25,27.47,2.69,0.0
20230212:1103,586.35,70.92,28.77,3.24,0.0
20230212:1203,480.91,59.53,28.71,3.45,0.0
20230212:1303,261.36,46.66,28.49,3.03,0.0
20230212:1403,41.46,33.41,28.88,2.76,0.0
20230212:1503,33.52,20.12,28.17,3.03,0.0
20230212:1603,9.7,6.96,26.71,2.97,0.0
20230212:1703,0.0,0.0,25.62,2.62,0.0
20230212:1803,0.0,0.0,25.17,2.48,0.0
20230212:1903,0.0,0.0,24.58,2.07,0.0
20230212:2003,0.0,0.0,24.15,1.72,0.0
20230212:2103,0.0,0.0,23.83,1.72,0.0
20230212:2203,0.0,0.0,23.61,1.24,0.0
20230212:2303,0.0,0.0,23.55,1.45,0.0
20230213:0003,0.0,0.0,23.31,1.59,0.0
20230213:0103,0.0,0.0,23.1,1.17,0.0
20230213:0203,0.0,0.0,23.1,0.83,0.0
20230213:0303,0.0,0.0,22.92,0.69,0.0
20230213:0403,4.41,5.41,22.77,0.62,0.0
20230213:0503,53.8,18.56,23.7,0.62,0.0
20230213:0603,224.94,31.85,25.09,1.66,0.0
20230213:0703,444.59,45.11,26.95,2.34,0.0
20230213:0803,517.06,58.01,28.05,2.21,0.0
20230213:0903,577.22,69.61,28.95,2.28,0.0
20230213:1003,608.09,75.91,29.81,2.34,0.0
20230213:1103,590.77,70.67,30.09,2.69,0.0
20230213:1203,537.2,59.35,29.98,2.9,0.0
20230213:1303,342.22,46.52,30.14,3.1,0.0
20230213:1403,385.99,33.28,29.51,3.45,0.0
20230213:1503,22.93,19.98,28.41,3.17,0.0
20230213:1603,36.14,6.81,27.16,2.41,0.0
20230213:1703,0.0,0.0,25.89,1.59,0.0
20230213:1803,0.0,0.0,25.37,0.69,0.0
20230213:1903,0.0,0.0,24.5,0.62,0.0
20230213:2003,0.0,0.0,24.62,0.28,0.0
20230213:2103,0.0,0.0,24.04,0.62,0.0
20230213:2203,0.0,0.0,23.91,0.55,0.0
20230213:2303,0.0,0.0,23.85,0.48,0.0
20230214:0003,0.0,0.0,23.65,0.41,0.0
20230214:0103,0.0,0.0,23.38,0.41,0.0
20230214:0203,0.0,0.0,23.19,0.48,0.0
20230214:0303,0.0,0.0,23.02,0.48,0.0
20230214:0403,18.52,5.26,22.42,0.69,0.0
20230214:0503,253.97,18.41,23.7,0.9,0.0
20230214:0603,380.62,31.71,24.86,1.1,0.0
20230214:0703,457.0,44.96,26.51,0.69,0.0
20230214:0803,539.29,57.84,27.53,0.9,0.0
20230214:0903,584.54,69.37,28.39,1.03,0.0
20230214:1003,596.27,75.57,28.95,1.1,0.0
20230214:1103,588.81,70.42,29.35,1.45,0.0
20230214:1203,495.49,59.17,29.82,1.86,0.0
20230214:1303,468.5,46.37,29.63,2.41,0.0
20230214:1403,346.04,33.14,29.04,2.97,0.0
20230214:1503,200.23,19.84,28.13,3.1,0.0
20230214:1603,42.36,6.66,26.99,2.69,0.0
20230214:1703,0.0,0.0,25.8,2.34,0.0
20230214:1803,0.0,0.0,25.12,2.0,0.0
20230214:1903,0.0,0.0,24.69,1.79,0.0
20230214:2003,0.0,0.0,24.42,1.79,0.0
20230214:2103,0.0,0.0,24.07,1.72,0.0
20230214:2203,0.0,0.0,23.76,1.72,0.0
20230214:2303,0.0,0.0,23.41,1.52,0.0
20230215:0003,0.0,0.0,23.27,1.45,0.0
20230215:0103,0.0,0.0,22.77,1.45,0.0
20230215:0203,0.0,0.0,22.43,1.45,0.0
20230215:0303,0.0,0.0,22.14,1.45,0.0
20230215:0403,8.82,5.11,22.01,1.38,0.0
20230215:0503,58.21,18.27,24.13,1.45,0.0
20230215:0603,216.31,31.57,25.5,2.07,0.0
20230215:0703,459.71,44.81,27.07,3.03,0.0
20230215:0803,529.85,57.66,28.28,3.17,0.0
20230215:0903,576.38,69.12,28.93,3.1,0.0
20230215:1003,593.79,75.23,29.92,3.1,0.0
20230215:1103,581.26,70.15,30.67,2.97,0.0
20230215:1203,539.36,58.98,30.94,3.1,0.0
20230215:1303,466.98,46.21,31.06,3.31,0.0
20230215:1403,385.34,32.99,30.49,3.38,0.0
20230215:1503,262.57,19.69,29.85,2.97,0.0
20230215:1603,61.74,6.5,28.62,2.55,0.0
20230215:1703,0.0,0.0,27.21,2.34,0.0
20230215:1803,0.0,0.0,26.22,2.48,0.0
20230215:1903,0.0,0.0,25.41,2.48,0.0
20230215:2003,0.0,0.0,24.85,2.48,0.0
20230215:2103,0.0,0.0,24.5,2.34,0.0
20230215:2203,0.0,0.0,24.12,1.93,0.0
20230215:2303,0.0,0.0,24.15,2.07,0.0
20230216:0003,0.0,0.0,23.93,2.07,0.0
20230216:0103,0.0,0.0,23.88,1.79,0.0
20230216:0203,0.0,0.0,23.63,1.66,0.0
20230216:0303,0.0,0.0,23.41,1.31,0.0
20230216:0403,47.63,4.96,23.16,1.31,0.0
20230216:0503,233.45,18.13,24.34,2.07,0.0
20230216:0603,345.85,31.43,25.77,2.97,0.0
20230216:0703,436.07,44.67,26.52,1.93,0.0
20230216:0803,492.85,57.49,28.0,1.86,0.0
20230216:0903,570.09,68.87,29.03,1.52,0.0
20230216:1003,586.49,74.89,29.92,1.24,0.0
20230216:1103,525.7,69.88,30.27,1.1,0.0
20230216:1203,141.13,58.79,30.45,1.1,0.0
20230216:1303,57.33,46.05,29.42,2.07,0.0
20230216:1403,64.39,32.84,26.9,3.1,0.0
20230216:1503,158.98,19.54,25.64,3.38,0.0
20230216:1603,11.47,6.34,24.9,3.1,0.0
20230216:1703,0.0,0.0,23.7,1.86,0.0
20230216:1803,0.0,0.0,23.35,1.79,0.0
20230216:1903,0.0,0.0,23.37,1.86,0.0
20230216:2003,0.0,0.0,23.42,1.66,0.0
20230216:2103,0.0,0.0,23.24,1.31,0.0
20230216:2203,0.0,0.0,23.13,1.45,0.0
20230216:2303,0.0,0.0,22.92,1.38,0.0
20230217:0003,0.0,0.0,22.73,1.31,0.0
20230217:0103,0.0,0.0,22.56,1.24,0.0
20230217:0203,0.0,0.0,22.58,1.45,0.0
20230217:0303,0.0,0.0,22.56,1.72,0.0
20230217:0403,21.0,4.81,22.55,1.72,0.0
20230217:0503,109.11,17.99,22.72,1.59,0.0
20230217:0603,256.46,31.3,23.28,1.66,0.0
20230217:0703,396.38,44.52,23.0,1.79,0.0
20230217:0803,504.7,57.31,23.29,2.14,0.0
20230217:0903,466.28,68.62,23.85,2.55,0.0
20230217:1003,318.68,74.54,23.89,2.48,0.0
20230217:1103,480.05,69.61,24.56,2.76,0.0
20230217:1203,228.45,58.59,24.8,3.1,0.0
20230217:1303,110.25,45.89,25.3,3.38,0.0
20230217:1403,136.71,32.69,24.79,3.31,0.0
20230217:1503,29.11,19.38,24.37,3.1,0.0
20230217:1603,13.23,6.18,23.72,3.03,0.0
20230217:1703,0.0,0.0,23.15,2.62,0.0
20230217:1803,0.0,0.0,22.88,2.21,0.0
20230217:1903,0.0,0.0,22.4,2.28,0.0
20230217:2003,0.0,0.0,22.23,2.0,0.0
20230217:2103,0.0,0.0,22.04,1.79,0.0
20230217:2203,0.0,0.0,21.97,1.45,0.0
20230217:2303,0.0,0.0,21.95,1.31,0.0
20230218:0003,0.0,0.0,21.94,1.24,0.0
20230218:0103,0.0,0.0,21.91,1.1,0.0
20230218:0203,0.0,0.0,21.89,0.97,0.0
20230218:0303,0.0,0.0,21.83,0.83,0.0
20230218:0403,6.17,4.66,21.9,0.9,0.0
20230218:0503,38.81,17.85,22.42,0.69,0.0
20230218:0603,338.78,31.16,23.22,0.41,0.0
20230218:0703,434.12,44.37,24.13,1.24,0.0
20230218:0803,509.12,57.13,25.2,1.31,0.0
20230218:0903,386.81,68.36,25.87,1.17,0.0
20230218:1003,406.57,74.19,26.7,1.1,0.0
20230218:1103,504.06,69.32,27.05,0.9,0.0
20230218:1203,168.47,58.38,27.64,1.1,0.0
20230218:1303,446.33,45.71,26.81,1.72,0.0
20230218:1403,70.56,32.53,26.41,2.14,0.0
20230218:1503,49.39,19.22,25.65,1.93,0.0
20230218:1603,18.52,6.01,25.07,1.45,0.0
20230218:1703,0.0,0.0,24.63,1.24,0.0
20230218:1803,0.0,0.0,24.39,1.17,0.0
20230218:1903,0.0,0.0,23.76,1.52,0.0
20230218:2003,0.0,0.0,23.37,1.59,0.0
20230218:2103,0.0,0.0,23.03,1.72,0.0
20230218:2203,0.0,0.0,22.66,1.59,0.0
20230218:2303,0.0,0.0,22.38,1.52,0.0
20230219:0003,0.0,0.0,22.19,1.24,0.0
20230219:0103,0.0,0.0,22.15,1.17,0.0
20230219:0203,0.0,0.0,22.04,1.1,0.0
20230219:0303,0.0,0.0,22.05,0.97,0.0
20230219:0403,3.53,4.51,21.89,0.76,0.0
20230219:0503,24.7,17.72,22.88,0.41,0.0
20230219:0603,263.74,31.02,24.1,0.07,0.0
20230219:0703,373.64,44.22,24.49,0.0,0.0
20230219:0803,447.96,56.94,26.44,0.97,0.0
20230219:0903,534.97,68.1,27.36,1.59,0.0
20230219:1003,556.04,73.84,28.19,1.93,0.0
20230219:1103,421.54,69.03,28.62,1.72,0.0
20230219:1203,447.5,58.17,28.65,2.14,0.0
20230219:1303,444.6,45.53,28.69,2.48,0.0
20230219:1403,322.14,32.36,28.52,3.1,0.0
20230219:1503,198.19,19.05,27.57,3.31,0.0
20230219:1603,53.93,5.83,26.7,2.62,0.0
20230219:1703,0.0,0.0,25.8,2.07,0.0
20230219:1803,0.0,0.0,25.25,2.0,0.0
20230219:1903,0.0,0.0,25.02,2.14,0.0
20230219:2003,0.0,0.0,24.74,2.0,0.0
20230219:2103,0.0,0.0,24.54,2.07,0.0
20230219:2203,0.0,0.0,24.25,2.14,0.0
20230219:2303,0.0,0.0,24.14,2.34,0.0
20230220:0003,0.0,0.0,24.16,2.34,0.0
20230220:0103,0.0,0.0,23.83,2.14,0.0
20230220:0203,0.0,0.0,23.56,2.21,0.0
20230220:0303,0.0,0.0,23.45,2.41,0.0
20230220:0403,52.95,4.36,23.46,2.76,0.0
20230220:0503,226.94,17.58,24.56,3.1,0.0
20230220:0603,306.64,30.88,26.38,3.93,0.0
20230220:0703,403.36,44.07,28.26,4.41,0.0
20230220:0803,506.46,56.76,29.94,4.69,0.0
20230220:0903,553.5,67.84,31.05,4.9,0.0
20230220:1003,565.45,73.48,32.3,5.24,0.0
20230220:1103,551.36,68.74,33.09,5.38,0.0
20230220:1203,508.02,57.95,33.49,5.45,0.0
20230220:1303,434.08,45.35,33.55,5.31,0.0
20230220:1403,67.03,32.19,33.22,5.17,0.0
20230220:1503,173.27,18.88,32.39,4.07,0.0
20230220:1603,19.4,5.65,31.21,3.93,0.0
20230220:1703,0.0,0.0,30.23,4.28,0.0
20230220:1803,0.0,0.0,29.51,4.34,0.0
20230220:1903,0.0,0.0,28.96,3.93,0.0
20230220:2003,0.0,0.0,28.38,3.59,0.0
20230220:2103,0.0,0.0,27.62,3.24,0.0
20230220:2203,0.0,0.0,26.77,2.83,0.0
20230220:2303,0.0,0.0,25.91,2.48,0.0
20230221:0003,0.0,0.0,25.16,2.28,0.0
20230221:0103,0.0,0.0,24.14,1.45,0.0
20230221:0203,0.0,0.0,23.68,2.14,0.0
20230221:0303,0.0,0.0,24.41,4.69,0.0
20230221:0403,64.39,4.22,23.89,4.69,0.0
20230221:0503,229.62,17.44,24.28,4.41,0.0
20230221:0603,346.16,30.75,25.08,5.72,0.0
20230221:0703,441.66,43.92,25.44,5.24,0.0
20230221:0803,429.77,56.57,25.65,5.03,0.0
20230221:0903,423.07,67.57,25.75,5.31,0.0
20230221:1003,523.8,73.12,25.57,5.79,0.0
20230221:1103,415.68,68.43,25.66,5.38,0.0
20230221:1203,303.95,57.72,24.91,5.31,0.0
20230221:1303,316.0,45.16,24.12,5.52,0.0
20230221:1403,255.95,32.01,23.51,5.17,0.0
20230221:1503,47.63,18.71,23.18,4.21,0.0
20230221:1603,21.17,5.47,22.77,4.0,0.0
20230221:1703,0.0,0.0,22.43,3.38,0.0
20230221:1803,0.0,0.0,22.2,3.03,0.0
20230221:1903,0.0,0.0,22.15,3.31,0.0
20230221:2003,0.0,0.0,21.69,2.83,0.0
20230221:2103,0.0,0.0,21.44,2.69,0.0
20230221:2203,0.0,0.0,21.1,2.62,0.0
20230221:2303,0.0,0.0,20.73,2.69,0.0
20230222:0003,0.0,0.0,20.48,2.62,0.0
20230222:0103,0.0,0.0,20.21,2.48,0.0
20230222:0203,0.0,0.0,19.86,2.41,0.0
20230222:0303,0.0,0.0,19.62,2.34,0.0
20230222:0403,5.29,4.07,19.44,2.14,0.0
20230222:0503,36.16,17.31,20.08,2.41,0.0
20230222:0603,197.09,30.61,21.29,2.76,0.0
20230222:0703,252.78,43.77,23.23,3.24,0.0
20230222:0803,306.18,56.38,24.27,2.9,0.0
20230222:0903,431.36,67.3,24.66,2.62,0.0
20230222:1003,438.3,72.76,24.89,2.69,0.0
20230222:1103,548.45,68.13,25.63,2.21,0.0
20230222:1203,508.76,57.49,25.73,2.14,0.0
20230222:1303,242.63,44.96,25.55,2.48,0.0
20230222:1403,213.3,31.83,25.22,2.83,0.0
20230222:1503,157.13,18.53,24.58,3.1,0.0
20230222:1603,29.59,5.28,23.71,2.76,0.0
20230222:1703,0.0,0.0,23.09,2.55,0.0
20230222:1803,0.0,0.0,22.78,2.28,0.0
20230222:1903,0.0,0.0,22.07,1.03,0.0
20230222:2003,0.0,0.0,21.34,0.83,0.0
20230222:2103,0.0,0.0,21.26,0.76,0.0
20230222:2203,0.0,0.0,21.37,0.69,0.0
20230222:2303,0.0,0.0,21.65,0.62,0.0
20230223:0003,0.0,0.0,21.7,0.76,0.0
20230223:0103,0.0,0.0,21.67,0.9,0.0
20230223:0203,0.0,0.0,21.49,0.97,0.0
20230223:0303,0.0,0.0,20.96,0.97,0.0
20230223:0403,26.8,3.93,20.56,1.03,0.0
20230223:0503,37.93,17.17,22.07,0.76,0.0
20230223:0603,170.11,30.47,23.12,1.03,0.0
20230223:0703,366.0,43.62,24.44,1.66,0.0
20230223:0803,495.63,56.19,25.04,1.72,0.0
20230223:0903,546.68,67.03,25.82,1.66,0.0
20230223:1003,563.29,72.39,26.53,1.79,0.0
20230223:1103,551.78,67.81,27.12,1.86,0.0
20230223:1203,506.8,57.25,27.29,2.07,0.0
20230223:1303,412.24,44.76,27.47,2.21,0.0
20230223:1403,326.6,31.64,27.18,2.28,0.0
20230223:1503,219.63,18.35,26.25,2.55,0.0
20230223:1603,41.38,5.09,24.92,2.55,0.0
20230223:1703,0.0,0.0,23.24,2.14,0.0
20230223:1803,0.0,0.0,22.17,1.52,0.0
20230223:1903,0.0,0.0,22.4,0.55,0.0
20230223:2003,0.0,0.0,21.87,0.83,0.0
20230223:2103,0.0,0.0,19.95,1.24,0.0
20230223:2203,0.0,0.0,19.17,1.38,0.0
20230223:2303,0.0,0.0,18.74,1.31,0.0
20230224:0003,0.0,0.0,18.33,1.31,0.0
20230224:0103,0.0,0.0,18.19,1.31,0.0
20230224:0203,0.0,0.0,18.14,1.31,0.0
20230224:0303,0.0,0.0,17.89,1.38,0.0
20230224:0403,34.14,3.79,17.54,1.45,0.0
20230224:0503,213.26,17.04,19.52,1.03,0.0
20230224:0603,331.26,30.34,23.22,1.1,0.0
20230224:0703,427.93,43.47,24.68,1.59,0.0
20230224:0803,496.02,56.0,26.29,1.86,0.0
20230224:0903,543.76,66.76,27.75,2.21,0.0
20230224:1003,556.0,72.02,29.1,2.55,0.0
20230224:1103,543.31,67.5,30.2,2.83,0.0
20230224:1203,502.34,57.0,30.75,2.83,0.0
20230224:1303,435.7,44.55,31.18,2.83,0.0
20230224:1403,340.6,31.45,31.06,2.9,0.0
20230224:1503,222.8,18.16,30.37,2.69,0.0
20230224:1603,57.34,4.9,28.97,2.07,0.0
20230224:1703,0.0,0.0,27.13,2.21,0.0
20230224:1803,0.0,0.0,25.71,2.48,0.0
20230224:1903,0.0,0.0,24.76,2.34,0.0
20230224:2003,0.0,0.0,24.09,2.07,0.0
20230224:2103,0.0,0.0,23.54,1.93,0.0
20230224:2203,0.0,0.0,23.18,1.72,0.0
20230224:2303,0.0,0.0,23.09,1.72,0.0
20230225:0003,0.0,0.0,23.19,1.72,0.0
20230225:0103,0.0,0.0,23.55,1.66,0.0
20230225:0203,0.0,0.0,23.71,1.45,0.0
20230225:0303,0.0,0.0,23.51,0.9,0.0
20230225:0403,33.17,3.65,24.21,0.41,0.0
20230225:0503,161.84,16.91,24.78,0.69,0.0
20230225:0603,257.58,30.2,26.08,1.03,0.0
20230225:0703,197.22,43.32,27.05,1.93,0.0
20230225:0803,457.85,55.81,27.93,1.93,0.0
20230225:0903,527.89,66.48,28.58,1.52,0.0
20230225:1003,406.86,71.65,28.8,1.79,0.0
20230225:1103,482.43,67.17,28.48,2.41,0.0
20230225:1203,484.54,56.75,27.51,2.69,0.0
20230225:1303,393.7,44.34,27.8,2.48,0.0
20230225:1403,152.31,31.26,27.57,2.62,0.0
20230225:1503,69.68,17.97,27.12,2.83,0.0
20230225:1603,40.6,4.7,26.19,2.55,0.0
20230225:1703,0.0,0.0,25.23,2.62,0.0
20230225:1803,0.0,0.0,24.66,2.9,0.0
20230225:1903,0.0,0.0,24.57,3.72,0.0
20230225:2003,0.0,0.0,24.04,4.0,0.0
20230225:2103,0.0,0.0,23.63,3.79,0.0
20230225:2203,0.0,0.0,23.41,3.93,0.0
20230225:2303,0.0,0.0,23.22,4.14,0.0
20230226:0003,0.0,0.0,23.04,4.07,0.0
20230226:0103,0.0,0.0,22.81,3.79,0.0
20230226:0203,0.0,0.0,22.64,3.72,0.0
20230226:0303,0.0,0.0,22.37,3.93,0.0
20230226:0403,30.67,3.51,22.33,3.93,0.0
20230226:0503,42.34,16.77,22.53,3.52,0.0
20230226:0603,94.38,30.07,23.14,5.03,0.0
20230226:0703,206.03,43.16,22.39,4.55,0.0
20230226:0803,171.11,55.62,23.01,5.03,0.0
20230226:0903,175.52,66.2,23.67,4.69,0.0
20230226:1003,196.69,71.28,24.27,4.97,0.0
20230226:1103,129.66,66.84,25.02,5.17,0.0
20230226:1203,215.22,56.5,25.0,5.17,0.0
20230226:1303,206.91,44.13,24.54,4.69,0.0
20230226:1403,137.6,31.06,24.62,4.62,0.0
20230226:1503,30.87,17.77,24.0,3.86,0.0
20230226:1603,13.23,4.5,23.54,3.17,0.0
20230226:1703,0.0,0.0,23.12,3.1,0.0
20230226:1803,0.0,0.0,22.86,2.83,0.0
20230226:1903,0.0,0.0,22.19,2.41,0.0
20230226:2003,0.0,0.0,22.02,2.34,0.0
20230226:2103,0.0,0.0,21.86,2.14,0.0
20230226:2203,0.0,0.0,21.9,2.21,0.0
20230226:2303,0.0,0.0,21.81,2.0,0.0
20230227:0003,0.0,0.0,21.67,2.14,0.0
20230227:0103,0.0,0.0,21.68,2.14,0.0
20230227:0203,0.0,0.0,21.59,1.45,0.0
20230227:0303,0.0,0.0,21.57,1.1,0.0
20230227:0403,2.65,3.37,21.56,1.31,0.0
20230227:0503,121.24,16.64,21.8,1.59,0.0
20230227:0603,265.13,29.93,22.41,1.59,0.0
20230227:0703,354.99,43.01,23.78,1.03,0.0
20230227:0803,471.31,55.42,24.66,0.83,0.0
20230227:0903,518.96,65.92,25.64,1.03,0.0
20230227:1003,534.61,70.91,26.32,1.45,0.0
20230227:1103,515.13,66.51,26.63,2.28,0.0
20230227:1203,458.85,56.24,26.65,2.69,0.0
20230227:1303,357.79,43.9,26.93,2.55,0.0
20230227:1403,306.15,30.85,27.11,2.34,0.0
20230227:1503,200.94,17.57,26.81,2.55,0.0
20230227:1603,4.41,4.29,25.91,2.55,0.0
20230227:1703,0.0,0.0,24.81,2.28,0.0
20230227:1803,0.0,0.0,24.15,1.72,0.0
20230227:1903,0.0,0.0,23.81,1.38,0.0
20230227:2003,0.0,0.0,23.15,0.97,0.0
20230227:2103,0.0,0.0,22.69,0.9,0.0
20230227:2203,0.0,0.0,22.56,0.83,0.0
20230227:2303,0.0,0.0,22.56,0.76,0.0
20230228:0003,0.0,0.0,22.07,0.9,0.0
20230228:0103,0.0,0.0,21.86,0.9,0.0
20230228:0203,0.0,0.0,22.34,0.62,0.0
20230228:0303,0.0,0.0,22.13,0.34,0.0
20230228:0403,23.04,3.24,22.02,0.28,0.0
20230228:0503,188.53,16.51,22.37,0.83,0.0
20230228:0603,302.32,29.8,24.11,1.52,0.0
20230228:0703,384.24,42.85,26.01,1.45,0.0
20230228:0803,465.1,55.22,27.43,1.72,0.0
20230228:0903,418.32,65.64,28.68,2.0,0.0
20230228:1003,530.3,70.53,29.04,2.21,0.0
20230228:1103,486.27,66.17,29.55,2.28,0.0
20230228:1203,461.47,55.97,28.83,3.1,0.0
20230228:1303,395.77,43.68,26.22,3.93,0.0
20230228:1403,264.51,30.65,26.09,3.17,0.0
20230228:1503,127.27,17.37,25.92,2.55,0.0
20230228:1603,7.25,4.09,25.51,1.59,0.0
20230228:1703,0.0,0.0,24.88,1.17,0.0
20230228:1803,0.0,0.0,24.44,1.17,0.0
20230228:1903,0.0,0.0,23.76,0.48,0.0
20230228:2003,0.0,0.0,23.3,0.62,0.0
20230228:2103,0.0,0.0,23.01,0.76,0.0
20230228:2203,0.0,0.0,22.89,0.69,0.0
20230228:2303,0.0,0.0,22.92,0.55,0.0
20230301:0003,0.0,0.0,22.64,0.34,0.0
20230301:0103,0.0,0.0,22.59,0.41,0.0
20230301:0203,0.0,0.0,22.47,0.62,0.0
20230301:0303,0.0,0.0,22.15,0.07,0.0
20230301:0403,19.72,3.1,21.97,0.28,0.0
20230301:0503,185.6,16.38,22.5,0.62,0.0
20230301:0603,298.1,29.66,24.44,0.76,0.0
20230301:0703,389.86,42.7,26.54,1.52,0.0
20230301:0803,458.33,55.02,28.11,2.69,0.0
20230301:0903,501.98,65.35,28.98,3.72,0.0
20230301:1003,521.07,70.15,29.32,4.41,0.0
20230301:1103,510.99,65.83,28.98,4.97,0.0
20230301:1203,464.76,55.7,27.88,5.31,0.0
20230301:1303,54.69,43.45,27.25,5.38,0.0
20230301:1403,233.15,30.43,26.05,4.62,0.0
20230301:1503,188.93,17.16,25.62,4.55,0.0
20230301:1603,2.42,3.87,24.93,4.21,0.0
20230301:1703,0.0,0.0,24.07,3.93,0.0
20230301:1803,0.0,0.0,23.53,4.0,0.0
20230301:1903,0.0,0.0,23.49,4.28,0.0
20230301:2003,0.0,0.0,23.2,4.69,0.0
20230301:2103,0.0,0.0,22.83,4.76,0.0
20230301:2203,0.0,0.0,22.42,4.76,0.0
20230301:2303,0.0,0.0,22.11,4.41,0.0
20230302:0003,0.0,0.0,21.67,4.0,0.0
20230302:0103,0.0,0.0,21.58,3.86,0.0
20230302:0203,0.0,0.0,21.42,3.79,0.0
20230302:0303,0.0,0.0,21.25,3.86,0.0
20230302:0403,18.79,2.97,21.03,3.86,0.0
20230302:0503,171.67,16.25,21.29,3.52,0.0
20230302:0603,292.18,29.53,22.58,5.38,0.0
20230302:0703,384.39,42.54,23.98,5.31,0.0
20230302:0803,456.69,54.82,25.39,5.31,0.0
20230302:0903,501.71,65.06,26.68,5.1,0.0
20230302:1003,521.01,69.77,27.2,4.9,0.0
20230302:1103,509.09,65.49,27.89,4.9,0.0
20230302:1203,459.1,55.42,27.69,4.76,0.0
20230302:1303,369.93,43.21,27.42,4.76,0.0
20230302:1403,288.73,30.22,26.76,4.62,0.0
20230302:1503,188.35,16.95,25.92,4.34,0.0
20230302:1603,15.3,3.66,24.75,3.59,0.0
20230302:1703,0.0,0.0,23.68,3.03,0.0
20230302:1803,0.0,0.0,22.91,2.62,0.0
20230302:1903,0.0,0.0,22.78,2.07,0.0
20230302:2003,0.0,0.0,22.32,1.86,0.0
20230302:2103,0.0,0.0,21.98,1.72,0.0
20230302:2203,0.0,0.0,21.32,1.66,0.0
20230302:2303,0.0,0.0,20.95,1.59,0.0
20230303:0003,0.0,0.0,20.53,1.59,0.0
20230303:0103,0.0,0.0,20.39,1.52,0.0
20230303:0203,0.0,0.0,20.47,1.45,0.0
20230303:0303,0.0,0.0,20.41,1.38,0.0
20230303:0403,4.41,2.83,20.64,1.17,0.0
20230303:0503,178.94,16.12,21.56,1.17,0.0
20230303:0603,286.75,29.39,22.56,1.72,0.0
20230303:0703,380.33,42.39,24.04,1.52,0.0
20230303:0803,448.43,54.62,24.75,1.45,0.0
20230303:0903,505.7,64.77,25.82,1.52,0.0
20230303:1003,522.17,69.39,27.21,1.66,0.0
20230303:1103,495.22,65.14,27.89,2.0,0.0
20230303:1203,459.81,55.14,28.38,2.41,0.0
20230303:1303,369.16,42.97,28.24,2.69,0.0
20230303:1403,275.98,30.0,27.62,3.1,0.0
20230303:1503,178.12,16.73,26.3,3.38,0.0
20230303:1603,16.1,3.44,24.78,2.9,0.0
20230303:1703,0.0,0.0,23.32,2.28,0.0
20230303:1803,0.0,0.0,22.51,1.59,0.0
20230303:1903,0.0,0.0,21.89,0.55,0.0
20230303:2003,0.0,0.0,22.05,0.41,0.0
20230303:2103,0.0,0.0,21.38,0.76,0.0
20230303:2203,0.0,0.0,20.71,0.9,0.0
20230303:2303,0.0,0.0,20.13,0.97,0.0
20230304:0003,0.0,0.0,19.85,0.97,0.0
20230304:0103,0.0,0.0,20.05,0.9,0.0
20230304:0203,0.0,0.0,20.06,0.76,0.0
20230304:0303,0.0,0.0,19.99,0.76,0.0
20230304:0403,8.82,2.7,19.05,1.03,0.0
20230304:0503,166.77,16.0,20.28,0.76,0.0
20230304:0603,282.21,29.26,23.58,0.83,0.0
20230304:0703,371.25,42.23,25.23,1.17,0.0
20230304:0803,442.39,54.41,26.49,1.31,0.0
20230304:0903,481.62,64.47,27.95,1.66,0.0
20230304:1003,505.04,69.0,28.65,2.0,0.0
20230304:1103,482.33,64.79,28.73,2.41,0.0
20230304:1203,443.83,54.86,28.79,2.62,0.0
20230304:1303,373.08,42.72,28.24,2.76,0.0
20230304:1403,177.53,29.77,27.8,3.17,0.0
20230304:1503,59.1,16.52,26.58,3.31,0.0
20230304:1603,12.08,3.22,25.54,2.83,0.0
20230304:1703,0.0,0.0,24.53,2.34,0.0
20230304:1803,0.0,0.0,23.96,1.86,0.0
20230304:1903,0.0,0.0,23.56,1.38,0.0
20230304:2003,0.0,0.0,22.96,0.83,0.0
20230304:2103,0.0,0.0,23.0,0.69,0.0
20230304:2203,0.0,0.0,22.95,0.83,0.0
20230304:2303,0.0,0.0,22.92,0.76,0.0
20230305:0003,0.0,0.0,22.57,0.76,0.0
20230305:0103,0.0,0.0,22.26,0.76,0.0
20230305:0203,0.0,0.0,21.95,0.83,0.0
20230305:0303,0.0,0.0,21.65,0.83,0.0
20230305:0403,1.76,2.57,21.6,1.1,0.0
20230305:0503,22.05,15.87,22.66,1.24,0.0
20230305:0603,115.55,29.12,23.7,1.72,0.0
20230305:0703,102.32,42.07,24.52,2.14,0.0
20230305:0803,200.22,54.2,25.21,2.14,0.0
20230305:0903,482.49,64.18,26.31,2.28,0.0
20230305:1003,280.9,68.62,27.24,2.48,0.0
20230305:1103,470.47,64.43,27.99,2.76,0.0
20230305:1203,438.21,54.57,28.45,2.97,0.0
20230305:1303,347.74,42.48,27.9,3.31,0.0
20230305:1403,155.0,29.54,27.23,3.66,0.0
20230305:1503,117.49,16.29,26.61,3.72,0.0
20230305:1603,9.66,3.0,25.66,3.1,0.0
20230305:1703,0.0,0.0,24.65,2.69,0.0
20230305:1803,0.0,0.0,24.01,2.55,0.0
20230305:1903,0.0,0.0,24.23,2.69,0.0
20230305:2003,0.0,0.0,23.93,2.55,0.0
20230305:2103,0.0,0.0,23.81,2.34,0.0
20230305:2203,0.0,0.0,23.52,2.28,0.0
20230305:2303,0.0,0.0,23.32,2.21,0.0
20230306:0003,0.0,0.0,23.07,2.14,0.0
20230306:0103,0.0,0.0,23.02,2.14,0.0
20230306:0203,0.0,0.0,22.89,2.0,0.0
20230306:0303,0.0,0.0,22.85,1.79,0.0
20230306:0403,1.76,2.44,22.84,1.72,0.0
20230306:0503,30.87,15.74,23.26,1.93,0.0
20230306:0603,88.2,28.99,24.18,2.83,0.0
20230306:0703,236.35,41.91,25.21,3.03,0.0
20230306:0803,260.56,53.99,26.11,2.83,0.0
20230306:0903,318.07,63.88,26.95,2.48,0.0
20230306:1003,355.13,68.23,27.57,2.21,0.0
20230306:1103,290.51,64.07,28.47,1.86,0.0
20230306:1203,276.37,54.27,28.74,1.79,0.0
20230306:1303,202.87,42.22,29.07,2.14,0.0
20230306:1403,96.14,29.31,28.58,3.17,0.0
20230306:1503,104.18,16.07,27.18,3.17,0.0
20230306:1603,9.66,2.77,25.91,3.03,0.0
20230306:1703,0.0,0.0,24.94,2.76,0.0
20230306:1803,0.0,0.0,24.28,2.34,0.0
20230306:1903,0.0,0.0,24.15,2.0,0.0
20230306:2003,0.0,0.0,23.86,1.38,0.0
20230306:2103,0.0,0.0,23.8,1.17,0.0
20230306:2203,0.0,0.0,23.66,1.17,0.0
20230306:2303,0.0,0.0,23.61,1.17,0.0
20230307:0003,0.0,0.0,23.48,1.17,0.0
20230307:0103,0.0,0.0,23.38,1.1,0.0
20230307:0203,0.0,0.0,23.14,1.24,0.0
20230307:0303,0.0,0.0,22.68,1.52,0.0
20230307:0403,1.76,2.31,22.46,1.79,0.0
20230307:0503,78.01,15.62,23.13,2.48,0.0
20230307:0603,137.2,28.85,23.9,3.93,0.0
20230307:0703,230.56,41.75,24.59,4.34,0.0
20230307:0803,230.62,53.78,25.7,4.0,0.0
20230307:0903,297.94,63.58,26.32,3.86,0.0
20230307:1003,377.28,67.84,27.01,3.79,0.0
20230307:1103,193.16,63.71,27.64,4.07,0.0
20230307:1203,354.23,53.97,27.79,4.34,0.0
20230307:1303,349.93,41.97,27.21,4.48,0.0
20230307:1403,179.02,29.08,26.62,4.28,0.0
20230307:1503,149.41,15.84,25.95,3.79,0.0
20230307:1603,9.66,2.54,25.02,3.03,0.0
20230307:1703,0.0,0.0,24.15,2.14,0.0
20230307:1803,0.0,0.0,23.58,1.72,0.0
20230307:1903,0.0,0.0,22.87,1.31,0.0
20230307:2003,0.0,0.0,22.11,1.03,0.0
20230307:2103,0.0,0.0,21.64,0.9,0.0
20230307:2203,0.0,0.0,21.46,0.97,0.0
20230307:2303,0.0,0.0,21.37,0.9,0.0
20230308:0003,0.0,0.0,21.36,0.76,0.0
20230308:0103,0.0,0.0,21.63,0.55,0.0
20230308:0203,0.0,0.0,21.71,0.41,0.0
20230308:0303,0.0,0.0,21.56,0.41,0.0
20230308:0403,1.76,2.19,21.31,0.55,0.0
20230308:0503,150.28,15.49,21.8,0.28,0.0
20230308:0603,260.94,28.72,23.76,0.83,0.0
20230308:0703,353.58,41.59,25.13,1.38,0.0
20230308:0803,430.35,53.57,26.59,1.72,0.0
20230308:0903,480.67,63.27,27.73,2.28,0.0
20230308:1003,480.77,67.45,28.84,2.69,0.0
20230308:1103,457.15,63.34,29.7,2.9,0.0
20230308:1203,416.08,53.67,30.28,2.97,0.0
20230308:1303,350.6,41.71,30.52,3.1,0.0
20230308:1403,262.45,28.84,30.25,3.31,0.0
20230308:1503,144.97,15.61,29.19,3.38,0.0
20230308:1603,7.25,2.31,27.46,2.97,0.0
20230308:1703,0.0,0.0,25.61,2.69,0.0
20230308:1803,0.0,0.0,24.39,2.28,0.0
20230308:1903,0.0,0.0,23.65,1.93,0.0
20230308:2003,0.0,0.0,22.85,1.66,0.0
20230308:2103,0.0,0.0,22.03,1.59,0.0
20230308:2203,0.0,0.0,21.37,1.59,0.0
20230308:2303,0.0,0.0,20.88,1.52,0.0
20230309:0003,0.0,0.0,20.56,1.59,0.0
20230309:0103,0.0,0.0,20.38,1.66,0.0
20230309:0203,0.0,0.0,20.23,1.72,0.0
20230309:0303,0.0,0.0,20.08,1.72,0.0
20230309:0403,3.53,2.06,19.93,1.59,0.0
20230309:0503,145.8,15.37,22.02,1.17,0.0
20230309:0603,255.69,28.58,25.18,1.45,0.0
20230309:0703,341.65,41.43,26.95,1.45,0.0
20230309:0803,407.25,53.35,28.79,1.93,0.0
20230309:0903,448.37,62.97,29.99,2.07,0.0
20230309:1003,465.63,67.06,31.07,2.07,0.0
20230309:1103,466.36,62.98,31.62,2.34,0.0
20230309:1203,421.7,53.36,31.98,2.48,0.0
20230309:1303,315.32,41.44,31.65,2.97,0.0
20230309:1403,211.4,28.59,30.2,3.72,0.0
20230309:1503,112.58,15.38,28.85,3.72,0.0
20230309:1603,1.61,2.07,27.35,2.97,0.0
20230309:1703,0.0,0.0,26.04,2.41,0.0
20230309:1803,0.0,0.0,25.12,1.86,0.0
20230309:1903,0.0,0.0,24.53,1.66,0.0
20230309:2003,0.0,0.0,23.72,0.97,0.0
20230309:2103,0.0,0.0,24.2,0.34,0.0
20230309:2203,0.0,0.0,23.93,0.34,0.0
20230309:2303,0.0,0.0,23.34,0.62,0.0
20230310:0003,0.0,0.0,23.16,0.55,0.0
20230310:0103,0.0,0.0,22.76,0.69,0.0
20230310:0203,0.0,0.0,22.45,0.76,0.0
20230310:0303,0.0,0.0,22.57,0.69,0.0
20230310:0403,0.88,1.94,22.77,0.62,0.0
20230310:0503,142.35,15.24,23.58,0.62,0.0
20230310:0603,250.41,28.45,25.13,1.03,0.0
20230310:0703,336.02,41.27,26.83,1.86,0.0
20230310:0803,402.04,53.14,28.1,2.21,0.0
20230310:0903,440.67,62.66,28.3,2.41,0.0
20230310:1003,446.51,66.67,29.32,2.55,0.0
20230310:1103,430.09,62.61,29.46,2.62,0.0
20230310:1203,399.59,53.05,29.68,2.76,0.0
20230310:1303,281.29,41.17,29.71,2.9,0.0
20230310:1403,222.49,28.35,29.4,3.1,0.0
20230310:1503,143.12,15.14,28.2,3.17,0.0
20230310:1603,6.44,1.84,26.99,2.83,0.0
20230310:1703,0.0,0.0,25.87,2.41,0.0
20230310:1803,0.0,0.0,25.21,1.93,0.0
20230310:1903,0.0,0.0,24.6,0.97,0.0
20230310:2003,0.0,0.0,23.84,0.76,0.0
20230310:2103,0.0,0.0,23.5,0.76,0.0
20230310:2203,0.0,0.0,23.18,0.83,0.0
20230310:2303,0.0,0.0,22.82,0.9,0.0
20230311:0003,0.0,0.0,22.26,1.1,0.0
20230311:0103,0.0,0.0,21.74,1.31,0.0
20230311:0203,0.0,0.0,21.35,1.38,0.0
20230311:0303,0.0,0.0,21.17,1.45,0.0
20230311:0403,3.53,1.81,21.15,1.31,0.0
20230311:0503,141.9,15.12,23.11,2.0,0.0
20230311:0603,246.21,28.31,25.05,2.69,0.0
20230311:0703,331.52,41.1,27.48,2.76,0.0
20230311:0803,397.64,52.92,29.28,3.03,0.0
20230311:0903,436.83,62.35,30.86,3.31,0.0
20230311:1003,453.36,66.28,31.52,3.38,0.0
20230311:1103,437.15,62.23,32.31,3.52,0.0
20230311:1203,395.75,52.74,33.04,3.59,0.0
20230311:1303,329.6,40.9,33.14,3.59,0.0
20230311:1403,243.57,28.1,32.66,3.66,0.0
20230311:1503,138.9,14.91,31.62,3.59,0.0
20230311:1603,4.03,1.6,29.74,3.17,0.0
20230311:1703,0.0,0.0,27.66,3.24,0.0
20230311:1803,0.0,0.0,26.24,3.1,0.0
20230311:1903,0.0,0.0,25.61,2.55,0.0
20230311:2003,0.0,0.0,24.77,2.07,0.0
20230311:2103,0.0,0.0,24.01,1.52,0.0
20230311:2203,0.0,0.0,23.38,0.83,0.0
20230311:2303,0.0,0.0,23.24,1.79,0.0
20230312:0003,0.0,0.0,23.52,2.48,0.0
20230312:0103,0.0,0.0,23.02,3.86,0.0
20230312:0203,0.0,0.0,22.35,4.76,0.0
20230312:0303,0.0,0.0,22.16,5.03,0.0
20230312:0403,5.29,1.69,22.19,4.97,0.0
20230312:0503,129.51,15.0,22.46,4.62,0.0
20230312:0603,125.25,28.18,23.27,4.83,0.0
20230312:0703,182.09,40.94,24.39,6.0,0.0
20230312:0803,358.02,52.7,25.01,7.45,0.0
20230312:0903,458.2,62.04,25.55,6.69,0.0
20230312:1003,474.46,65.88,24.76,6.0,0.0
20230312:1103,454.92,61.86,24.44,5.79,0.0
20230312:1203,64.39,52.43,24.59,5.72,0.0
20230312:1303,57.33,40.63,23.97,5.24,0.0
20230312:1403,206.96,27.85,23.15,4.9,0.0
20230312:1503,61.74,14.67,21.86,4.41,0.0
20230312:1603,0.81,1.36,20.81,4.69,0.0
20230312:1703,0.0,0.0,20.56,4.21,0.0
20230312:1803,0.0,0.0,20.56,4.28,0.0
20230312:1903,0.0,0.0,20.89,3.86,0.0
20230312:2003,0.0,0.0,20.89,3.93,0.0
20230312:2103,0.0,0.0,20.98,3.86,0.0
20230312:2203,0.0,0.0,21.11,3.66,0.0
20230312:2303,0.0,0.0,21.15,3.38,0.0
20230313:0003,0.0,0.0,21.19,3.24,0.0
20230313:0103,0.0,0.0,21.29,3.24,0.0
20230313:0203,0.0,0.0,21.16,3.17,0.0
20230313:0303,0.0,0.0,21.2,3.1,0.0
20230313:0403,4.41,1.57,21.24,3.03,0.0
20230313:0503,111.0,14.87,21.54,2.62,0.0
20230313:0603,203.19,28.04,22.22,2.97,0.0
20230313:0703,333.8,40.77,23.05,3.38,0.0
20230313:0803,287.16,52.48,23.45,3.38,0.0
20230313:0903,451.96,61.73,25.34,3.38,0.0
20230313:1003,475.66,65.49,26.24,2.97,0.0
20230313:1103,344.24,61.48,27.27,2.76,0.0
20230313:1203,390.56,52.11,27.46,2.9,0.0
20230313:1303,292.6,40.35,27.56,2.9,0.0
20230313:1403,202.24,27.6,26.47,2.83,0.0
20230313:1503,120.81,14.42,25.94,2.9,0.0
20230313:1603,0.0,0.0,24.84,2.14,0.0
20230313:1703,0.0,0.0,23.83,1.72,0.0
20230313:1803,0.0,0.0,23.14,1.45,0.0
20230313:1903,0.0,0.0,22.38,1.03,0.0
20230313:2003,0.0,0.0,21.97,0.97,0.0
20230313:2103,0.0,0.0,21.49,1.03,0.0
20230313:2203,0.0,0.0,20.87,1.17,0.0
20230313:2303,0.0,0.0,20.72,1.17,0.0
20230314:0003,0.0,0.0,20.72,1.03,0.0
20230314:0103,0.0,0.0,20.71,1.03,0.0
20230314:0203,0.0,0.0,20.43,1.03,0.0
20230314:0303,0.0,0.0,20.31,1.1,0.0
20230314:0403,2.65,1.45,20.22,1.1,0.0
20230314:0503,131.41,14.75,21.7,1.03,0.0
20230314:0603,229.6,27.9,23.29,1.38,0.0
20230314:0703,332.97,40.6,24.82,1.38,0.0
20230314:0803,353.81,52.25,26.17,1.45,0.0
20230314:0903,445.35,61.41,26.89,1.93,0.0
20230314:1003,454.99,65.09,27.57,2.34,0.0
20230314:1103,455.21,61.1,27.39,2.69,0.0
20230314:1203,403.88,51.79,27.23,3.17,0.0
20230314:1303,314.09,40.07,26.84,3.1,0.0
20230314:1403,223.74,27.34,26.87,3.03,0.0
20230314:1503,123.29,14.18,26.29,2.62,0.0
20230314:1603,0.0,0.0,25.28,2.07,0.0
20230314:1703,0.0,0.0,24.19,1.79,0.0
20230314:1803,0.0,0.0,23.43,1.45,0.0
20230314:1903,0.0,0.0,22.43,0.9,0.0
20230314:2003,0.0,0.0,22.9,0.55,0.0
20230314:2103,0.0,0.0,22.7,0.48,0.0
20230314:2203,0.0,0.0,22.26,0.48,0.0
20230314:2303,0.0,0.0,21.44,0.83,0.0
20230315:0003,0.0,0.0,20.89,0.97,0.0
20230315:0103,0.0,0.0,20.97,0.83,0.0
20230315:0203,0.0,0.0,21.12,0.69,0.0
20230315:0303,0.0,0.0,21.2,0.55,0.0
20230315:0403,1.76,1.33,20.73,0.69,0.0
20230315:0503,124.27,14.63,21.71,0.97,0.0
20230315:0603,223.64,27.77,22.76,0.9,0.0
20230315:0703,308.07,40.44,24.09,0.41,0.0
20230315:0803,382.79,52.03,25.94,0.48,0.0
20230315:0903,408.93,61.1,26.89,0.69,0.0
20230315:1003,439.7,64.7,27.74,1.31,0.0
20230315:1103,435.11,60.72,28.32,2.07,0.0
20230315:1203,216.1,51.46,28.64,2.48,0.0
20230315:1303,321.91,39.79,28.13,2.62,0.0
20230315:1403,174.46,27.09,26.87,2.41,0.0
20230315:1503,115.01,13.93,25.92,2.48,0.0
20230315:1603,0.0,0.0,25.02,1.86,0.0
20230315:1703,0.0,0.0,24.08,1.52,0.0
20230315:1803,0.0,0.0,23.34,1.1,0.0
20230315:1903,0.0,0.0,22.74,1.38,0.0
20230315:2003,0.0,0.0,22.05,1.24,0.0
20230315:2103,0.0,0.0,21.82,1.24,0.0
20230315:2203,0.0,0.0,21.5,1.52,0.0
20230315:2303,0.0,0.0,21.3,1.52,0.0
20230316:0003,0.0,0.0,20.84,1.52,0.0
20230316:0103,0.0,0.0,20.85,1.38,0.0
20230316:0203,0.0,0.0,20.19,1.31,0.0
20230316:0303,0.0,0.0,20.18,1.17,0.0
20230316:0403,0.0,0.0,19.77,1.24,0.0
20230316:0503,119.81,14.51,21.34,1.31,0.0
20230316:0603,217.73,27.63,23.28,2.83,0.0
20230316:0703,300.37,40.27,25.31,2.9,0.0
20230316:0803,362.84,51.8,26.63,2.83,0.0
20230316:0903,402.53,60.78,27.4,2.62,0.0
20230316:1003,444.56,64.3,27.85,2.62,0.0
20230316:1103,445.91,60.34,27.87,2.76,0.0
20230316:1203,384.16,51.13,28.35,3.03,0.0
20230316:1303,316.98,39.51,27.68,3.24,0.0
20230316:1403,212.16,26.83,26.16,3.38,0.0
20230316:1503,93.47,13.69,25.16,2.48,0.0
20230316:1603,0.0,0.0,24.48,2.0,0.0
20230316:1703,0.0,0.0,23.52,1.93,0.0
20230316:1803,0.0,0.0,22.96,1.66,0.0
20230316:1903,0.0,0.0,22.9,1.72,0.0
20230316:2003,0.0,0.0,22.52,1.72,0.0
20230316:2103,0.0,0.0,21.98,1.59,0.0
20230316:2203,0.0,0.0,21.67,1.45,0.0
20230316:2303,0.0,0.0,21.27,1.1,0.0
20230317:0003,0.0,0.0,20.94,1.03,0.0
20230317:0103,0.0,0.0,20.7,0.97,0.0
20230317:0203,0.0,0.0,20.95,0.76,0.0
20230317:0303,0.0,0.0,20.87,0.83,0.0
20230317:0403,0.0,0.0,20.99,0.76,0.0
20230317:0503,114.74,14.39,21.75,0.62,0.0
20230317:0603,212.32,27.49,23.32,1.45,0.0
20230317:0703,293.28,40.1,24.63,1.31,0.0
20230317:0803,362.51,51.57,25.72,1.1,0.0
20230317:0903,411.97,60.46,26.67,0.76,0.0
20230317:1003,427.19,63.9,27.33,0.62,0.0
20230317:1103,419.03,59.96,28.0,0.76,0.0
20230317:1203,368.78,50.81,28.34,1.45,0.0
20230317:1303,290.58,39.22,28.39,2.07,0.0
20230317:1403,214.18,26.56,27.84,2.69,0.0
20230317:1503,103.88,13.44,26.65,3.24,0.0
20230317:1603,0.0,0.0,25.12,2.76,0.0
20230317:1703,0.0,0.0,24.06,2.55,0.0
20230317:1803,0.0,0.0,23.37,2.0,0.0
20230317:1903,0.0,0.0,23.07,1.66,0.0
20230317:2003,0.0,0.0,22.57,1.38,0.0
20230317:2103,0.0,0.0,22.27,1.45,0.0
20230317:2203,0.0,0.0,22.29,1.52,0.0
20230317:2303,0.0,0.0,22.12,1.59,0.0
20230318:0003,0.0,0.0,22.02,1.72,0.0
20230318:0103,0.0,0.0,22.04,2.07,0.0
20230318:0203,0.0,0.0,21.91,2.28,0.0
20230318:0303,0.0,0.0,21.69,2.28,0.0
20230318:0403,0.0,0.0,21.53,2.07,0.0
20230318:0503,111.18,14.27,22.33,2.28,0.0
20230318:0603,208.35,27.36,24.12,3.66,0.0
20230318:0703,288.54,39.93,25.9,3.31,0.0
20230318:0803,349.22,51.34,27.69,3.17,0.0
20230318:0903,388.48,60.14,29.44,3.03,0.0
20230318:1003,397.06,63.51,30.94,2.83,0.0
20230318:1103,384.11,59.57,32.13,2.69,0.0
20230318:1203,377.67,50.48,32.92,2.55,0.0
20230318:1303,292.68,38.93,33.16,2.41,0.0
20230318:1403,207.3,26.3,33.17,2.0,0.0
20230318:1503,84.57,13.18,32.36,1.72,0.0
20230318:1603,0.0,0.0,30.49,2.07,0.0
20230318:1703,0.0,0.0,28.76,2.14,0.0
20230318:1803,0.0,0.0,27.24,2.76,0.0
20230318:1903,0.0,0.0,26.06,2.62,0.0
20230318:2003,0.0,0.0,25.16,2.55,0.0
20230318:2103,0.0,0.0,24.49,2.41,0.0
20230318:2203,0.0,0.0,24.02,2.34,0.0
20230318:2303,0.0,0.0,23.66,2.28,0.0
20230319:0003,0.0,0.0,23.34,2.21,0.0
20230319:0103,0.0,0.0,23.03,2.14,0.0
20230319:0203,0.0,0.0,22.67,1.86,0.0
20230319:0303,0.0,0.0,22.16,1.66,0.0
20230319:0403,0.0,0.0,21.68,1.59,0.0
20230319:0503,97.03,14.15,22.98,1.24,0.0
20230319:0603,215.76,27.22,25.88,1.45,0.0
20230319:0703,279.58,39.75,27.55,0.62,0.0
20230319:0803,386.43,51.11,29.45,1.59,0.0
20230319:0903,387.56,59.81,31.03,1.93,0.0
20230319:1003,391.75,63.11,32.22,1.93,0.0
20230319:1103,378.36,59.19,33.04,2.0,0.0
20230319:1203,337.44,50.14,33.39,2.41,0.0
20230319:1303,273.55,38.64,33.01,2.97,0.0
20230319:1403,192.9,26.03,31.92,3.38,0.0
20230319:1503,97.05,12.93,30.16,3.38,0.0
20230319:1603,0.0,0.0,28.1,2.69,0.0
20230319:1703,0.0,0.0,26.54,2.41,0.0
20230319:1803,0.0,0.0,25.52,1.66,0.0
20230319:1903,0.0,0.0,25.14,0.97,0.0
20230319:2003,0.0,0.0,24.41,0.83,0.0
20230319:2103,0.0,0.0,24.05,0.83,0.0
20230319:2203,0.0,0.0,23.34,1.1,0.0
20230319:2303,0.0,0.0,22.69,1.45,0.0
20230320:0003,0.0,0.0,22.49,1.66,0.0
20230320:0103,0.0,0.0,22.36,1.72,0.0
20230320:0203,0.0,0.0,22.47,1.79,0.0
20230320:0303,0.0,0.0,22.62,1.66,0.0
20230320:0403,0.0,0.0,22.96,2.0,0.0
20230320:0503,45.87,14.03,23.92,3.1,0.0
20230320:0603,78.5,27.08,25.48,3.24,0.0
20230320:0703,256.32,39.58,27.06,1.93,0.0
20230320:0803,376.78,50.87,28.36,2.0,0.0
20230320:0903,396.56,59.49,29.73,2.21,0.0
20230320:1003,432.12,62.71,30.89,2.21,0.0
20230320:1103,404.73,58.8,32.01,2.34,0.0
20230320:1203,362.48,49.81,32.64,2.48,0.0
20230320:1303,296.59,38.35,32.81,2.9,0.0
20230320:1403,183.53,25.77,32.27,3.24,0.0
20230320:1503,92.57,12.68,30.85,3.52,0.0
20230320:1603,0.0,0.0,28.72,3.45,0.0
20230320:1703,0.0,0.0,26.78,3.24,0.0
20230320:1803,0.0,0.0,25.46,2.97,0.0
20230320:1903,0.0,0.0,24.8,2.62,0.0
20230320:2003,0.0,0.0,24.04,2.34,0.0
20230320:2103,0.0,0.0,23.38,2.28,0.0
20230320:2203,0.0,0.0,22.79,2.41,0.0
20230320:2303,0.0,0.0,22.41,2.55,0.0
20230321:0003,0.0,0.0,22.06,2.55,0.0
20230321:0103,0.0,0.0,21.83,2.55,0.0
20230321:0203,0.0,0.0,21.58,2.41,0.0
20230321:0303,0.0,0.0,21.35,2.34,0.0
20230321:0403,0.0,0.0,21.3,2.41,0.0
20230321:0503,101.59,13.91,22.01,2.69,0.0
20230321:0603,191.65,26.94,23.6,3.1,0.0
20230321:0703,0.0,0.0,26.58,3.24,0.0
20230321:0803,0.0,0.0,28.66,3.17,0.0
20230321:0903,366.45,59.16,30.66,2.97,0.0
20230321:1003,379.77,62.31,32.33,2.83,0.0
20230321:1103,364.99,58.42,33.52,2.69,0.0
20230321:1203,325.0,49.47,34.16,2.48,0.0
20230321:1303,260.96,38.05,34.17,2.55,0.0
20230321:1403,181.27,25.5,33.32,3.31,0.0
20230321:1503,87.37,12.42,31.31,3.79,0.0
20230321:1603,0.0,0.0,28.62,3.86,0.0
20230321:1703,0.0,0.0,26.39,3.45,0.0
20230321:1803,0.0,0.0,24.97,2.69,0.0
20230321:1903,0.0,0.0,24.05,2.62,0.0
20230321:2003,0.0,0.0,23.23,2.48,0.0
20230321:2103,0.0,0.0,22.55,2.41,0.0
20230321:2203,0.0,0.0,21.97,2.21,0.0
20230321:2303,0.0,0.0,21.4,1.86,0.0
20230322:0003,0.0,0.0,20.67,1.52,0.0
20230322:0103,0.0,0.0,20.4,1.24,0.0
20230322:0203,0.0,0.0,20.66,1.03,0.0
20230322:0303,0.0,0.0,20.6,1.03,0.0
20230322:0403,0.0,0.0,20.32,1.1,0.0
20230322:0503,81.07,13.79,21.22,1.1,0.0
20230322:0603,204.02,26.8,24.35,1.86,0.0
20230322:0703,0.0,0.0,25.87,0.69,0.0
20230322:0803,344.74,50.4,27.31,1.03,0.0
20230322:0903,382.94,58.84,28.59,1.03,0.0
20230322:1003,425.53,61.92,29.69,1.1,0.0
20230322:1103,393.77,58.03,30.51,1.31,0.0
20230322:1203,332.79,49.14,30.96,1.66,0.0
20230322:1303,257.89,37.76,30.85,2.21,0.0
20230322:1403,178.91,25.23,30.51,2.76,0.0
20230322:1503,83.05,12.17,29.07,3.38,0.0
20230322:1603,0.0,0.0,27.08,3.17,0.0
20230322:1703,0.0,0.0,25.47,2.9,0.0
20230322:1803,0.0,0.0,24.49,2.28,0.0
20230322:1903,0.0,0.0,24.2,2.07,0.0
20230322:2003,0.0,0.0,23.54,1.45,0.0
20230322:2103,0.0,0.0,22.8,1.03,0.0
20230322:2203,0.0,0.0,22.61,0.9,0.0
20230322:2303,0.0,0.0,22.47,0.83,0.0
20230323:0003,0.0,0.0,22.05,0.97,0.0
20230323:0103,0.0,0.0,21.96,0.97,0.0
20230323:0203,0.0,0.0,21.94,0.9,0.0
20230323:0303,0.0,0.0,22.22,0.76,0.0
20230323:0403,0.0,0.0,22.19,0.69,0.0
20230323:0503,93.21,13.67,22.18,0.55,0.0
20230323:0603,180.42,26.66,24.11,0.62,0.0
20230323:0703,274.85,39.05,25.12,0.48,0.0
20230323:0803,327.88,50.16,27.06,0.48,0.0
20230323:0903,381.22,58.51,28.3,1.1,0.0
20230323:1003,378.03,61.52,29.42,1.45,0.0
20230323:1103,395.9,57.65,30.04,1.72,0.0
20230323:1203,357.57,48.8,30.79,2.14,0.0
20230323:1303,263.17,37.46,31.03,2.69,0.0
20230323:1403,188.4,24.96,29.89,3.52,0.0
20230323:1503,81.9,11.91,27.97,4.0,0.0
20230323:1603,0.0,0.0,25.93,3.66,0.0
20230323:1703,0.0,0.0,24.62,2.97,0.0
20230323:1803,0.0,0.0,24.03,2.28,0.0
20230323:1903,0.0,0.0,23.54,1.72,0.0
20230323:2003,0.0,0.0,23.13,1.31,0.0
20230323:2103,0.0,0.0,22.64,1.03,0.0
20230323:2203,0.0,0.0,22.23,0.97,0.0
20230323:2303,0.0,0.0,22.0,1.03,0.0
20230324:0003,0.0,0.0,22.26,0.97,0.0
20230324:0103,0.0,0.0,22.03,0.69,0.0
20230324:0203,0.0,0.0,22.27,0.07,0.0
20230324:0303,0.0,0.0,22.12,0.21,0.0
20230324:0403,0.0,0.0,21.7,0.48,0.0
20230324:0503,91.86,13.55,22.04,0.62,0.0
20230324:0603,173.18,26.52,22.98,0.69,0.0
20230324:0703,292.75,38.87,24.97,0.21,0.0
20230324:0803,348.41,49.92,26.15,0.48,0.0
20230324:0903,413.53,58.18,27.32,1.1,0.0
20230324:1003,381.27,61.12,28.24,1.79,0.0
20230324:1103,397.96,57.26,29.11,2.28,0.0
20230324:1203,117.31,48.46,28.64,2.9,0.0
20230324:1303,164.94,37.16,27.76,3.1,0.0
20230324:1403,50.28,24.69,26.18,2.97,0.0
20230324:1503,51.35,11.66,25.54,2.76,0.0
20230324:1603,0.0,0.0,24.62,1.66,0.0
20230324:1703,0.0,0.0,24.26,1.31,0.0
20230324:1803,0.0,0.0,24.1,1.24,0.0
20230324:1903,0.0,0.0,23.92,1.24,0.0
20230324:2003,0.0,0.0,23.37,0.76,0.0
20230324:2103,0.0,0.0,23.35,0.69,0.0
20230324:2203,0.0,0.0,22.5,1.03,0.0
20230324:2303,0.0,0.0,22.36,1.24,0.0
20230325:0003,0.0,0.0,22.28,1.38,0.0
20230325:0103,0.0,0.0,22.3,1.38,0.0
20230325:0203,0.0,0.0,22.29,1.31,0.0
20230325:0303,0.0,0.0,22.27,1.17,0.0
20230325:0403,0.0,0.0,22.46,1.31,0.0
20230325:0503,53.8,13.43,22.98,1.45,0.0
20230325:0603,142.23,26.38,23.71,2.07,0.0
20230325:0703,283.01,38.69,25.29,3.17,0.0
20230325:0803,323.64,49.68,27.19,4.0,0.0
20230325:0903,408.6,57.85,28.67,4.48,0.0
20230325:1003,392.4,60.73,29.17,4.55,0.0
20230325:1103,402.73,56.87,30.18,4.69,0.0
20230325:1203,297.92,48.12,30.27,4.9,0.0
20230325:1303,197.88,36.86,30.0,4.83,0.0
20230325:1403,146.04,24.42,29.34,4.55,0.0
20230325:1503,37.05,11.4,28.35,3.79,0.0
20230325:1603,0.0,0.0,27.25,3.45,0.0
20230325:1703,0.0,0.0,26.31,3.17,0.0
20230325:1803,0.0,0.0,25.53,3.17,0.0
20230325:1903,0.0,0.0,24.28,3.31,0.0
20230325:2003,0.0,0.0,23.86,3.52,0.0
20230325:2103,0.0,0.0,23.44,3.59,0.0
20230325:2203,0.0,0.0,23.2,3.79,0.0
20230325:2303,0.0,0.0,23.03,3.66,0.0
20230326:0003,0.0,0.0,22.85,3.59,0.0
20230326:0103,0.0,0.0,22.9,3.72,0.0
20230326:0203,0.0,0.0,22.77,3.72,0.0
20230326:0303,0.0,0.0,22.69,3.66,0.0
20230326:0403,0.0,0.0,22.61,3.59,0.0
20230326:0503,53.8,13.3,23.3,3.1,0.0
20230326:0603,185.86,26.24,24.99,4.14,0.0
20230326:0703,286.92,38.51,27.51,3.93,0.0
20230326:0803,298.25,49.43,29.74,3.31,0.0
20230326:0903,331.18,57.53,31.4,1.86,0.0
20230326:1003,405.79,60.33,32.48,3.45,0.0
20230326:1103,270.88,56.49,30.25,5.52,0.0
20230326:1203,345.0,47.78,28.39,5.93,0.0
20230326:1303,271.59,36.56,27.62,6.07,0.0
20230326:1403,164.73,24.14,26.8,5.38,0.0
20230326:1503,55.88,11.14,25.85,5.38,0.0
20230326:1603,0.0,0.0,24.41,4.97,0.0
20230326:1703,0.0,0.0,23.18,5.38,0.0
20230326:1803,0.0,0.0,22.44,4.9,0.0
20230326:1903,0.0,0.0,22.18,4.41,0.0
20230326:2003,0.0,0.0,21.86,4.48,0.0
20230326:2103,0.0,0.0,21.4,4.69,0.0
20230326:2203,0.0,0.0,20.86,4.76,0.0
20230326:2303,0.0,0.0,20.45,4.28,0.0
20230327:0003,0.0,0.0,20.06,4.28,0.0
20230327:0103,0.0,0.0,19.74,4.41,0.0
20230327:0203,0.0,0.0,19.46,4.41,0.0
20230327:0303,0.0,0.0,19.25,4.48,0.0
20230327:0403,0.0,0.0,19.06,4.55,0.0
20230327:0503,15.88,13.18,19.13,4.76,0.0
20230327:0603,127.21,26.09,19.73,5.79,0.0
20230327:0703,285.15,38.33,20.55,7.17,0.0
20230327:0803,306.46,49.19,21.37,6.69,0.0
20230327:0903,410.78,57.2,22.41,6.62,0.0
20230327:1003,419.76,59.94,23.54,6.34,0.0
20230327:1103,241.04,56.1,24.28,5.93,0.0
20230327:1203,332.78,47.44,24.65,5.66,0.0
20230327:1303,238.36,36.26,24.3,5.24,0.0
20230327:1403,176.79,23.87,23.91,5.03,0.0
20230327:1503,60.28,10.89,22.83,4.62,0.0
20230327:1603,0.0,0.0,21.36,4.0,0.0
20230327:1703,0.0,0.0,20.28,3.72,0.0
20230327:1803,0.0,0.0,19.42,3.17,0.0
20230327:1903,0.0,0.0,19.01,2.69,0.0
20230327:2003,0.0,0.0,18.43,2.28,0.0
20230327:2103,0.0,0.0,17.69,2.0,0.0
20230327:2203,0.0,0.0,16.99,1.79,0.0
20230327:2303,0.0,0.0,16.5,1.66,0.0
20230328:0003,0.0,0.0,15.99,1.66,0.0
20230328:0103,0.0,0.0,15.42,1.59,0.0
20230328:0203,0.0,0.0,15.08,1.45,0.0
20230328:0303,0.0,0.0,15.13,1.38,0.0
20230328:0403,0.0,0.0,14.59,1.45,0.0
20230328:0503,72.02,13.06,15.75,1.17,0.0
20230328:0603,153.42,25.95,19.8,1.38,0.0
20230328:0703,227.66,38.15,22.07,2.07,0.0
20230328:0803,283.1,48.94,23.67,2.83,0.0
20230328:0903,321.55,56.86,25.16,3.24,0.0
20230328:1003,330.18,59.54,26.57,3.52,0.0
20230328:1103,318.7,55.71,27.72,3.72,0.0
20230328:1203,276.91,47.1,28.46,3.72,0.0
20230328:1303,216.14,35.96,28.81,3.66,0.0
20230328:1403,143.43,23.6,28.57,3.79,0.0
20230328:1503,57.73,10.63,27.76,3.66,0.0
20230328:1603,0.0,0.0,26.03,3.1,0.0
20230328:1703,0.0,0.0,24.41,3.31,0.0
20230328:1803,0.0,0.0,23.11,3.45,0.0
20230328:1903,0.0,0.0,22.34,3.17,0.0
20230328:2003,0.0,0.0,21.69,3.03,0.0
20230328:2103,0.0,0.0,21.26,3.03,0.0
20230328:2203,0.0,0.0,20.97,3.1,0.0
20230328:2303,0.0,0.0,20.76,3.24,0.0
20230329:0003,0.0,0.0,20.58,3.24,0.0
20230329:0103,0.0,0.0,20.29,3.03,0.0
20230329:0203,0.0,0.0,19.95,2.9,0.0
20230329:0303,0.0,0.0,19.58,2.83,0.0
20230329:0403,0.0,0.0,19.21,2.76,0.0
20230329:0503,73.96,12.94,19.97,2.48,0.0
20230329:0603,150.81,25.81,22.74,2.9,0.0
20230329:0703,221.09,37.96,25.78,2.97,0.0
20230329:0803,279.57,48.7,28.78,2.83,0.0
20230329:0903,376.99,56.53,31.11,2.14,0.0
20230329:1003,403.19,59.15,32.77,0.69,0.0
20230329:1103,370.82,55.33,32.71,2.9,0.0
20230329:1203,312.14,46.76,31.26,3.31,0.0
20230329:1303,207.0,35.66,29.5,4.41,0.0
20230329:1403,136.97,23.32,28.11,4.9,0.0
20230329:1503,63.02,10.37,26.23,4.69,0.0
20230329:1603,0.0,0.0,24.52,4.0,0.0
20230329:1703,0.0,0.0,23.55,4.28,0.0
20230329:1803,0.0,0.0,22.7,4.14,0.0
20230329:1903,0.0,0.0,22.07,3.79,0.0
20230329:2003,0.0,0.0,21.54,3.93,0.0
20230329:2103,0.0,0.0,21.17,3.66,0.0
20230329:2203,0.0,0.0,20.97,2.76,0.0
20230329:2303,0.0,0.0,20.76,3.1,0.0
20230330:0003,0.0,0.0,20.51,2.97,0.0
20230330:0103,0.0,0.0,20.33,2.9,0.0
20230330:0203,0.0,0.0,20.31,2.62,0.0
20230330:0303,0.0,0.0,20.23,2.34,0.0
20230330:0403,0.0,0.0,20.31,2.48,0.0
20230330:0503,18.52,12.82,20.45,2.9,0.0
20230330:0603,47.63,25.66,21.11,3.45,0.0
20230330:0703,122.6,37.78,21.56,3.38,0.0
20230330:0803,322.65,48.45,22.27,3.38,0.0
20230330:0903,393.26,56.2,22.88,3.38,0.0
20230330:1003,297.81,58.76,23.54,3.24,0.0
20230330:1103,289.36,54.94,24.28,3.24,0.0
20230330:1203,244.61,46.42,24.43,3.03,0.0
20230330:1303,221.47,35.36,24.39,2.97,0.0
20230330:1403,54.69,23.05,24.15,3.17,0.0
20230330:1503,59.18,10.12,23.25,3.24,0.0
20230330:1603,0.0,0.0,22.23,2.76,0.0
20230330:1703,0.0,0.0,21.53,2.62,0.0
20230330:1803,0.0,0.0,21.19,2.76,0.0
20230330:1903,0.0,0.0,20.92,2.83,0.0
20230330:2003,0.0,0.0,20.59,2.97,0.0
20230330:2103,0.0,0.0,20.29,3.03,0.0
20230330:2203,0.0,0.0,20.06,2.97,0.0
20230330:2303,0.0,0.0,19.87,2.9,0.0
20230331:0003,0.0,0.0,19.66,2.55,0.0
20230331:0103,0.0,0.0,19.59,2.28,0.0
20230331:0203,0.0,0.0,19.47,2.14,0.0
20230331:0303,0.0,0.0,19.36,2.0,0.0
20230331:0403,0.0,0.0,19.21,2.0,0.0
20230331:0503,13.23,12.7,19.55,2.07,0.0
20230331:0603,68.8,25.52,20.34,2.28,0.0
20230331:0703,237.79,37.59,21.91,3.1,0.0
20230331:0803,256.22,48.2,22.43,2.48,0.0
20230331:0903,149.06,55.87,22.18,2.07,0.0
20230331:1003,231.09,58.36,21.27,1.38,0.0
20230331:1103,303.39,54.56,21.16,1.52,0.0
20230331:1203,331.58,46.08,21.63,1.66,0.0
20230331:1303,227.57,35.06,22.34,1.24,0.0
20230331:1403,115.77,22.78,22.65,0.48,0.0
20230331:1503,54.6,9.86,22.52,0.55,0.0
20230331:1603,0.0,0.0,22.19,0.62,0.0
20230331:1703,0.0,0.0,21.79,0.83,0.0
20230331:1803,0.0,0.0,21.46,0.62,0.0
20230331:1903,0.0,0.0,20.59,1.03,0.0
20230331:2003,0.0,0.0,20.57,0.76,0.0
20230331:2103,0.0,0.0,20.85,0.48,0.0
20230331:2203,0.0,0.0,20.76,0.41,0.0
20230331:2303,0.0,0.0,20.61,0.28,0.0
20230401:0003,0.0,0.0,20.44,0.41,0.0
20230401:0103,0.0,0.0,20.31,0.48,0.0
20230401:0203,0.0,0.0,19.85,0.69,0.0
20230401:0303,0.0,0.0,20.11,0.41,0.0
20230401:0403,0.0,0.0,20.06,0.21,0.0
20230401:0503,70.91,12.58,20.31,0.48,0.0
20230401:0603,146.41,25.37,21.82,0.69,0.0
20230401:0703,208.14,37.4,24.08,0.62,0.0
20230401:0803,254.51,47.95,25.82,1.03,0.0
20230401:0903,336.39,55.54,26.9,1.31,0.0
20230401:1003,324.29,57.97,27.79,1.66,0.0
20230401:1103,222.27,54.18,28.12,2.21,0.0
20230401:1203,175.52,45.74,27.56,2.69,0.0
20230401:1303,246.9,34.76,25.56,2.48,0.0
20230401:1403,152.62,22.51,25.53,2.55,0.0
20230401:1503,53.13,9.6,25.07,2.76,0.0
20230401:1603,0.0,0.0,23.92,1.93,0.0
20230401:1703,0.0,0.0,23.35,1.72,0.0
20230401:1803,0.0,0.0,22.7,1.45,0.0
20230401:1903,0.0,0.0,22.13,1.03,0.0
20230401:2003,0.0,0.0,21.78,0.62,0.0
20230401:2103,0.0,0.0,22.02,0.28,0.0
20230401:2203,0.0,0.0,21.83,0.21,0.0
20230401:2303,0.0,0.0,21.56,0.41,0.0
20230402:0003,0.0,0.0,21.33,0.41,0.0
20230402:0103,0.0,0.0,21.26,0.41,0.0
20230402:0203,0.0,0.0,20.94,0.62,0.0
20230402:0303,0.0,0.0,20.52,0.76,0.0
20230402:0403,0.0,0.0,20.53,0.69,0.0
20230402:0503,64.56,12.46,21.05,0.55,0.0
20230402:0603,138.96,25.22,23.15,0.97,0.0
20230402:0703,198.92,37.22,25.1,1.66,0.0
20230402:0803,247.39,47.69,26.8,2.41,0.0
20230402:0903,283.73,55.21,28.1,2.55,0.0
20230402:1003,297.96,57.59,28.97,2.76,0.0
20230402:1103,287.04,53.8,29.38,3.1,0.0
20230402:1203,324.04,45.4,29.91,3.38,0.0
20230402:1303,212.42,34.46,29.95,3.59,0.0
20230402:1403,110.48,22.23,28.63,3.31,0.0
20230402:1503,47.5,9.35,27.77,3.38,0.0
20230402:1603,0.0,0.0,25.92,2.97,0.0
20230402:1703,0.0,0.0,24.65,3.17,0.0
20230402:1803,0.0,0.0,23.63,3.24,0.0
20230402:1903,0.0,0.0,23.09,3.1,0.0
20230402:2003,0.0,0.0,22.49,2.9,0.0
20230402:2103,0.0,0.0,22.05,2.83,0.0
20230402:2203,0.0,0.0,21.88,2.83,0.0
20230402:2303,0.0,0.0,21.73,2.9,0.0
20230403:0003,0.0,0.0,21.72,3.17,0.0
20230403:0103,0.0,0.0,21.74,3.24,0.0
20230403:0203,0.0,0.0,21.78,3.31,0.0
20230403:0303,0.0,0.0,21.67,3.31,0.0
20230403:0403,0.0,0.0,21.59,3.31,0.0
20230403:0503,57.16,12.34,21.84,3.17,0.0
20230403:0603,116.68,25.08,22.94,5.31,0.0
20230403:0703,263.92,37.03,25.2,5.93,0.0
20230403:0803,280.22,47.44,27.46,5.31,0.0
20230403:0903,276.94,54.87,29.51,5.03,0.0
20230403:1003,284.16,57.2,31.23,4.9,0.0
20230403:1103,270.3,53.42,32.5,4.69,0.0
20230403:1203,231.27,45.06,33.19,4.48,0.0
20230403:1303,179.93,34.16,33.46,4.41,0.0
20230403:1403,102.63,21.96,33.31,4.34,0.0
20230403:1503,49.91,9.1,31.98,2.97,0.0
20230403:1603,0.0,0.0,30.19,1.17,0.0
20230403:1703,0.0,0.0,28.24,0.69,0.0
20230403:1803,0.0,0.0,26.64,0.76,0.0
20230403:1903,0.0,0.0,23.72,2.07,0.0
20230403:2003,0.0,0.0,22.93,3.93,0.0
20230403:2103,0.0,0.0,21.97,3.72,0.0
20230403:2203,0.0,0.0,21.69,3.31,0.0
20230403:2303,0.0,0.0,21.41,3.17,0.0
20230404:0003,0.0,0.0,20.95,3.45,0.0
20230404:0103,0.0,0.0,20.72,3.72,0.0
20230404:0203,0.0,0.0,20.48,3.72,0.0
20230404:0303,0.0,0.0,20.33,4.0,0.0
20230404:0403,0.0,0.0,20.21,3.93,0.0
20230404:0503,44.28,12.22,20.52,3.38,0.0
20230404:0603,112.05,24.93,21.31,4.14,0.0
20230404:0703,181.37,36.84,23.06,5.17,0.0
20230404:0803,334.48,47.19,24.23,5.52,0.0
20230404:0903,294.66,54.54,24.87,5.24,0.0
20230404:1003,388.15,56.81,25.82,4.76,0.0
20230404:1103,293.39,53.04,26.76,4.41,0.0
20230404:1203,289.0,44.72,26.76,4.48,0.0
20230404:1303,198.94,33.86,25.02,4.55,0.0
20230404:1403,96.66,21.69,24.2,4.28,0.0
20230404:1503,41.86,8.84,23.51,3.86,0.0
20230404:1603,0.0,0.0,22.41,3.31,0.0
20230404:1703,0.0,0.0,21.65,3.31,0.0
20230404:1803,0.0,0.0,21.03,3.03,0.0
20230404:1903,0.0,0.0,20.48,2.83,0.0
20230404:2003,0.0,0.0,20.05,2.9,0.0
20230404:2103,0.0,0.0,19.79,2.76,0.0
20230404:2203,0.0,0.0,19.66,2.76,0.0
20230404:2303,0.0,0.0,19.44,2.97,0.0
20230405:0003,0.0,0.0,19.1,2.97,0.0
20230405:0103,0.0,0.0,18.81,2.83,0.0
20230405:0203,0.0,0.0,18.41,2.55,0.0
20230405:0303,0.0,0.0,17.97,2.34,0.0
20230405:0403,0.0,0.0,17.52,2.28,0.0
20230405:0503,53.94,12.09,18.0,1.86,0.0
20230405:0603,107.85,24.78,20.45,3.1,0.0
20230405:0703,175.65,36.64,22.63,3.66,0.0
20230405:0803,228.94,46.93,24.34,3.66,0.0
20230405:0903,267.1,54.21,25.74,3.52,0.0
20230405:1003,276.06,56.43,26.63,3.45,0.0
20230405:1103,298.75,52.66,27.27,3.45,0.0
20230405:1203,234.08,44.38,27.31,3.52,0.0
20230405:1303,162.73,33.56,27.42,3.72,0.0
20230405:1403,92.31,21.42,26.24,3.86,0.0
20230405:1503,41.86,8.59,24.92,3.72,0.0
20230405:1603,0.0,0.0,23.14,3.1,0.0
20230405:1703,0.0,0.0,21.95,2.83,0.0
20230405:1803,0.0,0.0,21.11,2.62,0.0
20230405:1903,0.0,0.0,20.59,2.48,0.0
20230405:2003,0.0,0.0,20.04,2.34,0.0
20230405:2103,0.0,0.0,19.65,2.28,0.0
20230405:2203,0.0,0.0,19.2,2.14,0.0
20230405:2303,0.0,0.0,19.02,2.07,0.0
20230406:0003,0.0,0.0,19.04,2.07,0.0
20230406:0103,0.0,0.0,18.96,2.14,0.0
20230406:0203,0.0,0.0,18.88,2.07,0.0
20230406:0303,0.0,0.0,18.63,1.93,0.0
20230406:0403,0.0,0.0,18.39,1.86,0.0
20230406:0503,52.33,11.97,18.84,1.52,0.0
20230406:0603,134.83,24.63,21.51,2.41,0.0
20230406:0703,195.76,36.45,22.73,3.66,0.0
20230406:0803,243.21,46.68,24.19,3.45,0.0
20230406:0903,306.41,53.88,24.86,3.45,0.0
20230406:1003,339.96,56.04,25.7,3.52,0.0
20230406:1103,134.95,52.29,25.95,3.52,0.0
20230406:1203,284.39,44.05,26.19,3.45,0.0
20230406:1303,193.56,33.27,26.27,3.31,0.0
20230406:1403,128.04,21.15,25.55,3.17,0.0
20230406:1503,40.25,8.34,24.62,3.1,0.0
20230406:1603,0.0,0.0,23.01,2.55,0.0
20230406:1703,0.0,0.0,21.75,2.14,0.0
20230406:1803,0.0,0.0,20.89,1.59,0.0
20230406:1903,0.0,0.0,19.86,1.59,0.0
20230406:2003,0.0,0.0,18.93,1.59,0.0
20230406:2103,0.0,0.0,18.18,1.59,0.0
20230406:2203,0.0,0.0,17.98,1.45,0.0
20230406:2303,0.0,0.0,17.73,1.31,0.0
20230407:0003,0.0,0.0,17.73,1.17,0.0
20230407:0103,0.0,0.0,17.43,1.17,0.0
20230407:0203,0.0,0.0,17.15,1.24,0.0
20230407:0303,0.0,0.0,16.99,1.31,0.0
20230407:0403,0.0,0.0,16.58,1.52,0.0
20230407:0503,51.52,11.85,17.69,1.24,0.0
20230407:0603,96.6,24.48,21.56,1.31,0.0
20230407:0703,163.35,36.26,24.15,1.86,0.0
20230407:0803,214.77,46.42,26.03,1.17,0.0
20230407:0903,249.6,53.55,27.57,0.48,0.0
20230407:1003,259.88,55.66,28.93,0.48,0.0
20230407:1103,245.01,51.92,29.93,0.69,0.0
20230407:1203,204.55,43.72,30.57,0.9,0.0
20230407:1303,148.21,32.97,30.68,1.1,0.0
20230407:1403,79.32,20.89,30.27,1.52,0.0
20230407:1503,39.45,8.09,29.11,2.07,0.0
20230407:1603,0.0,0.0,26.72,2.21,0.0
20230407:1703,0.0,0.0,24.85,1.86,0.0
20230407:1803,0.0,0.0,23.51,1.52,0.0
20230407:1903,0.0,0.0,22.36,1.45,0.0
20230407:2003,0.0,0.0,21.2,1.59,0.0
20230407:2103,0.0,0.0,20.4,1.66,0.0
20230407:2203,0.0,0.0,19.83,1.72,0.0
20230407:2303,0.0,0.0,19.42,1.59,0.0
20230408:0003,0.0,0.0,20.19,1.1,0.0
20230408:0103,0.0,0.0,20.87,0.41,0.0
20230408:0203,0.0,0.0,18.86,1.24,0.0
20230408:0303,0.0,0.0,17.42,1.86,0.0
20230408:0403,0.0,0.0,17.44,2.07,0.0
20230408:0503,59.57,11.72,19.08,2.21,0.0
20230408:0603,152.67,24.33,22.21,3.93,0.0
20230408:0703,243.92,36.06,24.72,3.93,0.0
20230408:0803,304.77,46.17,26.42,3.17,0.0
20230408:0903,298.19,53.22,27.87,2.69,0.0
20230408:1003,340.16,55.28,29.43,2.34,0.0
20230408:1103,290.22,51.54,30.27,2.34,0.0
20230408:1203,201.67,43.38,30.62,2.48,0.0
20230408:1303,146.11,32.68,30.36,2.83,0.0
20230408:1403,128.09,20.62,29.21,3.24,0.0
20230408:1503,41.86,7.85,27.2,3.59,0.0
20230408:1603,0.0,0.0,25.09,3.31,0.0
20230408:1703,0.0,0.0,23.8,2.76,0.0
20230408:1803,0.0,0.0,22.98,1.79,0.0
20230408:1903,0.0,0.0,22.97,1.24,0.0
20230408:2003,0.0,0.0,22.74,0.83,0.0
20230408:2103,0.0,0.0,22.19,0.76,0.0
20230408:2203,0.0,0.0,21.9,0.76,0.0
20230408:2303,0.0,0.0,21.6,0.76,0.0
20230409:0003,0.0,0.0,21.95,0.48,0.0
20230409:0103,0.0,0.0,21.78,0.55,0.0
20230409:0203,0.0,0.0,21.16,0.83,0.0
20230409:0303,0.0,0.0,20.52,1.1,0.0
20230409:0403,0.0,0.0,20.11,1.24,0.0
20230409:0503,58.77,11.6,21.02,0.97,0.0
20230409:0603,154.68,24.17,23.95,1.72,0.0
20230409:0703,186.07,35.87,25.65,1.79,0.0
20230409:0803,216.3,45.91,27.87,2.76,0.0
20230409:0903,280.05,52.89,29.14,3.24,0.0
20230409:1003,274.06,54.91,30.68,3.38,0.0
20230409:1103,257.87,51.18,32.15,3.38,0.0
20230409:1203,222.04,43.05,32.96,3.38,0.0
20230409:1303,193.53,32.38,33.23,3.52,0.0
20230409:1403,48.51,20.36,32.59,3.72,0.0
20230409:1503,40.25,7.6,31.28,3.45,0.0
20230409:1603,0.0,0.0,29.37,3.1,0.0
20230409:1703,0.0,0.0,27.85,3.17,0.0
20230409:1803,0.0,0.0,26.46,3.24,0.0
20230409:1903,0.0,0.0,25.41,3.31,0.0
20230409:2003,0.0,0.0,24.64,3.24,0.0
20230409:2103,0.0,0.0,24.16,3.17,0.0
20230409:2203,0.0,0.0,23.82,2.97,0.0
20230409:2303,0.0,0.0,23.62,2.9,0.0
20230410:0003,0.0,0.0,23.46,3.1,0.0
20230410:0103,0.0,0.0,23.46,3.17,0.0
20230410:0203,0.0,0.0,23.42,3.03,0.0
20230410:0303,0.0,0.0,23.43,2.76,0.0
20230410:0403,0.0,0.0,23.33,2.48,0.0
20230410:0503,64.4,11.47,23.62,2.41,0.0
20230410:0603,152.6,24.02,24.94,2.62,0.0
20230410:0703,242.38,35.67,26.49,3.1,0.0
20230410:0803,257.65,45.65,28.8,3.52,0.0
20230410:0903,260.76,52.56,30.5,3.86,0.0
20230410:1003,240.92,54.53,31.35,3.86,0.0
20230410:1103,345.19,50.81,31.43,3.72,0.0
20230410:1203,292.72,42.72,30.7,2.41,0.0
20230410:1303,134.07,32.09,29.53,0.14,0.0
20230410:1403,98.65,20.1,28.06,2.34,0.0
20230410:1503,29.79,7.36,25.84,3.52,0.0
20230410:1603,0.0,0.0,23.77,3.59,0.0
20230410:1703,0.0,0.0,22.87,3.31,0.0
20230410:1803,0.0,0.0,22.6,3.1,0.0
20230410:1903,0.0,0.0,22.53,3.1,0.0
20230410:2003,0.0,0.0,22.25,2.9,0.0
20230410:2103,0.0,0.0,22.05,2.97,0.0
20230410:2203,0.0,0.0,21.91,3.17,0.0
20230410:2303,0.0,0.0,21.58,3.38,0.0
20230411:0003,0.0,0.0,21.19,3.52,0.0
20230411:0103,0.0,0.0,20.85,3.79,0.0
20230411:0203,0.0,0.0,20.42,3.52,0.0
20230411:0303,0.0,0.0,20.21,3.31,0.0
20230411:0403,0.0,0.0,20.1,2.97,0.0
20230411:0503,61.99,11.35,20.27,3.31,0.0
20230411:0603,107.31,23.87,21.15,4.76,0.0
20230411:0703,206.6,35.47,22.19,4.0,0.0
20230411:0803,298.83,45.4,23.04,3.93,0.0
20230411:0903,265.47,52.23,23.42,3.86,0.0
20230411:1003,362.69,54.16,23.75,4.0,0.0
20230411:1103,346.44,50.44,24.29,4.0,0.0
20230411:1203,296.04,42.4,24.16,3.93,0.0
20230411:1303,182.6,31.8,23.47,3.93,0.0
20230411:1403,116.73,19.83,22.82,4.0,0.0
20230411:1503,34.62,7.12,21.76,3.59,0.0
20230411:1603,0.0,0.0,21.05,3.31,0.0
20230411:1703,0.0,0.0,20.77,2.83,0.0
20230411:1803,0.0,0.0,20.66,2.21,0.0
20230411:1903,0.0,0.0,20.49,2.0,0.0
20230411:2003,0.0,0.0,20.29,1.72,0.0
20230411:2103,0.0,0.0,20.41,1.72,0.0
20230411:2203,0.0,0.0,20.32,1.79,0.0
20230411:2303,0.0,0.0,20.06,2.0,0.0
20230412:0003,0.0,0.0,19.52,2.07,0.0
20230412:0103,0.0,0.0,19.0,1.79,0.0
20230412:0203,0.0,0.0,18.61,1.45,0.0
20230412:0303,0.0,0.0,18.26,1.1,0.0
20230412:0403,0.0,0.0,17.62,0.97,0.0
20230412:0503,65.21,11.22,18.22,0.55,0.0
20230412:0603,84.58,23.71,19.95,0.41,0.0
20230412:0703,165.69,35.28,21.91,1.79,0.0
20230412:0803,188.19,45.14,23.89,3.72,0.0
20230412:0903,275.88,51.91,24.98,4.21,0.0
20230412:1003,357.02,53.79,25.4,4.14,0.0
20230412:1103,283.44,50.08,26.14,4.14,0.0
20230412:1203,223.15,42.07,27.13,4.34,0.0
20230412:1303,151.99,31.52,27.9,4.28,0.0
20230412:1403,82.92,19.58,27.8,3.79,0.0
20230412:1503,36.23,6.88,26.98,3.52,0.0
20230412:1603,0.0,0.0,25.18,3.24,0.0
20230412:1703,0.0,0.0,23.64,3.38,0.0
20230412:1803,0.0,0.0,22.47,3.38,0.0
20230412:1903,0.0,0.0,21.45,3.38,0.0
20230412:2003,0.0,0.0,20.81,3.1,0.0
20230412:2103,0.0,0.0,20.41,2.9,0.0
20230412:2203,0.0,0.0,20.08,2.76,0.0
20230412:2303,0.0,0.0,19.85,2.83,0.0
20230413:0003,0.0,0.0,19.65,2.97,0.0
20230413:0103,0.0,0.0,19.51,3.17,0.0
20230413:0203,0.0,0.0,19.41,3.31,0.0
20230413:0303,0.0,0.0,19.28,3.17,0.0
20230413:0403,0.0,0.0,19.07,2.97,0.0
20230413:0503,55.55,11.1,19.54,2.48,0.0
20230413:0603,77.65,23.56,22.08,3.1,0.0
20230413:0703,135.41,35.08,24.55,3.24,0.0
20230413:0803,179.22,44.88,27.36,3.38,0.0
20230413:0903,212.83,51.58,29.86,3.45,0.0
20230413:1003,224.53,53.42,31.88,3.52,0.0
20230413:1103,211.2,49.72,33.31,3.45,0.0
20230413:1203,167.95,41.75,34.17,3.38,0.0
20230413:1303,121.14,31.23,34.49,3.24,0.0
20230413:1403,71.65,19.32,34.16,3.03,0.0
20230413:1503,32.2,6.64,32.76,2.55,0.0
20230413:1603,0.0,0.0,30.29,2.62,0.0
20230413:1703,0.0,0.0,28.28,2.48,0.0
20230413:1803,0.0,0.0,26.69,2.62,0.0
20230413:1903,0.0,0.0,25.17,2.69,0.0
20230413:2003,0.0,0.0,24.28,2.55,0.0
20230413:2103,0.0,0.0,23.59,2.62,0.0
20230413:2203,0.0,0.0,23.13,2.9,0.0
20230413:2303,0.0,0.0,22.87,2.97,0.0
20230414:0003,0.0,0.0,22.53,2.62,0.0
20230414:0103,0.0,0.0,21.78,2.07,0.0
20230414:0203,0.0,0.0,20.9,1.59,0.0
20230414:0303,0.0,0.0,20.5,1.1,0.0
20230414:0403,0.0,0.0,20.39,0.69,0.0
20230414:0503,49.91,10.97,20.35,0.76,0.0
20230414:0603,69.04,23.4,22.57,1.59,0.0
20230414:0703,127.57,34.88,24.66,3.03,0.0
20230414:0803,174.45,44.62,26.4,3.45,0.0
20230414:0903,206.9,51.26,27.85,3.66,0.0
20230414:1003,272.63,53.06,28.86,3.79,0.0
20230414:1103,304.88,49.37,28.43,4.55,0.0
20230414:1203,235.77,41.43,27.37,5.66,0.0
20230414:1303,209.53,30.95,25.73,5.86,0.0
20230414:1403,108.68,19.07,24.73,5.59,0.0
20230414:1503,23.35,6.41,23.62,5.31,0.0
20230414:1603,0.0,0.0,22.58,5.03,0.0
20230414:1703,0.0,0.0,22.0,4.83,0.0
20230414:1803,0.0,0.0,21.52,5.03,0.0
20230414:1903,0.0,0.0,21.08,5.17,0.0
20230414:2003,0.0,0.0,20.65,4.9,0.0
20230414:2103,0.0,0.0,20.35,4.62,0.0
20230414:2203,0.0,0.0,20.09,4.55,0.0
20230414:2303,0.0,0.0,19.64,4.28,0.0
20230415:0003,0.0,0.0,19.28,4.0,0.0
20230415:0103,0.0,0.0,18.82,3.59,0.0
20230415:0203,0.0,0.0,18.52,3.24,0.0
20230415:0303,0.0,0.0,18.25,2.83,0.0
20230415:0403,0.0,0.0,18.0,2.69,0.0
20230415:0503,57.96,10.84,18.26,2.28,0.0
20230415:0603,140.89,23.25,19.43,3.17,0.0
20230415:0703,166.24,34.68,21.05,3.79,0.0
20230415:0803,228.07,44.36,22.15,3.45,0.0
20230415:0903,202.3,50.94,23.61,2.97,0.0
20230415:1003,212.84,52.7,24.74,2.55,0.0
20230415:1103,202.29,49.01,25.43,2.48,0.0
20230415:1203,160.93,41.11,25.83,2.55,0.0
20230415:1303,104.0,30.67,25.73,2.62,0.0
20230415:1403,73.26,18.81,25.2,2.83,0.0
20230415:1503,29.79,6.18,23.81,2.9,0.0
20230415:1603,0.0,0.0,21.95,2.55,0.0
20230415:1703,0.0,0.0,20.47,2.34,0.0
20230415:1803,0.0,0.0,19.46,1.86,0.0
20230415:1903,0.0,0.0,18.61,1.52,0.0
20230415:2003,0.0,0.0,17.49,1.17,0.0
20230415:2103,0.0,0.0,16.67,1.31,0.0
20230415:2203,0.0,0.0,15.96,1.38,0.0
20230415:2303,0.0,0.0,15.65,1.31,0.0
20230416:0003,0.0,0.0,15.28,1.31,0.0
20230416:0103,0.0,0.0,14.94,1.38,0.0
20230416:0203,0.0,0.0,14.8,1.31,0.0
20230416:0303,0.0,0.0,14.72,1.31,0.0
20230416:0403,0.0,0.0,14.64,1.31,0.0
20230416:0503,45.89,10.72,15.7,0.97,0.0
20230416:0603,79.7,23.09,19.37,0.9,0.0
20230416:0703,118.23,34.48,21.73,0.83,0.0
20230416:0803,164.37,44.11,23.51,1.38,0.0
20230416:0903,196.22,50.62,25.02,1.52,0.0
20230416:1003,208.84,52.34,26.28,1.59,0.0
20230416:1103,206.05,48.66,27.28,1.52,0.0
20230416:1203,157.34,40.8,27.85,1.66,0.0
20230416:1303,104.44,30.39,27.77,1.79,0.0
20230416:1403,69.24,18.57,27.38,2.14,0.0
20230416:1503,28.98,5.95,26.0,2.83,0.0
20230416:1603,0.0,0.0,23.59,3.1,0.0
20230416:1703,0.0,0.0,21.89,2.83,0.0
20230416:1803,0.0,0.0,20.82,2.34,0.0
20230416:1903,0.0,0.0,19.9,1.79,0.0
20230416:2003,0.0,0.0,19.2,1.38,0.0
20230416:2103,0.0,0.0,18.27,1.31,0.0
20230416:2203,0.0,0.0,17.55,1.45,0.0
20230416:2303,0.0,0.0,17.0,1.59,0.0
20230417:0003,0.0,0.0,16.61,1.66,0.0
20230417:0103,0.0,0.0,16.34,1.72,0.0
20230417:0203,0.0,0.0,16.12,1.79,0.0
20230417:0303,0.0,0.0,15.97,1.86,0.0
20230417:0403,0.0,0.0,15.87,1.93,0.0
20230417:0503,49.91,10.59,16.63,1.79,0.0
20230417:0603,87.75,22.93,19.91,2.76,0.0
20230417:0703,115.88,34.28,22.27,3.24,0.0
20230417:0803,158.21,43.85,24.77,3.38,0.0
20230417:0903,192.24,50.3,27.12,3.38,0.0
20230417:1003,199.81,51.98,29.05,3.38,0.0
20230417:1103,180.84,48.32,30.43,3.24,0.0
20230417:1203,141.17,40.49,31.28,3.1,0.0
20230417:1303,90.48,30.11,31.57,2.97,0.0
20230417:1403,70.04,18.32,31.25,2.9,0.0
20230417:1503,28.18,5.72,29.95,2.48,0.0
20230417:1603,0.0,0.0,27.54,2.55,0.0
20230417:1703,0.0,0.0,25.5,2.9,0.0
20230417:1803,0.0,0.0,23.82,2.83,0.0
20230417:1903,0.0,0.0,22.17,2.55,0.0
20230417:2003,0.0,0.0,21.26,2.34,0.0
20230417:2103,0.0,0.0,20.58,2.21,0.0
20230417:2203,0.0,0.0,20.0,2.14,0.0
20230417:2303,0.0,0.0,19.47,2.07,0.0
20230418:0003,0.0,0.0,18.93,2.07,0.0
20230418:0103,0.0,0.0,18.36,2.0,0.0
20230418:0203,0.0,0.0,17.75,1.93,0.0
20230418:0303,0.0,0.0,17.19,1.79,0.0
20230418:0403,0.0,0.0,16.7,1.79,0.0
20230418:0503,48.3,10.46,17.18,1.59,0.0
20230418:0603,82.92,22.77,21.23,2.0,0.0
20230418:0703,105.11,34.08,23.94,2.07,0.0
20230418:0803,152.38,43.59,26.56,2.28,0.0
20230418:0903,186.89,49.98,28.8,2.34,0.0
20230418:1003,193.87,51.63,30.51,2.28,0.0
20230418:1103,174.8,47.97,31.63,2.0,0.0
20230418:1203,134.99,40.18,32.21,1.79,0.0
20230418:1303,82.44,29.84,32.27,1.72,0.0
20230418:1403,70.85,18.07,31.73,1.86,0.0
20230418:1503,26.57,5.5,30.08,2.14,0.0
20230418:1603,0.0,0.0,27.41,2.34,0.0
20230418:1703,0.0,0.0,25.3,2.41,0.0
20230418:1803,0.0,0.0,23.69,2.28,0.0
20230418:1903,0.0,0.0,22.21,2.21,0.0
20230418:2003,0.0,0.0,21.15,2.07,0.0
20230418:2103,0.0,0.0,20.28,2.0,0.0
20230418:2203,0.0,0.0,19.49,1.86,0.0
20230418:2303,0.0,0.0,18.78,1.79,0.0
20230419:0003,0.0,0.0,18.12,1.79,0.0
20230419:0103,0.0,0.0,17.68,1.72,0.0
20230419:0203,0.0,0.0,17.28,1.66,0.0
20230419:0303,0.0,0.0,16.97,1.52,0.0
20230419:0403,0.0,0.0,16.87,1.45,0.0
20230419:0503,48.3,10.33,17.39,1.24,0.0
20230419:0603,79.7,22.62,20.77,1.52,0.0
20230419:0703,99.38,33.88,23.31,2.0,0.0
20230419:0803,146.19,43.34,25.57,2.28,0.0
20230419:0903,180.57,49.66,27.5,2.28,0.0
20230419:1003,187.45,51.28,29.06,2.21,0.0
20230419:1103,168.8,47.63,30.08,2.07,0.0
20230419:1203,130.52,39.87,30.55,2.14,0.0
20230419:1303,79.14,29.57,30.52,2.41,0.0
20230419:1403,68.43,17.83,29.83,2.69,0.0
20230419:1503,24.96,5.28,28.17,2.62,0.0
20230419:1603,0.0,0.0,25.63,3.03,0.0
20230419:1703,0.0,0.0,23.69,3.31,0.0
20230419:1803,0.0,0.0,22.26,3.1,0.0
20230419:1903,0.0,0.0,21.38,2.76,0.0
20230419:2003,0.0,0.0,20.59,2.48,0.0
20230419:2103,0.0,0.0,19.92,2.34,0.0
20230419:2203,0.0,0.0,19.38,2.21,0.0
20230419:2303,0.0,0.0,18.95,2.21,0.0
20230420:0003,0.0,0.0,18.6,2.14,0.0
20230420:0103,0.0,0.0,18.33,2.14,0.0
20230420:0203,0.0,0.0,18.08,2.21,0.0
20230420:0303,0.0,0.0,17.85,2.21,0.0
20230420:0403,0.0,0.0,17.62,2.28,0.0
20230420:0503,47.5,10.2,17.96,2.21,0.0
20230420:0603,77.29,22.46,20.25,3.1,0.0
20230420:0703,94.92,33.68,22.57,3.79,0.0
20230420:0803,138.65,43.08,24.93,4.21,0.0
20230420:0903,174.48,49.35,27.08,4.41,0.0
20230420:1003,181.22,50.93,28.89,4.48,0.0
20230420:1103,162.6,47.3,30.23,4.62,0.0
20230420:1203,123.27,39.57,31.06,4.62,0.0
20230420:1303,74.25,29.31,31.28,4.69,0.0
20230420:1403,69.24,17.6,30.73,4.62,0.0
20230420:1503,24.96,5.06,29.16,3.93,0.0
20230420:1603,0.0,0.0,26.85,3.86,0.0
20230420:1703,0.0,0.0,25.1,3.86,0.0
20230420:1803,0.0,0.0,23.9,3.72,0.0
20230420:1903,0.0,0.0,23.2,3.31,0.0
20230420:2003,0.0,0.0,22.59,3.17,0.0
20230420:2103,0.0,0.0,22.16,3.17,0.0
20230420:2203,0.0,0.0,21.87,3.17,0.0
20230420:2303,0.0,0.0,21.49,3.17,0.0
20230421:0003,0.0,0.0,20.94,3.03,0.0
20230421:0103,0.0,0.0,20.19,2.62,0.0
20230421:0203,0.0,0.0,18.83,1.38,0.0
20230421:0303,0.0,0.0,18.69,3.03,0.0
20230421:0403,0.0,0.0,20.21,4.62,0.0
20230421:0503,53.94,10.07,20.88,4.62,0.0
20230421:0603,135.25,22.3,22.07,5.31,0.0
20230421:0703,197.73,33.48,23.0,5.66,0.0
20230421:0803,171.94,42.82,24.03,5.59,0.0
20230421:0903,262.83,49.03,25.55,5.45,0.0
20230421:1003,314.47,50.58,26.59,5.03,0.0
20230421:1103,202.88,46.96,26.97,4.55,0.0
20230421:1203,254.72,39.27,26.54,4.48,0.0
20230421:1303,186.17,29.04,25.25,4.97,0.0
20230421:1403,104.66,17.36,23.73,4.83,0.0
20230421:1503,20.93,4.85,22.42,4.21,0.0
20230421:1603,0.0,0.0,21.17,4.0,0.0
20230421:1703,0.0,0.0,20.3,3.66,0.0
20230421:1803,0.0,0.0,19.67,3.17,0.0
20230421:1903,0.0,0.0,19.72,2.41,0.0
20230421:2003,0.0,0.0,19.51,2.48,0.0
20230421:2103,0.0,0.0,19.28,2.21,0.0
20230421:2203,0.0,0.0,18.95,2.14,0.0
20230421:2303,0.0,0.0,18.83,1.79,0.0
20230422:0003,0.0,0.0,18.38,1.66,0.0
20230422:0103,0.0,0.0,18.43,1.38,0.0
20230422:0203,0.0,0.0,18.14,1.03,0.0
20230422:0303,0.0,0.0,18.24,0.69,0.0
20230422:0403,0.0,0.0,18.22,0.83,0.0
20230422:0503,54.74,9.94,18.75,0.9,0.0
20230422:0603,95.0,22.14,20.06,1.1,0.0
20230422:0703,212.02,33.28,21.95,2.07,0.0
20230422:0803,270.47,42.57,24.58,3.86,0.0
20230422:0903,192.28,48.72,26.17,4.34,0.0
20230422:1003,219.19,50.24,26.99,3.86,0.0
20230422:1103,214.96,46.63,27.73,3.79,0.0
20230422:1203,258.61,38.97,29.03,3.93,0.0
20230422:1303,75.68,28.78,29.65,3.79,0.0
20230422:1403,78.09,17.13,29.29,3.45,0.0
20230422:1503,22.54,4.64,28.29,2.62,0.0
20230422:1603,0.0,0.0,26.52,2.28,0.0
20230422:1703,0.0,0.0,25.03,2.14,0.0
20230422:1803,0.0,0.0,23.8,2.0,0.0
20230422:1903,0.0,0.0,22.52,1.38,0.0
20230422:2003,0.0,0.0,21.29,1.59,0.0
20230422:2103,0.0,0.0,20.29,1.45,0.0
20230422:2203,0.0,0.0,19.83,1.72,0.0
20230422:2303,0.0,0.0,19.65,2.21,0.0
20230423:0003,0.0,0.0,19.68,2.48,0.0
20230423:0103,0.0,0.0,19.83,2.83,0.0
20230423:0203,0.0,0.0,20.27,3.1,0.0
20230423:0303,0.0,0.0,20.5,3.17,0.0
20230423:0403,0.0,0.0,20.65,3.03,0.0
20230423:0503,44.28,9.81,20.77,2.55,0.0
20230423:0603,119.95,21.98,22.03,3.17,0.0
20230423:0703,89.61,33.07,23.44,3.17,0.0
20230423:0803,126.32,42.32,25.01,2.9,0.0
20230423:0903,154.25,48.42,26.63,2.41,0.0
20230423:1003,199.41,49.91,27.59,2.21,0.0
20230423:1103,148.16,46.31,28.21,2.21,0.0
20230423:1203,108.96,38.68,28.48,2.34,0.0
20230423:1303,90.17,28.52,28.24,2.76,0.0
20230423:1403,66.82,16.9,27.27,3.03,0.0
20230423:1503,21.74,4.43,25.55,2.76,0.0
20230423:1603,0.0,0.0,23.52,2.69,0.0
20230423:1703,0.0,0.0,22.1,2.14,0.0
20230423:1803,0.0,0.0,21.14,1.52,0.0
20230423:1903,0.0,0.0,20.59,0.69,0.0
20230423:2003,0.0,0.0,19.61,0.97,0.0
20230423:2103,0.0,0.0,18.64,1.17,0.0
20230423:2203,0.0,0.0,18.35,1.1,0.0
20230423:2303,0.0,0.0,18.89,0.83,0.0
20230424:0003,0.0,0.0,18.85,0.62,0.0
20230424:0103,0.0,0.0,18.73,0.62,0.0
20230424:0203,0.0,0.0,18.52,0.62,0.0
20230424:0303,0.0,0.0,18.07,0.9,0.0
20230424:0403,0.0,0.0,17.34,1.03,0.0
20230424:0503,43.47,9.68,17.93,0.83,0.0
20230424:0603,76.48,21.82,20.82,0.76,0.0
20230424:0703,76.47,32.87,23.19,1.66,0.0
20230424:0803,119.6,42.06,25.27,2.07,0.0
20230424:0903,148.75,48.11,27.13,2.28,0.0
20230424:1003,158.17,49.57,28.77,2.69,0.0
20230424:1103,142.19,45.98,29.92,3.1,0.0
20230424:1203,103.79,38.39,30.47,3.38,0.0
20230424:1303,128.0,28.27,30.43,3.38,0.0
20230424:1403,68.43,16.67,29.58,3.31,0.0
20230424:1503,20.13,4.23,27.85,2.83,0.0
20230424:1603,0.0,0.0,25.57,2.83,0.0
20230424:1703,0.0,0.0,24.06,2.76,0.0
20230424:1803,0.0,0.0,22.98,2.48,0.0
20230424:1903,0.0,0.0,22.03,2.55,0.0
20230424:2003,0.0,0.0,21.29,2.34,0.0
20230424:2103,0.0,0.0,20.66,2.14,0.0
20230424:2203,0.0,0.0,20.15,2.0,0.0
20230424:2303,0.0,0.0,19.82,2.07,0.0
20230425:0003,0.0,0.0,19.75,2.14,0.0
20230425:0103,0.0,0.0,19.67,2.14,0.0
20230425:0203,0.0,0.0,19.41,1.93,0.0
20230425:0303,0.0,0.0,18.75,1.38,0.0
20230425:0403,0.0,0.0,19.54,0.28,0.0
20230425:0503,51.52,9.55,19.54,0.21,0.0
20230425:0603,60.38,21.66,21.3,0.62,0.0
20230425:0703,202.99,32.67,23.51,0.83,0.0
20230425:0803,176.62,41.81,25.84,1.03,0.0
20230425:0903,271.4,47.81,27.98,2.34,0.0
20230425:1003,311.54,49.24,29.25,2.76,0.0
20230425:1103,99.67,45.66,29.93,2.69,0.0
20230425:1203,104.94,38.11,29.83,2.69,0.0
20230425:1303,165.04,28.02,29.5,2.83,0.0
20230425:1403,95.0,16.45,28.5,2.97,0.0
20230425:1503,2.42,4.03,26.75,2.83,0.0
20230425:1603,0.0,0.0,24.92,3.03,0.0
20230425:1703,0.0,0.0,23.61,2.48,0.0
20230425:1803,0.0,0.0,22.86,1.52,0.0
20230425:1903,0.0,0.0,22.87,1.1,0.0
20230425:2003,0.0,0.0,22.57,0.76,0.0
20230425:2103,0.0,0.0,22.34,0.34,0.0
20230425:2203,0.0,0.0,22.23,0.07,0.0
20230425:2303,0.0,0.0,22.15,0.14,0.0
20230426:0003,0.0,0.0,22.05,0.21,0.0
20230426:0103,0.0,0.0,21.83,0.07,0.0
20230426:0203,0.0,0.0,21.52,0.07,0.0
20230426:0303,0.0,0.0,21.3,0.28,0.0
20230426:0403,0.0,0.0,20.67,0.76,0.0
20230426:0503,51.52,9.42,20.76,0.83,0.0
20230426:0603,131.22,21.5,22.95,1.31,0.0
20230426:0703,202.07,32.47,24.59,1.03,0.0
20230426:0803,267.26,41.56,26.17,1.31,0.0
20230426:0903,274.77,47.51,27.44,1.93,0.0
20230426:1003,303.7,48.92,28.43,2.41,0.0
20230426:1103,282.41,45.35,28.84,2.76,0.0
20230426:1203,177.21,37.83,28.91,2.97,0.0
20230426:1303,153.77,27.77,28.75,3.17,0.0
20230426:1403,94.19,16.23,27.92,3.17,0.0
20230426:1503,15.3,3.83,26.86,2.9,0.0
20230426:1603,0.0,0.0,25.24,3.24,0.0
20230426:1703,0.0,0.0,23.96,3.31,0.0
20230426:1803,0.0,0.0,23.04,3.17,0.0
20230426:1903,0.0,0.0,22.35,3.03,0.0
20230426:2003,0.0,0.0,21.89,2.83,0.0
20230426:2103,0.0,0.0,21.48,2.62,0.0
20230426:2203,0.0,0.0,21.08,2.55,0.0
20230426:2303,0.0,0.0,20.97,2.55,0.0
20230427:0003,0.0,0.0,20.69,2.55,0.0
20230427:0103,0.0,0.0,20.47,2.69,0.0
20230427:0203,0.0,0.0,20.42,2.76,0.0
20230427:0303,0.0,0.0,20.34,2.97,0.0
20230427:0403,0.0,0.0,20.28,3.03,0.0
20230427:0503,47.5,9.29,20.63,3.03,0.0
20230427:0603,87.75,21.33,22.31,4.14,0.0
20230427:0703,99.83,32.27,24.42,4.55,0.0
20230427:0803,106.28,41.31,26.86,4.83,0.0
20230427:0903,146.6,47.21,29.13,4.97,0.0
20230427:1003,145.22,48.59,31.04,4.97,0.0
20230427:1103,150.95,45.04,32.5,5.1,0.0
20230427:1203,88.4,37.55,33.3,5.03,0.0
20230427:1303,167.45,27.53,33.51,5.03,0.0
20230427:1403,82.92,16.02,32.93,4.76,0.0
20230427:1503,13.69,3.64,31.56,4.07,0.0
20230427:1603,0.0,0.0,29.62,3.59,0.0
20230427:1703,0.0,0.0,28.11,3.17,0.0
20230427:1803,0.0,0.0,26.95,2.55,0.0
20230427:1903,0.0,0.0,25.79,2.48,0.0
20230427:2003,0.0,0.0,24.98,2.21,0.0
20230427:2103,0.0,0.0,24.25,2.14,0.0
20230427:2203,0.0,0.0,23.68,2.14,0.0
20230427:2303,0.0,0.0,23.11,2.0,0.0
20230428:0003,0.0,0.0,22.39,1.59,0.0
20230428:0103,0.0,0.0,22.7,0.55,0.0
20230428:0203,0.0,0.0,21.41,2.48,0.0
20230428:0303,0.0,0.0,21.58,3.03,0.0
20230428:0403,0.0,0.0,21.82,3.31,0.0
20230428:0503,50.72,9.16,22.05,2.76,0.0
20230428:0603,123.17,21.17,22.81,3.38,0.0
20230428:0703,194.82,32.07,23.88,3.31,0.0
20230428:0803,135.58,41.06,25.24,3.03,0.0
20230428:0903,208.08,46.92,26.09,2.48,0.0
20230428:1003,292.65,48.28,27.2,1.86,0.0
20230428:1103,277.23,44.73,27.75,1.24,0.0
20230428:1203,191.72,37.27,28.61,1.1,0.0
20230428:1303,123.98,27.29,28.67,1.93,0.0
20230428:1403,70.04,15.81,28.15,2.48,0.0
20230428:1503,12.08,3.45,26.84,2.76,0.0
20230428:1603,0.0,0.0,25.07,2.69,0.0
20230428:1703,0.0,0.0,23.81,2.28,0.0
20230428:1803,0.0,0.0,22.91,1.86,0.0
20230428:1903,0.0,0.0,22.34,2.0,0.0
20230428:2003,0.0,0.0,22.0,2.07,0.0
20230428:2103,0.0,0.0,21.75,2.14,0.0
20230428:2203,0.0,0.0,21.58,2.21,0.0
20230428:2303,0.0,0.0,21.39,2.28,0.0
20230429:0003,0.0,0.0,21.15,2.34,0.0
20230429:0103,0.0,0.0,20.91,2.28,0.0
20230429:0203,0.0,0.0,20.79,2.21,0.0
20230429:0303,0.0,0.0,20.78,2.28,0.0
20230429:0403,0.0,0.0,20.73,2.34,0.0
20230429:0503,48.3,9.02,21.08,2.55,0.0
20230429:0603,119.95,21.01,22.64,4.07,0.0
20230429:0703,182.75,31.87,25.22,4.14,0.0
20230429:0803,244.46,40.82,27.53,3.17,0.0
20230429:0903,151.87,46.62,29.13,1.93,0.0
20230429:1003,131.04,47.96,30.66,0.41,0.0
20230429:1103,112.84,44.43,31.6,1.52,0.0
20230429:1203,163.3,37.01,31.97,2.9,0.0
20230429:1303,90.97,27.06,31.12,4.28,0.0
20230429:1403,86.95,15.6,28.71,5.03,0.0
20230429:1503,8.86,3.26,26.4,4.76,0.0
20230429:1603,0.0,0.0,24.66,3.93,0.0
20230429:1703,0.0,0.0,23.82,3.66,0.0
20230429:1803,0.0,0.0,23.16,3.79,0.0
20230429:1903,0.0,0.0,22.81,3.1,0.0
20230429:2003,0.0,0.0,22.43,3.24,0.0
20230429:2103,0.0,0.0,22.16,3.52,0.0
20230429:2203,0.0,0.0,21.84,3.66,0.0
20230429:2303,0.0,0.0,21.55,3.59,0.0
20230430:0003,0.0,0.0,21.19,3.38,0.0
20230430:0103,0.0,0.0,21.05,3.38,0.0
20230430:0203,0.0,0.0,20.85,3.31,0.0
20230430:0303,0.0,0.0,20.51,3.31,0.0
20230430:0403,0.0,0.0,20.41,3.38,0.0
20230430:0503,43.47,8.89,20.44,2.97,0.0
20230430:0603,96.61,20.85,21.0,3.86,0.0
20230430:0703,198.04,31.67,21.82,4.55,0.0
20230430:0803,158.77,40.57,22.83,4.69,0.0
20230430:0903,235.16,46.33,23.33,4.55,0.0
20230430:1003,97.91,47.65,23.64,4.83,0.0
20230430:1103,258.13,44.14,23.06,4.83,0.0
20230430:1203,232.61,36.74,22.72,4.48,0.0
20230430:1303,140.89,26.82,22.39,4.07,0.0
20230430:1403,87.75,15.4,22.2,3.79,0.0
20230430:1503,6.44,3.08,21.53,3.17,0.0
20230430:1603,0.0,0.0,20.79,2.62,0.0
20230430:1703,0.0,0.0,20.28,2.41,0.0
20230430:1803,0.0,0.0,19.79,2.14,0.0
20230430:1903,0.0,0.0,19.56,2.0,0.0
20230430:2003,0.0,0.0,19.55,2.14,0.0
20230430:2103,0.0,0.0,19.37,1.79,0.0
20230430:2203,0.0,0.0,19.44,1.66,0.0
20230430:2303,0.0,0.0,19.39,1.38,0.0
20230501:0003,0.0,0.0,19.52,1.17,0.0
20230501:0103,0.0,0.0,19.2,0.9,0.0
20230501:0203,0.0,0.0,19.22,0.48,0.0
20230501:0303,0.0,0.0,19.31,0.34,0.0
20230501:0403,0.0,0.0,18.94,0.55,0.0
20230501:0503,41.86,8.76,18.35,0.83,0.0
20230501:0603,126.39,20.69,20.58,1.24,0.0
20230501:0703,116.73,31.48,22.25,1.59,0.0
20230501:0803,219.95,40.33,24.34,2.62,0.0
20230501:0903,197.32,46.05,26.02,4.0,0.0
20230501:1003,138.3,47.35,27.0,4.41,0.0
20230501:1103,125.37,43.84,27.11,4.21,0.0
20230501:1203,110.29,36.48,27.36,3.93,0.0
20230501:1303,94.19,26.6,27.5,4.14,0.0
20230501:1403,52.33,15.2,27.29,4.0,0.0
20230501:1503,9.66,2.9,26.15,3.17,0.0
20230501:1603,0.0,0.0,24.61,3.03,0.0
20230501:1703,0.0,0.0,23.52,3.1,0.0
20230501:1803,0.0,0.0,22.59,2.97,0.0
20230501:1903,0.0,0.0,22.18,2.83,0.0
20230501:2003,0.0,0.0,21.56,2.76,0.0
20230501:2103,0.0,0.0,21.07,2.69,0.0
20230501:2203,0.0,0.0,20.71,2.69,0.0
20230501:2303,0.0,0.0,20.54,2.69,0.0
20230502:0003,0.0,0.0,20.36,2.48,0.0
20230502:0103,0.0,0.0,20.08,2.28,0.0
20230502:0203,0.0,0.0,19.73,2.14,0.0
20230502:0303,0.0,0.0,19.31,1.93,0.0
20230502:0403,0.0,0.0,18.8,1.79,0.0
20230502:0503,36.23,8.63,18.76,1.52,0.0
20230502:0603,82.92,20.53,21.17,2.0,0.0
20230502:0703,0.0,0.0,23.54,1.79,0.0
20230502:0803,77.52,40.09,26.0,1.24,0.0
20230502:0903,103.33,45.77,28.22,0.62,0.0
20230502:1003,106.24,47.04,29.79,0.34,0.0
20230502:1103,85.99,43.55,30.8,0.9,0.0
20230502:1203,83.73,36.22,31.28,1.45,0.0
20230502:1303,75.68,26.37,31.14,2.14,0.0
20230502:1403,54.74,15.01,30.08,2.69,0.0
20230502:1503,10.47,2.73,28.18,2.9,0.0
20230502:1603,0.0,0.0,25.87,2.83,0.0
20230502:1703,0.0,0.0,24.36,2.41,0.0
20230502:1803,0.0,0.0,23.2,2.0,0.0
20230502:1903,0.0,0.0,22.38,1.72,0.0
20230502:2003,0.0,0.0,21.73,1.72,0.0
20230502:2103,0.0,0.0,21.32,1.66,0.0
20230502:2203,0.0,0.0,20.81,1.52,0.0
20230502:2303,0.0,0.0,20.56,1.45,0.0
20230503:0003,0.0,0.0,20.56,1.52,0.0
20230503:0103,0.0,0.0,20.62,1.59,0.0
20230503:0203,0.0,0.0,21.07,1.59,0.0
20230503:0303,0.0,0.0,21.21,1.59,0.0
20230503:0403,0.0,0.0,21.2,1.72,0.0
20230503:0503,35.42,8.5,21.48,1.93,0.0
20230503:0603,72.46,20.37,21.84,2.28,0.0
20230503:0703,182.75,31.08,23.12,2.07,0.0
20230503:0803,185.99,39.85,24.51,2.0,0.0
20230503:0903,248.53,45.49,25.51,1.52,0.0
20230503:1003,242.01,46.75,25.66,1.72,0.0
20230503:1103,271.3,43.27,26.0,1.93,0.0
20230503:1203,148.13,35.97,25.98,2.14,0.0
20230503:1303,46.69,26.15,25.83,2.83,0.0
20230503:1403,30.59,14.81,24.99,2.97,0.0
20230503:1503,8.05,2.56,23.98,2.55,0.0
20230503:1603,0.0,0.0,23.22,2.21,0.0
20230503:1703,0.0,0.0,22.67,2.14,0.0
20230503:1803,0.0,0.0,22.07,1.86,0.0
20230503:1903,0.0,0.0,20.78,0.48,0.0
20230503:2003,0.0,0.0,20.71,0.28,0.0
20230503:2103,0.0,0.0,20.57,0.34,0.0
20230503:2203,0.0,0.0,20.67,0.48,0.0
20230503:2303,0.0,0.0,20.78,0.41,0.0
20230504:0003,0.0,0.0,20.8,0.41,0.0
20230504:0103,0.0,0.0,20.86,0.76,0.0
20230504:0203,0.0,0.0,20.72,1.1,0.0
20230504:0303,0.0,0.0,20.66,1.31,0.0
20230504:0403,0.0,0.0,20.43,1.45,0.0
20230504:0503,37.03,8.36,20.37,1.45,0.0
20230504:0603,72.46,20.21,21.64,2.97,0.0
20230504:0703,93.39,30.89,23.4,2.83,0.0
20230504:0803,93.39,39.61,25.5,3.59,0.0
20230504:0903,91.41,45.21,27.31,4.0,0.0
20230504:1003,94.13,46.45,28.82,4.21,0.0
20230504:1103,77.08,42.99,29.96,4.28,0.0
20230504:1203,86.95,35.72,30.42,4.0,0.0
20230504:1303,132.03,25.94,30.7,3.86,0.0
20230504:1403,83.73,14.63,30.19,3.66,0.0
20230504:1503,6.44,2.39,28.72,3.66,0.0
20230504:1603,0.0,0.0,26.65,3.45,0.0
20230504:1703,0.0,0.0,25.06,3.1,0.0
20230504:1803,0.0,0.0,23.89,2.83,0.0
20230504:1903,0.0,0.0,22.47,2.41,0.0
20230504:2003,0.0,0.0,21.74,2.07,0.0
20230504:2103,0.0,0.0,21.11,1.79,0.0
20230504:2203,0.0,0.0,20.33,1.52,0.0
20230504:2303,0.0,0.0,19.6,1.24,0.0
20230505:0003,0.0,0.0,20.03,0.9,0.0
20230505:0103,0.0,0.0,20.29,0.48,0.0
20230505:0203,0.0,0.0,18.89,1.03,0.0
20230505:0303,0.0,0.0,17.46,1.52,0.0
20230505:0403,0.0,0.0,17.43,1.66,0.0
20230505:0503,23.35,8.23,18.33,1.79,0.0
20230505:0603,102.24,20.05,21.04,2.55,0.0
20230505:0703,191.6,30.69,22.7,3.93,0.0
20230505:0803,143.3,39.38,23.95,3.79,0.0
20230505:0903,207.18,44.94,24.68,3.38,0.0
20230505:1003,287.98,46.17,25.05,2.83,0.0
20230505:1103,263.23,42.72,24.99,2.55,0.0
20230505:1203,189.19,35.48,25.05,2.41,0.0
20230505:1303,111.9,25.73,24.92,2.28,0.0
20230505:1403,77.29,14.45,24.58,1.86,0.0
20230505:1503,7.25,2.23,23.96,1.59,0.0
20230505:1603,0.0,0.0,23.03,1.59,0.0
20230505:1703,0.0,0.0,22.47,1.31,0.0
20230505:1803,0.0,0.0,21.47,0.76,0.0
20230505:1903,0.0,0.0,21.22,0.62,0.0
20230505:2003,0.0,0.0,19.99,1.1,0.0
20230505:2103,0.0,0.0,19.61,1.45,0.0
20230505:2203,0.0,0.0,19.73,1.59,0.0
20230505:2303,0.0,0.0,19.74,1.59,0.0
20230506:0003,0.0,0.0,19.74,1.52,0.0
20230506:0103,0.0,0.0,19.49,1.52,0.0
20230506:0203,0.0,0.0,19.06,1.66,0.0
20230506:0303,0.0,0.0,18.83,1.72,0.0
20230506:0403,0.0,0.0,18.44,1.86,0.0
20230506:0503,39.45,8.1,18.56,1.79,0.0
20230506:0603,102.24,19.89,20.71,2.28,0.0
20230506:0703,186.77,30.5,23.11,3.38,0.0
20230506:0803,142.5,39.14,25.22,3.72,0.0
20230506:0903,84.63,44.67,27.25,3.79,0.0
20230506:1003,84.72,45.88,29.0,3.79,0.0
20230506:1103,67.76,42.45,30.27,3.79,0.0
20230506:1203,86.14,35.24,31.08,3.79,0.0
20230506:1303,83.73,25.52,31.29,3.72,0.0
20230506:1403,81.31,14.27,30.83,3.31,0.0
20230506:1503,8.05,2.08,29.23,2.62,0.0
20230506:1603,0.0,0.0,27.36,2.41,0.0
20230506:1703,0.0,0.0,26.11,2.55,0.0
20230506:1803,0.0,0.0,24.89,2.69,0.0
20230506:1903,0.0,0.0,24.27,2.62,0.0
20230506:2003,0.0,0.0,23.46,2.48,0.0
20230506:2103,0.0,0.0,22.76,2.28,0.0
20230506:2203,0.0,0.0,22.31,2.0,0.0
20230506:2303,0.0,0.0,21.9,1.66,0.0
20230507:0003,0.0,0.0,21.49,1.1,0.0
20230507:0103,0.0,0.0,21.07,0.76,0.0
20230507:0203,0.0,0.0,20.46,0.9,0.0
20230507:0303,0.0,0.0,20.42,0.76,0.0
20230507:0403,0.0,0.0,20.42,0.83,0.0
20230507:0503,40.25,7.97,19.42,1.31,0.0
20230507:0603,95.8,19.74,22.85,1.52,0.0
20230507:0703,159.4,30.31,24.91,3.79,0.0
20230507:0803,118.34,38.91,26.42,4.0,0.0
20230507:0903,227.39,44.4,27.72,3.93,0.0
20230507:1003,172.88,45.6,28.59,3.66,0.0
20230507:1103,54.74,42.19,28.97,3.38,0.0
20230507:1203,90.17,35.01,28.87,3.17,0.0
20230507:1303,56.35,25.32,27.16,3.03,0.0
20230507:1403,80.51,14.09,26.16,3.03,0.0
20230507:1503,4.83,1.92,24.25,2.9,0.0
20230507:1603,0.0,0.0,22.55,3.24,0.0
20230507:1703,0.0,0.0,21.62,3.38,0.0
20230507:1803,0.0,0.0,20.93,3.03,0.0
20230507:1903,0.0,0.0,20.87,2.48,0.0
20230507:2003,0.0,0.0,20.54,2.21,0.0
20230507:2103,0.0,0.0,20.33,1.93,0.0
20230507:2203,0.0,0.0,20.09,1.72,0.0
20230507:2303,0.0,0.0,20.02,1.52,0.0
20230508:0003,0.0,0.0,19.86,1.66,0.0
20230508:0103,0.0,0.0,19.71,1.66,0.0
20230508:0203,0.0,0.0,19.85,1.52,0.0
20230508:0303,0.0,0.0,19.95,1.72,0.0
20230508:0403,0.0,0.0,20.2,1.59,0.0
20230508:0503,33.01,7.84,20.2,1.66,0.0
20230508:0603,66.01,19.58,19.99,1.59,0.0
20230508:0703,57.16,30.12,19.56,1.1,0.0
20230508:0803,62.79,38.68,19.69,0.76,0.0
20230508:0903,53.8,44.14,20.12,0.62,0.0
20230508:1003,64.39,45.33,20.92,0.83,0.0
20230508:1103,84.53,41.93,21.48,0.55,0.0
20230508:1203,169.06,34.78,21.5,0.62,0.0
20230508:1303,50.72,25.13,20.92,1.1,0.0
20230508:1403,13.69,13.92,20.07,2.0,0.0
20230508:1503,0.81,1.78,19.29,2.48,0.0
20230508:1603,0.0,0.0,18.78,2.41,0.0
20230508:1703,0.0,0.0,18.57,2.21,0.0
20230508:1803,0.0,0.0,18.3,2.07,0.0
20230508:1903,0.0,0.0,17.94,2.62,0.0
20230508:2003,0.0,0.0,17.78,2.76,0.0
20230508:2103,0.0,0.0,17.64,2.62,0.0
20230508:2203,0.0,0.0,17.37,2.48,0.0
20230508:2303,0.0,0.0,17.06,2.41,0.0
20230509:0003,0.0,0.0,16.98,2.48,0.0
20230509:0103,0.0,0.0,16.79,2.55,0.0
20230509:0203,0.0,0.0,16.6,2.83,0.0
20230509:0303,0.0,0.0,16.43,2.69,0.0
20230509:0403,0.0,0.0,16.23,2.21,0.0
20230509:0503,38.64,7.71,16.3,1.72,0.0
20230509:0603,107.88,19.42,17.89,1.66,0.0
20230509:0703,101.44,29.93,19.79,3.24,0.0
20230509:0803,95.8,38.46,21.11,3.52,0.0
20230509:0903,256.81,43.88,22.39,3.72,0.0
20230509:1003,284.29,45.06,22.8,3.93,0.0
20230509:1103,255.2,41.68,22.9,4.07,0.0
20230509:1203,82.92,34.56,22.77,4.34,0.0
20230509:1303,152.16,24.94,22.02,4.14,0.0
20230509:1403,46.69,13.76,21.2,3.52,0.0
20230509:1503,0.81,1.63,20.23,2.69,0.0
20230509:1603,0.0,0.0,19.39,2.41,0.0
20230509:1703,0.0,0.0,18.9,2.34,0.0
20230509:1803,0.0,0.0,18.61,2.28,0.0
20230509:1903,0.0,0.0,18.62,2.0,0.0
20230509:2003,0.0,0.0,18.37,2.07,0.0
20230509:2103,0.0,0.0,18.13,2.07,0.0
20230509:2203,0.0,0.0,18.1,2.21,0.0
20230509:2303,0.0,0.0,18.05,2.34,0.0
20230510:0003,0.0,0.0,18.13,2.41,0.0
20230510:0103,0.0,0.0,18.13,2.48,0.0
20230510:0203,0.0,0.0,18.18,2.41,0.0
20230510:0303,0.0,0.0,18.17,2.28,0.0
20230510:0403,0.0,0.0,18.07,2.28,0.0
20230510:0503,21.74,7.58,18.13,2.34,0.0
20230510:0603,80.51,19.27,18.96,1.93,0.0
20230510:0703,56.35,29.74,19.24,2.14,0.0
20230510:0803,236.69,38.24,20.02,2.83,0.0
20230510:0903,265.67,43.63,21.29,4.14,0.0
20230510:1003,264.06,44.8,22.07,4.34,0.0
20230510:1103,254.4,41.43,22.28,4.21,0.0
20230510:1203,133.64,34.34,22.23,4.28,0.0
20230510:1303,132.03,24.75,22.56,3.66,0.0
20230510:1403,76.48,13.6,22.11,3.17,0.0
20230510:1503,0.81,1.49,21.21,2.28,0.0
20230510:1603,0.0,0.0,20.12,2.07,0.0
20230510:1703,0.0,0.0,19.35,1.86,0.0
20230510:1803,0.0,0.0,18.87,1.66,0.0
20230510:1903,0.0,0.0,18.29,1.24,0.0
20230510:2003,0.0,0.0,17.4,1.24,0.0
20230510:2103,0.0,0.0,16.83,1.24,0.0
20230510:2203,0.0,0.0,16.49,1.17,0.0
20230510:2303,0.0,0.0,16.41,1.1,0.0
20230511:0003,0.0,0.0,16.41,1.03,0.0
20230511:0103,0.0,0.0,15.81,1.17,0.0
20230511:0203,0.0,0.0,15.51,1.17,0.0
20230511:0303,0.0,0.0,15.3,1.17,0.0
20230511:0403,0.0,0.0,15.06,1.17,0.0
20230511:0503,31.4,7.45,15.06,1.24,0.0
20230511:0603,55.55,19.11,18.22,1.17,0.0
20230511:0703,72.46,29.56,20.96,1.79,0.0
20230511:0803,81.31,38.02,22.98,2.62,0.0
20230511:0903,87.75,43.38,24.53,3.03,0.0
20230511:1003,99.83,44.54,25.73,3.17,0.0
20230511:1103,90.17,41.18,26.54,3.17,0.0
20230511:1203,85.34,34.13,27.0,3.03,0.0
20230511:1303,70.04,24.57,27.12,2.83,0.0
20230511:1403,52.33,13.44,26.63,2.34,0.0
20230511:1503,0.0,0.0,25.15,1.79,0.0
20230511:1603,0.0,0.0,23.53,1.79,0.0
20230511:1703,0.0,0.0,22.06,1.86,0.0
20230511:1803,0.0,0.0,20.76,2.0,0.0
20230511:1903,0.0,0.0,19.73,2.07,0.0
20230511:2003,0.0,0.0,18.85,1.86,0.0
20230511:2103,0.0,0.0,18.15,1.79,0.0
20230511:2203,0.0,0.0,17.82,1.52,0.0
20230511:2303,0.0,0.0,18.02,1.24,0.0
20230512:0003,0.0,0.0,18.79,0.9,0.0
20230512:0103,0.0,0.0,19.1,0.69,0.0
20230512:0203,0.0,0.0,18.76,0.76,0.0
20230512:0303,0.0,0.0,16.84,1.17,0.0
20230512:0403,0.0,0.0,15.83,1.45,0.0
20230512:0503,31.4,7.32,15.96,1.38,0.0
20230512:0603,114.32,18.96,19.32,1.52,0.0
20230512:0703,181.94,29.37,21.95,2.76,0.0
20230512:0803,235.08,37.8,23.73,3.1,0.0
20230512:0903,266.47,43.14,24.74,2.34,0.0
20230512:1003,267.28,44.29,25.35,2.0,0.0
20230512:1103,125.59,40.95,25.51,2.34,0.0
20230512:1203,212.54,33.92,25.45,2.62,0.0
20230512:1303,136.06,24.39,25.21,2.76,0.0
20230512:1403,56.35,13.29,24.53,2.9,0.0
20230512:1503,0.0,0.0,23.37,2.48,0.0
20230512:1603,0.0,0.0,22.19,2.21,0.0
20230512:1703,0.0,0.0,21.38,2.14,0.0
20230512:1803,0.0,0.0,20.53,2.21,0.0
20230512:1903,0.0,0.0,20.22,2.41,0.0
20230512:2003,0.0,0.0,19.69,2.41,0.0
20230512:2103,0.0,0.0,19.28,2.41,0.0
20230512:2203,0.0,0.0,19.3,2.48,0.0
20230512:2303,0.0,0.0,18.86,2.34,0.0
20230513:0003,0.0,0.0,18.7,2.28,0.0
20230513:0103,0.0,0.0,18.82,2.21,0.0
20230513:0203,0.0,0.0,18.65,2.07,0.0
20230513:0303,0.0,0.0,18.5,2.0,0.0
20230513:0403,0.0,0.0,18.09,1.93,0.0
20230513:0503,33.01,7.19,18.1,1.72,0.0
20230513:0603,68.43,18.81,19.67,1.72,0.0
20230513:0703,82.92,29.19,21.44,1.86,0.0
20230513:0803,93.39,37.58,23.1,2.0,0.0
20230513:0903,114.32,42.9,24.12,1.72,0.0
20230513:1003,254.4,44.04,24.95,1.24,0.0
20230513:1103,243.13,40.72,25.25,0.97,0.0
20230513:1203,206.1,33.72,25.64,0.62,0.0
20230513:1303,136.06,24.22,25.45,1.24,0.0
20230513:1403,72.46,13.15,24.9,2.0,0.0
20230513:1503,0.0,0.0,23.79,2.21,0.0
20230513:1603,0.0,0.0,22.39,2.07,0.0
20230513:1703,0.0,0.0,21.25,1.93,0.0
20230513:1803,0.0,0.0,20.56,1.86,0.0
20230513:1903,0.0,0.0,19.52,1.31,0.0
20230513:2003,0.0,0.0,18.68,1.1,0.0
20230513:2103,0.0,0.0,18.61,0.9,0.0
20230513:2203,0.0,0.0,18.06,1.03,0.0
20230513:2303,0.0,0.0,17.75,1.03,0.0
20230514:0003,0.0,0.0,17.98,0.9,0.0
20230514:0103,0.0,0.0,18.05,0.76,0.0
20230514:0203,0.0,0.0,17.86,0.76,0.0
20230514:0303,0.0,0.0,16.98,1.03,0.0
20230514:0403,0.0,0.0,17.0,0.97,0.0
20230514:0503,36.23,7.06,17.23,0.9,0.0
20230514:0603,42.67,18.66,19.29,0.69,0.0
20230514:0703,83.73,29.01,21.49,1.45,0.0
20230514:0803,200.46,37.37,22.62,2.0,0.0
20230514:0903,214.15,42.66,23.54,2.41,0.0
20230514:1003,95.8,43.79,24.28,2.62,0.0
20230514:1103,116.73,40.49,24.99,3.03,0.0
20230514:1203,161.82,33.52,24.87,2.76,0.0
20230514:1303,144.91,24.05,24.71,2.48,0.0
20230514:1403,28.98,13.0,24.32,1.86,0.0
20230514:1503,0.0,0.0,23.4,1.31,0.0
20230514:1603,0.0,0.0,22.39,0.9,0.0
20230514:1703,0.0,0.0,20.9,1.59,0.0
20230514:1803,0.0,0.0,19.49,2.14,0.0
20230514:1903,0.0,0.0,19.15,2.41,0.0
20230514:2003,0.0,0.0,18.93,2.28,0.0
20230514:2103,0.0,0.0,18.6,2.34,0.0
20230514:2203,0.0,0.0,18.37,1.86,0.0
20230514:2303,0.0,0.0,18.19,1.45,0.0
20230515:0003,0.0,0.0,17.73,1.24,0.0
20230515:0103,0.0,0.0,17.44,1.38,0.0
20230515:0203,0.0,0.0,17.6,2.28,0.0
20230515:0303,0.0,0.0,17.91,3.24,0.0
20230515:0403,0.0,0.0,18.21,3.59,0.0
20230515:0503,35.42,6.93,18.51,3.52,0.0
20230515:0603,106.27,18.51,18.79,3.72,0.0
20230515:0703,64.4,28.83,19.23,4.69,0.0
20230515:0803,227.03,37.17,20.11,5.52,0.0
20230515:0903,259.23,42.43,20.9,6.0,0.0
20230515:1003,251.98,43.56,21.35,6.21,0.0
20230515:1103,218.17,40.27,20.8,5.1,0.0
20230515:1203,207.71,33.33,20.78,4.9,0.0
20230515:1303,130.42,23.89,20.58,4.62,0.0
20230515:1403,68.43,12.87,19.82,3.86,0.0
20230515:1503,0.0,0.0,18.95,3.59,0.0
20230515:1603,0.0,0.0,18.17,3.59,0.0
20230515:1703,0.0,0.0,17.49,3.45,0.0
20230515:1803,0.0,0.0,16.82,2.97,0.0
20230515:1903,0.0,0.0,17.02,2.76,0.0
20230515:2003,0.0,0.0,16.59,2.76,0.0
20230515:2103,0.0,0.0,16.15,2.62,0.0
20230515:2203,0.0,0.0,15.91,2.48,0.0
20230515:2303,0.0,0.0,15.79,2.28,0.0
20230516:0003,0.0,0.0,15.27,1.93,0.0
20230516:0103,0.0,0.0,14.37,1.59,0.0
20230516:0203,0.0,0.0,13.97,1.38,0.0
20230516:0303,0.0,0.0,14.01,1.24,0.0
20230516:0403,0.0,0.0,13.72,1.31,0.0
20230516:0503,28.18,6.81,13.51,1.31,0.0
20230516:0603,57.96,18.36,16.29,0.97,0.0
20230516:0703,75.68,28.66,18.79,1.03,0.0
20230516:0803,83.73,36.96,20.04,0.9,0.0
20230516:0903,90.17,42.2,21.33,0.14,0.0
20230516:1003,129.61,43.32,22.27,0.76,0.0
20230516:1103,227.83,40.05,22.81,1.31,0.0
20230516:1203,175.5,33.14,22.85,1.79,0.0
20230516:1303,111.1,23.73,22.93,1.93,0.0
20230516:1403,49.91,12.73,22.64,2.21,0.0
20230516:1503,0.0,0.0,21.22,2.21,0.0
20230516:1603,0.0,0.0,19.95,1.72,0.0
20230516:1703,0.0,0.0,18.83,1.66,0.0
20230516:1803,0.0,0.0,17.77,1.79,0.0
20230516:1903,0.0,0.0,16.91,2.0,0.0
20230516:2003,0.0,0.0,16.3,2.14,0.0
20230516:2103,0.0,0.0,15.98,2.21,0.0
20230516:2203,0.0,0.0,15.8,2.21,0.0
20230516:2303,0.0,0.0,15.6,2.21,0.0
20230517:0003,0.0,0.0,15.32,2.14,0.0
20230517:0103,0.0,0.0,14.97,2.07,0.0
20230517:0203,0.0,0.0,14.58,2.07,0.0
20230517:0303,0.0,0.0,14.1,1.93,0.0
20230517:0403,0.0,0.0,13.58,1.86,0.0
20230517:0503,31.4,6.68,13.31,1.79,0.0
20230517:0603,61.18,18.21,16.08,1.72,0.0
20230517:0703,78.09,28.49,18.94,1.86,0.0
20230517:0803,84.53,36.76,21.79,1.86,0.0
20230517:0903,88.56,41.98,23.92,2.0,0.0
20230517:1003,82.12,43.1,25.37,1.52,0.0
20230517:1103,81.31,39.84,26.24,0.97,0.0
20230517:1203,78.09,32.96,26.67,0.76,0.0
20230517:1303,67.63,23.58,26.67,0.9,0.0
20230517:1403,49.91,12.61,26.11,1.03,0.0
20230517:1503,0.0,0.0,24.57,1.59,0.0
20230517:1603,0.0,0.0,21.98,1.24,0.0
20230517:1703,0.0,0.0,21.82,0.69,0.0
20230517:1803,0.0,0.0,20.98,0.21,0.0
20230517:1903,0.0,0.0,20.35,0.55,0.0
20230517:2003,0.0,0.0,18.83,1.1,0.0
20230517:2103,0.0,0.0,18.32,1.1,0.0
20230517:2203,0.0,0.0,17.92,1.03,0.0
20230517:2303,0.0,0.0,17.69,1.03,0.0
20230518:0003,0.0,0.0,17.77,0.9,0.0
20230518:0103,0.0,0.0,16.56,1.24,0.0
20230518:0203,0.0,0.0,15.71,1.45,0.0
20230518:0303,0.0,0.0,15.28,1.38,0.0
20230518:0403,0.0,0.0,14.62,1.52,0.0
20230518:0503,33.01,6.56,14.25,1.59,0.0
20230518:0603,54.74,18.06,17.53,1.38,0.0
20230518:0703,128.81,28.31,20.6,1.79,0.0
20230518:0803,222.2,36.56,22.34,1.93,0.0
20230518:0903,98.22,41.76,23.56,1.52,0.0
20230518:1003,100.63,42.88,24.49,1.17,0.0
20230518:1103,100.63,39.64,25.01,1.03,0.0
20230518:1203,187.58,32.79,25.34,1.24,0.0
20230518:1303,123.17,23.43,25.2,1.31,0.0
20230518:1403,47.5,12.48,24.53,1.52,0.0
20230518:1503,0.0,0.0,23.52,2.0,0.0
20230518:1603,0.0,0.0,21.9,2.34,0.0
20230518:1703,0.0,0.0,20.64,2.62,0.0
20230518:1803,0.0,0.0,19.58,2.9,0.0
20230518:1903,0.0,0.0,19.65,2.69,0.0
20230518:2003,0.0,0.0,19.17,2.83,0.0
20230518:2103,0.0,0.0,18.76,3.03,0.0
20230518:2203,0.0,0.0,18.49,3.17,0.0
20230518:2303,0.0,0.0,18.03,3.03,0.0
20230519:0003,0.0,0.0,17.56,2.83,0.0
20230519:0103,0.0,0.0,17.43,3.03,0.0
20230519:0203,0.0,0.0,17.51,3.31,0.0
20230519:0303,0.0,0.0,17.49,3.66,0.0
20230519:0403,0.0,0.0,17.47,3.86,0.0
20230519:0503,32.2,6.43,17.23,3.59,0.0
20230519:0603,99.83,17.92,17.7,4.14,0.0
20230519:0703,65.21,28.15,18.43,4.9,0.0
20230519:0803,222.2,36.37,19.36,4.97,0.0
20230519:0903,162.62,41.55,19.49,4.55,0.0
20230519:1003,261.64,42.66,19.3,4.07,0.0
20230519:1103,123.17,39.44,19.0,4.0,0.0
20230519:1203,186.77,32.62,18.7,3.86,0.0
20230519:1303,119.95,23.29,18.44,4.14,0.0
20230519:1403,16.91,12.37,16.93,4.76,0.0
20230519:1503,0.0,0.0,15.8,4.07,0.0
20230519:1603,0.0,0.0,15.21,3.72,0.0
20230519:1703,0.0,0.0,14.88,3.66,0.0
20230519:1803,0.0,0.0,14.62,3.59,0.0
20230519:1903,0.0,0.0,14.97,3.1,0.0
20230519:2003,0.0,0.0,14.89,2.83,0.0
20230519:2103,0.0,0.0,14.49,2.48,0.0
20230519:2203,0.0,0.0,14.13,2.14,0.0
20230519:2303,0.0,0.0,13.57,1.93,0.0
20230520:0003,0.0,0.0,12.89,1.72,0.0
20230520:0103,0.0,0.0,12.08,1.59,0.0
20230520:0203,0.0,0.0,11.8,1.45,0.0
20230520:0303,0.0,0.0,11.33,1.38,0.0
20230520:0403,0.0,0.0,10.79,1.45,0.0
20230520:0503,27.37,6.31,10.61,1.38,0.0
20230520:0603,57.16,17.78,13.39,0.97,0.0
20230520:0703,74.87,27.98,17.1,0.97,0.0
20230520:0803,81.31,36.18,19.35,1.1,0.0
20230520:0903,85.34,41.34,20.61,0.83,0.0
20230520:1003,85.34,42.45,21.48,0.28,0.0
20230520:1103,82.92,39.25,22.06,0.41,0.0
20230520:1203,77.29,32.45,22.33,0.9,0.0
20230520:1303,68.43,23.15,22.22,1.17,0.0
20230520:1403,46.69,12.25,21.75,1.52,0.0
20230520:1503,0.0,0.0,20.28,1.72,0.0
20230520:1603,0.0,0.0,18.62,1.59,0.0
20230520:1703,0.0,0.0,16.85,1.24,0.0
20230520:1803,0.0,0.0,16.62,0.97,0.0
20230520:1903,0.0,0.0,16.84,0.9,0.0
20230520:2003,0.0,0.0,16.37,0.9,0.0
20230520:2103,0.0,0.0,15.47,1.1,0.0
20230520:2203,0.0,0.0,14.85,1.24,0.0
20230520:2303,0.0,0.0,14.0,1.52,0.0
20230521:0003,0.0,0.0,13.27,1.72,0.0
20230521:0103,0.0,0.0,12.79,1.86,0.0
20230521:0203,0.0,0.0,12.49,1.86,0.0
20230521:0303,0.0,0.0,12.08,1.93,0.0
20230521:0403,0.0,0.0,11.62,2.0,0.0
20230521:0503,31.4,6.19,11.46,1.93,0.0
20230521:0603,58.77,17.64,14.85,1.66,0.0
20230521:0703,76.48,27.82,18.23,2.34,0.0
20230521:0803,83.73,35.99,20.48,2.9,0.0
20230521:0903,87.75,41.14,22.34,3.1,0.0
20230521:1003,87.75,42.25,23.75,3.03,0.0
20230521:1103,79.7,39.06,24.82,2.9,0.0
20230521:1203,77.29,32.29,25.49,2.48,0.0
20230521:1303,66.01,23.02,25.78,1.72,0.0
20230521:1403,47.5,12.15,25.37,0.41,0.0
20230521:1503,0.0,0.0,23.47,1.03,0.0
20230521:1603,0.0,0.0,21.86,0.83,0.0
20230521:1703,0.0,0.0,19.18,1.31,0.0
20230521:1803,0.0,0.0,16.69,1.86,0.0
20230521:1903,0.0,0.0,15.46,2.28,0.0
20230521:2003,0.0,0.0,14.78,2.48,0.0
20230521:2103,0.0,0.0,15.23,3.31,0.0
20230521:2203,0.0,0.0,16.61,4.62,0.0
20230521:2303,0.0,0.0,16.82,4.48,0.0
20230522:0003,0.0,0.0,16.57,4.41,0.0
20230522:0103,0.0,0.0,16.5,4.48,0.0
20230522:0203,0.0,0.0,16.3,4.28,0.0
20230522:0303,0.0,0.0,15.96,4.0,0.0
20230522:0403,0.0,0.0,15.68,3.72,0.0
20230522:0503,27.37,6.07,15.64,3.66,0.0
20230522:0603,58.77,17.5,16.42,3.03,0.0
20230522:0703,79.7,27.66,17.77,4.28,0.0
20230522:0803,86.95,35.81,19.05,4.83,0.0
20230522:0903,90.97,40.94,19.73,4.55,0.0
20230522:1003,236.69,42.05,20.64,4.55,0.0
20230522:1103,181.94,38.88,20.87,4.34,0.0
20230522:1203,169.87,32.14,20.78,4.07,0.0
20230522:1303,78.9,22.89,20.49,3.79,0.0
20230522:1403,61.99,12.04,19.6,3.17,0.0
20230522:1503,0.0,0.0,18.38,2.76,0.0
20230522:1603,0.0,0.0,17.11,2.62,0.0
20230522:1703,0.0,0.0,15.98,2.62,0.0
20230522:1803,0.0,0.0,15.31,2.07,0.0
20230522:1903,0.0,0.0,14.68,1.59,0.0
20230522:2003,0.0,0.0,13.65,1.52,0.0
20230522:2103,0.0,0.0,13.17,1.38,0.0
20230522:2203,0.0,0.0,12.84,1.31,0.0
20230522:2303,0.0,0.0,12.91,1.17,0.0
20230523:0003,0.0,0.0,12.65,1.24,0.0
20230523:0103,0.0,0.0,12.79,1.17,0.0
20230523:0203,0.0,0.0,12.65,1.17,0.0
20230523:0303,0.0,0.0,12.75,1.1,0.0
20230523:0403,0.0,0.0,12.36,1.17,0.0
20230523:0503,27.37,5.95,12.42,1.17,0.0
20230523:0603,100.63,17.36,14.42,0.83,0.0
20230523:0703,170.67,27.5,16.87,1.17,0.0
20230523:0803,222.2,35.63,18.48,2.0,0.0
20230523:0903,194.82,40.75,19.69,3.03,0.0
20230523:1003,107.07,41.86,21.16,4.48,0.0
20230523:1103,86.95,38.71,21.52,4.28,0.0
20230523:1203,86.14,31.99,21.48,3.24,0.0
20230523:1303,74.07,22.77,22.04,3.59,0.0
20230523:1403,57.16,11.94,21.91,3.38,0.0
20230523:1503,0.0,0.0,20.46,2.48,0.0
20230523:1603,0.0,0.0,19.04,2.14,0.0
20230523:1703,0.0,0.0,17.89,2.07,0.0
20230523:1803,0.0,0.0,16.91,2.14,0.0
20230523:1903,0.0,0.0,16.28,2.07,0.0
20230523:2003,0.0,0.0,15.5,1.79,0.0
20230523:2103,0.0,0.0,14.88,1.72,0.0
20230523:2203,0.0,0.0,14.39,1.72,0.0
20230523:2303,0.0,0.0,14.13,1.59,0.0
20230524:0003,0.0,0.0,14.24,1.45,0.0
20230524:0103,0.0,0.0,14.46,1.24,0.0
20230524:0203,0.0,0.0,14.84,1.03,0.0
20230524:0303,0.0,0.0,14.84,0.55,0.0
20230524:0403,0.0,0.0,14.27,0.21,0.0
20230524:0503,28.18,5.83,13.97,0.21,0.0
20230524:0603,81.31,17.23,14.69,0.41,0.0
20230524:0703,87.75,27.35,18.0,0.55,0.0
20230524:0803,86.95,35.46,20.09,1.03,0.0
20230524:0903,87.75,40.56,21.79,1.1,0.0
20230524:1003,91.78,41.67,23.17,0.9,0.0
20230524:1103,86.14,38.54,24.19,0.55,0.0
20230524:1203,82.92,31.85,24.73,0.62,0.0
20230524:1303,67.63,22.66,24.85,0.97,0.0
20230524:1403,49.11,11.85,24.37,1.38,0.0
20230524:1503,0.0,0.0,22.92,1.45,0.0
20230524:1603,0.0,0.0,21.05,1.24,0.0
20230524:1703,0.0,0.0,19.45,1.1,0.0
20230524:1803,0.0,0.0,18.5,1.24,0.0
20230524:1903,0.0,0.0,16.61,2.0,0.0
20230524:2003,0.0,0.0,15.94,2.14,0.0
20230524:2103,0.0,0.0,15.62,2.21,0.0
20230524:2203,0.0,0.0,15.55,2.21,0.0
20230524:2303,0.0,0.0,15.6,2.21,0.0
20230525:0003,0.0,0.0,15.7,2.28,0.0
20230525:0103,0.0,0.0,15.8,2.34,0.0
20230525:0203,0.0,0.0,15.88,2.41,0.0
20230525:0303,0.0,0.0,15.87,2.48,0.0
20230525:0403,0.0,0.0,15.75,2.55,0.0
20230525:0503,26.57,5.72,15.7,2.55,0.0
20230525:0603,96.61,17.1,17.35,2.48,0.0
20230525:0703,157.79,27.2,19.72,3.59,0.0
20230525:0803,208.51,35.29,21.86,4.28,0.0
20230525:0903,87.75,40.38,23.85,4.69,0.0
20230525:1003,89.36,41.49,25.46,4.97,0.0
20230525:1103,83.73,38.38,26.62,5.24,0.0
20230525:1203,82.92,31.71,27.31,5.24,0.0
20230525:1303,71.65,22.55,27.4,5.17,0.0
20230525:1403,49.11,11.76,26.78,4.34,0.0
20230525:1503,0.0,0.0,25.13,3.79,0.0
20230525:1603,0.0,0.0,23.54,3.59,0.0
20230525:1703,0.0,0.0,22.43,3.66,0.0
20230525:1803,0.0,0.0,21.71,3.79,0.0
20230525:1903,0.0,0.0,21.79,4.34,0.0
20230525:2003,0.0,0.0,21.56,4.41,0.0
20230525:2103,0.0,0.0,21.28,4.41,0.0
20230525:2203,0.0,0.0,21.01,4.41,0.0
20230525:2303,0.0,0.0,20.72,4.34,0.0
20230526:0003,0.0,0.0,20.44,4.21,0.0
20230526:0103,0.0,0.0,20.13,4.0,0.0
20230526:0203,0.0,0.0,19.79,3.86,0.0
20230526:0303,0.0,0.0,19.38,3.52,0.0
20230526:0403,0.0,0.0,18.82,3.03,0.0
20230526:0503,26.57,5.61,18.3,2.48,0.0
20230526:0603,57.16,16.97,19.91,2.28,0.0
20230526:0703,88.56,27.05,22.45,2.55,0.0
20230526:0803,98.22,35.13,24.69,1.31,0.0
20230526:0903,91.78,40.2,26.34,2.21,0.0
20230526:1003,92.58,41.32,27.01,4.28,0.0
20230526:1103,228.64,38.22,25.81,5.59,0.0
20230526:1203,192.41,31.58,24.07,6.07,0.0
20230526:1303,123.17,22.44,22.74,5.59,0.0
20230526:1403,61.18,11.68,21.7,4.55,0.0
20230526:1503,0.0,0.0,20.61,4.41,0.0
20230526:1603,0.0,0.0,19.36,3.79,0.0
20230526:1703,0.0,0.0,18.44,3.24,0.0
20230526:1803,0.0,0.0,17.93,2.97,0.0
20230526:1903,0.0,0.0,17.91,2.55,0.0
20230526:2003,0.0,0.0,17.51,2.21,0.0
20230526:2103,0.0,0.0,17.37,2.0,0.0
20230526:2203,0.0,0.0,17.32,1.86,0.0
20230526:2303,0.0,0.0,17.18,1.72,0.0
20230527:0003,0.0,0.0,17.44,1.66,0.0
20230527:0103,0.0,0.0,17.52,1.66,0.0
20230527:0203,0.0,0.0,17.49,1.59,0.0
20230527:0303,0.0,0.0,17.27,1.52,0.0
20230527:0403,0.0,0.0,17.3,1.38,0.0
20230527:0503,27.37,5.49,17.23,1.17,0.0
20230527:0603,81.31,16.84,17.85,1.03,0.0
20230527:0703,82.12,26.9,18.39,0.97,0.0
20230527:0803,90.17,34.96,19.02,0.55,0.0
20230527:0903,108.68,40.03,19.76,0.97,0.0
20230527:1003,174.7,41.15,20.35,0.76,0.0
20230527:1103,129.61,38.07,20.53,0.34,0.0
20230527:1203,84.53,31.46,20.65,0.41,0.0
20230527:1303,87.75,22.34,20.86,0.9,0.0
20230527:1403,51.52,11.6,20.42,1.1,0.0
20230527:1503,0.0,0.0,19.79,1.03,0.0
20230527:1603,0.0,0.0,19.07,0.83,0.0
20230527:1703,0.0,0.0,18.19,0.97,0.0
20230527:1803,0.0,0.0,17.52,1.31,0.0
20230527:1903,0.0,0.0,17.55,1.38,0.0
20230527:2003,0.0,0.0,17.33,1.66,0.0
20230527:2103,0.0,0.0,17.29,1.79,0.0
20230527:2203,0.0,0.0,17.16,1.86,0.0
20230527:2303,0.0,0.0,17.09,1.86,0.0
20230528:0003,0.0,0.0,16.87,2.0,0.0
20230528:0103,0.0,0.0,16.65,2.07,0.0
20230528:0203,0.0,0.0,16.58,2.21,0.0
20230528:0303,0.0,0.0,16.51,2.21,0.0
20230528:0403,0.0,0.0,16.41,2.28,0.0
20230528:0503,24.15,5.38,16.3,2.34,0.0
20230528:0603,98.22,16.71,18.21,2.28,0.0
20230528:0703,111.9,26.76,20.74,3.31,0.0
20230528:0803,98.22,34.81,22.74,4.34,0.0
20230528:0903,100.63,39.86,24.24,4.62,0.0
20230528:1003,96.61,40.99,25.48,4.41,0.0
20230528:1103,98.22,37.93,26.4,4.21,0.0
20230528:1203,81.31,31.34,26.87,4.07,0.0
20230528:1303,70.04,22.25,26.9,4.0,0.0
20230528:1403,47.5,11.52,26.27,3.31,0.0
20230528:1503,0.0,0.0,24.45,2.69,0.0
20230528:1603,0.0,0.0,22.62,2.41,0.0
20230528:1703,0.0,0.0,21.3,2.41,0.0
20230528:1803,0.0,0.0,20.16,2.48,0.0
20230528:1903,0.0,0.0,19.38,2.55,0.0
20230528:2003,0.0,0.0,18.63,2.55,0.0
20230528:2103,0.0,0.0,18.0,2.48,0.0
20230528:2203,0.0,0.0,17.49,2.41,0.0
20230528:2303,0.0,0.0,17.0,2.34,0.0
20230529:0003,0.0,0.0,16.51,2.41,0.0
20230529:0103,0.0,0.0,16.04,2.41,0.0
20230529:0203,0.0,0.0,15.59,2.34,0.0
20230529:0303,0.0,0.0,15.11,2.28,0.0
20230529:0403,0.0,0.0,14.63,2.14,0.0
20230529:0503,25.76,5.27,14.44,2.07,0.0
20230529:0603,64.4,16.59,16.75,1.79,0.0
20230529:0703,80.51,26.63,20.1,0.97,0.0
20230529:0803,101.44,34.66,22.42,0.83,0.0
20230529:0903,118.34,39.7,24.03,1.03,0.0
20230529:1003,171.48,40.84,25.37,1.66,0.0
20230529:1103,223.0,37.79,26.32,2.28,0.0
20230529:1203,178.72,31.23,26.46,2.76,0.0
20230529:1303,100.63,22.16,25.58,3.17,0.0
20230529:1403,61.99,11.46,24.32,3.03,0.0
20230529:1503,0.0,0.0,22.89,2.48,0.0
20230529:1603,0.0,0.0,21.92,2.0,0.0
20230529:1703,0.0,0.0,21.26,1.93,0.0
20230529:1803,0.0,0.0,20.88,1.79,0.0
20230529:1903,0.0,0.0,20.55,1.79,0.0
20230529:2003,0.0,0.0,20.22,1.59,0.0
20230529:2103,0.0,0.0,19.93,1.38,0.0
20230529:2203,0.0,0.0,19.3,1.17,0.0
20230529:2303,0.0,0.0,18.85,0.9,0.0
20230530:0003,0.0,0.0,18.61,0.97,0.0
20230530:0103,0.0,0.0,18.61,0.83,0.0
20230530:0203,0.0,0.0,18.64,0.76,0.0
20230530:0303,0.0,0.0,18.68,0.62,0.0
20230530:0403,0.0,0.0,18.77,0.55,0.0
20230530:0503,24.96,5.17,18.49,0.69,0.0
20230530:0603,96.61,16.47,19.51,0.69,0.0
20230530:0703,160.21,26.49,21.22,1.17,0.0
20230530:0803,181.14,34.51,22.97,2.34,0.0
20230530:0903,203.68,39.55,24.36,2.83,0.0
20230530:1003,243.13,40.69,25.13,3.1,0.0
20230530:1103,193.21,37.66,26.09,3.59,0.0
20230530:1203,162.62,31.12,26.19,3.79,0.0
20230530:1303,91.78,22.07,26.06,3.66,0.0
20230530:1403,62.79,11.39,25.52,2.97,0.0
20230530:1503,0.0,0.0,24.34,2.76,0.0
20230530:1603,0.0,0.0,22.73,2.55,0.0
20230530:1703,0.0,0.0,21.58,2.55,0.0
20230530:1803,0.0,0.0,20.72,2.48,0.0
20230530:1903,0.0,0.0,20.39,2.69,0.0
20230530:2003,0.0,0.0,19.95,2.69,0.0
20230530:2103,0.0,0.0,19.53,2.69,0.0
20230530:2203,0.0,0.0,19.31,2.76,0.0
20230530:2303,0.0,0.0,19.3,2.76,0.0
20230531:0003,0.0,0.0,19.38,2.9,0.0
20230531:0103,0.0,0.0,19.54,2.97,0.0
20230531:0203,0.0,0.0,19.73,3.24,0.0
20230531:0303,0.0,0.0,19.57,3.17,0.0
20230531:0403,0.0,0.0,19.38,2.97,0.0
20230531:0503,4.03,5.06,19.07,2.62,0.0
20230531:0603,70.04,16.36,19.92,2.55,0.0
20230531:0703,90.17,26.36,20.52,2.83,0.0
20230531:0803,90.17,34.37,21.63,3.24,0.0
20230531:0903,175.5,39.4,22.6,3.72,0.0
20230531:1003,180.33,40.54,24.25,4.9,0.0
20230531:1103,173.89,37.54,25.71,5.24,0.0
20230531:1203,156.18,31.02,26.27,5.1,0.0
20230531:1303,77.29,22.0,26.11,4.34,0.0
20230531:1403,56.35,11.33,25.68,3.79,0.0
20230531:1503,0.0,0.0,24.65,3.31,0.0
20230531:1603,0.0,0.0,23.56,2.9,0.0
20230531:1703,0.0,0.0,22.44,2.69,0.0
20230531:1803,0.0,0.0,21.36,2.83,0.0
20230531:1903,0.0,0.0,21.04,2.07,0.0
20230531:2003,0.0,0.0,20.24,1.86,0.0
20230531:2103,0.0,0.0,19.44,1.38,0.0
20230531:2203,0.0,0.0,18.63,1.17,0.0
20230531:2303,0.0,0.0,17.43,1.52,0.0
20230601:0003,0.0,0.0,16.97,1.03,0.0
20230601:0103,0.0,0.0,16.72,1.17,0.0
20230601:0203,0.0,0.0,16.87,1.03,0.0
20230601:0303,0.0,0.0,16.6,0.97,0.0
20230601:0403,0.0,0.0,15.6,1.03,0.0
20230601:0503,23.35,4.96,15.52,1.03,0.0
20230601:0603,59.57,16.24,16.95,1.17,0.0
20230601:0703,78.09,26.23,18.01,2.34,0.0
20230601:0803,82.92,34.23,19.24,2.14,0.0
20230601:0903,84.53,39.26,20.6,1.38,0.0
20230601:1003,85.34,40.41,21.61,0.9,0.0
20230601:1103,82.92,37.42,22.37,0.9,0.0
20230601:1203,77.29,30.93,22.66,1.03,0.0
20230601:1303,66.82,21.92,22.52,1.24,0.0
20230601:1403,45.08,11.28,21.89,2.14,0.0
20230601:1503,0.0,0.0,20.16,2.62,0.0
20230601:1603,0.0,0.0,18.61,2.41,0.0
20230601:1703,0.0,0.0,17.64,1.66,0.0
20230601:1803,0.0,0.0,16.88,1.66,0.0
20230601:1903,0.0,0.0,16.48,1.24,0.0
20230601:2003,0.0,0.0,16.05,1.31,0.0
20230601:2103,0.0,0.0,15.71,1.31,0.0
20230601:2203,0.0,0.0,15.28,1.17,0.0
20230601:2303,0.0,0.0,14.82,1.17,0.0
20230602:0003,0.0,0.0,14.4,1.17,0.0
20230602:0103,0.0,0.0,14.09,1.24,0.0
20230602:0203,0.0,0.0,13.68,1.31,0.0
20230602:0303,0.0,0.0,13.29,1.38,0.0
20230602:0403,0.0,0.0,13.22,1.31,0.0
20230602:0503,21.74,4.86,13.18,1.31,0.0
20230602:0603,54.74,16.13,15.08,0.9,0.0
20230602:0703,71.65,26.11,18.43,1.24,0.0
20230602:0803,81.31,34.1,20.17,1.45,0.0
20230602:0903,89.36,39.12,21.53,1.38,0.0
20230602:1003,86.95,40.28,22.47,0.97,0.0
20230602:1103,83.73,37.31,23.12,0.62,0.0
20230602:1203,79.7,30.84,23.42,0.34,0.0
20230602:1303,65.21,21.86,23.4,0.0,0.0
20230602:1403,44.28,11.23,22.9,0.69,0.0
20230602:1503,0.0,0.0,21.45,1.38,0.0
20230602:1603,0.0,0.0,19.0,1.31,0.0
20230602:1703,0.0,0.0,17.49,0.97,0.0
20230602:1803,0.0,0.0,17.57,0.76,0.0
20230602:1903,0.0,0.0,16.88,0.9,0.0
20230602:2003,0.0,0.0,15.57,1.17,0.0
20230602:2103,0.0,0.0,14.24,1.59,0.0
20230602:2203,0.0,0.0,13.55,1.86,0.0
20230602:2303,0.0,0.0,13.1,2.07,0.0
20230603:0003,0.0,0.0,12.9,2.14,0.0
20230603:0103,0.0,0.0,12.74,2.28,0.0
20230603:0203,0.0,0.0,12.53,2.28,0.0
20230603:0303,0.0,0.0,12.11,2.21,0.0
20230603:0403,0.0,0.0,11.64,2.14,0.0
20230603:0503,22.54,4.76,11.27,2.07,0.0
20230603:0603,93.39,16.02,13.79,1.72,0.0
20230603:0703,92.58,25.99,17.79,2.0,0.0
20230603:0803,152.96,33.97,21.05,2.21,0.0
20230603:0903,82.12,38.99,23.82,2.34,0.0
20230603:1003,86.95,40.16,25.79,2.62,0.0
20230603:1103,100.63,37.2,27.04,2.69,0.0
20230603:1203,137.67,30.75,27.94,2.62,0.0
20230603:1303,110.29,21.79,28.05,2.41,0.0
20230603:1403,55.55,11.18,26.94,2.28,0.0
20230603:1503,0.0,0.0,25.03,2.62,0.0
20230603:1603,0.0,0.0,23.36,2.76,0.0
20230603:1703,0.0,0.0,22.42,2.9,0.0
20230603:1803,0.0,0.0,21.81,3.1,0.0
20230603:1903,0.0,0.0,21.07,2.97,0.0
20230603:2003,0.0,0.0,20.24,2.9,0.0
20230603:2103,0.0,0.0,19.15,2.69,0.0
20230603:2203,0.0,0.0,18.09,2.55,0.0
20230603:2303,0.0,0.0,17.04,2.34,0.0
20230604:0003,0.0,0.0,15.99,2.21,0.0
20230604:0103,0.0,0.0,15.09,2.14,0.0
20230604:0203,0.0,0.0,14.36,2.14,0.0
20230604:0303,0.0,0.0,13.87,1.86,0.0
20230604:0403,0.0,0.0,13.8,1.72,0.0
20230604:0503,21.74,4.67,14.78,2.48,0.0
20230604:0603,68.43,15.92,17.29,2.34,0.0
20230604:0703,65.21,25.88,19.8,2.9,0.0
20230604:0803,209.32,33.84,21.55,3.59,0.0
20230604:0903,157.79,38.87,22.73,3.38,0.0
20230604:1003,157.79,40.04,23.48,2.9,0.0
20230604:1103,139.28,37.11,23.8,2.69,0.0
20230604:1203,185.97,30.68,23.82,2.62,0.0
20230604:1303,104.66,21.74,23.42,2.62,0.0
20230604:1403,59.57,11.14,22.59,2.21,0.0
20230604:1503,0.0,0.0,21.13,1.79,0.0
20230604:1603,0.0,0.0,20.0,1.24,0.0
20230604:1703,0.0,0.0,19.32,0.55,0.0
20230604:1803,0.0,0.0,19.06,0.07,0.0
20230604:1903,0.0,0.0,18.54,0.55,0.0
20230604:2003,0.0,0.0,17.1,1.03,0.0
20230604:2103,0.0,0.0,15.95,1.17,0.0
20230604:2203,0.0,0.0,15.68,1.17,0.0
20230604:2303,0.0,0.0,15.38,1.17,0.0
20230605:0003,0.0,0.0,14.86,1.24,0.0
20230605:0103,0.0,0.0,14.33,1.24,0.0
20230605:0203,0.0,0.0,13.82,1.38,0.0
20230605:0303,0.0,0.0,13.33,1.52,0.0
20230605:0403,0.0,0.0,12.9,1.66,0.0
20230605:0503,21.74,4.57,12.64,1.72,0.0
20230605:0603,61.99,15.82,15.37,1.45,0.0
20230605:0703,82.92,25.77,19.2,1.45,0.0
20230605:0803,84.53,33.73,21.95,2.76,0.0
20230605:0903,86.95,38.75,23.12,4.07,0.0
20230605:1003,87.75,39.93,23.72,4.83,0.0
20230605:1103,100.63,37.01,23.81,5.38,0.0
20230605:1203,185.16,30.61,23.0,5.31,0.0
20230605:1303,88.56,21.68,22.1,4.76,0.0
20230605:1403,44.28,11.11,21.22,4.0,0.0
20230605:1503,0.0,0.0,19.99,3.66,0.0
20230605:1603,0.0,0.0,18.8,3.45,0.0
20230605:1703,0.0,0.0,17.8,3.17,0.0
20230605:1803,0.0,0.0,17.05,2.76,0.0
20230605:1903,0.0,0.0,16.35,2.14,0.0
20230605:2003,0.0,0.0,15.15,1.79,0.0
20230605:2103,0.0,0.0,14.07,1.72,0.0
20230605:2203,0.0,0.0,13.03,1.59,0.0
20230605:2303,0.0,0.0,12.62,1.52,0.0
20230606:0003,0.0,0.0,12.19,1.45,0.0
20230606:0103,0.0,0.0,11.84,1.45,0.0
20230606:0203,0.0,0.0,11.76,1.38,0.0
20230606:0303,0.0,0.0,11.7,1.38,0.0
20230606:0403,0.0,0.0,11.41,1.38,0.0
20230606:0503,3.22,4.48,11.47,1.31,0.0
20230606:0603,56.35,15.72,13.84,0.97,0.0
20230606:0703,0.0,0.0,17.8,1.17,0.0
20230606:0803,161.82,33.61,19.77,1.52,0.0
20230606:0903,211.73,38.63,20.91,2.07,0.0
20230606:1003,238.3,39.82,21.83,2.62,0.0
20230606:1103,228.64,36.93,22.42,3.24,0.0
20230606:1203,173.09,30.54,22.75,3.52,0.0
20230606:1303,75.68,21.64,22.76,3.59,0.0
20230606:1403,48.3,11.08,22.36,3.03,0.0
20230606:1503,0.0,0.0,20.87,2.41,0.0
20230606:1603,0.0,0.0,19.49,1.93,0.0
20230606:1703,0.0,0.0,18.42,2.0,0.0
20230606:1803,0.0,0.0,17.51,2.34,0.0
20230606:1903,0.0,0.0,16.95,2.69,0.0
20230606:2003,0.0,0.0,16.53,2.55,0.0
20230606:2103,0.0,0.0,16.18,2.48,0.0
20230606:2203,0.0,0.0,15.84,2.48,0.0
20230606:2303,0.0,0.0,15.53,2.34,0.0
20230607:0003,0.0,0.0,15.17,2.28,0.0
20230607:0103,0.0,0.0,14.77,2.21,0.0
20230607:0203,0.0,0.0,14.41,2.21,0.0
20230607:0303,0.0,0.0,14.15,2.28,0.0
20230607:0403,0.0,0.0,14.01,2.41,0.0
20230607:0503,20.13,4.4,13.98,2.41,0.0
20230607:0603,61.18,15.62,15.81,2.21,0.0
20230607:0703,78.9,25.56,19.13,2.55,0.0
20230607:0803,87.75,33.51,22.15,2.97,0.0
20230607:0903,93.39,38.53,24.59,3.24,0.0
20230607:1003,94.19,39.73,26.4,3.38,0.0
20230607:1103,87.75,36.85,27.63,3.52,0.0
20230607:1203,90.17,30.48,28.3,3.52,0.0
20230607:1303,70.85,21.6,28.37,3.38,0.0
20230607:1403,45.08,11.05,27.37,2.9,0.0
20230607:1503,0.0,0.0,25.14,2.83,0.0
20230607:1603,0.0,0.0,23.29,2.9,0.0
20230607:1703,0.0,0.0,22.1,2.9,0.0
20230607:1803,0.0,0.0,21.26,2.83,0.0
20230607:1903,0.0,0.0,20.96,2.9,0.0
20230607:2003,0.0,0.0,20.47,2.97,0.0
20230607:2103,0.0,0.0,19.92,2.9,0.0
20230607:2203,0.0,0.0,19.29,2.83,0.0
20230607:2303,0.0,0.0,18.67,2.83,0.0
20230608:0003,0.0,0.0,18.03,2.76,0.0
20230608:0103,0.0,0.0,17.43,2.69,0.0
20230608:0203,0.0,0.0,16.86,2.55,0.0
20230608:0303,0.0,0.0,16.4,2.55,0.0
20230608:0403,0.0,0.0,16.01,2.55,0.0
20230608:0503,20.13,4.31,15.74,2.48,0.0
20230608:0603,91.78,15.53,17.92,2.21,0.0
20230608:0703,114.32,25.46,22.29,2.21,0.0
20230608:0803,66.01,33.4,25.92,2.76,0.0
20230608:0903,237.49,38.43,28.47,3.38,0.0
20230608:1003,99.02,39.64,30.12,3.66,0.0
20230608:1103,84.53,36.78,31.34,3.86,0.0
20230608:1203,80.51,30.43,31.88,3.93,0.0
20230608:1303,67.63,21.56,31.64,3.66,0.0
20230608:1403,51.52,11.03,30.26,3.17,0.0
20230608:1503,0.0,0.0,28.14,3.1,0.0
20230608:1603,0.0,0.0,26.43,3.03,0.0
20230608:1703,0.0,0.0,25.13,1.79,0.0
20230608:1803,0.0,0.0,23.64,0.76,0.0
20230608:1903,0.0,0.0,21.76,2.9,0.0
20230608:2003,0.0,0.0,20.31,3.03,0.0
20230608:2103,0.0,0.0,19.04,2.76,0.0
20230608:2203,0.0,0.0,18.39,2.34,0.0
20230608:2303,0.0,0.0,18.01,2.28,0.0
20230609:0003,0.0,0.0,17.57,2.0,0.0
20230609:0103,0.0,0.0,17.13,2.0,0.0
20230609:0203,0.0,0.0,16.47,1.86,0.0
20230609:0303,0.0,0.0,15.79,1.86,0.0
20230609:0403,0.0,0.0,15.06,1.79,0.0
20230609:0503,19.32,4.23,14.59,1.72,0.0
20230609:0603,60.38,15.44,16.74,1.38,0.0
20230609:0703,78.09,25.37,19.99,2.0,0.0
20230609:0803,86.95,33.31,21.7,2.21,0.0
20230609:0903,92.58,38.33,22.94,2.0,0.0
20230609:1003,98.22,39.55,23.78,1.72,0.0
20230609:1103,83.73,36.71,24.39,1.59,0.0
20230609:1203,82.92,30.38,24.54,1.59,0.0
20230609:1303,70.04,21.53,24.4,1.93,0.0
20230609:1403,45.89,11.01,23.6,2.48,0.0
20230609:1503,0.0,0.0,21.79,2.28,0.0
20230609:1603,0.0,0.0,20.13,2.0,0.0
20230609:1703,0.0,0.0,19.05,1.86,0.0
20230609:1803,0.0,0.0,18.19,2.14,0.0
20230609:1903,0.0,0.0,17.76,2.14,0.0
20230609:2003,0.0,0.0,17.36,2.14,0.0
20230609:2103,0.0,0.0,17.15,2.0,0.0
20230609:2203,0.0,0.0,16.67,1.86,0.0
20230609:2303,0.0,0.0,16.38,1.72,0.0
20230610:0003,0.0,0.0,15.66,1.72,0.0
20230610:0103,0.0,0.0,14.87,1.72,0.0
20230610:0203,0.0,0.0,14.67,1.86,0.0
20230610:0303,0.0,0.0,14.34,2.0,0.0
20230610:0403,0.0,0.0,14.19,2.14,0.0
20230610:0503,18.52,4.15,14.06,2.14,0.0
20230610:0603,53.94,15.36,16.0,1.79,0.0
20230610:0703,74.87,25.28,18.68,3.17,0.0
20230610:0803,179.53,33.22,20.19,3.45,0.0
20230610:0903,231.05,38.24,21.02,2.9,0.0
20230610:1003,177.11,39.48,21.96,2.48,0.0
20230610:1103,221.39,36.65,22.48,2.21,0.0
20230610:1203,39.45,30.34,22.57,2.14,0.0
20230610:1303,77.29,21.51,22.27,2.14,0.0
20230610:1403,46.69,11.0,21.38,2.14,0.0
20230610:1503,0.0,0.0,20.4,2.41,0.0
20230610:1603,0.0,0.0,18.95,2.34,0.0
20230610:1703,0.0,0.0,17.66,2.0,0.0
20230610:1803,0.0,0.0,16.87,1.59,0.0
20230610:1903,0.0,0.0,15.67,1.38,0.0
20230610:2003,0.0,0.0,14.87,1.31,0.0
20230610:2103,0.0,0.0,14.23,1.38,0.0
20230610:2203,0.0,0.0,13.96,1.24,0.0
20230610:2303,0.0,0.0,13.98,1.1,0.0
20230611:0003,0.0,0.0,14.32,0.9,0.0
20230611:0103,0.0,0.0,14.61,0.83,0.0
20230611:0203,0.0,0.0,13.78,1.03,0.0
20230611:0303,0.0,0.0,13.53,1.17,0.0
20230611:0403,0.0,0.0,13.42,1.17,0.0
20230611:0503,18.52,4.07,13.06,1.38,0.0
20230611:0603,57.96,15.28,14.67,1.31,0.0
20230611:0703,74.87,25.19,18.4,2.41,0.0
20230611:0803,148.94,33.13,20.23,3.59,0.0
20230611:0903,199.65,38.16,21.59,3.59,0.0
20230611:1003,93.39,39.41,22.83,3.38,0.0
20230611:1103,86.95,36.6,23.81,3.24,0.0
20230611:1203,85.34,30.3,24.43,3.24,0.0
20230611:1303,70.85,21.49,24.56,3.1,0.0
20230611:1403,45.08,11.0,24.04,2.55,0.0
20230611:1503,0.0,0.0,22.23,2.14,0.0
20230611:1603,0.0,0.0,20.52,2.21,0.0
20230611:1703,0.0,0.0,19.17,2.28,0.0
20230611:1803,0.0,0.0,18.03,2.41,0.0
20230611:1903,0.0,0.0,17.2,2.34,0.0
20230611:2003,0.0,0.0,16.27,2.28,0.0
20230611:2103,0.0,0.0,15.5,2.28,0.0
20230611:2203,0.0,0.0,14.87,2.28,0.0
20230611:2303,0.0,0.0,14.28,2.28,0.0
20230612:0003,0.0,0.0,13.73,2.28,0.0
20230612:0103,0.0,0.0,13.15,2.34,0.0
20230612:0203,0.0,0.0,12.56,2.34,0.0
20230612:0303,0.0,0.0,11.98,2.34,0.0
20230612:0403,0.0,0.0,11.37,2.28,0.0
20230612:0503,18.52,4.0,10.77,2.07,0.0
20230612:0603,60.38,15.2,12.71,1.52,0.0
20230612:0703,82.92,25.11,17.1,1.66,0.0
20230612:0803,90.17,33.05,20.35,2.07,0.0
20230612:0903,0.0,0.0,23.28,2.34,0.0
20230612:1003,88.56,39.34,25.62,2.41,0.0
20230612:1103,83.73,36.55,27.26,2.41,0.0
20230612:1203,86.14,30.27,28.2,2.48,0.0
20230612:1303,61.99,21.47,28.44,2.62,0.0
20230612:1403,23.35,10.99,27.47,2.14,0.0
20230612:1503,0.0,0.0,25.16,2.21,0.0
20230612:1603,0.0,0.0,23.78,0.76,0.0
20230612:1703,0.0,0.0,21.31,1.86,0.0
20230612:1803,0.0,0.0,19.87,2.41,0.0
20230612:1903,0.0,0.0,19.16,1.59,0.0
20230612:2003,0.0,0.0,18.44,1.79,0.0
20230612:2103,0.0,0.0,17.3,2.07,0.0
20230612:2203,0.0,0.0,16.55,2.0,0.0
20230612:2303,0.0,0.0,16.08,2.28,0.0
20230613:0003,0.0,0.0,15.43,2.07,0.0
20230613:0103,0.0,0.0,14.59,1.79,0.0
20230613:0203,0.0,0.0,13.94,1.59,0.0
20230613:0303,0.0,0.0,13.48,1.52,0.0
20230613:0403,0.0,0.0,13.65,1.17,0.0
20230613:0503,17.71,3.93,13.21,1.1,0.0
20230613:0603,55.55,15.12,14.86,0.83,0.0
20230613:0703,72.46,25.04,18.41,0.9,0.0
20230613:0803,128.0,32.98,20.43,0.9,0.0
20230613:0903,145.72,38.02,21.84,1.38,0.0
20230613:1003,93.39,39.29,22.77,1.59,0.0
20230613:1103,86.14,36.51,23.23,1.45,0.0
20230613:1203,82.92,30.25,23.49,1.24,0.0
20230613:1303,66.01,21.46,23.44,1.1,0.0
20230613:1403,42.67,10.99,22.92,0.83,0.0
20230613:1503,0.0,0.0,21.72,1.24,0.0
20230613:1603,0.0,0.0,19.79,1.38,0.0
20230613:1703,0.0,0.0,17.62,1.31,0.0
20230613:1803,0.0,0.0,17.27,0.9,0.0
20230613:1903,0.0,0.0,15.12,1.52,0.0
20230613:2003,0.0,0.0,14.38,1.66,0.0
20230613:2103,0.0,0.0,13.84,1.86,0.0
20230613:2203,0.0,0.0,13.26,2.0,0.0
20230613:2303,0.0,0.0,12.65,2.14,0.0
20230614:0003,0.0,0.0,12.16,2.28,0.0
20230614:0103,0.0,0.0,11.68,2.28,0.0
20230614:0203,0.0,0.0,11.24,2.28,0.0
20230614:0303,0.0,0.0,11.14,2.48,0.0
20230614:0403,0.0,0.0,11.24,2.69,0.0
20230614:0503,17.71,3.86,11.57,2.76,0.0
20230614:0603,52.33,15.05,14.15,2.62,0.0
20230614:0703,71.65,24.97,18.36,2.83,0.0
20230614:0803,82.12,32.91,21.48,3.45,0.0
20230614:0903,87.75,37.96,23.7,3.72,0.0
20230614:1003,87.75,39.24,25.52,3.86,0.0
20230614:1103,85.34,36.47,27.16,4.0,0.0
20230614:1203,78.9,30.23,28.53,4.0,0.0
20230614:1303,67.63,21.46,29.21,3.66,0.0
20230614:1403,45.08,11.0,28.23,3.03,0.0
20230614:1503,0.0,0.0,25.48,3.17,0.0
20230614:1603,0.0,0.0,23.36,3.24,0.0
20230614:1703,0.0,0.0,22.13,3.31,0.0
20230614:1803,0.0,0.0,21.48,3.59,0.0
20230614:1903,0.0,0.0,21.46,4.41,0.0
20230614:2003,0.0,0.0,21.38,4.55,0.0
20230614:2103,0.0,0.0,20.92,4.07,0.0
20230614:2203,0.0,0.0,19.99,3.1,0.0
20230614:2303,0.0,0.0,18.35,2.34,0.0
20230615:0003,0.0,0.0,16.17,2.0,0.0
20230615:0103,0.0,0.0,14.59,2.0,0.0
20230615:0203,0.0,0.0,13.71,2.07,0.0
20230615:0303,0.0,0.0,13.03,2.14,0.0
20230615:0403,0.0,0.0,12.71,2.07,0.0
20230615:0503,16.91,3.79,12.99,1.79,0.0
20230615:0603,58.77,14.99,15.24,1.38,0.0
20230615:0703,79.7,24.9,18.77,1.31,0.0
20230615:0803,142.5,32.84,20.55,0.9,0.0
20230615:0903,169.06,37.9,21.71,1.03,0.0
20230615:1003,107.07,39.19,22.86,1.93,0.0
20230615:1103,99.02,36.45,24.19,2.55,0.0
20230615:1203,89.36,30.22,24.86,3.03,0.0
20230615:1303,76.48,21.46,25.27,3.31,0.0
20230615:1403,47.5,11.01,25.16,2.97,0.0
20230615:1503,0.0,0.0,23.31,2.55,0.0
20230615:1603,0.0,0.0,21.59,2.34,0.0
20230615:1703,0.0,0.0,20.35,2.41,0.0
20230615:1803,0.0,0.0,19.16,2.41,0.0
20230615:1903,0.0,0.0,18.15,2.62,0.0
20230615:2003,0.0,0.0,17.35,2.69,0.0
20230615:2103,0.0,0.0,16.55,2.55,0.0
20230615:2203,0.0,0.0,16.01,2.48,0.0
20230615:2303,0.0,0.0,15.36,2.34,0.0
20230616:0003,0.0,0.0,14.76,2.34,0.0
20230616:0103,0.0,0.0,14.98,3.1,0.0
20230616:0203,0.0,0.0,15.7,3.86,0.0
20230616:0303,0.0,0.0,16.12,3.86,0.0
20230616:0403,0.0,0.0,16.36,3.52,0.0
20230616:0503,16.1,3.73,16.68,3.24,0.0
20230616:0603,52.33,14.93,17.24,2.55,0.0
20230616:0703,74.87,24.84,18.67,4.07,0.0
20230616:0803,111.1,32.79,19.92,4.41,0.0
20230616:0903,235.88,37.85,20.94,4.14,0.0
20230616:1003,178.72,39.16,21.45,3.59,0.0
20230616:1103,199.65,36.43,21.97,3.1,0.0
20230616:1203,181.94,30.21,22.0,2.62,0.0
20230616:1303,113.51,21.47,21.91,2.21,0.0
20230616:1403,45.89,11.03,21.19,1.59,0.0
20230616:1503,0.0,0.0,20.32,1.24,0.0
20230616:1603,0.0,0.0,19.01,1.31,0.0
20230616:1703,0.0,0.0,17.43,1.38,0.0
20230616:1803,0.0,0.0,15.73,1.38,0.0
20230616:1903,0.0,0.0,16.23,0.97,0.0
20230616:2003,0.0,0.0,15.12,1.17,0.0
20230616:2103,0.0,0.0,13.55,1.59,0.0
20230616:2203,0.0,0.0,12.58,1.86,0.0
20230616:2303,0.0,0.0,12.24,2.0,0.0
20230617:0003,0.0,0.0,12.04,2.14,0.0
20230617:0103,0.0,0.0,11.97,2.28,0.0
20230617:0203,0.0,0.0,12.06,2.48,0.0
20230617:0303,0.0,0.0,12.23,2.62,0.0
20230617:0403,0.0,0.0,12.42,2.76,0.0
20230617:0503,16.1,3.67,12.65,2.83,0.0
20230617:0603,53.94,14.87,14.41,2.69,0.0
20230617:0703,75.68,24.78,17.32,3.52,0.0
20230617:0803,84.53,32.74,20.08,4.14,0.0
20230617:0903,86.95,37.81,22.43,4.41,0.0
20230617:1003,87.75,39.13,24.34,4.48,0.0
20230617:1103,94.19,36.41,25.71,4.48,0.0
20230617:1203,85.34,30.21,26.46,4.41,0.0
20230617:1303,71.65,21.48,26.6,4.34,0.0
20230617:1403,44.28,11.05,25.91,3.66,0.0
20230617:1503,0.0,0.0,23.83,3.24,0.0
20230617:1603,0.0,0.0,21.85,3.1,0.0
20230617:1703,0.0,0.0,20.51,3.03,0.0
20230617:1803,0.0,0.0,19.45,2.97,0.0
20230617:1903,0.0,0.0,18.56,2.76,0.0
20230617:2003,0.0,0.0,17.74,2.69,0.0
20230617:2103,0.0,0.0,17.0,2.62,0.0
20230617:2203,0.0,0.0,16.24,2.69,0.0
20230617:2303,0.0,0.0,15.46,2.62,0.0
20230618:0003,0.0,0.0,14.62,2.55,0.0
20230618:0103,0.0,0.0,13.72,2.41,0.0
20230618:0203,0.0,0.0,12.79,2.28,0.0
20230618:0303,0.0,0.0,11.84,2.21,0.0
20230618:0403,0.0,0.0,10.88,2.07,0.0
20230618:0503,16.1,3.62,10.04,1.93,0.0
20230618:0603,53.94,14.82,12.25,1.38,0.0
20230618:0703,75.68,24.73,17.34,1.31,0.0
20230618:0803,85.34,32.69,21.27,2.34,0.0
20230618:0903,95.8,37.77,23.02,3.86,0.0
20230618:1003,120.76,39.1,24.12,3.86,0.0
20230618:1103,161.01,36.4,24.35,3.66,0.0
20230618:1203,102.24,30.22,24.37,3.17,0.0
20230618:1303,86.95,21.49,24.04,2.76,0.0
20230618:1403,62.79,11.07,23.18,2.28,0.0
20230618:1503,0.0,0.0,21.56,1.79,0.0
20230618:1603,0.0,0.0,19.85,1.66,0.0
20230618:1703,0.0,0.0,18.2,1.17,0.0
20230618:1803,0.0,0.0,18.08,0.62,0.0
20230618:1903,0.0,0.0,17.75,0.28,0.0
20230618:2003,0.0,0.0,16.01,1.1,0.0
20230618:2103,0.0,0.0,14.45,1.52,0.0
20230618:2203,0.0,0.0,13.79,1.72,0.0
20230618:2303,0.0,0.0,13.48,1.93,0.0
20230619:0003,0.0,0.0,13.48,2.0,0.0
20230619:0103,0.0,0.0,13.33,2.14,0.0
20230619:0203,0.0,0.0,13.23,2.21,0.0
20230619:0303,0.0,0.0,13.36,2.28,0.0
20230619:0403,0.0,0.0,13.23,2.41,0.0
20230619:0503,15.3,3.57,13.15,2.41,0.0
20230619:0603,64.4,14.77,14.95,2.21,0.0
20230619:0703,83.73,24.69,18.17,2.9,0.0
20230619:0803,89.36,32.65,21.55,3.66,0.0
20230619:0903,95.8,37.74,24.33,4.14,0.0
20230619:1003,92.58,39.09,26.6,4.34,0.0
20230619:1103,89.36,36.4,28.28,4.34,0.0
20230619:1203,88.56,30.23,29.25,4.41,0.0
20230619:1303,69.24,21.51,29.44,4.41,0.0
20230619:1403,46.69,11.1,28.52,3.72,0.0
20230619:1503,0.0,0.0,26.26,3.59,0.0
20230619:1603,0.0,0.0,24.18,3.24,0.0
20230619:1703,0.0,0.0,22.74,3.1,0.0
20230619:1803,0.0,0.0,21.65,3.03,0.0
20230619:1903,0.0,0.0,21.1,3.03,0.0
20230619:2003,0.0,0.0,19.75,2.62,0.0
20230619:2103,0.0,0.0,17.9,2.21,0.0
20230619:2203,0.0,0.0,15.86,2.07,0.0
20230619:2303,0.0,0.0,14.56,2.21,0.0
20230620:0003,0.0,0.0,15.09,3.31,0.0
20230620:0103,0.0,0.0,15.35,3.38,0.0
20230620:0203,0.0,0.0,15.4,3.17,0.0
20230620:0303,0.0,0.0,15.31,2.76,0.0
20230620:0403,0.0,0.0,15.18,2.34,0.0
20230620:0503,15.3,3.52,14.74,2.0,0.0
20230620:0603,84.53,14.72,16.08,1.59,0.0
20230620:0703,152.16,24.65,18.52,2.34,0.0
20230620:0803,193.21,32.62,20.26,3.03,0.0
20230620:0903,204.49,37.72,20.93,2.41,0.0
20230620:1003,158.6,39.08,21.6,2.28,0.0
20230620:1103,159.4,36.41,21.76,2.69,0.0
20230620:1203,171.48,30.25,21.22,3.1,0.0
20230620:1303,96.61,21.54,20.74,3.38,0.0
20230620:1403,58.77,11.13,19.89,3.45,0.0
20230620:1503,0.0,0.0,19.1,3.1,0.0
20230620:1603,0.0,0.0,18.47,2.9,0.0
20230620:1703,0.0,0.0,18.18,2.62,0.0
20230620:1803,0.0,0.0,17.78,2.21,0.0
20230620:1903,0.0,0.0,17.94,1.52,0.0
20230620:2003,0.0,0.0,17.83,0.97,0.0
20230620:2103,0.0,0.0,17.56,0.69,0.0
20230620:2203,0.0,0.0,17.24,0.76,0.0
20230620:2303,0.0,0.0,17.12,1.03,0.0
20230621:0003,0.0,0.0,16.94,0.9,0.0
20230621:0103,0.0,0.0,16.69,0.83,0.0
20230621:0203,0.0,0.0,16.6,0.9,0.0
20230621:0303,0.0,0.0,16.63,0.83,0.0
20230621:0403,0.0,0.0,16.68,0.69,0.0
20230621:0503,15.3,3.48,16.55,0.97,0.0
20230621:0603,64.4,14.68,17.16,1.17,0.0
20230621:0703,101.44,24.61,18.9,2.76,0.0
20230621:0803,195.63,32.59,20.11,4.14,0.0
20230621:0903,136.86,37.7,21.94,6.48,0.0
20230621:1003,103.05,39.07,22.9,5.86,0.0
20230621:1103,90.17,36.42,23.93,5.59,0.0
20230621:1203,93.39,30.27,24.58,5.17,0.0
20230621:1303,101.44,21.57,24.72,4.34,0.0
20230621:1403,58.77,11.17,24.3,3.38,0.0
20230621:1503,0.0,0.0,22.75,2.34,0.0
20230621:1603,0.0,0.0,21.21,1.31,0.0
20230621:1703,0.0,0.0,19.63,1.1,0.0
20230621:1803,0.0,0.0,17.36,1.79,0.0
20230621:1903,0.0,0.0,17.02,2.69,0.0
20230621:2003,0.0,0.0,17.27,3.59,0.0
20230621:2103,0.0,0.0,17.19,4.21,0.0
20230621:2203,0.0,0.0,16.8,4.07,0.0
20230621:2303,0.0,0.0,16.46,3.86,0.0
20230622:0003,0.0,0.0,16.1,3.79,0.0
20230622:0103,0.0,0.0,15.59,3.79,0.0
20230622:0203,0.0,0.0,15.21,3.66,0.0
20230622:0303,0.0,0.0,14.98,3.59,0.0
20230622:0403,0.0,0.0,14.81,3.52,0.0
20230622:0503,15.3,3.44,14.63,3.45,0.0
20230622:0603,75.68,14.64,15.4,3.31,0.0
20230622:0703,139.28,24.58,16.9,4.83,0.0
20230622:0803,180.33,32.57,18.19,5.59,0.0
20230622:0903,207.71,37.69,18.82,5.17,0.0
20230622:1003,235.88,39.08,19.46,4.62,0.0
20230622:1103,148.13,36.44,19.53,4.21,0.0
20230622:1203,178.72,30.3,19.32,3.93,0.0
20230622:1303,51.52,21.6,18.72,3.52,0.0
20230622:1403,60.38,11.21,18.25,3.24,0.0
20230622:1503,0.0,0.0,17.45,2.41,0.0
20230622:1603,0.0,0.0,16.64,2.14,0.0
20230622:1703,0.0,0.0,15.73,2.0,0.0
20230622:1803,0.0,0.0,15.15,1.93,0.0
20230622:1903,0.0,0.0,14.84,1.66,0.0
20230622:2003,0.0,0.0,14.01,1.59,0.0
20230622:2103,0.0,0.0,13.48,1.45,0.0
20230622:2203,0.0,0.0,12.82,1.38,0.0
20230622:2303,0.0,0.0,12.92,1.24,0.0
20230623:0003,0.0,0.0,12.46,1.24,0.0
20230623:0103,0.0,0.0,12.39,1.17,0.0
20230623:0203,0.0,0.0,12.46,1.1,0.0
20230623:0303,0.0,0.0,12.7,0.9,0.0
20230623:0403,0.0,0.0,12.64,0.9,0.0
20230623:0503,11.27,3.4,12.69,0.9,0.0
20230623:0603,84.53,14.61,14.08,0.55,0.0
20230623:0703,86.95,24.55,16.54,0.48,0.0
20230623:0803,161.82,32.55,18.3,1.1,0.0
20230623:0903,187.58,37.69,19.77,1.93,0.0
20230623:1003,171.48,39.09,21.39,2.83,0.0
20230623:1103,218.17,36.46,22.0,2.9,0.0
20230623:1203,168.26,30.33,22.39,2.83,0.0
20230623:1303,87.75,21.64,22.43,2.9,0.0
20230623:1403,44.28,11.25,22.02,2.9,0.0
20230623:1503,0.0,0.0,20.45,2.62,0.0
20230623:1603,0.0,0.0,18.67,2.34,0.0
20230623:1703,0.0,0.0,17.52,2.34,0.0
20230623:1803,0.0,0.0,16.64,2.28,0.0
20230623:1903,0.0,0.0,16.03,2.28,0.0
20230623:2003,0.0,0.0,15.29,2.14,0.0
20230623:2103,0.0,0.0,14.76,2.0,0.0
20230623:2203,0.0,0.0,14.34,2.07,0.0
20230623:2303,0.0,0.0,14.09,2.14,0.0
20230624:0003,0.0,0.0,13.94,2.21,0.0
20230624:0103,0.0,0.0,13.8,2.28,0.0
20230624:0203,0.0,0.0,13.69,2.34,0.0
20230624:0303,0.0,0.0,13.52,2.41,0.0
20230624:0403,0.0,0.0,13.29,2.34,0.0
20230624:0503,15.3,3.37,13.01,2.34,0.0
20230624:0603,63.6,14.58,14.22,2.07,0.0
20230624:0703,83.73,24.53,16.77,2.76,0.0
20230624:0803,92.58,32.54,19.3,3.1,0.0
20230624:0903,90.97,37.69,21.83,3.17,0.0
20230624:1003,92.58,39.11,24.06,3.17,0.0
20230624:1103,89.36,36.49,25.71,3.03,0.0
20230624:1203,82.12,30.37,26.68,2.97,0.0
20230624:1303,70.04,21.69,26.9,2.9,0.0
20230624:1403,44.28,11.3,26.24,2.41,0.0
20230624:1503,0.0,0.0,24.15,2.21,0.0
20230624:1603,0.0,0.0,22.14,2.21,0.0
20230624:1703,0.0,0.0,20.37,2.07,0.0
20230624:1803,0.0,0.0,18.58,1.86,0.0
20230624:1903,0.0,0.0,18.9,0.48,0.0
20230624:2003,0.0,0.0,18.05,0.07,0.0
20230624:2103,0.0,0.0,17.16,0.48,0.0
20230624:2203,0.0,0.0,15.83,0.97,0.0
20230624:2303,0.0,0.0,13.84,1.31,0.0
20230625:0003,0.0,0.0,12.71,1.52,0.0
20230625:0103,0.0,0.0,12.23,1.66,0.0
20230625:0203,0.0,0.0,11.99,1.66,0.0
20230625:0303,0.0,0.0,11.89,1.59,0.0
20230625:0403,0.0,0.0,11.7,1.52,0.0
20230625:0503,14.49,3.34,11.54,1.45,0.0
20230625:0603,76.48,14.56,14.1,0.76,0.0
20230625:0703,96.61,24.52,17.83,0.62,0.0
20230625:0803,92.58,32.54,20.03,0.34,0.0
20230625:0903,95.8,37.7,21.84,0.41,0.0
20230625:1003,92.58,39.13,23.41,0.69,0.0
20230625:1103,90.17,36.53,24.66,1.17,0.0
20230625:1203,82.92,30.42,25.5,1.79,0.0
20230625:1303,68.43,21.74,25.74,2.28,0.0
20230625:1403,43.47,11.35,25.18,2.28,0.0
20230625:1503,0.0,0.0,23.22,2.0,0.0
20230625:1603,0.0,0.0,21.27,1.72,0.0
20230625:1703,0.0,0.0,19.38,1.52,0.0
20230625:1803,0.0,0.0,17.71,1.59,0.0
20230625:1903,0.0,0.0,17.8,1.03,0.0
20230625:2003,0.0,0.0,17.53,0.83,0.0
20230625:2103,0.0,0.0,17.44,0.55,0.0
20230625:2203,0.0,0.0,16.69,0.41,0.0
20230625:2303,0.0,0.0,15.96,0.55,0.0
20230626:0003,0.0,0.0,15.28,0.69,0.0
20230626:0103,0.0,0.0,14.19,0.97,0.0
20230626:0203,0.0,0.0,12.39,1.24,0.0
20230626:0303,0.0,0.0,11.12,1.38,0.0
20230626:0403,0.0,0.0,11.14,1.38,0.0
20230626:0503,13.69,3.31,11.65,1.31,0.0
20230626:0603,72.46,14.54,13.4,0.97,0.0
20230626:0703,101.44,24.51,15.91,1.03,0.0
20230626:0803,110.29,32.54,18.81,0.76,0.0
20230626:0903,109.49,37.72,21.63,0.76,0.0
20230626:1003,107.07,39.16,23.77,0.83,0.0
20230626:1103,103.85,36.57,25.24,0.97,0.0
20230626:1203,89.36,30.47,26.0,1.17,0.0
20230626:1303,74.87,21.79,26.08,1.59,0.0
20230626:1403,47.5,11.4,25.22,2.14,0.0
20230626:1503,0.0,0.0,22.64,2.48,0.0
20230626:1603,0.0,0.0,20.01,2.41,0.0
20230626:1703,0.0,0.0,18.29,2.21,0.0
20230626:1803,0.0,0.0,17.13,2.0,0.0
20230626:1903,0.0,0.0,16.6,1.93,0.0
20230626:2003,0.0,0.0,15.72,1.72,0.0
20230626:2103,0.0,0.0,15.06,1.66,0.0
20230626:2203,0.0,0.0,14.43,1.66,0.0
20230626:2303,0.0,0.0,13.9,1.59,0.0
20230627:0003,0.0,0.0,13.52,1.59,0.0
20230627:0103,0.0,0.0,13.13,1.59,0.0
20230627:0203,0.0,0.0,12.98,1.52,0.0
20230627:0303,0.0,0.0,12.93,1.45,0.0
20230627:0403,0.0,0.0,13.14,1.38,0.0
20230627:0503,12.88,3.29,13.62,1.31,0.0
20230627:0603,73.26,14.53,15.03,1.79,0.0
20230627:0703,95.0,24.51,17.56,1.66,0.0
20230627:0803,123.17,32.55,19.98,1.52,0.0
20230627:0903,166.65,37.74,21.56,1.1,0.0
20230627:1003,216.56,39.2,22.73,0.97,0.0
20230627:1103,126.39,36.62,23.63,1.24,0.0
20230627:1203,90.17,30.52,23.7,1.66,0.0
20230627:1303,84.53,21.85,23.79,2.07,0.0
20230627:1403,48.3,11.46,23.04,2.34,0.0
20230627:1503,0.0,0.0,21.37,2.34,0.0
20230627:1603,0.0,0.0,19.76,2.14,0.0
20230627:1703,0.0,0.0,18.58,1.72,0.0
20230627:1803,0.0,0.0,17.93,1.24,0.0
20230627:1903,0.0,0.0,17.62,0.41,0.0
20230627:2003,0.0,0.0,17.15,0.21,0.0
20230627:2103,0.0,0.0,16.7,0.69,0.0
20230627:2203,0.0,0.0,16.15,0.83,0.0
20230627:2303,0.0,0.0,15.61,0.9,0.0
20230628:0003,0.0,0.0,14.26,1.03,0.0
20230628:0103,0.0,0.0,13.72,1.03,0.0
20230628:0203,0.0,0.0,13.24,1.03,0.0
20230628:0303,0.0,0.0,13.23,0.97,0.0
20230628:0403,0.0,0.0,13.14,0.97,0.0
20230628:0503,13.69,3.28,12.92,1.03,0.0
20230628:0603,61.18,14.52,13.66,1.03,0.0
20230628:0703,83.73,24.51,15.61,0.76,0.0
20230628:0803,93.39,32.56,18.63,1.03,0.0
20230628:0903,100.63,37.77,21.39,2.48,0.0
20230628:1003,98.22,39.25,22.94,3.1,0.0
20230628:1103,90.97,36.68,23.82,3.52,0.0
20230628:1203,106.27,30.58,24.39,3.72,0.0
20230628:1303,132.83,21.92,24.39,3.93,0.0
20230628:1403,41.86,11.53,23.56,3.72,0.0
20230628:1503,0.0,0.0,22.2,3.38,0.0
20230628:1603,0.0,0.0,20.68,3.24,0.0
20230628:1703,0.0,0.0,19.51,3.1,0.0
20230628:1803,0.0,0.0,18.43,2.83,0.0
20230628:1903,0.0,0.0,17.81,2.48,0.0
20230628:2003,0.0,0.0,16.99,2.07,0.0
20230628:2103,0.0,0.0,16.43,1.93,0.0
20230628:2203,0.0,0.0,16.42,2.0,0.0
20230628:2303,0.0,0.0,16.43,1.93,0.0
20230629:0003,0.0,0.0,16.17,2.21,0.0
20230629:0103,0.0,0.0,16.19,2.55,0.0
20230629:0203,0.0,0.0,16.2,2.34,0.0
20230629:0303,0.0,0.0,15.9,2.14,0.0
20230629:0403,0.0,0.0,15.32,2.14,0.0
20230629:0503,13.69,3.26,14.98,2.14,0.0
20230629:0603,61.18,14.52,16.1,2.0,0.0
20230629:0703,82.12,24.51,18.89,2.41,0.0
20230629:0803,82.92,32.58,21.37,3.17,0.0
20230629:0903,92.58,37.81,23.42,3.86,0.0
20230629:1003,90.17,39.3,24.95,4.21,0.0
20230629:1103,84.53,36.74,26.07,4.34,0.0
20230629:1203,80.51,30.65,26.66,4.34,0.0
20230629:1303,123.17,21.98,26.79,3.93,0.0
20230629:1403,25.76,11.59,26.41,2.9,0.0
20230629:1503,0.0,0.0,24.55,2.0,0.0
20230629:1603,0.0,0.0,22.75,2.0,0.0
20230629:1703,0.0,0.0,21.08,2.0,0.0
20230629:1803,0.0,0.0,19.45,2.07,0.0
20230629:1903,0.0,0.0,18.28,2.28,0.0
20230629:2003,0.0,0.0,16.99,2.28,0.0
20230629:2103,0.0,0.0,15.65,2.07,0.0
20230629:2203,0.0,0.0,14.19,1.72,0.0
20230629:2303,0.0,0.0,12.96,1.72,0.0
20230630:0003,0.0,0.0,12.01,1.79,0.0
20230630:0103,0.0,0.0,11.35,1.79,0.0
20230630:0203,0.0,0.0,11.05,1.86,0.0
20230630:0303,0.0,0.0,10.96,1.86,0.0
20230630:0403,0.0,0.0,10.99,1.86,0.0
20230630:0503,13.69,3.25,11.18,1.93,0.0
20230630:0603,51.52,14.52,13.8,1.59,0.0
20230630:0703,67.63,24.52,18.62,1.45,0.0
20230630:0803,169.06,32.61,20.84,1.86,0.0
20230630:0903,195.63,37.85,22.12,2.14,0.0
20230630:1003,156.18,39.36,22.96,2.0,0.0
20230630:1103,0.0,0.0,23.2,1.79,0.0
20230630:1203,173.09,30.72,23.47,1.72,0.0
20230630:1303,97.41,22.05,23.48,1.72,0.0
20230630:1403,42.67,11.66,22.89,2.0,0.0
20230630:1503,0.0,0.0,21.56,1.93,0.0
20230630:1603,0.0,0.0,19.78,1.79,0.0
20230630:1703,0.0,0.0,18.37,1.38,0.0
20230630:1803,0.0,0.0,17.08,1.1,0.0
20230630:1903,0.0,0.0,17.54,0.55,0.0
20230630:2003,0.0,0.0,16.68,0.97,0.0
20230630:2103,0.0,0.0,14.36,1.52,0.0
20230630:2203,0.0,0.0,13.56,1.52,0.0
20230630:2303,0.0,0.0,13.48,1.38,0.0
20230701:0003,0.0,0.0,13.43,1.38,0.0
20230701:0103,0.0,0.0,13.5,1.31,0.0
20230701:0203,0.0,0.0,13.37,1.31,0.0
20230701:0303,0.0,0.0,12.99,1.38,0.0
20230701:0403,0.0,0.0,12.32,1.52,0.0
20230701:0503,13.69,3.25,11.95,1.66,0.0
20230701:0603,51.52,14.52,13.95,1.17,0.0
20230701:0703,70.04,24.54,17.63,1.45,0.0
20230701:0803,77.29,32.64,20.1,2.41,0.0
20230701:0903,85.34,37.9,21.84,3.03,0.0
20230701:1003,86.14,39.42,23.16,3.1,0.0
20230701:1103,86.95,36.88,24.19,3.03,0.0
20230701:1203,79.7,30.8,24.84,3.1,0.0
20230701:1303,66.01,22.13,25.01,3.17,0.0
20230701:1403,42.67,11.74,24.56,2.76,0.0
20230701:1503,0.0,0.0,22.74,2.07,0.0
20230701:1603,0.0,0.0,20.91,2.0,0.0
20230701:1703,0.0,0.0,19.27,2.28,0.0
20230701:1803,0.0,0.0,17.8,2.48,0.0
20230701:1903,0.0,0.0,16.65,2.41,0.0
20230701:2003,0.0,0.0,15.55,2.28,0.0
20230701:2103,0.0,0.0,14.68,2.21,0.0
20230701:2203,0.0,0.0,14.19,2.21,0.0
20230701:2303,0.0,0.0,13.82,2.21,0.0
20230702:0003,0.0,0.0,13.51,2.21,0.0
20230702:0103,0.0,0.0,13.26,2.28,0.0
20230702:0203,0.0,0.0,13.02,2.28,0.0
20230702:0303,0.0,0.0,12.73,2.28,0.0
20230702:0403,0.0,0.0,12.35,2.21,0.0
20230702:0503,12.88,3.25,11.97,2.21,0.0
20230702:0603,68.43,14.53,13.44,1.86,0.0
20230702:0703,130.42,24.57,16.8,2.41,0.0
20230702:0803,85.34,32.68,19.65,2.97,0.0
20230702:0903,91.78,37.96,22.23,3.31,0.0
20230702:1003,88.56,39.49,24.37,3.38,0.0
20230702:1103,90.17,36.96,25.91,3.17,0.0
20230702:1203,80.51,30.88,26.8,2.83,0.0
20230702:1303,66.82,22.21,27.0,2.41,0.0
20230702:1403,45.08,11.81,26.5,1.45,0.0
20230702:1503,0.0,0.0,25.1,0.55,0.0
20230702:1603,0.0,0.0,21.76,1.24,0.0
20230702:1703,0.0,0.0,18.98,1.93,0.0
20230702:1803,0.0,0.0,17.25,2.14,0.0
20230702:1903,0.0,0.0,16.15,2.21,0.0
20230702:2003,0.0,0.0,15.08,2.0,0.0
20230702:2103,0.0,0.0,14.28,1.66,0.0
20230702:2203,0.0,0.0,14.12,1.45,0.0
20230702:2303,0.0,0.0,14.14,1.24,0.0
20230703:0003,0.0,0.0,13.93,1.24,0.0
20230703:0103,0.0,0.0,13.34,1.31,0.0
20230703:0203,0.0,0.0,12.76,1.31,0.0
20230703:0303,0.0,0.0,12.18,1.38,0.0
20230703:0403,0.0,0.0,12.0,1.31,0.0
20230703:0503,12.08,3.25,11.68,1.38,0.0
20230703:0603,66.82,14.55,13.81,0.9,0.0
20230703:0703,76.48,24.59,18.46,0.9,0.0
20230703:0803,97.41,32.72,20.94,1.66,0.0
20230703:0903,158.6,38.02,22.64,2.28,0.0
20230703:1003,129.61,39.57,24.04,2.62,0.0
20230703:1103,95.8,37.05,25.03,2.97,0.0
20230703:1203,83.73,30.97,25.55,3.1,0.0
20230703:1303,66.82,22.3,25.56,3.1,0.0
20230703:1403,43.47,11.89,25.03,2.83,0.0
20230703:1503,0.0,0.0,23.22,2.14,0.0
20230703:1603,0.0,0.0,21.41,2.14,0.0
20230703:1703,0.0,0.0,19.89,2.28,0.0
20230703:1803,0.0,0.0,18.51,2.41,0.0
20230703:1903,0.0,0.0,17.47,2.55,0.0
20230703:2003,0.0,0.0,16.55,2.48,0.0
20230703:2103,0.0,0.0,15.84,2.41,0.0
20230703:2203,0.0,0.0,15.28,2.41,0.0
20230703:2303,0.0,0.0,14.86,2.34,0.0
20230704:0003,0.0,0.0,14.47,2.34,0.0
20230704:0103,0.0,0.0,14.07,2.34,0.0
20230704:0203,0.0,0.0,13.63,2.21,0.0
20230704:0303,0.0,0.0,13.11,2.14,0.0
20230704:0403,0.0,0.0,12.55,2.0,0.0
20230704:0503,13.69,3.26,12.0,1.93,0.0
20230704:0603,62.79,14.57,13.44,1.59,0.0
20230704:0703,78.9,24.63,17.11,1.93,0.0
20230704:0803,90.17,32.78,20.01,2.28,0.0
20230704:0903,96.61,38.09,22.67,2.28,0.0
20230704:1003,93.39,39.65,24.83,2.0,0.0
20230704:1103,95.0,37.14,26.36,1.52,0.0
20230704:1203,83.73,31.06,27.13,0.76,0.0
20230704:1303,70.04,22.38,27.25,0.69,0.0
20230704:1403,47.5,11.98,26.66,1.38,0.0
20230704:1503,0.0,0.0,24.49,2.21,0.0
20230704:1603,0.0,0.0,21.65,2.34,0.0
20230704:1703,0.0,0.0,19.67,2.34,0.0
20230704:1803,0.0,0.0,18.24,2.83,0.0
20230704:1903,0.0,0.0,17.22,2.69,0.0
20230704:2003,0.0,0.0,16.54,2.48,0.0
20230704:2103,0.0,0.0,16.05,2.28,0.0
20230704:2203,0.0,0.0,15.85,2.34,0.0
20230704:2303,0.0,0.0,15.75,2.55,0.0
20230705:0003,0.0,0.0,15.83,3.03,0.0
20230705:0103,0.0,0.0,15.77,3.45,0.0
20230705:0203,0.0,0.0,15.67,3.66,0.0
20230705:0303,0.0,0.0,15.39,3.59,0.0
20230705:0403,0.0,0.0,15.13,3.59,0.0
20230705:0503,13.69,3.27,14.96,3.45,0.0
20230705:0603,64.4,14.59,16.01,2.97,0.0
20230705:0703,0.0,0.0,17.87,4.07,0.0
20230705:0803,90.17,32.83,19.33,4.21,0.0
20230705:0903,115.12,38.16,20.43,3.72,0.0
20230705:1003,239.1,39.74,21.7,3.45,0.0
20230705:1103,148.94,37.23,22.06,3.1,0.0
20230705:1203,153.77,31.16,22.06,3.1,0.0
20230705:1303,87.75,22.48,21.32,3.59,0.0
20230705:1403,64.4,12.06,20.14,3.86,0.0
20230705:1503,0.0,0.0,18.94,3.66,0.0
20230705:1603,0.0,0.0,17.77,3.72,0.0
20230705:1703,0.0,0.0,17.05,3.45,0.0
20230705:1803,0.0,0.0,16.35,2.9,0.0
20230705:1903,0.0,0.0,16.48,2.69,0.0
20230705:2003,0.0,0.0,16.01,2.55,0.0
20230705:2103,0.0,0.0,15.64,2.48,0.0
20230705:2203,0.0,0.0,15.6,2.28,0.0
20230705:2303,0.0,0.0,15.61,2.21,0.0
20230706:0003,0.0,0.0,15.47,2.14,0.0
20230706:0103,0.0,0.0,15.43,1.86,0.0
20230706:0203,0.0,0.0,15.28,1.59,0.0
20230706:0303,0.0,0.0,15.08,1.31,0.0
20230706:0403,0.0,0.0,14.96,1.03,0.0
20230706:0503,12.08,3.29,14.3,0.97,0.0
20230706:0603,84.53,14.62,15.4,0.83,0.0
20230706:0703,151.35,24.71,17.63,0.69,0.0
20230706:0803,90.17,32.9,18.85,0.07,0.0
20230706:0903,194.82,38.25,20.12,1.1,0.0
20230706:1003,191.6,39.84,21.52,2.55,0.0
20230706:1103,218.98,37.34,22.31,3.38,0.0
20230706:1203,185.97,31.26,22.36,3.38,0.0
20230706:1303,116.73,22.57,22.66,3.52,0.0
20230706:1403,46.69,12.15,22.45,3.17,0.0
20230706:1503,0.0,0.0,21.23,2.14,0.0
20230706:1603,0.0,0.0,19.69,1.86,0.0
20230706:1703,0.0,0.0,18.21,1.66,0.0
20230706:1803,0.0,0.0,16.76,1.93,0.0
20230706:1903,0.0,0.0,15.95,2.28,0.0
20230706:2003,0.0,0.0,15.24,2.34,0.0
20230706:2103,0.0,0.0,14.7,2.41,0.0
20230706:2203,0.0,0.0,14.51,2.41,0.0
20230706:2303,0.0,0.0,14.41,2.48,0.0
20230707:0003,0.0,0.0,14.43,2.62,0.0
20230707:0103,0.0,0.0,14.36,2.69,0.0
20230707:0203,0.0,0.0,14.23,2.76,0.0
20230707:0303,0.0,0.0,14.01,2.83,0.0
20230707:0403,0.0,0.0,13.71,2.76,0.0
20230707:0503,13.69,3.31,13.41,2.76,0.0
20230707:0603,60.38,14.65,14.44,2.55,0.0
20230707:0703,84.53,24.76,17.35,3.1,0.0
20230707:0803,86.14,32.97,20.3,3.59,0.0
20230707:0903,96.61,38.34,23.02,3.93,0.0
20230707:1003,93.39,39.95,25.27,4.21,0.0
20230707:1103,95.8,37.45,26.93,4.55,0.0
20230707:1203,102.24,31.37,27.9,4.9,0.0
20230707:1303,87.75,22.67,28.2,5.03,0.0
20230707:1403,68.43,12.24,27.62,4.41,0.0
20230707:1503,0.0,0.0,25.75,3.86,0.0
20230707:1603,0.0,0.0,23.78,3.59,0.0
20230707:1703,0.0,0.0,22.3,3.45,0.0
20230707:1803,0.0,0.0,21.2,3.52,0.0
20230707:1903,0.0,0.0,20.68,4.0,0.0
20230707:2003,0.0,0.0,20.2,4.07,0.0
20230707:2103,0.0,0.0,19.67,4.0,0.0
20230707:2203,0.0,0.0,19.01,3.72,0.0
20230707:2303,0.0,0.0,18.17,3.45,0.0
20230708:0003,0.0,0.0,17.3,3.24,0.0
20230708:0103,0.0,0.0,16.51,3.17,0.0
20230708:0203,0.0,0.0,15.82,3.03,0.0
20230708:0303,0.0,0.0,15.14,2.97,0.0
20230708:0403,0.0,0.0,14.46,2.83,0.0
20230708:0503,14.49,3.34,13.85,2.76,0.0
20230708:0603,57.16,14.69,15.49,2.48,0.0
20230708:0703,78.09,24.82,19.73,3.03,0.0
20230708:0803,81.31,33.04,23.05,3.93,0.0
20230708:0903,90.97,38.43,25.45,4.28,0.0
20230708:1003,92.58,40.06,27.42,4.28,0.0
20230708:1103,90.17,37.56,28.86,4.14,0.0
20230708:1203,86.95,31.48,29.68,4.07,0.0
20230708:1303,69.24,22.78,29.91,3.93,0.0
20230708:1403,44.28,12.34,29.2,3.17,0.0
20230708:1503,0.0,0.0,26.64,2.97,0.0
20230708:1603,0.0,0.0,24.26,3.03,0.0
20230708:1703,0.0,0.0,22.8,3.1,0.0
20230708:1803,0.0,0.0,21.54,3.1,0.0
20230708:1903,0.0,0.0,20.51,3.03,0.0
20230708:2003,0.0,0.0,19.35,2.9,0.0
20230708:2103,0.0,0.0,18.15,2.83,0.0
20230708:2203,0.0,0.0,16.81,2.48,0.0
20230708:2303,0.0,0.0,15.07,1.93,0.0
20230709:0003,0.0,0.0,14.23,2.48,0.0
20230709:0103,0.0,0.0,15.54,3.17,0.0
20230709:0203,0.0,0.0,16.34,3.45,0.0
20230709:0303,0.0,0.0,16.49,3.24,0.0
20230709:0403,0.0,0.0,16.39,2.97,0.0
20230709:0503,13.69,3.37,16.43,2.69,0.0
20230709:0603,70.85,14.74,17.3,2.28,0.0
20230709:0703,149.74,24.88,19.1,3.45,0.0
20230709:0803,204.49,33.12,20.24,3.38,0.0
20230709:0903,219.78,38.53,20.94,3.45,0.0
20230709:1003,246.35,40.17,21.24,3.59,0.0
20230709:1103,189.99,37.68,21.28,3.72,0.0
20230709:1203,121.56,31.59,20.61,4.28,0.0
20230709:1303,85.34,22.88,19.28,4.97,0.0
20230709:1403,67.63,12.44,17.51,5.1,0.0
20230709:1503,0.0,0.0,16.22,4.83,0.0
20230709:1603,0.0,0.0,15.32,4.83,0.0
20230709:1703,0.0,0.0,14.41,5.03,0.0
20230709:1803,0.0,0.0,13.3,5.31,0.0
20230709:1903,0.0,0.0,11.79,5.93,0.0
20230709:2003,0.0,0.0,11.15,5.66,0.0
20230709:2103,0.0,0.0,10.77,5.1,0.0
20230709:2203,0.0,0.0,10.84,4.34,0.0
20230709:2303,0.0,0.0,10.94,3.79,0.0
20230710:0003,0.0,0.0,10.88,3.66,0.0
20230710:0103,0.0,0.0,10.58,3.66,0.0
20230710:0203,0.0,0.0,10.16,3.93,0.0
20230710:0303,0.0,0.0,9.89,4.41,0.0
20230710:0403,0.0,0.0,9.91,4.76,0.0
20230710:0503,7.25,3.4,9.95,4.9,0.0
20230710:0603,74.07,14.79,10.55,5.38,0.0
20230710:0703,45.08,24.95,11.1,5.03,0.0
20230710:0803,63.6,33.21,11.26,5.52,0.0
20230710:0903,49.11,38.64,12.42,5.31,0.0
20230710:1003,210.93,40.3,12.52,5.03,0.0
20230710:1103,129.61,37.81,13.12,5.45,0.0
20230710:1203,53.94,31.72,13.12,4.83,0.0
20230710:1303,36.23,22.99,12.92,4.0,0.0
20230710:1403,28.98,12.54,12.72,5.66,0.0
20230710:1503,0.0,0.0,12.3,5.38,0.0
20230710:1603,0.0,0.0,12.05,5.17,0.0
20230710:1703,0.0,0.0,11.9,4.76,0.0
20230710:1803,0.0,0.0,11.73,4.69,0.0
20230710:1903,0.0,0.0,12.39,5.17,0.0
20230710:2003,0.0,0.0,12.21,5.1,0.0
20230710:2103,0.0,0.0,12.03,5.1,0.0
20230710:2203,0.0,0.0,11.87,5.03,0.0
20230710:2303,0.0,0.0,11.69,4.76,0.0
20230711:0003,0.0,0.0,11.82,5.03,0.0
20230711:0103,0.0,0.0,11.7,5.31,0.0
20230711:0203,0.0,0.0,11.76,5.17,0.0
20230711:0303,0.0,0.0,11.9,5.1,0.0
20230711:0403,0.0,0.0,11.91,4.76,0.0
20230711:0503,7.25,3.44,12.16,4.41,0.0
20230711:0603,54.74,14.84,12.99,3.79,0.0
20230711:0703,68.43,25.02,14.47,4.07,0.0
20230711:0803,76.48,33.31,15.59,4.55,0.0
20230711:0903,234.27,38.76,17.2,5.24,0.0
20230711:1003,235.88,40.43,18.11,5.17,0.0
20230711:1103,235.08,37.94,18.82,5.1,0.0
20230711:1203,99.83,31.84,18.87,4.62,0.0
20230711:1303,82.92,23.11,18.82,4.34,0.0
20230711:1403,63.6,12.64,18.27,3.59,0.0
20230711:1503,0.0,0.0,16.93,3.03,0.0
20230711:1603,0.0,0.0,15.86,2.97,0.0
20230711:1703,0.0,0.0,15.11,2.83,0.0
20230711:1803,0.0,0.0,15.05,2.76,0.0
20230711:1903,0.0,0.0,14.34,2.41,0.0
20230711:2003,0.0,0.0,13.76,2.41,0.0
20230711:2103,0.0,0.0,13.43,2.41,0.0
20230711:2203,0.0,0.0,13.13,2.48,0.0
20230711:2303,0.0,0.0,13.27,2.55,0.0
20230712:0003,0.0,0.0,13.1,2.55,0.0
20230712:0103,0.0,0.0,12.97,2.62,0.0
20230712:0203,0.0,0.0,13.0,2.55,0.0
20230712:0303,0.0,0.0,12.89,2.48,0.0
20230712:0403,0.0,0.0,12.72,2.34,0.0
20230712:0503,7.25,3.49,12.71,2.14,0.0
20230712:0603,57.96,14.9,13.49,1.86,0.0
20230712:0703,144.91,25.1,16.0,2.55,0.0
20230712:0803,178.72,33.41,17.64,3.24,0.0
20230712:0903,214.95,38.88,18.28,3.17,0.0
20230712:1003,227.03,40.56,19.58,3.38,0.0
20230712:1103,176.31,38.08,19.75,2.83,0.0
20230712:1203,197.24,31.97,19.67,2.48,0.0
20230712:1303,137.67,23.23,19.09,2.41,0.0
20230712:1403,67.63,12.75,18.52,2.14,0.0
20230712:1503,0.0,0.0,17.69,1.86,0.0
20230712:1603,0.0,0.0,16.76,1.52,0.0
20230712:1703,0.0,0.0,16.09,1.24,0.0
20230712:1803,0.0,0.0,15.83,0.48,0.0
20230712:1903,0.0,0.0,14.67,0.76,0.0
20230712:2003,0.0,0.0,12.96,1.17,0.0
20230712:2103,0.0,0.0,12.0,1.31,0.0
20230712:2203,0.0,0.0,11.69,1.24,0.0
20230712:2303,0.0,0.0,11.44,1.17,0.0
20230713:0003,0.0,0.0,11.31,1.17,0.0
20230713:0103,0.0,0.0,10.88,1.17,0.0
20230713:0203,0.0,0.0,10.53,1.24,0.0
20230713:0303,0.0,0.0,9.92,1.31,0.0
20230713:0403,0.0,0.0,9.46,1.38,0.0
20230713:0503,13.69,3.54,9.12,1.45,0.0
20230713:0603,45.89,14.97,11.39,0.97,0.0
20230713:0703,66.01,25.18,14.83,0.9,0.0
20230713:0803,73.26,33.51,17.23,1.1,0.0
20230713:0903,83.73,39.01,18.83,0.97,0.0
20230713:1003,84.53,40.7,19.96,0.69,0.0
20230713:1103,88.56,38.22,20.76,0.9,0.0
20230713:1203,79.7,32.1,21.17,1.38,0.0
20230713:1303,66.82,23.35,21.09,1.79,0.0
20230713:1403,46.69,12.85,20.37,2.14,0.0
20230713:1503,0.0,0.0,18.74,2.14,0.0
20230713:1603,0.0,0.0,16.99,2.0,0.0
20230713:1703,0.0,0.0,15.81,1.59,0.0
20230713:1803,0.0,0.0,14.68,1.03,0.0
20230713:1903,0.0,0.0,15.16,0.62,0.0
20230713:2003,0.0,0.0,14.86,0.55,0.0
20230713:2103,0.0,0.0,13.88,1.03,0.0
20230713:2203,0.0,0.0,12.58,1.24,0.0
20230713:2303,0.0,0.0,12.14,1.24,0.0
20230714:0003,0.0,0.0,11.74,1.31,0.0
20230714:0103,0.0,0.0,12.23,1.1,0.0
20230714:0203,0.0,0.0,12.07,1.17,0.0
20230714:0303,0.0,0.0,12.3,1.1,0.0
20230714:0403,0.0,0.0,11.93,1.17,0.0
20230714:0503,13.69,3.59,11.93,1.1,0.0
20230714:0603,47.5,15.04,13.54,0.76,0.0
20230714:0703,68.43,25.27,16.78,1.03,0.0
20230714:0803,81.31,33.63,17.94,1.24,0.0
20230714:0903,193.21,39.14,18.7,1.66,0.0
20230714:1003,241.52,40.85,19.34,2.0,0.0
20230714:1103,239.1,38.37,19.85,2.28,0.0
20230714:1203,144.11,32.24,20.07,2.34,0.0
20230714:1303,83.73,23.47,20.26,2.55,0.0
20230714:1403,42.67,12.96,19.9,2.34,0.0
20230714:1503,0.0,0.0,18.58,1.72,0.0
20230714:1603,0.0,0.0,17.16,1.66,0.0
20230714:1703,0.0,0.0,15.54,1.66,0.0
20230714:1803,0.0,0.0,13.89,1.93,0.0
20230714:1903,0.0,0.0,12.89,2.07,0.0
20230714:2003,0.0,0.0,12.06,2.14,0.0
20230714:2103,0.0,0.0,11.46,2.14,0.0
20230714:2203,0.0,0.0,11.16,2.14,0.0
20230714:2303,0.0,0.0,10.74,2.21,0.0
20230715:0003,0.0,0.0,10.63,2.21,0.0
20230715:0103,0.0,0.0,10.73,2.21,0.0
20230715:0203,0.0,0.0,10.38,2.28,0.0
20230715:0303,0.0,0.0,10.24,2.34,0.0
20230715:0403,0.0,0.0,10.29,2.48,0.0
20230715:0503,14.49,3.65,10.36,2.48,0.0
20230715:0603,47.5,15.11,12.39,2.21,0.0
20230715:0703,67.63,25.37,16.23,2.9,0.0
20230715:0803,75.68,33.74,18.35,4.07,0.0
20230715:0903,82.92,39.28,19.79,4.69,0.0
20230715:1003,86.95,41.0,20.84,4.41,0.0
20230715:1103,92.58,38.52,21.65,4.14,0.0
20230715:1203,82.12,32.39,22.08,3.79,0.0
20230715:1303,68.43,23.6,22.07,3.59,0.0
20230715:1403,52.33,13.08,21.58,3.31,0.0
20230715:1503,0.0,0.0,19.91,2.69,0.0
20230715:1603,0.0,0.0,18.12,2.41,0.0
20230715:1703,0.0,0.0,16.88,2.28,0.0
20230715:1803,0.0,0.0,15.72,2.0,0.0
20230715:1903,0.0,0.0,14.67,1.79,0.0
20230715:2003,0.0,0.0,13.97,1.59,0.0
20230715:2103,0.0,0.0,13.48,1.45,0.0
20230715:2203,0.0,0.0,12.8,1.38,0.0
20230715:2303,0.0,0.0,11.56,1.45,0.0
20230716:0003,0.0,0.0,10.19,1.59,0.0
20230716:0103,0.0,0.0,9.21,1.72,0.0
20230716:0203,0.0,0.0,8.71,1.86,0.0
20230716:0303,0.0,0.0,8.39,1.93,0.0
20230716:0403,0.0,0.0,8.13,2.0,0.0
20230716:0503,15.3,3.71,7.93,2.0,0.0
20230716:0603,51.52,15.19,10.44,1.72,0.0
20230716:0703,70.85,25.47,15.71,1.79,0.0
20230716:0803,78.09,33.87,19.88,1.79,0.0
20230716:0903,82.92,39.43,23.21,1.79,0.0
20230716:1003,86.95,41.16,25.46,2.28,0.0
20230716:1103,87.75,38.68,26.49,2.41,0.0
20230716:1203,79.7,32.53,26.77,1.93,0.0
20230716:1303,65.21,23.73,26.64,1.45,0.0
20230716:1403,45.08,13.19,26.06,0.9,0.0
20230716:1503,1.61,1.55,24.53,1.24,0.0
20230716:1603,0.0,0.0,21.22,1.31,0.0
20230716:1703,0.0,0.0,19.84,1.31,0.0
20230716:1803,0.0,0.0,19.82,1.24,0.0
20230716:1903,0.0,0.0,17.39,1.52,0.0
20230716:2003,0.0,0.0,15.37,1.59,0.0
20230716:2103,0.0,0.0,12.89,1.86,0.0
20230716:2203,0.0,0.0,11.66,2.14,0.0
20230716:2303,0.0,0.0,11.46,2.21,0.0
20230717:0003,0.0,0.0,11.22,2.07,0.0
20230717:0103,0.0,0.0,11.1,1.93,0.0
20230717:0203,0.0,0.0,11.09,1.72,0.0
20230717:0303,0.0,0.0,10.7,1.66,0.0
20230717:0403,0.0,0.0,10.11,1.59,0.0
20230717:0503,15.3,3.78,9.58,1.52,0.0
20230717:0603,52.33,15.28,12.36,0.97,0.0
20230717:0703,71.65,25.58,17.5,0.76,0.0
20230717:0803,78.9,34.0,20.4,0.48,0.0
20230717:0903,86.14,39.58,22.25,0.9,0.0
20230717:1003,84.53,41.33,23.86,1.66,0.0
20230717:1103,86.14,38.85,25.01,2.14,0.0
20230717:1203,79.7,32.68,25.67,2.55,0.0
20230717:1303,66.01,23.86,25.73,2.76,0.0
20230717:1403,45.89,13.31,25.03,2.41,0.0
20230717:1503,1.61,1.65,22.92,2.07,0.0
20230717:1603,0.0,0.0,20.86,1.79,0.0
20230717:1703,0.0,0.0,18.86,1.72,0.0
20230717:1803,0.0,0.0,16.93,1.93,0.0
20230717:1903,0.0,0.0,15.61,2.0,0.0
20230717:2003,0.0,0.0,14.51,2.0,0.0
20230717:2103,0.0,0.0,13.69,2.0,0.0
20230717:2203,0.0,0.0,13.03,2.07,0.0
20230717:2303,0.0,0.0,12.43,2.14,0.0
20230718:0003,0.0,0.0,11.95,2.14,0.0
20230718:0103,0.0,0.0,11.47,2.14,0.0
20230718:0203,0.0,0.0,10.98,2.07,0.0
20230718:0303,0.0,0.0,10.49,2.07,0.0
20230718:0403,0.0,0.0,10.02,2.07,0.0
20230718:0503,15.3,3.85,9.68,2.07,0.0
20230718:0603,51.52,15.37,12.11,1.79,0.0
20230718:0703,70.85,25.69,17.73,2.28,0.0
20230718:0803,81.31,34.14,21.06,3.03,0.0
20230718:0903,88.56,39.74,23.69,3.79,0.0
20230718:1003,90.17,41.5,25.63,4.34,0.0
20230718:1103,91.78,39.02,26.95,4.55,0.0
20230718:1203,81.31,32.84,27.62,4.69,0.0
20230718:1303,68.43,24.0,27.66,4.55,0.0
20230718:1403,45.89,13.43,26.82,3.72,0.0
20230718:1503,1.61,1.75,24.52,3.38,0.0
20230718:1603,0.0,0.0,22.04,3.17,0.0
20230718:1703,0.0,0.0,20.39,3.17,0.0
20230718:1803,0.0,0.0,19.17,3.1,0.0
20230718:1903,0.0,0.0,18.29,3.17,0.0
20230718:2003,0.0,0.0,17.5,3.03,0.0
20230718:2103,0.0,0.0,16.7,2.97,0.0
20230718:2203,0.0,0.0,15.83,2.83,0.0
20230718:2303,0.0,0.0,14.88,2.69,0.0
20230719:0003,0.0,0.0,13.92,2.55,0.0
20230719:0103,0.0,0.0,12.99,2.48,0.0
20230719:0203,0.0,0.0,12.1,2.34,0.0
20230719:0303,0.0,0.0,11.22,2.21,0.0
20230719:0403,0.0,0.0,10.29,2.07,0.0
20230719:0503,15.3,3.93,9.62,2.0,0.0
20230719:0603,53.13,15.46,12.17,1.79,0.0
20230719:0703,73.26,25.81,17.13,1.79,0.0
20230719:0803,84.53,34.28,21.44,1.45,0.0
20230719:0903,89.36,39.91,24.28,4.34,0.0
20230719:1003,199.65,41.68,24.63,6.69,0.0
20230719:1103,243.93,39.19,23.48,6.83,0.0
20230719:1203,189.19,32.99,22.36,6.07,0.0
20230719:1303,57.16,24.14,21.4,5.45,0.0
20230719:1403,25.76,13.55,19.96,5.1,0.0
20230719:1503,0.81,1.86,18.7,4.55,0.0
20230719:1603,0.0,0.0,17.85,5.1,0.0
20230719:1703,0.0,0.0,17.42,5.1,0.0
20230719:1803,0.0,0.0,17.06,5.1,0.0
20230719:1903,0.0,0.0,16.7,5.1,0.0
20230719:2003,0.0,0.0,16.42,5.1,0.0
20230719:2103,0.0,0.0,15.99,4.9,0.0
20230719:2203,0.0,0.0,15.57,4.83,0.0
20230719:2303,0.0,0.0,15.0,4.76,0.0
20230720:0003,0.0,0.0,14.59,4.76,0.0
20230720:0103,0.0,0.0,14.24,4.83,0.0
20230720:0203,0.0,0.0,13.97,4.69,0.0
20230720:0303,0.0,0.0,13.68,4.48,0.0
20230720:0403,0.0,0.0,13.48,4.34,0.0
20230720:0503,6.44,4.01,13.29,3.79,0.0
20230720:0603,33.01,15.56,13.28,3.52,0.0
20230720:0703,107.07,25.93,13.68,4.07,0.0
20230720:0803,57.16,34.43,13.77,4.21,0.0
20230720:0903,124.78,40.08,13.87,4.34,0.0
20230720:1003,95.8,41.86,14.12,4.55,0.0
20230720:1103,44.28,39.37,13.92,4.34,0.0
20230720:1203,63.6,33.16,13.82,4.21,0.0
20230720:1303,52.33,24.28,13.7,4.14,0.0
20230720:1403,28.98,13.67,13.22,3.52,0.0
20230720:1503,0.81,1.96,12.83,3.1,0.0
20230720:1603,0.0,0.0,12.55,3.59,0.0
20230720:1703,0.0,0.0,12.41,3.52,0.0
20230720:1803,0.0,0.0,12.31,3.45,0.0
20230720:1903,0.0,0.0,12.28,3.1,0.0
20230720:2003,0.0,0.0,12.18,2.9,0.0
20230720:2103,0.0,0.0,12.17,2.69,0.0
20230720:2203,0.0,0.0,12.13,2.34,0.0
20230720:2303,0.0,0.0,12.17,2.34,0.0
20230721:0003,0.0,0.0,12.21,2.21,0.0
20230721:0103,0.0,0.0,12.23,2.34,0.0
20230721:0203,0.0,0.0,12.02,2.48,0.0
20230721:0303,0.0,0.0,11.95,2.41,0.0
20230721:0403,0.0,0.0,11.85,2.28,0.0
20230721:0503,13.69,4.1,11.93,2.07,0.0
20230721:0603,61.99,15.67,12.67,2.07,0.0
20230721:0703,113.51,26.06,13.88,2.28,0.0
20230721:0803,148.94,34.58,15.33,2.69,0.0
20230721:0903,182.75,40.26,16.03,2.41,0.0
20230721:1003,162.62,42.05,16.19,2.14,0.0
20230721:1103,53.94,39.55,16.15,2.0,0.0
20230721:1203,130.42,33.32,16.2,2.0,0.0
20230721:1303,107.07,24.42,16.08,2.07,0.0
20230721:1403,13.69,13.79,15.98,1.86,0.0
20230721:1503,0.81,2.07,15.54,1.1,0.0
20230721:1603,0.0,0.0,15.16,0.62,0.0
20230721:1703,0.0,0.0,14.8,0.41,0.0
20230721:1803,0.0,0.0,14.15,0.76,0.0
20230721:1903,0.0,0.0,13.8,0.97,0.0
20230721:2003,0.0,0.0,13.64,1.1,0.0
20230721:2103,0.0,0.0,13.39,1.1,0.0
20230721:2203,0.0,0.0,13.3,1.03,0.0
20230721:2303,0.0,0.0,13.31,1.24,0.0
20230722:0003,0.0,0.0,13.03,1.59,0.0
20230722:0103,0.0,0.0,12.45,1.86,0.0
20230722:0203,0.0,0.0,12.08,2.07,0.0
20230722:0303,0.0,0.0,11.69,2.21,0.0
20230722:0403,0.0,0.0,11.34,2.21,0.0
20230722:0503,17.71,4.19,10.98,2.21,0.0
20230722:0603,57.16,15.78,12.55,2.07,0.0
20230722:0703,73.26,26.19,15.22,2.83,0.0
20230722:0803,80.51,34.74,17.63,4.0,0.0
20230722:0903,84.53,40.44,19.65,4.62,0.0
20230722:1003,89.36,42.25,21.27,4.76,0.0
20230722:1103,86.95,39.74,22.42,4.76,0.0
20230722:1203,82.12,33.49,23.15,4.62,0.0
20230722:1303,66.01,24.57,23.38,4.41,0.0
20230722:1403,48.3,13.92,23.08,4.0,0.0
20230722:1503,4.03,2.18,21.59,3.24,0.0
20230722:1603,0.0,0.0,19.7,3.03,0.0
20230722:1703,0.0,0.0,18.43,3.1,0.0
20230722:1803,0.0,0.0,17.56,3.24,0.0
20230722:1903,0.0,0.0,17.02,3.1,0.0
20230722:2003,0.0,0.0,16.38,3.03,0.0
20230722:2103,0.0,0.0,15.76,2.9,0.0
20230722:2203,0.0,0.0,15.05,2.76,0.0
20230722:2303,0.0,0.0,14.3,2.62,0.0
20230723:0003,0.0,0.0,13.56,2.48,0.0
20230723:0103,0.0,0.0,12.93,2.41,0.0
20230723:0203,0.0,0.0,12.33,2.34,0.0
20230723:0303,0.0,0.0,11.68,2.21,0.0
20230723:0403,0.0,0.0,11.01,2.14,0.0
20230723:0503,13.69,4.28,10.51,2.07,0.0
20230723:0603,54.74,15.89,12.85,1.72,0.0
20230723:0703,122.37,26.33,18.21,1.72,0.0
20230723:0803,145.72,34.91,22.25,1.86,0.0
20230723:0903,140.89,40.63,24.77,1.86,0.0
20230723:1003,161.01,42.45,26.52,1.38,0.0
20230723:1103,108.68,39.93,27.58,1.17,0.0
20230723:1203,103.05,33.66,28.18,1.52,0.0
20230723:1303,65.21,24.72,28.28,2.14,0.0
20230723:1403,78.9,14.05,27.67,2.41,0.0
20230723:1503,1.61,2.29,25.45,2.21,0.0
20230723:1603,0.0,0.0,23.2,2.07,0.0
20230723:1703,0.0,0.0,21.45,2.21,0.0
20230723:1803,0.0,0.0,19.97,2.41,0.0
20230723:1903,0.0,0.0,19.06,2.55,0.0
20230723:2003,0.0,0.0,18.25,2.48,0.0
20230723:2103,0.0,0.0,17.34,1.66,0.0
20230723:2203,0.0,0.0,16.12,1.38,0.0
20230723:2303,0.0,0.0,15.36,2.76,0.0
20230724:0003,0.0,0.0,15.65,3.1,0.0
20230724:0103,0.0,0.0,15.88,3.17,0.0
20230724:0203,0.0,0.0,16.2,3.31,0.0
20230724:0303,0.0,0.0,16.4,3.45,0.0
20230724:0403,0.0,0.0,16.36,3.45,0.0
20230724:0503,19.32,4.38,16.62,3.52,0.0
20230724:0603,51.52,16.01,17.22,3.66,0.0
20230724:0703,130.42,26.48,18.27,4.62,0.0
20230724:0803,169.06,35.08,19.17,5.03,0.0
20230724:0903,152.16,40.83,19.63,5.38,0.0
20230724:1003,164.23,42.65,19.58,5.59,0.0
20230724:1103,119.15,40.13,19.78,5.66,0.0
20230724:1203,198.04,33.84,19.36,5.52,0.0
20230724:1303,149.74,24.87,18.74,5.45,0.0
20230724:1403,80.51,14.17,17.92,5.24,0.0
20230724:1503,3.22,2.4,16.8,3.93,0.0
20230724:1603,0.0,0.0,15.87,3.38,0.0
20230724:1703,0.0,0.0,15.36,2.9,0.0
20230724:1803,0.0,0.0,15.11,2.69,0.0
20230724:1903,0.0,0.0,15.14,2.69,0.0
20230724:2003,0.0,0.0,15.15,2.69,0.0
20230724:2103,0.0,0.0,14.75,2.34,0.0
20230724:2203,0.0,0.0,14.73,2.07,0.0
20230724:2303,0.0,0.0,14.62,1.79,0.0
20230725:0003,0.0,0.0,14.2,1.59,0.0
20230725:0103,0.0,0.0,13.75,1.52,0.0
20230725:0203,0.0,0.0,13.45,1.45,0.0
20230725:0303,0.0,0.0,13.26,1.38,0.0
20230725:0403,0.0,0.0,12.89,1.31,0.0
20230725:0503,17.71,4.49,12.51,1.24,0.0
20230725:0603,81.31,16.14,14.02,0.9,0.0
20230725:0703,77.29,26.63,17.27,0.97,0.0
20230725:0803,94.19,35.26,18.57,0.69,0.0
20230725:0903,243.13,41.03,20.25,1.03,0.0
20230725:1003,227.03,42.87,20.54,1.45,0.0
20230725:1103,185.16,40.33,20.74,2.0,0.0
20230725:1203,149.74,34.02,20.89,2.48,0.0
20230725:1303,146.52,25.02,20.81,2.76,0.0
20230725:1403,54.74,14.3,20.34,2.9,0.0
20230725:1503,3.22,2.51,19.58,2.62,0.0
20230725:1603,0.0,0.0,18.59,2.62,0.0
20230725:1703,0.0,0.0,17.77,2.69,0.0
20230725:1803,0.0,0.0,16.72,2.41,0.0
20230725:1903,0.0,0.0,16.2,2.28,0.0
20230725:2003,0.0,0.0,15.52,2.21,0.0
20230725:2103,0.0,0.0,15.25,2.21,0.0
20230725:2203,0.0,0.0,15.16,2.28,0.0
20230725:2303,0.0,0.0,15.39,2.41,0.0
20230726:0003,0.0,0.0,15.18,2.48,0.0
20230726:0103,0.0,0.0,15.24,2.62,0.0
20230726:0203,0.0,0.0,15.45,2.76,0.0
20230726:0303,0.0,0.0,15.06,2.76,0.0
20230726:0403,0.0,0.0,14.9,2.76,0.0
20230726:0503,20.93,4.6,14.54,2.76,0.0
20230726:0603,91.78,16.27,15.76,2.76,0.0
20230726:0703,80.51,26.78,17.71,4.07,0.0
20230726:0803,89.36,35.44,20.02,5.72,0.0
20230726:0903,90.97,41.24,21.96,5.72,0.0
20230726:1003,97.41,43.08,22.77,5.1,0.0
20230726:1103,90.97,40.54,24.02,5.1,0.0
20230726:1203,84.53,34.2,24.52,5.1,0.0
20230726:1303,71.65,25.18,24.46,5.17,0.0
20230726:1403,51.52,14.44,23.65,4.9,0.0
20230726:1503,7.25,2.62,22.12,4.14,0.0
20230726:1603,0.0,0.0,20.31,3.86,0.0
20230726:1703,0.0,0.0,19.03,3.86,0.0
20230726:1803,0.0,0.0,18.04,3.79,0.0
20230726:1903,0.0,0.0,17.51,3.79,0.0
20230726:2003,0.0,0.0,16.96,3.72,0.0
20230726:2103,0.0,0.0,16.54,3.66,0.0
20230726:2203,0.0,0.0,16.22,3.66,0.0
20230726:2303,0.0,0.0,15.91,3.72,0.0
20230727:0003,0.0,0.0,15.61,3.66,0.0
20230727:0103,0.0,0.0,15.24,3.52,0.0
20230727:0203,0.0,0.0,14.86,3.45,0.0
20230727:0303,0.0,0.0,14.45,3.31,0.0
20230727:0403,0.0,0.0,14.02,3.24,0.0
20230727:0503,19.32,4.71,13.66,3.1,0.0
20230727:0603,61.18,16.41,15.09,3.03,0.0
20230727:0703,80.51,26.94,17.61,3.86,0.0
20230727:0803,86.14,35.63,20.13,4.0,0.0
20230727:0903,95.8,41.45,22.43,3.93,0.0
20230727:1003,93.39,43.3,24.31,3.79,0.0
20230727:1103,87.75,40.75,25.65,3.66,0.0
20230727:1203,79.7,34.38,26.44,3.93,0.0
20230727:1303,67.63,25.33,26.6,4.14,0.0
20230727:1403,48.3,14.57,25.9,4.0,0.0
20230727:1503,8.05,2.73,24.09,3.24,0.0
20230727:1603,0.0,0.0,22.04,2.62,0.0
20230727:1703,0.0,0.0,20.6,1.93,0.0
20230727:1803,0.0,0.0,19.0,1.79,0.0
20230727:1903,0.0,0.0,17.8,2.07,0.0
20230727:2003,0.0,0.0,16.87,1.59,0.0
20230727:2103,0.0,0.0,17.07,1.1,0.0
20230727:2203,0.0,0.0,17.33,0.9,0.0
20230727:2303,0.0,0.0,16.78,0.69,0.0
20230728:0003,0.0,0.0,16.07,0.48,0.0
20230728:0103,0.0,0.0,15.09,0.62,0.0
20230728:0203,0.0,0.0,14.27,0.76,0.0
20230728:0303,0.0,0.0,13.51,0.9,0.0
20230728:0403,0.0,0.0,12.81,1.03,0.0
20230728:0503,20.93,4.83,12.48,1.03,0.0
20230728:0603,97.41,16.55,14.13,0.69,0.0
20230728:0703,132.03,27.11,18.4,1.17,0.0
20230728:0803,86.95,35.83,20.94,1.79,0.0
20230728:0903,89.36,41.67,23.2,2.21,0.0
20230728:1003,90.17,43.53,25.17,2.48,0.0
20230728:1103,85.34,40.96,26.66,2.76,0.0
20230728:1203,78.09,34.57,27.52,2.97,0.0
20230728:1303,67.63,25.49,27.72,3.1,0.0
20230728:1403,47.5,14.7,27.08,2.97,0.0
20230728:1503,8.86,2.85,25.16,2.62,0.0
20230728:1603,0.0,0.0,22.75,2.69,0.0
20230728:1703,0.0,0.0,21.07,2.76,0.0
20230728:1803,0.0,0.0,19.78,2.76,0.0
20230728:1903,0.0,0.0,18.84,2.69,0.0
20230728:2003,0.0,0.0,18.12,2.55,0.0
20230728:2103,0.0,0.0,17.53,2.48,0.0
20230728:2203,0.0,0.0,17.01,2.48,0.0
20230728:2303,0.0,0.0,16.48,2.41,0.0
20230729:0003,0.0,0.0,15.98,2.41,0.0
20230729:0103,0.0,0.0,15.44,2.34,0.0
20230729:0203,0.0,0.0,14.87,2.28,0.0
20230729:0303,0.0,0.0,14.32,2.28,0.0
20230729:0403,0.0,0.0,13.91,2.28,0.0
20230729:0503,22.54,4.96,13.66,2.28,0.0
20230729:0603,61.99,16.69,15.89,2.21,0.0
20230729:0703,82.12,27.28,20.16,3.03,0.0
20230729:0803,84.53,36.03,23.06,3.66,0.0
20230729:0903,88.56,41.89,25.46,4.14,0.0
20230729:1003,114.32,43.76,27.38,4.69,0.0
20230729:1103,88.56,41.18,28.62,5.31,0.0
20230729:1203,85.34,34.76,29.04,5.72,0.0
20230729:1303,68.43,25.65,28.54,5.72,0.0
20230729:1403,49.91,14.84,27.28,5.03,0.0
20230729:1503,8.86,2.96,25.27,4.62,0.0
20230729:1603,0.0,0.0,23.2,4.41,0.0
20230729:1703,0.0,0.0,21.92,4.28,0.0
20230729:1803,0.0,0.0,21.11,4.07,0.0
20230729:1903,0.0,0.0,20.67,4.0,0.0
20230729:2003,0.0,0.0,20.35,3.79,0.0
20230729:2103,0.0,0.0,20.1,3.79,0.0
20230729:2203,0.0,0.0,19.91,3.52,0.0
20230729:2303,0.0,0.0,19.6,3.03,0.0
20230730:0003,0.0,0.0,18.99,2.62,0.0
20230730:0103,0.0,0.0,17.8,2.14,0.0
20230730:0203,0.0,0.0,16.37,2.0,0.0
20230730:0303,0.0,0.0,15.09,1.79,0.0
20230730:0403,0.0,0.0,14.34,1.66,0.0
20230730:0503,22.54,5.09,13.49,1.93,0.0
20230730:0603,57.16,16.84,16.66,2.21,0.0
20230730:0703,73.26,27.46,20.66,4.62,0.0
20230730:0803,83.73,36.23,21.91,5.03,0.0
20230730:0903,95.8,42.12,23.29,4.62,0.0
20230730:1003,97.41,44.0,24.52,4.14,0.0
20230730:1103,90.97,41.4,25.23,4.21,0.0
20230730:1203,88.56,34.95,25.1,4.62,0.0
20230730:1303,89.36,25.81,24.07,4.83,0.0
20230730:1403,53.94,14.97,22.4,4.48,0.0
20230730:1503,11.27,3.07,20.67,3.72,0.0
20230730:1603,0.0,0.0,18.91,2.69,0.0
20230730:1703,0.0,0.0,17.59,2.21,0.0
20230730:1803,0.0,0.0,16.52,1.59,0.0
20230730:1903,0.0,0.0,15.38,1.24,0.0
20230730:2003,0.0,0.0,14.73,1.24,0.0
20230730:2103,0.0,0.0,13.68,1.38,0.0
20230730:2203,0.0,0.0,12.81,1.45,0.0
20230730:2303,0.0,0.0,12.38,1.38,0.0
20230731:0003,0.0,0.0,11.96,1.38,0.0
20230731:0103,0.0,0.0,11.62,1.31,0.0
20230731:0203,0.0,0.0,11.65,1.17,0.0
20230731:0303,0.0,0.0,11.69,1.17,0.0
20230731:0403,0.0,0.0,11.38,1.31,0.0
20230731:0503,19.32,5.22,11.17,1.45,0.0
20230731:0603,49.91,17.0,13.74,1.1,0.0
20230731:0703,71.65,27.64,17.51,2.14,0.0
20230731:0803,80.51,36.44,19.35,2.62,0.0
20230731:0903,87.75,42.36,20.29,2.41,0.0
20230731:1003,92.58,44.24,21.56,2.14,0.0
20230731:1103,90.97,41.63,22.53,1.72,0.0
20230731:1203,88.56,35.15,23.11,1.17,0.0
20230731:1303,70.85,25.98,23.17,0.34,0.0
20230731:1403,51.52,15.11,22.84,0.97,0.0
20230731:1503,11.27,3.19,21.55,1.86,0.0
20230731:1603,0.0,0.0,19.21,2.48,0.0
20230731:1703,0.0,0.0,17.49,2.21,0.0
20230731:1803,0.0,0.0,16.28,1.79,0.0
20230731:1903,0.0,0.0,15.06,1.52,0.0
20230731:2003,0.0,0.0,13.92,1.52,0.0
20230731:2103,0.0,0.0,13.18,1.86,0.0
20230731:2203,0.0,0.0,12.95,1.93,0.0
20230731:2303,0.0,0.0,13.23,2.21,0.0
20230801:0003,0.0,0.0,13.42,2.34,0.0
20230801:0103,0.0,0.0,13.43,2.21,0.0
20230801:0203,0.0,0.0,13.44,2.0,0.0
20230801:0303,0.0,0.0,13.38,2.0,0.0
20230801:0403,0.0,0.0,13.17,2.14,0.0
20230801:0503,17.71,5.36,13.21,2.34,0.0
20230801:0603,89.36,17.16,14.65,2.0,0.0
20230801:0703,172.28,27.83,16.69,2.41,0.0
20230801:0803,227.03,36.66,18.69,4.34,0.0
20230801:0903,258.42,42.6,20.0,4.0,0.0
20230801:1003,265.67,44.49,20.87,3.66,0.0
20230801:1103,132.83,41.86,21.46,3.45,0.0
20230801:1203,102.24,35.35,21.65,3.38,0.0
20230801:1303,144.11,26.14,21.35,3.45,0.0
20230801:1403,61.99,15.24,20.67,3.66,0.0
20230801:1503,13.69,3.3,19.12,3.24,0.0
20230801:1603,0.0,0.0,17.23,3.03,0.0
20230801:1703,0.0,0.0,15.96,2.62,0.0
20230801:1803,0.0,0.0,14.98,2.28,0.0
20230801:1903,0.0,0.0,14.22,2.14,0.0
20230801:2003,0.0,0.0,13.42,1.86,0.0
20230801:2103,0.0,0.0,12.49,1.86,0.0
20230801:2203,0.0,0.0,11.49,1.72,0.0
20230801:2303,0.0,0.0,10.92,1.59,0.0
20230802:0003,0.0,0.0,10.42,1.59,0.0
20230802:0103,0.0,0.0,10.2,1.52,0.0
20230802:0203,0.0,0.0,9.76,1.52,0.0
20230802:0303,0.0,0.0,9.79,1.45,0.0
20230802:0403,0.0,0.0,9.26,1.45,0.0
20230802:0503,24.15,5.5,9.05,1.38,0.0
20230802:0603,64.4,17.32,11.87,0.97,0.0
20230802:0703,89.36,28.02,16.2,1.52,0.0
20230802:0803,128.0,36.88,18.03,1.86,0.0
20230802:0903,198.85,42.84,19.4,1.59,0.0
20230802:1003,241.52,44.74,20.21,1.31,0.0
20230802:1103,252.79,42.09,20.94,1.17,0.0
20230802:1203,174.7,35.55,21.22,1.31,0.0
20230802:1303,133.64,26.31,21.05,1.79,0.0
20230802:1403,90.17,15.38,20.36,2.41,0.0
20230802:1503,1.61,3.42,19.03,2.55,0.0
20230802:1603,0.0,0.0,17.33,2.41,0.0
20230802:1703,0.0,0.0,16.01,1.79,0.0
20230802:1803,0.0,0.0,14.9,1.24,0.0
20230802:1903,0.0,0.0,15.43,0.69,0.0
20230802:2003,0.0,0.0,15.15,0.48,0.0
20230802:2103,0.0,0.0,14.13,1.03,0.0
20230802:2203,0.0,0.0,12.68,1.31,0.0
20230802:2303,0.0,0.0,12.08,1.38,0.0
20230803:0003,0.0,0.0,11.84,1.31,0.0
20230803:0103,0.0,0.0,11.81,1.24,0.0
20230803:0203,0.0,0.0,11.59,1.24,0.0
20230803:0303,0.0,0.0,11.68,1.24,0.0
20230803:0403,0.0,0.0,11.71,1.31,0.0
20230803:0503,24.96,5.65,12.07,1.31,0.0
20230803:0603,66.82,17.49,14.14,1.03,0.0
20230803:0703,91.78,28.22,17.5,2.0,0.0
20230803:0803,144.91,37.11,18.93,2.69,0.0
20230803:0903,196.43,43.1,19.9,2.9,0.0
20230803:1003,178.72,45.0,20.87,3.1,0.0
20230803:1103,119.15,42.33,21.65,3.1,0.0
20230803:1203,110.29,35.75,22.3,3.31,0.0
20230803:1303,91.78,26.48,22.4,3.31,0.0
20230803:1403,63.6,15.52,22.02,3.24,0.0
20230803:1503,14.49,3.53,20.84,2.28,0.0
20230803:1603,0.0,0.0,19.03,2.0,0.0
20230803:1703,0.0,0.0,17.53,2.21,0.0
20230803:1803,0.0,0.0,16.23,2.62,0.0
20230803:1903,0.0,0.0,15.38,2.48,0.0
20230803:2003,0.0,0.0,14.53,2.14,0.0
20230803:2103,0.0,0.0,13.7,2.0,0.0
20230803:2203,0.0,0.0,13.11,2.0,0.0
20230803:2303,0.0,0.0,12.69,2.07,0.0
20230804:0003,0.0,0.0,12.39,2.07,0.0
20230804:0103,0.0,0.0,12.04,2.07,0.0
20230804:0203,0.0,0.0,11.87,2.07,0.0
20230804:0303,0.0,0.0,11.51,2.07,0.0
20230804:0403,0.0,0.0,11.09,2.0,0.0
20230804:0503,26.57,5.8,10.94,1.93,0.0
20230804:0603,66.01,17.67,14.17,1.79,0.0
20230804:0703,90.17,28.42,17.67,2.76,0.0
20230804:0803,101.44,37.34,19.82,3.72,0.0
20230804:0903,113.51,43.35,21.63,3.86,0.0
20230804:1003,85.74,45.26,23.17,3.79,0.0
20230804:1103,115.12,42.57,24.24,3.79,0.0
20230804:1203,111.1,35.95,24.8,3.72,0.0
20230804:1303,91.78,26.64,24.83,3.59,0.0
20230804:1403,59.57,15.66,24.29,3.45,0.0
20230804:1503,15.3,3.65,22.74,2.83,0.0
20230804:1603,0.0,0.0,20.42,2.69,0.0
20230804:1703,0.0,0.0,18.69,2.97,0.0
20230804:1803,0.0,0.0,17.32,2.97,0.0
20230804:1903,0.0,0.0,16.5,2.55,0.0
20230804:2003,0.0,0.0,15.6,2.28,0.0
20230804:2103,0.0,0.0,14.65,1.93,0.0
20230804:2203,0.0,0.0,13.69,1.86,0.0
20230804:2303,0.0,0.0,13.03,1.79,0.0
20230805:0003,0.0,0.0,12.59,1.79,0.0
20230805:0103,0.0,0.0,12.26,1.79,0.0
20230805:0203,0.0,0.0,11.99,1.79,0.0
20230805:0303,0.0,0.0,11.81,1.79,0.0
20230805:0403,0.0,0.0,11.72,1.72,0.0
20230805:0503,26.57,5.96,11.83,1.59,0.0
20230805:0603,65.21,17.85,14.25,1.38,0.0
20230805:0703,96.61,28.62,18.28,1.93,0.0
20230805:0803,226.22,37.58,20.49,2.83,0.0
20230805:0903,253.09,43.61,22.11,3.03,0.0
20230805:1003,254.9,45.53,23.25,2.97,0.0
20230805:1103,265.67,42.81,24.08,2.9,0.0
20230805:1203,215.76,36.16,24.51,2.76,0.0
20230805:1303,162.62,26.81,24.36,2.62,0.0
20230805:1403,66.01,15.8,23.66,2.69,0.0
20230805:1503,16.1,3.76,22.15,2.48,0.0
20230805:1603,0.0,0.0,19.88,2.48,0.0
20230805:1703,0.0,0.0,18.31,2.28,0.0
20230805:1803,0.0,0.0,17.17,1.86,0.0
20230805:1903,0.0,0.0,16.23,1.59,0.0
20230805:2003,0.0,0.0,15.49,1.24,0.0
20230805:2103,0.0,0.0,15.59,1.1,0.0
20230805:2203,0.0,0.0,14.88,1.17,0.0
20230805:2303,0.0,0.0,14.1,1.38,0.0
20230806:0003,0.0,0.0,13.83,1.38,0.0
20230806:0103,0.0,0.0,13.74,1.31,0.0
20230806:0203,0.0,0.0,13.59,1.31,0.0
20230806:0303,0.0,0.0,13.2,1.38,0.0
20230806:0403,0.0,0.0,12.82,1.38,0.0
20230806:0503,26.57,6.12,12.28,1.52,0.0
20230806:0603,66.01,18.03,14.82,1.1,0.0
20230806:0703,90.97,28.84,18.68,2.07,0.0
20230806:0803,121.56,37.82,20.82,2.97,0.0
20230806:0903,132.03,43.88,22.55,2.97,0.0
20230806:1003,121.45,45.8,23.82,2.9,0.0
20230806:1103,85.0,43.06,24.72,2.76,0.0
20230806:1203,111.9,36.37,25.15,2.76,0.0
20230806:1303,92.58,26.98,25.34,2.69,0.0
20230806:1403,64.4,15.94,24.93,2.55,0.0
20230806:1503,16.91,3.88,23.48,2.07,0.0
20230806:1603,0.0,0.0,21.29,2.21,0.0
20230806:1703,0.0,0.0,19.44,2.28,0.0
20230806:1803,0.0,0.0,17.94,2.28,0.0
20230806:1903,0.0,0.0,16.72,1.79,0.0
20230806:2003,0.0,0.0,15.3,1.52,0.0
20230806:2103,0.0,0.0,14.35,1.52,0.0
20230806:2203,0.0,0.0,13.79,1.52,0.0
20230806:2303,0.0,0.0,13.31,1.52,0.0
20230807:0003,0.0,0.0,13.13,1.45,0.0
20230807:0103,0.0,0.0,12.78,1.52,0.0
20230807:0203,0.0,0.0,12.3,1.59,0.0
20230807:0303,0.0,0.0,11.74,1.66,0.0
20230807:0403,0.0,0.0,11.32,1.66,0.0
20230807:0503,28.18,6.29,11.08,1.59,0.0
20230807:0603,70.85,18.22,13.98,1.1,0.0
20230807:0703,96.61,29.05,18.44,1.24,0.0
20230807:0803,107.88,38.07,21.13,1.38,0.0
20230807:0903,92.89,44.15,23.26,0.76,0.0
20230807:1003,99.16,46.07,24.88,0.41,0.0
20230807:1103,89.14,43.31,26.09,1.79,0.0
20230807:1203,111.9,36.58,26.47,2.62,0.0
20230807:1303,91.78,27.16,25.98,3.03,0.0
20230807:1403,66.01,16.08,24.69,3.24,0.0
20230807:1503,17.71,3.99,22.62,2.69,0.0
20230807:1603,0.0,0.0,20.07,2.28,0.0
20230807:1703,0.0,0.0,18.5,1.72,0.0
20230807:1803,0.0,0.0,17.21,1.17,0.0
20230807:1903,0.0,0.0,16.78,0.76,0.0
20230807:2003,0.0,0.0,16.27,0.9,0.0
20230807:2103,0.0,0.0,14.74,1.17,0.0
20230807:2203,0.0,0.0,14.15,1.17,0.0
20230807:2303,0.0,0.0,13.97,1.1,0.0
20230808:0003,0.0,0.0,13.97,1.03,0.0
20230808:0103,0.0,0.0,14.19,0.97,0.0
20230808:0203,0.0,0.0,13.63,1.03,0.0
20230808:0303,0.0,0.0,13.32,1.1,0.0
20230808:0403,0.0,0.0,12.72,1.17,0.0
20230808:0503,32.2,6.46,12.23,1.24,0.0
20230808:0603,79.7,18.41,15.01,0.76,0.0
20230808:0703,102.24,29.27,18.33,1.31,0.0
20230808:0803,114.32,38.32,20.54,1.59,0.0
20230808:0903,101.77,44.43,22.72,1.72,0.0
20230808:1003,106.78,46.35,24.6,1.79,0.0
20230808:1103,91.72,43.56,26.06,1.86,0.0
20230808:1203,108.68,36.79,26.98,2.07,0.0
20230808:1303,92.58,27.33,27.17,2.28,0.0
20230808:1403,66.82,16.22,26.49,2.55,0.0
20230808:1503,17.71,4.11,24.59,2.41,0.0
20230808:1603,0.0,0.0,21.85,2.21,0.0
20230808:1703,0.0,0.0,19.99,1.79,0.0
20230808:1803,0.0,0.0,18.37,1.52,0.0
20230808:1903,0.0,0.0,16.69,1.24,0.0
20230808:2003,0.0,0.0,15.84,1.24,0.0
20230808:2103,0.0,0.0,15.04,1.31,0.0
20230808:2203,0.0,0.0,15.8,0.76,0.0
20230808:2303,0.0,0.0,13.16,1.66,0.0
20230809:0003,0.0,0.0,12.59,1.79,0.0
20230809:0103,0.0,0.0,12.87,1.66,0.0
20230809:0203,0.0,0.0,13.02,1.66,0.0
20230809:0303,0.0,0.0,13.57,1.72,0.0
20230809:0403,0.0,0.0,14.5,1.86,0.0
20230809:0503,20.93,6.63,15.6,2.14,0.0
20230809:0603,79.7,18.61,16.98,2.07,0.0
20230809:0703,100.63,29.5,18.33,3.03,0.0
20230809:0803,172.28,38.57,19.17,4.0,0.0
20230809:0903,130.54,44.71,20.35,4.83,0.0
20230809:1003,264.51,46.64,21.4,4.69,0.0
20230809:1103,256.51,43.81,21.65,4.48,0.0
20230809:1203,108.68,37.0,22.01,4.28,0.0
20230809:1303,161.82,27.5,22.14,3.93,0.0
20230809:1403,78.09,16.36,21.95,3.72,0.0
20230809:1503,17.71,4.22,21.1,3.24,0.0
20230809:1603,0.0,0.0,20.2,3.03,0.0
20230809:1703,0.0,0.0,19.54,3.1,0.0
20230809:1803,0.0,0.0,19.03,3.03,0.0
20230809:1903,0.0,0.0,18.73,2.83,0.0
20230809:2003,0.0,0.0,18.1,2.48,0.0
20230809:2103,0.0,0.0,17.64,2.34,0.0
20230809:2203,0.0,0.0,17.31,2.21,0.0
20230809:2303,0.0,0.0,17.02,2.0,0.0
20230810:0003,0.0,0.0,16.4,1.86,0.0
20230810:0103,0.0,0.0,16.04,1.79,0.0
20230810:0203,0.0,0.0,16.11,1.79,0.0
20230810:0303,0.0,0.0,15.55,1.79,0.0
20230810:0403,0.0,0.0,15.8,1.66,0.0
20230810:0503,30.59,6.81,15.92,1.59,0.0
20230810:0603,109.49,18.81,17.35,1.93,0.0
20230810:0703,112.71,29.73,18.87,2.97,0.0
20230810:0803,222.2,38.84,19.64,2.55,0.0
20230810:0903,185.23,45.0,20.72,2.28,0.0
20230810:1003,199.34,46.92,21.59,2.0,0.0
20230810:1103,253.0,44.07,22.12,1.86,0.0
20230810:1203,117.54,37.22,22.34,2.07,0.0
20230810:1303,137.67,27.67,22.44,2.21,0.0
20230810:1403,81.31,16.5,21.63,2.83,0.0
20230810:1503,20.13,4.34,20.11,2.76,0.0
20230810:1603,0.0,0.0,18.23,2.55,0.0
20230810:1703,0.0,0.0,16.92,2.07,0.0
20230810:1803,0.0,0.0,16.06,1.52,0.0
20230810:1903,0.0,0.0,15.66,1.31,0.0
20230810:2003,0.0,0.0,15.72,0.76,0.0
20230810:2103,0.0,0.0,15.86,0.55,0.0
20230810:2203,0.0,0.0,15.84,0.83,0.0
20230810:2303,0.0,0.0,16.14,1.03,0.0
20230811:0003,0.0,0.0,16.09,1.1,0.0
20230811:0103,0.0,0.0,16.0,1.31,0.0
20230811:0203,0.0,0.0,15.97,1.31,0.0
20230811:0303,0.0,0.0,15.92,1.38,0.0
20230811:0403,0.0,0.0,15.85,1.38,0.0
20230811:0503,35.42,6.99,15.74,1.38,0.0
20230811:0603,114.32,19.02,16.39,2.07,0.0
20230811:0703,186.77,29.96,17.52,2.48,0.0
20230811:0803,180.06,39.1,18.8,2.34,0.0
20230811:0903,173.28,45.29,20.13,2.34,0.0
20230811:1003,120.6,47.22,21.49,2.41,0.0
20230811:1103,111.64,44.33,22.58,2.76,0.0
20230811:1203,116.73,37.43,23.23,2.97,0.0
20230811:1303,97.41,27.85,23.18,3.24,0.0
20230811:1403,67.63,16.64,22.48,3.38,0.0
20230811:1503,19.32,4.45,21.02,2.97,0.0
20230811:1603,0.0,0.0,18.83,2.83,0.0
20230811:1703,0.0,0.0,17.3,2.76,0.0
20230811:1803,0.0,0.0,16.19,2.48,0.0
20230811:1903,0.0,0.0,15.51,2.14,0.0
20230811:2003,0.0,0.0,14.52,1.86,0.0
20230811:2103,0.0,0.0,13.41,1.79,0.0
20230811:2203,0.0,0.0,12.45,1.79,0.0
20230811:2303,0.0,0.0,11.79,1.79,0.0
20230812:0003,0.0,0.0,11.36,1.86,0.0
20230812:0103,0.0,0.0,11.05,1.86,0.0
20230812:0203,0.0,0.0,10.8,1.79,0.0
20230812:0303,0.0,0.0,10.66,1.72,0.0
20230812:0403,0.0,0.0,10.44,1.79,0.0
20230812:0503,32.2,7.18,10.53,1.79,0.0
20230812:0603,71.65,19.23,14.31,1.79,0.0
20230812:0703,97.41,30.2,17.76,2.55,0.0
20230812:0803,87.68,39.37,20.17,3.31,0.0
20230812:0903,117.77,45.59,22.01,3.52,0.0
20230812:1003,123.79,47.51,23.47,3.38,0.0
20230812:1103,113.43,44.6,24.58,3.24,0.0
20230812:1203,84.68,37.65,25.29,3.1,0.0
20230812:1303,97.41,28.02,25.41,3.03,0.0
20230812:1403,67.63,16.78,24.9,3.03,0.0
20230812:1503,20.13,4.57,23.39,2.69,0.0
20230812:1603,0.0,0.0,20.87,2.69,0.0
20230812:1703,0.0,0.0,19.06,2.62,0.0
20230812:1803,0.0,0.0,17.69,2.34,0.0
20230812:1903,0.0,0.0,16.68,2.28,0.0
20230812:2003,0.0,0.0,15.61,2.14,0.0
20230812:2103,0.0,0.0,14.7,2.07,0.0
20230812:2203,0.0,0.0,13.9,2.07,0.0
20230812:2303,0.0,0.0,13.24,2.0,0.0
20230813:0003,0.0,0.0,12.67,1.93,0.0
20230813:0103,0.0,0.0,12.27,1.93,0.0
20230813:0203,0.0,0.0,12.0,2.0,0.0
20230813:0303,0.0,0.0,11.8,2.07,0.0
20230813:0403,0.0,0.0,11.65,2.07,0.0
20230813:0503,33.81,7.37,11.78,2.0,0.0
20230813:0603,74.87,19.44,15.2,2.07,0.0
20230813:0703,99.83,30.45,18.14,3.24,0.0
20230813:0803,92.54,39.65,20.76,3.52,0.0
20230813:0903,122.69,45.89,23.17,3.72,0.0
20230813:1003,129.27,47.81,25.13,3.59,0.0
20230813:1103,118.77,44.86,26.62,3.45,0.0
20230813:1203,86.43,37.87,27.51,3.45,0.0
20230813:1303,95.8,28.2,27.74,3.52,0.0
20230813:1403,66.82,16.91,27.17,3.52,0.0
20230813:1503,20.93,4.68,25.5,2.97,0.0
20230813:1603,0.0,0.0,22.84,2.83,0.0
20230813:1703,0.0,0.0,20.89,2.83,0.0
20230813:1803,0.0,0.0,19.37,2.62,0.0
20230813:1903,0.0,0.0,18.38,2.62,0.0
20230813:2003,0.0,0.0,17.44,2.48,0.0
20230813:2103,0.0,0.0,16.68,2.34,0.0
20230813:2203,0.0,0.0,16.05,2.28,0.0
20230813:2303,0.0,0.0,15.57,2.21,0.0
20230814:0003,0.0,0.0,15.08,2.07,0.0
20230814:0103,0.0,0.0,14.6,2.07,0.0
20230814:0203,0.0,0.0,14.18,2.14,0.0
20230814:0303,0.0,0.0,13.84,2.21,0.0
20230814:0403,0.0,0.0,13.52,2.28,0.0
20230814:0503,37.84,7.57,13.53,2.21,0.0
20230814:0603,84.53,19.66,16.58,2.34,0.0
20230814:0703,109.49,30.69,20.07,3.24,0.0
20230814:0803,103.48,39.93,23.14,3.79,0.0
20230814:0903,131.68,46.19,25.95,4.0,0.0
20230814:1003,134.87,48.11,28.34,4.21,0.0
20230814:1103,119.81,45.13,30.11,4.14,0.0
20230814:1203,85.89,38.09,31.21,4.07,0.0
20230814:1303,94.19,28.37,31.55,4.0,0.0
20230814:1403,69.24,17.05,31.03,3.93,0.0
20230814:1503,21.74,4.79,29.14,3.38,0.0
20230814:1603,0.0,0.0,26.47,3.1,0.0
20230814:1703,0.0,0.0,24.68,2.21,0.0
20230814:1803,0.0,0.0,23.06,0.34,0.0
20230814:1903,0.0,0.0,20.68,2.55,0.0
20230814:2003,0.0,0.0,19.23,3.03,0.0
20230814:2103,0.0,0.0,18.35,3.1,0.0
20230814:2203,0.0,0.0,17.8,3.17,0.0
20230814:2303,0.0,0.0,17.68,3.45,0.0
20230815:0003,0.0,0.0,18.01,3.24,0.0
20230815:0103,0.0,0.0,18.24,3.38,0.0
20230815:0203,0.0,0.0,18.38,3.38,0.0
20230815:0303,0.0,0.0,18.33,3.24,0.0
20230815:0403,0.0,0.0,18.27,3.03,0.0
20230815:0503,28.98,7.77,18.34,2.97,0.0
20230815:0603,102.24,19.88,19.09,4.48,0.0
20230815:0703,189.99,30.94,20.12,4.55,0.0
20230815:0803,205.93,40.21,20.98,4.76,0.0
20230815:0903,240.45,46.5,20.63,4.55,0.0
20230815:1003,209.02,48.42,20.17,4.62,0.0
20230815:1103,247.14,45.4,19.86,4.62,0.0
20230815:1203,106.73,38.31,19.7,4.76,0.0
20230815:1303,70.85,28.55,19.39,4.83,0.0
20230815:1403,55.55,17.19,18.76,4.55,0.0
20230815:1503,15.3,4.91,18.15,4.07,0.0
20230815:1603,0.0,0.0,17.57,3.59,0.0
20230815:1703,0.0,0.0,17.01,3.38,0.0
20230815:1803,0.0,0.0,16.66,3.38,0.0
20230815:1903,0.0,0.0,16.56,3.59,0.0
20230815:2003,0.0,0.0,16.29,3.17,0.0
20230815:2103,0.0,0.0,16.02,2.9,0.0
20230815:2203,0.0,0.0,15.65,2.62,0.0
20230815:2303,0.0,0.0,15.7,2.62,0.0
20230816:0003,0.0,0.0,15.4,2.41,0.0
20230816:0103,0.0,0.0,15.12,2.21,0.0
20230816:0203,0.0,0.0,14.75,1.86,0.0
20230816:0303,0.0,0.0,14.28,1.59,0.0
20230816:0403,0.0,0.0,13.71,1.31,0.0
20230816:0503,33.01,7.97,13.63,1.1,0.0
20230816:0603,92.58,20.11,15.62,1.24,0.0
20230816:0703,180.33,31.2,17.64,1.38,0.0
20230816:0803,261.92,40.5,18.45,0.83,0.0
20230816:0903,279.09,46.81,19.82,1.17,0.0
20230816:1003,286.94,48.73,20.61,1.93,0.0
20230816:1103,294.2,45.68,20.95,2.55,0.0
20230816:1203,248.5,38.53,21.45,2.9,0.0
20230816:1303,142.5,28.72,21.51,3.17,0.0
20230816:1403,70.04,17.33,21.62,3.38,0.0
20230816:1503,23.35,5.02,20.88,2.9,0.0
20230816:1603,0.0,0.0,19.4,2.69,0.0
20230816:1703,0.0,0.0,18.15,2.76,0.0
20230816:1803,0.0,0.0,17.25,2.76,0.0
20230816:1903,0.0,0.0,16.91,2.69,0.0
20230816:2003,0.0,0.0,16.27,2.76,0.0
20230816:2103,0.0,0.0,15.9,2.76,0.0
20230816:2203,0.0,0.0,15.41,2.69,0.0
20230816:2303,0.0,0.0,15.24,2.62,0.0
20230817:0003,0.0,0.0,14.98,2.55,0.0
20230817:0103,0.0,0.0,14.76,2.69,0.0
20230817:0203,0.0,0.0,14.69,2.76,0.0
20230817:0303,0.0,0.0,14.63,2.76,0.0
20230817:0403,0.0,0.0,14.48,2.76,0.0
20230817:0503,39.45,8.18,14.73,2.83,0.0
20230817:0603,93.39,20.34,16.25,3.59,0.0
20230817:0703,130.42,31.46,18.37,4.55,0.0
20230817:0803,136.57,40.79,21.41,5.24,0.0
20230817:0903,183.35,47.13,22.52,4.69,0.0
20230817:1003,251.78,49.05,24.79,4.83,0.0
20230817:1103,208.45,45.95,26.34,4.97,0.0
20230817:1203,120.28,38.75,27.32,4.97,0.0
20230817:1303,173.89,28.9,27.56,4.97,0.0
20230817:1403,102.24,17.47,27.2,4.76,0.0
20230817:1503,16.91,5.13,25.89,4.0,0.0
20230817:1603,0.0,0.0,24.06,3.86,0.0
20230817:1703,0.0,0.0,22.7,3.93,0.0
20230817:1803,0.0,0.0,21.57,3.86,0.0
20230817:1903,0.0,0.0,20.88,3.86,0.0
20230817:2003,0.0,0.0,20.5,3.93,0.0
20230817:2103,0.0,0.0,20.25,3.86,0.0
20230817:2203,0.0,0.0,19.98,3.66,0.0
20230817:2303,0.0,0.0,19.49,3.45,0.0
20230818:0003,0.0,0.0,18.85,3.17,0.0
20230818:0103,0.0,0.0,18.12,2.9,0.0
20230818:0203,0.0,0.0,17.39,2.83,0.0
20230818:0303,0.0,0.0,16.59,2.21,0.0
20230818:0403,0.0,0.0,16.47,0.55,0.0
20230818:0503,42.67,8.39,14.62,1.45,0.0
20230818:0603,92.58,20.57,18.27,1.72,0.0
20230818:0703,143.3,31.72,21.15,3.24,0.0
20230818:0803,131.12,41.09,22.94,3.45,0.0
20230818:0903,171.21,47.45,24.34,3.38,0.0
20230818:1003,158.1,49.36,25.31,3.38,0.0
20230818:1103,165.36,46.23,25.71,3.45,0.0
20230818:1203,232.11,38.98,25.48,3.86,0.0
20230818:1303,165.84,29.07,24.45,4.34,0.0
20230818:1403,90.97,17.61,22.73,4.62,0.0
20230818:1503,24.96,5.24,21.1,4.69,0.0
20230818:1603,0.0,0.0,19.91,4.0,0.0
20230818:1703,0.0,0.0,19.12,3.17,0.0
20230818:1803,0.0,0.0,18.64,3.1,0.0
20230818:1903,0.0,0.0,18.46,3.31,0.0
20230818:2003,0.0,0.0,18.35,2.62,0.0
20230818:2103,0.0,0.0,18.02,2.41,0.0
20230818:2203,0.0,0.0,17.6,2.0,0.0
20230818:2303,0.0,0.0,17.17,1.66,0.0
20230819:0003,0.0,0.0,16.86,1.45,0.0
20230819:0103,0.0,0.0,16.7,1.38,0.0
20230819:0203,0.0,0.0,16.18,1.38,0.0
20230819:0303,0.0,0.0,15.84,1.31,0.0
20230819:0403,0.0,0.0,15.42,1.17,0.0
20230819:0503,33.01,8.6,15.46,1.03,0.0
20230819:0603,95.8,20.81,17.77,1.03,0.0
20230819:0703,194.83,31.99,19.32,1.45,0.0
20230819:0803,247.81,41.39,20.7,1.79,0.0
20230819:0903,287.91,47.78,22.02,2.0,0.0
20230819:1003,292.81,49.68,22.93,2.41,0.0
20230819:1103,278.29,46.51,23.26,2.76,0.0
20230819:1203,228.01,39.2,23.56,3.24,0.0
20230819:1303,180.33,29.25,23.53,3.59,0.0
20230819:1403,91.78,17.75,23.44,3.86,0.0
20230819:1503,4.83,5.35,22.28,3.52,0.0
20230819:1603,0.0,0.0,20.36,3.86,0.0
20230819:1703,0.0,0.0,18.93,3.79,0.0
20230819:1803,0.0,0.0,18.08,3.66,0.0
20230819:1903,0.0,0.0,17.4,3.17,0.0
20230819:2003,0.0,0.0,16.91,2.76,0.0
20230819:2103,0.0,0.0,16.44,2.07,0.0
20230819:2203,0.0,0.0,16.08,1.31,0.0
20230819:2303,0.0,0.0,16.26,0.62,0.0
20230820:0003,0.0,0.0,16.76,0.34,0.0
20230820:0103,0.0,0.0,16.44,1.24,0.0
20230820:0203,0.0,0.0,16.34,1.93,0.0
20230820:0303,0.0,0.0,16.26,1.52,0.0
20230820:0403,0.0,0.0,16.37,1.17,0.0
20230820:0503,44.28,8.82,16.45,0.48,0.0
20230820:0603,79.7,21.05,17.63,0.48,0.0
20230820:0703,84.43,32.26,19.78,0.97,0.0
20230820:0803,128.03,41.69,22.27,1.31,0.0
20230820:0903,158.61,48.11,24.48,2.14,0.0
20230820:1003,175.03,50.01,25.94,2.76,0.0
20230820:1103,195.38,46.79,26.6,3.24,0.0
20230820:1203,246.6,39.42,26.42,3.45,0.0
20230820:1303,122.37,29.42,25.55,3.59,0.0
20230820:1403,95.8,17.88,24.36,3.52,0.0
20230820:1503,24.96,5.46,22.66,3.24,0.0
20230820:1603,0.0,0.0,21.01,2.97,0.0
20230820:1703,0.0,0.0,19.45,2.48,0.0
20230820:1803,0.0,0.0,18.54,1.38,0.0
20230820:1903,0.0,0.0,18.38,0.97,0.0
20230820:2003,0.0,0.0,18.31,1.31,0.0
20230820:2103,0.0,0.0,17.69,1.45,0.0
20230820:2203,0.0,0.0,17.76,1.66,0.0
20230820:2303,0.0,0.0,17.85,1.86,0.0
20230821:0003,0.0,0.0,18.05,2.14,0.0
20230821:0103,0.0,0.0,18.24,2.55,0.0
20230821:0203,0.0,0.0,18.34,2.83,0.0
20230821:0303,0.0,0.0,18.15,2.83,0.0
20230821:0403,0.0,0.0,17.74,2.83,0.0
20230821:0503,43.47,9.04,17.72,2.76,0.0
20230821:0603,96.61,21.3,19.12,3.79,0.0
20230821:0703,101.05,32.53,21.42,4.83,0.0
20230821:0803,136.49,42.0,23.88,5.1,0.0
20230821:0903,164.14,48.44,26.44,5.17,0.0
20230821:1003,172.39,50.33,29.01,5.03,0.0
20230821:1103,156.44,47.07,31.07,5.03,0.0
20230821:1203,121.97,39.65,32.26,5.17,0.0
20230821:1303,93.39,29.59,32.67,5.1,0.0
20230821:1403,74.07,18.02,32.31,4.55,0.0
20230821:1503,25.76,5.57,30.98,3.59,0.0
20230821:1603,0.0,0.0,28.59,2.97,0.0
20230821:1703,0.0,0.0,26.75,2.76,0.0
20230821:1803,0.0,0.0,25.18,2.55,0.0
20230821:1903,0.0,0.0,24.01,2.41,0.0
20230821:2003,0.0,0.0,23.52,0.55,0.0
20230821:2103,0.0,0.0,21.76,3.1,0.0
20230821:2203,0.0,0.0,20.79,3.72,0.0
20230821:2303,0.0,0.0,19.84,3.38,0.0
20230822:0003,0.0,0.0,19.12,2.76,0.0
20230822:0103,0.0,0.0,18.4,2.55,0.0
20230822:0203,0.0,0.0,17.65,2.69,0.0
20230822:0303,0.0,0.0,17.09,2.83,0.0
20230822:0403,0.0,0.0,16.44,2.69,0.0
20230822:0503,41.06,9.27,16.44,2.41,0.0
20230822:0603,88.56,21.54,18.74,2.76,0.0
20230822:0703,100.14,32.81,21.19,2.76,0.0
20230822:0803,140.26,42.31,23.32,2.07,0.0
20230822:0903,171.73,48.78,25.24,1.03,0.0
20230822:1003,179.97,50.66,26.86,1.03,0.0
20230822:1103,163.36,47.35,28.12,1.86,0.0
20230822:1203,128.54,39.87,28.69,2.62,0.0
20230822:1303,76.06,29.77,28.35,2.9,0.0
20230822:1403,72.46,18.16,27.3,3.45,0.0
20230822:1503,26.57,5.68,25.32,3.1,0.0
20230822:1603,0.0,0.0,22.83,2.9,0.0
20230822:1703,0.0,0.0,21.14,2.28,0.0
20230822:1803,0.0,0.0,20.17,1.45,0.0
20230822:1903,0.0,0.0,19.19,0.69,0.0
20230822:2003,0.0,0.0,19.31,0.14,0.0
20230822:2103,0.0,0.0,18.98,0.34,0.0
20230822:2203,0.0,0.0,18.3,0.9,0.0
20230822:2303,0.0,0.0,17.15,1.31,0.0
20230823:0003,0.0,0.0,16.42,1.45,0.0
20230823:0103,0.0,0.0,15.89,1.52,0.0
20230823:0203,0.0,0.0,15.61,1.45,0.0
20230823:0303,0.0,0.0,15.49,1.52,0.0
20230823:0403,0.0,0.0,15.22,1.45,0.0
20230823:0503,50.72,9.5,15.85,1.52,0.0
20230823:0603,129.61,21.79,18.5,1.52,0.0
20230823:0703,189.57,33.09,22.08,1.79,0.0
20230823:0803,219.74,42.63,26.36,1.72,0.0
20230823:0903,180.04,49.12,29.96,1.66,0.0
20230823:1003,183.86,51.0,32.66,1.31,0.0
20230823:1103,165.84,47.64,34.3,0.83,0.0
20230823:1203,132.03,40.1,34.98,1.45,0.0
20230823:1303,77.66,29.94,33.81,3.66,0.0
20230823:1403,71.65,18.29,28.98,6.14,0.0
20230823:1503,26.57,5.79,24.09,5.79,0.0
20230823:1603,0.0,0.0,22.39,4.83,0.0
20230823:1703,0.0,0.0,21.28,4.48,0.0
20230823:1803,0.0,0.0,20.42,4.34,0.0
20230823:1903,0.0,0.0,19.65,4.14,0.0
20230823:2003,0.0,0.0,19.07,4.48,0.0
20230823:2103,0.0,0.0,18.65,4.28,0.0
20230823:2203,0.0,0.0,18.3,4.07,0.0
20230823:2303,0.0,0.0,18.1,3.93,0.0
20230824:0003,0.0,0.0,17.9,3.79,0.0
20230824:0103,0.0,0.0,17.69,3.52,0.0
20230824:0203,0.0,0.0,17.44,3.03,0.0
20230824:0303,0.0,0.0,17.44,2.76,0.0
20230824:0403,0.0,0.0,17.25,2.48,0.0
20230824:0503,50.72,9.73,17.64,2.07,0.0
20230824:0603,108.68,22.05,18.66,3.17,0.0
20230824:0703,150.34,33.38,19.98,3.59,0.0
20230824:0803,282.14,42.95,20.6,3.24,0.0
20230824:0903,200.22,49.46,20.38,3.03,0.0
20230824:1003,315.89,51.33,20.61,3.17,0.0
20230824:1103,273.8,47.92,20.88,3.03,0.0
20230824:1203,194.03,40.32,20.55,2.9,0.0
20230824:1303,140.16,30.11,21.1,2.62,0.0
20230824:1403,89.36,18.43,21.07,2.34,0.0
20230824:1503,28.98,5.9,20.52,2.07,0.0
20230824:1603,0.0,0.0,19.9,2.28,0.0
20230824:1703,0.0,0.0,19.32,2.55,0.0
20230824:1803,0.0,0.0,18.65,2.48,0.0
20230824:1903,0.0,0.0,18.33,2.07,0.0
20230824:2003,0.0,0.0,18.37,2.0,0.0
20230824:2103,0.0,0.0,18.26,1.59,0.0
20230824:2203,0.0,0.0,18.09,1.52,0.0
20230824:2303,0.0,0.0,18.05,1.66,0.0
20230825:0003,0.0,0.0,18.01,1.86,0.0
20230825:0103,0.0,0.0,18.11,1.93,0.0
20230825:0203,0.0,0.0,18.1,2.07,0.0
20230825:0303,0.0,0.0,17.75,2.21,0.0
20230825:0403,0.0,0.0,17.24,2.34,0.0
20230825:0503,44.28,9.96,17.42,2.41,0.0
20230825:0603,134.45,22.31,19.77,3.31,0.0
20230825:0703,150.37,33.66,22.32,4.62,0.0
20230825:0803,220.78,43.27,24.66,5.45,0.0
20230825:0903,293.78,49.81,27.08,6.07,0.0
20230825:1003,320.25,51.67,29.14,6.55,0.0
20230825:1103,314.89,48.21,30.72,6.9,0.0
20230825:1203,167.05,40.55,31.65,7.17,0.0
20230825:1303,82.33,30.29,31.89,7.17,0.0
20230825:1403,109.49,18.56,31.54,6.69,0.0
20230825:1503,24.15,6.01,30.41,5.79,0.0
20230825:1603,0.0,0.0,28.75,5.45,0.0
20230825:1703,0.0,0.0,27.68,5.52,0.0
20230825:1803,0.0,0.0,27.0,5.38,0.0
20230825:1903,0.0,0.0,26.3,5.45,0.0
20230825:2003,0.0,0.0,25.98,5.31,0.0
20230825:2103,0.0,0.0,25.79,5.24,0.0
20230825:2203,0.0,0.0,25.37,5.31,0.0
20230825:2303,0.0,0.0,25.09,5.03,0.0
20230826:0003,0.0,0.0,24.65,4.0,0.0
20230826:0103,0.0,0.0,23.8,2.9,0.0
20230826:0203,0.0,0.0,22.38,1.93,0.0
20230826:0303,0.0,0.0,20.26,1.38,0.0
20230826:0403,0.0,0.0,19.15,3.59,0.0
20230826:0503,45.89,10.2,18.39,3.86,0.0
20230826:0603,93.39,22.57,19.51,3.86,0.0
20230826:0703,119.29,33.95,21.81,4.07,0.0
20230826:0803,176.71,43.59,23.81,4.21,0.0
20230826:0903,201.13,50.16,25.1,4.14,0.0
20230826:1003,254.49,52.01,25.79,4.0,0.0
20230826:1103,196.72,48.5,25.95,4.14,0.0
20230826:1203,268.26,40.77,24.55,4.9,0.0
20230826:1303,197.08,30.46,22.8,6.0,0.0
20230826:1403,45.08,18.69,20.95,6.28,0.0
20230826:1503,11.27,6.12,19.8,6.07,0.0
20230826:1603,0.0,0.0,18.78,5.59,0.0
20230826:1703,0.0,0.0,18.22,5.24,0.0
20230826:1803,0.0,0.0,17.99,4.9,0.0
20230826:1903,0.0,0.0,17.83,3.72,0.0
20230826:2003,0.0,0.0,17.71,2.55,0.0
20230826:2103,0.0,0.0,17.56,2.62,0.0
20230826:2203,0.0,0.0,17.16,2.97,0.0
20230826:2303,0.0,0.0,16.71,3.31,0.0
20230827:0003,0.0,0.0,16.23,3.45,0.0
20230827:0103,0.0,0.0,15.84,3.31,0.0
20230827:0203,0.0,0.0,15.37,3.1,0.0
20230827:0303,0.0,0.0,15.06,3.1,0.0
20230827:0403,0.0,0.0,14.89,3.1,0.0
20230827:0503,43.47,10.44,14.97,2.69,0.0
20230827:0603,74.87,22.83,16.38,4.07,0.0
20230827:0703,115.36,34.25,18.54,4.76,0.0
20230827:0803,166.24,43.92,20.22,4.69,0.0
20230827:0903,198.41,50.52,21.76,4.55,0.0
20230827:1003,206.66,52.35,22.7,4.41,0.0
20230827:1103,194.03,48.79,23.0,4.21,0.0
20230827:1203,170.91,40.99,23.0,4.28,0.0
20230827:1303,104.59,30.63,22.71,4.34,0.0
20230827:1403,80.51,18.83,21.63,4.55,0.0
20230827:1503,28.18,6.22,19.93,4.21,0.0
20230827:1603,0.0,0.0,18.2,3.72,0.0
20230827:1703,0.0,0.0,17.0,3.17,0.0
20230827:1803,0.0,0.0,16.37,2.55,0.0
20230827:1903,0.0,0.0,15.8,2.0,0.0
20230827:2003,0.0,0.0,15.12,1.72,0.0
20230827:2103,0.0,0.0,14.4,1.59,0.0
20230827:2203,0.0,0.0,13.55,1.52,0.0
20230827:2303,0.0,0.0,12.88,1.38,0.0
20230828:0003,0.0,0.0,12.58,1.31,0.0
20230828:0103,0.0,0.0,12.31,1.31,0.0
20230828:0203,0.0,0.0,11.96,1.24,0.0
20230828:0303,0.0,0.0,11.94,1.17,0.0
20230828:0403,0.0,0.0,11.46,1.24,0.0
20230828:0503,47.5,10.68,11.88,1.1,0.0
20230828:0603,75.68,23.09,15.82,0.97,0.0
20230828:0703,123.01,34.54,18.45,1.31,0.0
20230828:0803,171.1,44.25,20.17,1.31,0.0
20230828:0903,222.88,50.87,21.38,1.66,0.0
20230828:1003,337.4,52.7,21.74,2.07,0.0
20230828:1103,320.53,49.08,22.26,2.48,0.0
20230828:1203,224.29,41.22,22.31,2.69,0.0
20230828:1303,198.94,30.8,22.12,2.62,0.0
20230828:1403,107.07,18.96,21.67,2.62,0.0
20230828:1503,28.98,6.33,20.56,2.83,0.0
20230828:1603,0.0,0.0,19.08,2.62,0.0
20230828:1703,0.0,0.0,17.91,2.14,0.0
20230828:1803,0.0,0.0,16.92,1.52,0.0
20230828:1903,0.0,0.0,15.65,1.17,0.0
20230828:2003,0.0,0.0,16.24,0.69,0.0
20230828:2103,0.0,0.0,15.97,0.48,0.0
20230828:2203,0.0,0.0,15.51,0.83,0.0
20230828:2303,0.0,0.0,14.55,0.97,0.0
20230829:0003,0.0,0.0,13.89,1.1,0.0
20230829:0103,0.0,0.0,13.4,1.17,0.0
20230829:0203,0.0,0.0,13.03,1.17,0.0
20230829:0303,0.0,0.0,12.8,1.17,0.0
20230829:0403,0.0,0.0,12.89,1.1,0.0
20230829:0503,55.55,10.93,13.03,1.1,0.0
20230829:0603,68.37,23.36,16.69,0.9,0.0
20230829:0703,143.4,34.84,18.97,1.17,0.0
20230829:0803,197.08,44.59,20.45,1.45,0.0
20230829:0903,208.87,51.23,22.04,1.79,0.0
20230829:1003,218.26,53.05,23.09,2.14,0.0
20230829:1103,204.2,49.37,23.59,2.48,0.0
20230829:1203,178.53,41.44,24.11,2.76,0.0
20230829:1303,111.6,30.97,23.78,2.97,0.0
20230829:1403,72.46,19.09,23.24,3.24,0.0
20230829:1503,29.79,6.44,21.74,3.31,0.0
20230829:1603,0.0,0.0,19.96,3.1,0.0
20230829:1703,0.0,0.0,18.61,2.69,0.0
20230829:1803,0.0,0.0,17.57,2.14,0.0
20230829:1903,0.0,0.0,16.98,2.07,0.0
20230829:2003,0.0,0.0,16.19,1.86,0.0
20230829:2103,0.0,0.0,15.32,1.79,0.0
20230829:2203,0.0,0.0,14.72,1.72,0.0
20230829:2303,0.0,0.0,14.18,1.72,0.0
20230830:0003,0.0,0.0,13.7,1.72,0.0
20230830:0103,0.0,0.0,13.43,1.79,0.0
20230830:0203,0.0,0.0,13.0,1.86,0.0
20230830:0303,0.0,0.0,12.63,1.86,0.0
20230830:0403,0.0,0.0,12.36,1.93,0.0
20230830:0503,49.91,11.18,13.17,1.66,0.0
20230830:0603,72.18,23.63,17.56,2.21,0.0
20230830:0703,132.36,35.14,20.15,3.1,0.0
20230830:0803,183.16,44.92,22.36,4.0,0.0
20230830:0903,216.78,51.6,23.87,4.28,0.0
20230830:1003,225.98,53.39,24.9,4.41,0.0
20230830:1103,225.99,49.66,25.96,4.41,0.0
20230830:1203,208.07,41.67,26.67,4.48,0.0
20230830:1303,118.1,31.14,26.81,4.55,0.0
20230830:1403,72.46,19.22,26.28,4.41,0.0
20230830:1503,30.59,6.54,25.04,3.66,0.0
20230830:1603,0.0,0.0,22.93,3.17,0.0
20230830:1703,0.0,0.0,21.16,3.24,0.0
20230830:1803,0.0,0.0,19.68,3.31,0.0
20230830:1903,0.0,0.0,18.63,3.03,0.0
20230830:2003,0.0,0.0,17.69,2.76,0.0
20230830:2103,0.0,0.0,16.89,2.62,0.0
20230830:2203,0.0,0.0,16.28,2.55,0.0
20230830:2303,0.0,0.0,15.96,2.48,0.0
20230831:0003,0.0,0.0,15.73,2.55,0.0
20230831:0103,0.0,0.0,15.71,2.62,0.0
20230831:0203,0.0,0.0,15.63,2.69,0.0
20230831:0303,0.0,0.0,15.47,2.76,0.0
20230831:0403,0.0,0.0,15.32,2.69,0.0
20230831:0503,58.77,11.43,15.64,2.48,0.0
20230831:0603,87.45,23.91,17.53,3.72,0.0
20230831:0703,143.72,35.45,20.28,4.55,0.0
20230831:0803,191.97,45.26,22.66,4.62,0.0
20230831:0903,224.34,51.96,25.06,4.55,0.0
20230831:1003,233.44,53.75,27.1,4.55,0.0
20230831:1103,217.41,49.95,28.62,4.48,0.0
20230831:1203,186.71,41.89,29.54,4.48,0.0
20230831:1303,124.55,31.3,29.81,4.62,0.0
20230831:1403,77.29,19.35,29.23,4.69,0.0
20230831:1503,32.2,6.64,27.7,3.93,0.0
20230831:1603,0.0,0.0,25.13,3.79,0.0
20230831:1703,0.0,0.0,23.09,3.66,0.0
20230831:1803,0.0,0.0,21.58,3.38,0.0
20230831:1903,0.0,0.0,20.31,3.03,0.0
20230831:2003,0.0,0.0,19.46,2.76,0.0
20230831:2103,0.0,0.0,18.82,2.48,0.0
20230831:2203,0.0,0.0,18.21,2.28,0.0
20230831:2303,0.0,0.0,17.61,2.28,0.0
20230901:0003,0.0,0.0,17.04,2.28,0.0
20230901:0103,0.0,0.0,16.56,2.28,0.0
20230901:0203,0.0,0.0,15.97,2.21,0.0
20230901:0303,0.0,0.0,15.18,2.07,0.0
20230901:0403,0.0,0.0,14.21,1.93,0.0
20230901:0503,55.55,11.68,14.54,1.59,0.0
20230901:0603,128.92,24.18,19.3,1.72,0.0
20230901:0703,156.44,35.75,23.65,1.59,0.0
20230901:0803,205.13,45.61,27.74,2.21,0.0
20230901:0903,235.57,52.33,28.67,5.79,0.0
20230901:1003,245.39,54.1,27.71,5.86,0.0
20230901:1103,226.64,50.24,27.12,5.31,0.0
20230901:1203,188.01,42.11,26.84,5.03,0.0
20230901:1303,129.91,31.47,26.08,5.03,0.0
20230901:1403,79.7,19.48,24.63,4.97,0.0
20230901:1503,32.2,6.75,22.61,4.14,0.0
20230901:1603,0.0,0.0,20.91,4.0,0.0
20230901:1703,0.0,0.0,19.95,3.72,0.0
20230901:1803,0.0,0.0,19.31,3.79,0.0
20230901:1903,0.0,0.0,18.59,3.24,0.0
20230901:2003,0.0,0.0,18.24,2.76,0.0
20230901:2103,0.0,0.0,17.6,2.21,0.0
20230901:2203,0.0,0.0,16.99,2.07,0.0
20230901:2303,0.0,0.0,16.43,1.72,0.0
20230902:0003,0.0,0.0,15.87,1.31,0.0
20230902:0103,0.0,0.0,16.37,0.62,0.0
20230902:0203,0.0,0.0,16.16,0.69,0.0
20230902:0303,0.0,0.0,14.67,1.1,0.0
20230902:0403,0.0,0.0,13.91,1.38,0.0
20230902:0503,64.4,11.94,14.51,1.31,0.0
20230902:0603,106.65,24.46,18.44,2.14,0.0
20230902:0703,161.97,36.06,20.84,3.17,0.0
20230902:0803,208.99,45.95,23.13,3.86,0.0
20230902:0903,239.43,52.7,25.27,4.34,0.0
20230902:1003,245.45,54.46,27.28,4.69,0.0
20230902:1103,227.72,50.54,29.01,4.83,0.0
20230902:1203,189.06,42.33,30.28,4.83,0.0
20230902:1303,130.94,31.64,30.95,4.83,0.0
20230902:1403,66.29,19.61,30.8,4.69,0.0
20230902:1503,33.81,6.85,29.69,3.93,0.0
20230902:1603,0.0,0.0,27.57,3.38,0.0
20230902:1703,0.0,0.0,25.83,2.55,0.0
20230902:1803,0.0,0.0,23.8,0.97,0.0
20230902:1903,0.0,0.0,22.0,2.62,0.0
20230902:2003,0.0,0.0,20.87,3.1,0.0
20230902:2103,0.0,0.0,20.06,3.24,0.0
20230902:2203,0.0,0.0,19.48,3.31,0.0
20230902:2303,0.0,0.0,19.19,3.17,0.0
20230903:0003,0.0,0.0,19.19,2.9,0.0
20230903:0103,0.0,0.0,19.1,2.76,0.0
20230903:0203,0.0,0.0,19.12,2.34,0.0
20230903:0303,0.0,0.0,19.21,2.14,0.0
20230903:0403,0.0,0.0,19.24,1.52,0.0
20230903:0503,54.74,12.2,19.48,1.03,0.0
20230903:0603,153.6,24.74,20.32,0.41,0.0
20230903:0703,195.5,36.37,23.08,2.0,0.0
20230903:0803,265.85,46.3,25.27,3.38,0.0
20230903:0903,257.49,53.07,27.1,3.72,0.0
20230903:1003,252.23,54.81,29.16,4.28,0.0
20230903:1103,234.5,50.83,30.63,4.69,0.0
20230903:1203,192.0,42.55,31.56,4.83,0.0
20230903:1303,136.24,31.8,31.89,4.83,0.0
20230903:1403,70.02,19.73,31.44,4.69,0.0
20230903:1503,34.62,6.96,29.88,4.07,0.0
20230903:1603,0.0,0.0,27.09,4.21,0.0
20230903:1703,0.0,0.0,24.69,4.21,0.0
20230903:1803,0.0,0.0,22.95,3.86,0.0
20230903:1903,0.0,0.0,21.58,3.31,0.0
20230903:2003,0.0,0.0,20.7,3.1,0.0
20230903:2103,0.0,0.0,20.05,3.17,0.0
20230903:2203,0.0,0.0,19.58,3.1,0.0
20230903:2303,0.0,0.0,19.19,3.1,0.0
20230904:0003,0.0,0.0,18.81,2.97,0.0
20230904:0103,0.0,0.0,18.47,2.9,0.0
20230904:0203,0.0,0.0,18.14,2.69,0.0
20230904:0303,0.0,0.0,17.83,2.48,0.0
20230904:0403,0.0,0.0,17.46,2.14,0.0
20230904:0503,68.43,12.46,17.97,1.66,0.0
20230904:0603,128.64,25.02,21.21,2.48,0.0
20230904:0703,186.93,36.68,24.22,3.17,0.0
20230904:0803,229.98,46.64,27.12,3.1,0.0
20230904:0903,255.07,53.45,29.71,2.41,0.0
20230904:1003,260.38,55.17,31.79,1.1,0.0
20230904:1103,242.13,51.12,33.02,1.59,0.0
20230904:1203,201.41,42.77,32.87,3.66,0.0
20230904:1303,144.69,31.97,30.48,5.03,0.0
20230904:1403,77.04,19.86,27.02,5.24,0.0
20230904:1503,34.62,7.06,24.06,4.41,0.0
20230904:1603,0.0,0.0,22.16,3.31,0.0
20230904:1703,0.0,0.0,21.22,2.62,0.0
20230904:1803,0.0,0.0,20.9,2.0,0.0
20230904:1903,0.0,0.0,20.64,2.07,0.0
20230904:2003,0.0,0.0,20.31,1.45,0.0
20230904:2103,0.0,0.0,20.15,1.31,0.0
20230904:2203,0.0,0.0,19.75,0.9,0.0
20230904:2303,0.0,0.0,19.71,0.48,0.0
20230905:0003,0.0,0.0,19.45,0.0,0.0
20230905:0103,0.0,0.0,19.18,0.55,0.0
20230905:0203,0.0,0.0,19.16,0.83,0.0
20230905:0303,0.0,0.0,19.04,0.9,0.0
20230905:0403,0.0,0.0,18.98,1.03,0.0
20230905:0503,63.6,12.72,19.55,1.72,0.0
20230905:0603,153.04,25.3,20.8,2.83,0.0
20230905:0703,194.12,36.99,22.65,4.14,0.0
20230905:0803,236.36,46.99,25.33,4.21,0.0
20230905:0903,261.74,53.83,27.95,4.55,0.0
20230905:1003,265.55,55.53,30.32,4.76,0.0
20230905:1103,245.42,51.41,32.39,4.9,0.0
20230905:1203,205.2,42.99,33.9,5.03,0.0
20230905:1303,145.88,32.13,34.55,5.17,0.0
20230905:1403,76.27,19.98,34.18,5.03,0.0
20230905:1503,34.62,7.16,32.73,4.41,0.0
20230905:1603,0.0,0.0,30.41,3.79,0.0
20230905:1703,0.0,0.0,28.8,2.21,0.0
20230905:1803,0.0,0.0,25.9,4.9,0.0
20230905:1903,0.0,0.0,21.67,6.55,0.0
20230905:2003,0.0,0.0,20.78,6.14,0.0
20230905:2103,0.0,0.0,19.86,6.41,0.0
20230905:2203,0.0,0.0,19.13,6.14,0.0
20230905:2303,0.0,0.0,18.76,5.52,0.0
20230906:0003,0.0,0.0,18.44,4.97,0.0
20230906:0103,0.0,0.0,18.14,4.55,0.0
20230906:0203,0.0,0.0,17.91,4.48,0.0
20230906:0303,0.0,0.0,17.63,4.48,0.0
20230906:0403,0.0,0.0,17.26,4.0,0.0
20230906:0503,38.64,12.98,17.16,3.86,0.0
20230906:0603,118.24,25.58,17.86,4.07,0.0
20230906:0703,242.3,37.31,18.81,3.93,0.0
20230906:0803,329.38,47.35,19.67,3.52,0.0
20230906:0903,298.09,54.21,21.14,2.83,0.0
20230906:1003,275.9,55.89,22.13,1.72,0.0
20230906:1103,347.09,51.71,22.72,1.17,0.0
20230906:1203,163.18,43.21,23.37,1.38,0.0
20230906:1303,183.18,32.29,23.36,1.93,0.0
20230906:1403,93.47,20.11,22.94,2.34,0.0
20230906:1503,24.96,7.26,21.66,3.03,0.0
20230906:1603,0.0,0.0,20.04,3.03,0.0
20230906:1703,0.0,0.0,18.81,2.69,0.0
20230906:1803,0.0,0.0,18.0,2.21,0.0
20230906:1903,0.0,0.0,17.47,1.59,0.0
20230906:2003,0.0,0.0,16.79,1.03,0.0
20230906:2103,0.0,0.0,16.73,0.69,0.0
20230906:2203,0.0,0.0,16.49,0.69,0.0
20230906:2303,0.0,0.0,16.48,0.69,0.0
20230907:0003,0.0,0.0,16.14,0.83,0.0
20230907:0103,0.0,0.0,15.02,1.38,0.0
20230907:0203,0.0,0.0,14.28,1.66,0.0
20230907:0303,0.0,0.0,14.2,1.66,0.0
20230907:0403,0.0,0.0,13.72,1.79,0.0
20230907:0503,74.87,13.24,14.89,1.52,0.0
20230907:0603,145.65,25.87,19.0,2.62,0.0
20230907:0703,266.92,37.62,21.16,3.38,0.0
20230907:0803,300.94,47.7,23.03,3.31,0.0
20230907:0903,276.75,54.59,24.81,2.97,0.0
20230907:1003,283.86,56.26,26.37,2.69,0.0
20230907:1103,266.01,52.0,27.64,2.48,0.0
20230907:1203,233.84,43.42,28.43,2.28,0.0
20230907:1303,164.96,32.45,28.69,2.21,0.0
20230907:1403,89.07,20.23,28.37,2.34,0.0
20230907:1503,35.42,7.36,27.26,2.28,0.0
20230907:1603,0.0,0.0,24.9,2.41,0.0
20230907:1703,0.0,0.0,22.77,2.48,0.0
20230907:1803,0.0,0.0,21.17,2.34,0.0
20230907:1903,0.0,0.0,19.77,1.93,0.0
20230907:2003,0.0,0.0,18.71,2.0,0.0
20230907:2103,0.0,0.0,17.78,2.0,0.0
20230907:2203,0.0,0.0,17.08,2.0,0.0
20230907:2303,0.0,0.0,16.46,1.93,0.0
20230908:0003,0.0,0.0,15.98,1.93,0.0
20230908:0103,0.0,0.0,15.49,1.79,0.0
20230908:0203,0.0,0.0,15.08,1.66,0.0
20230908:0303,0.0,0.0,14.66,1.66,0.0
20230908:0403,0.0,0.0,14.29,1.72,0.0
20230908:0503,77.29,13.51,15.46,1.52,0.0
20230908:0603,160.29,26.16,19.55,2.14,0.0
20230908:0703,209.24,37.94,22.07,2.55,0.0
20230908:0803,248.02,48.06,24.89,2.83,0.0
20230908:0903,347.54,54.98,27.4,2.9,0.0
20230908:1003,284.87,56.62,29.6,3.1,0.0
20230908:1103,294.99,52.29,31.03,3.45,0.0
20230908:1203,299.49,43.64,31.74,3.59,0.0
20230908:1303,215.7,32.61,31.63,3.45,0.0
20230908:1403,92.48,20.36,30.68,3.79,0.0
20230908:1503,35.42,7.46,28.46,3.93,0.0
20230908:1603,0.0,0.0,25.27,3.72,0.0
20230908:1703,0.0,0.0,23.05,3.31,0.0
20230908:1803,0.0,0.0,21.54,2.83,0.0
20230908:1903,0.0,0.0,20.5,2.83,0.0
20230908:2003,0.0,0.0,19.71,2.69,0.0
20230908:2103,0.0,0.0,19.09,2.55,0.0
20230908:2203,0.0,0.0,18.56,2.55,0.0
20230908:2303,0.0,0.0,18.35,2.55,0.0
20230909:0003,0.0,0.0,17.91,2.55,0.0
20230909:0103,0.0,0.0,17.63,2.62,0.0
20230909:0203,0.0,0.0,17.62,2.62,0.0
20230909:0303,0.0,0.0,17.75,2.69,0.0
20230909:0403,0.0,0.0,17.97,2.76,0.0
20230909:0503,80.07,13.78,18.99,3.93,0.0
20230909:0603,180.81,26.44,20.36,4.41,0.0
20230909:0703,225.66,38.26,22.71,4.69,0.0
20230909:0803,271.26,48.41,25.22,4.55,0.0
20230909:0903,285.82,55.36,27.11,4.62,0.0
20230909:1003,292.32,56.99,29.14,4.62,0.0
20230909:1103,272.93,52.58,30.7,4.55,0.0
20230909:1203,231.38,43.85,31.71,4.48,0.0
20230909:1303,169.11,32.77,31.99,4.48,0.0
20230909:1403,94.8,20.48,31.48,4.48,0.0
20230909:1503,36.23,7.56,29.92,3.86,0.0
20230909:1603,0.0,0.0,27.2,3.59,0.0
20230909:1703,0.0,0.0,24.98,3.52,0.0
20230909:1803,0.0,0.0,23.29,3.31,0.0
20230909:1903,0.0,0.0,22.1,3.31,0.0
20230909:2003,0.0,0.0,21.13,3.1,0.0
20230909:2103,0.0,0.0,20.43,3.03,0.0
20230909:2203,0.0,0.0,19.88,2.9,0.0
20230909:2303,0.0,0.0,19.39,2.76,0.0
20230910:0003,0.0,0.0,18.96,2.76,0.0
20230910:0103,0.0,0.0,18.57,2.76,0.0
20230910:0203,0.0,0.0,18.26,2.76,0.0
20230910:0303,0.0,0.0,18.01,2.76,0.0
20230910:0403,0.0,0.0,17.84,2.76,0.0
20230910:0503,84.73,14.04,19.09,2.62,0.0
20230910:0603,163.87,26.73,22.11,3.72,0.0
20230910:0703,210.52,38.58,25.04,4.34,0.0
20230910:0803,261.14,48.77,27.96,4.62,0.0
20230910:0903,291.68,55.75,30.74,4.83,0.0
20230910:1003,298.4,57.35,33.08,4.97,0.0
20230910:1103,279.05,52.87,34.75,4.97,0.0
20230910:1203,236.57,44.07,35.75,4.97,0.0
20230910:1303,174.04,32.93,36.03,4.9,0.0
20230910:1403,99.16,20.6,35.54,4.55,0.0
20230910:1503,36.23,7.67,34.02,3.66,0.0
20230910:1603,0.0,0.0,31.16,3.31,0.0
20230910:1703,0.0,0.0,28.81,3.24,0.0
20230910:1803,0.0,0.0,26.99,2.97,0.0
20230910:1903,0.0,0.0,25.59,2.69,0.0
20230910:2003,0.0,0.0,24.45,2.28,0.0
20230910:2103,0.0,0.0,23.37,2.14,0.0
20230910:2203,0.0,0.0,22.32,2.14,0.0
20230910:2303,0.0,0.0,21.42,2.21,0.0
20230911:0003,0.0,0.0,20.73,2.28,0.0
20230911:0103,0.0,0.0,20.15,2.21,0.0
20230911:0203,0.0,0.0,19.69,1.93,0.0
20230911:0303,0.0,0.0,20.54,1.03,0.0
20230911:0403,0.0,0.0,20.74,0.48,0.0
20230911:0503,87.28,14.31,19.37,1.93,0.0
20230911:0603,163.98,27.02,22.12,3.38,0.0
20230911:0703,225.31,38.9,23.63,3.52,0.0
20230911:0803,276.11,49.13,25.2,3.52,0.0
20230911:0903,307.38,56.14,26.38,3.66,0.0
20230911:1003,304.75,57.72,26.99,4.0,0.0
20230911:1103,284.41,53.16,26.88,4.41,0.0
20230911:1203,240.27,44.28,26.39,4.9,0.0
20230911:1303,183.66,33.08,25.07,5.86,0.0
20230911:1403,135.48,20.72,22.62,6.41,0.0
20230911:1503,41.06,7.77,21.15,6.21,0.0
20230911:1603,0.0,0.0,19.99,5.79,0.0
20230911:1703,0.0,0.0,19.16,6.07,0.0
20230911:1803,0.0,0.0,18.2,5.59,0.0
20230911:1903,0.0,0.0,17.54,6.07,0.0
20230911:2003,0.0,0.0,16.35,6.48,0.0
20230911:2103,0.0,0.0,15.42,6.28,0.0
20230911:2203,0.0,0.0,14.73,6.62,0.0
20230911:2303,0.0,0.0,13.76,6.48,0.0
20230912:0003,0.0,0.0,12.98,5.93,0.0
20230912:0103,0.0,0.0,12.75,5.72,0.0
20230912:0203,0.0,0.0,12.75,5.59,0.0
20230912:0303,0.0,0.0,12.79,5.38,0.0
20230912:0403,0.0,0.0,12.89,5.17,0.0
20230912:0503,22.93,14.58,13.25,5.03,0.0
20230912:0603,70.56,27.31,13.77,5.38,0.0
20230912:0703,115.55,39.22,14.67,5.66,0.0
20230912:0803,181.7,49.49,15.94,6.69,0.0
20230912:0903,138.48,56.53,16.85,6.9,0.0
20230912:1003,146.42,58.09,16.97,6.48,0.0
20230912:1103,217.86,53.45,17.66,6.28,0.0
20230912:1203,277.46,44.49,17.86,5.93,0.0
20230912:1303,192.84,33.24,17.46,5.38,0.0
20230912:1403,142.54,20.84,17.2,5.1,0.0
20230912:1503,27.37,7.87,16.63,4.34,0.0
20230912:1603,0.0,0.0,16.07,3.59,0.0
20230912:1703,0.0,0.0,15.58,3.17,0.0
20230912:1803,0.0,0.0,15.19,3.17,0.0
20230912:1903,0.0,0.0,14.83,2.69,0.0
20230912:2003,0.0,0.0,14.57,2.48,0.0
20230912:2103,0.0,0.0,14.1,2.21,0.0
20230912:2203,0.0,0.0,13.81,2.07,0.0
20230912:2303,0.0,0.0,13.67,1.93,0.0
20230913:0003,0.0,0.0,13.44,1.79,0.0
20230913:0103,0.0,0.0,13.54,1.72,0.0
20230913:0203,0.0,0.0,13.49,1.59,0.0
20230913:0303,0.0,0.0,13.37,1.45,0.0
20230913:0403,0.81,1.71,13.22,1.31,0.0
20230913:0503,79.52,14.85,14.15,1.24,0.0
20230913:0603,172.26,27.6,15.69,1.17,0.0
20230913:0703,289.36,39.54,18.18,0.83,0.0
20230913:0803,350.07,49.85,19.72,1.31,0.0
20230913:0903,360.51,56.92,19.75,1.52,0.0
20230913:1003,372.34,58.46,20.27,1.86,0.0
20230913:1103,290.37,53.74,20.3,2.34,0.0
20230913:1203,129.66,44.7,20.57,2.83,0.0
20230913:1303,238.29,33.39,20.59,3.24,0.0
20230913:1403,144.99,20.96,20.5,3.45,0.0
20230913:1503,40.25,7.97,19.95,3.31,0.0
20230913:1603,0.0,0.0,18.88,2.83,0.0
20230913:1703,0.0,0.0,17.86,2.97,0.0
20230913:1803,0.0,0.0,17.41,3.45,0.0
20230913:1903,0.0,0.0,16.77,3.38,0.0
20230913:2003,0.0,0.0,16.38,3.17,0.0
20230913:2103,0.0,0.0,15.87,3.03,0.0
20230913:2203,0.0,0.0,15.57,3.03,0.0
20230913:2303,0.0,0.0,15.39,3.1,0.0
20230914:0003,0.0,0.0,15.15,3.17,0.0
20230914:0103,0.0,0.0,14.96,3.31,0.0
20230914:0203,0.0,0.0,14.75,3.45,0.0
20230914:0303,0.0,0.0,14.6,3.52,0.0
20230914:0403,0.81,1.97,14.37,3.59,0.0
20230914:0503,81.99,15.12,15.46,3.31,0.0
20230914:0603,162.95,27.89,17.8,4.62,0.0
20230914:0703,231.63,39.86,20.62,4.76,0.0
20230914:0803,286.24,50.21,23.24,4.76,0.0
20230914:0903,318.46,57.31,25.56,4.62,0.0
20230914:1003,325.87,58.83,27.4,4.69,0.0
20230914:1103,306.47,54.03,28.76,4.76,0.0
20230914:1203,263.65,44.91,29.62,4.9,0.0
20230914:1303,198.26,33.55,29.93,4.83,0.0
20230914:1403,119.31,21.08,29.63,4.76,0.0
20230914:1503,38.64,8.07,28.24,4.14,0.0
20230914:1603,0.0,0.0,25.38,4.07,0.0
20230914:1703,0.0,0.0,23.05,4.14,0.0
20230914:1803,0.0,0.0,21.48,3.52,0.0
20230914:1903,0.0,0.0,20.79,2.83,0.0
20230914:2003,0.0,0.0,20.0,2.28,0.0
20230914:2103,0.0,0.0,19.1,1.79,0.0
20230914:2203,0.0,0.0,18.0,1.86,0.0
20230914:2303,0.0,0.0,17.08,1.93,0.0
20230915:0003,0.0,0.0,16.72,1.52,0.0
20230915:0103,0.0,0.0,18.0,0.69,0.0
20230915:0203,0.0,0.0,17.8,0.21,0.0
20230915:0303,0.0,0.0,17.13,0.69,0.0
20230915:0403,1.61,2.23,15.79,1.03,0.0
20230915:0503,100.87,15.4,16.74,0.83,0.0
20230915:0603,185.69,28.18,20.95,1.66,0.0
20230915:0703,239.6,40.18,24.7,2.07,0.0
20230915:0803,294.45,50.57,28.42,2.69,0.0
20230915:0903,326.45,57.71,31.69,3.38,0.0
20230915:1003,334.45,59.19,34.17,3.86,0.0
20230915:1103,314.64,54.32,35.81,4.07,0.0
20230915:1203,270.51,45.12,36.87,4.34,0.0
20230915:1303,207.75,33.7,37.28,4.62,0.0
20230915:1403,127.92,21.2,36.84,4.62,0.0
20230915:1503,37.99,8.16,35.09,4.34,0.0
20230915:1603,0.0,0.0,32.03,4.07,0.0
20230915:1703,0.0,0.0,29.92,3.86,0.0
20230915:1803,0.0,0.0,28.45,3.72,0.0
20230915:1903,0.0,0.0,27.94,3.86,0.0
20230915:2003,0.0,0.0,27.33,3.72,0.0
20230915:2103,0.0,0.0,26.44,3.45,0.0
20230915:2203,0.0,0.0,24.95,2.9,0.0
20230915:2303,0.0,0.0,23.08,2.62,0.0
20230916:0003,0.0,0.0,20.96,2.28,0.0
20230916:0103,0.0,0.0,18.78,2.07,0.0
20230916:0203,0.0,0.0,16.82,1.72,0.0
20230916:0303,0.0,0.0,16.2,2.55,0.0
20230916:0403,1.61,2.49,16.59,3.24,0.0
20230916:0503,93.18,15.67,17.96,3.66,0.0
20230916:0603,176.21,28.47,19.96,4.48,0.0
20230916:0703,248.16,40.5,22.62,4.28,0.0
20230916:0803,302.27,50.94,24.75,4.0,0.0
20230916:0903,334.38,58.1,26.26,3.86,0.0
20230916:1003,342.33,59.56,27.23,3.59,0.0
20230916:1103,323.05,54.6,27.43,3.72,0.0
20230916:1203,283.21,45.32,26.98,4.41,0.0
20230916:1303,241.48,33.85,25.32,5.03,0.0
20230916:1403,144.78,21.32,22.78,5.17,0.0
20230916:1503,29.11,8.26,20.96,4.76,0.0
20230916:1603,0.0,0.0,20.02,4.21,0.0
20230916:1703,0.0,0.0,19.46,4.14,0.0
20230916:1803,0.0,0.0,18.99,4.14,0.0
20230916:1903,0.0,0.0,19.32,3.79,0.0
20230916:2003,0.0,0.0,18.85,3.79,0.0
20230916:2103,0.0,0.0,18.59,3.59,0.0
20230916:2203,0.0,0.0,18.29,3.38,0.0
20230916:2303,0.0,0.0,17.76,3.45,0.0
20230917:0003,0.0,0.0,17.43,3.03,0.0
20230917:0103,0.0,0.0,17.32,2.55,0.0
20230917:0203,0.0,0.0,17.25,2.28,0.0
20230917:0303,0.0,0.0,17.13,2.21,0.0
20230917:0403,0.81,2.75,17.02,1.86,0.0
20230917:0503,38.81,15.94,17.23,2.0,0.0
20230917:0603,118.19,28.76,17.59,2.62,0.0
20230917:0703,190.99,40.82,18.32,2.9,0.0
20230917:0803,334.49,51.3,19.27,2.9,0.0
20230917:0903,388.54,58.5,19.6,2.83,0.0
20230917:1003,137.6,59.94,19.67,2.9,0.0
20230917:1103,307.91,54.89,19.25,3.03,0.0
20230917:1203,279.03,45.53,19.32,2.97,0.0
20230917:1303,88.2,34.0,18.88,2.9,0.0
20230917:1403,149.07,21.43,18.61,3.03,0.0
20230917:1503,28.23,8.36,18.08,3.52,0.0
20230917:1603,0.0,0.0,17.58,2.83,0.0
20230917:1703,0.0,0.0,17.4,2.21,0.0
20230917:1803,0.0,0.0,17.34,1.93,0.0
20230917:1903,0.0,0.0,17.36,2.41,0.0
20230917:2003,0.0,0.0,17.2,2.0,0.0
20230917:2103,0.0,0.0,17.05,1.86,0.0
20230917:2203,0.0,0.0,16.96,1.66,0.0
20230917:2303,0.0,0.0,16.83,1.45,0.0
20230918:0003,0.0,0.0,16.71,1.31,0.0
20230918:0103,0.0,0.0,16.62,1.24,0.0
20230918:0203,0.0,0.0,16.56,1.1,0.0
20230918:0303,0.0,0.0,16.5,0.97,0.0
20230918:0403,1.61,3.01,16.46,0.83,0.0
20230918:0503,38.81,16.21,16.63,0.55,0.0
20230918:0603,171.68,29.05,17.52,0.76,0.0
20230918:0703,270.19,41.14,19.23,2.41,0.0
20230918:0803,346.69,51.66,20.94,3.59,0.0
20230918:0903,374.51,58.9,22.07,3.79,0.0
20230918:1003,421.15,60.31,23.08,4.62,0.0
20230918:1103,234.0,55.17,23.46,4.55,0.0
20230918:1203,319.01,45.73,23.86,4.62,0.0
20230918:1303,229.54,34.15,23.84,4.34,0.0
20230918:1403,143.41,21.55,24.25,4.41,0.0
20230918:1503,48.99,8.46,23.64,4.21,0.0
20230918:1603,0.0,0.0,21.65,3.52,0.0
20230918:1703,0.0,0.0,20.19,3.45,0.0
20230918:1803,0.0,0.0,19.09,3.24,0.0
20230918:1903,0.0,0.0,18.62,3.03,0.0
20230918:2003,0.0,0.0,17.94,2.69,0.0
20230918:2103,0.0,0.0,17.42,2.48,0.0
20230918:2203,0.0,0.0,16.99,2.41,0.0
20230918:2303,0.0,0.0,16.64,2.34,0.0
20230919:0003,0.0,0.0,16.35,2.34,0.0
20230919:0103,0.0,0.0,16.13,2.28,0.0
20230919:0203,0.0,0.0,15.95,2.14,0.0
20230919:0303,0.0,0.0,15.76,2.07,0.0
20230919:0403,5.64,3.28,15.57,2.0,0.0
20230919:0503,110.53,16.48,17.04,2.07,0.0
20230919:0603,197.39,29.34,19.75,3.24,0.0
20230919:0703,265.11,41.46,23.35,4.48,0.0
20230919:0803,319.41,52.02,24.96,3.93,0.0
20230919:0903,350.89,59.29,26.63,3.93,0.0
20230919:1003,356.31,60.68,28.74,4.07,0.0
20230919:1103,335.87,55.45,30.27,4.21,0.0
20230919:1203,288.82,45.93,31.27,4.48,0.0
20230919:1303,223.49,34.3,31.62,4.76,0.0
20230919:1403,141.61,21.67,30.77,4.62,0.0
20230919:1503,51.75,8.56,28.56,4.0,0.0
20230919:1603,0.0,0.0,25.59,4.41,0.0
20230919:1703,0.0,0.0,23.45,3.79,0.0
20230919:1803,0.0,0.0,22.25,2.83,0.0
20230919:1903,0.0,0.0,21.5,2.28,0.0
20230919:2003,0.0,0.0,21.09,3.17,0.0
20230919:2103,0.0,0.0,20.62,4.0,0.0
20230919:2203,0.0,0.0,20.33,3.93,0.0
20230919:2303,0.0,0.0,20.11,3.79,0.0
20230920:0003,0.0,0.0,20.09,3.72,0.0
20230920:0103,0.0,0.0,20.08,3.52,0.0
20230920:0203,0.0,0.0,20.07,3.31,0.0
20230920:0303,0.0,0.0,19.97,2.97,0.0
20230920:0403,2.65,3.54,19.69,2.55,0.0
20230920:0503,119.39,16.75,20.85,2.28,0.0
20230920:0603,204.38,29.63,24.39,2.9,0.0
20230920:0703,271.23,41.78,28.59,3.17,0.0
20230920:0803,327.12,52.38,31.66,2.14,0.0
20230920:0903,358.95,59.69,34.19,1.52,0.0
20230920:1003,364.44,61.05,35.9,1.86,0.0
20230920:1103,343.52,55.74,36.58,3.03,0.0
20230920:1203,296.69,46.13,33.15,5.86,0.0
20230920:1303,230.54,34.44,28.24,6.76,0.0
20230920:1403,147.7,21.78,26.15,6.41,0.0
20230920:1503,54.07,8.66,24.01,5.59,0.0
20230920:1603,0.0,0.0,22.06,4.62,0.0
20230920:1703,0.0,0.0,20.6,4.34,0.0
20230920:1803,0.0,0.0,19.85,3.72,0.0
20230920:1903,0.0,0.0,19.71,4.0,0.0
20230920:2003,0.0,0.0,19.36,3.79,0.0
20230920:2103,0.0,0.0,18.94,3.45,0.0
20230920:2203,0.0,0.0,18.68,2.9,0.0
20230920:2303,0.0,0.0,18.48,2.48,0.0
20230921:0003,0.0,0.0,18.06,2.41,0.0
20230921:0103,0.0,0.0,17.51,2.0,0.0
20230921:0203,0.0,0.0,17.04,1.59,0.0
20230921:0303,0.0,0.0,16.74,1.31,0.0
20230921:0403,8.82,3.8,15.98,1.17,0.0
20230921:0503,119.84,17.02,17.83,1.03,0.0
20230921:0603,204.97,29.92,19.68,1.03,0.0
20230921:0703,279.25,42.1,22.21,1.79,0.0
20230921:0803,333.26,52.75,24.44,2.62,0.0
20230921:0903,365.47,60.09,26.49,3.24,0.0
20230921:1003,370.67,61.42,28.46,3.79,0.0
20230921:1103,348.95,56.02,30.06,4.14,0.0
20230921:1203,302.33,46.33,31.05,4.28,0.0
20230921:1303,234.98,34.59,31.32,4.28,0.0
20230921:1403,153.35,21.9,30.91,4.41,0.0
20230921:1503,56.33,8.76,29.62,3.79,0.0
20230921:1603,0.0,0.0,27.37,3.17,0.0
20230921:1703,0.0,0.0,25.51,2.83,0.0
20230921:1803,0.0,0.0,24.08,2.69,0.0
20230921:1903,0.0,0.0,22.68,2.55,0.0
20230921:2003,0.0,0.0,21.83,2.28,0.0
20230921:2103,0.0,0.0,21.15,2.21,0.0
20230921:2203,0.0,0.0,20.57,2.07,0.0
20230921:2303,0.0,0.0,20.05,1.79,0.0
20230922:0003,0.0,0.0,19.72,0.9,0.0
20230922:0103,0.0,0.0,19.41,0.83,0.0
20230922:0203,0.0,0.0,17.81,1.79,0.0
20230922:0303,0.0,0.0,17.6,1.86,0.0
20230922:0403,10.58,4.06,17.44,1.86,0.0
20230922:0503,123.19,17.29,19.55,1.93,0.0
20230922:0603,214.19,30.21,22.27,2.41,0.0
20230922:0703,287.94,42.42,24.36,1.79,0.0
20230922:0803,342.11,53.11,26.45,1.1,0.0
20230922:0903,373.39,60.49,28.44,0.97,0.0
20230922:1003,378.51,61.79,30.11,1.24,0.0
20230922:1103,357.46,56.29,31.32,1.79,0.0
20230922:1203,309.65,46.52,31.91,2.41,0.0
20230922:1303,242.34,34.73,31.61,3.24,0.0
20230922:1403,156.44,22.01,29.99,3.86,0.0
20230922:1503,59.8,8.87,27.14,3.66,0.0
20230922:1603,0.0,0.0,24.34,2.97,0.0
20230922:1703,0.0,0.0,22.58,2.41,0.0
20230922:1803,0.0,0.0,21.63,1.72,0.0
20230922:1903,0.0,0.0,20.98,1.24,0.0
20230922:2003,0.0,0.0,20.5,1.1,0.0
20230922:2103,0.0,0.0,19.96,0.97,0.0
20230922:2203,0.0,0.0,19.24,0.97,0.0
20230922:2303,0.0,0.0,18.79,0.9,0.0
20230923:0003,0.0,0.0,18.42,0.9,0.0
20230923:0103,0.0,0.0,18.36,0.76,0.0
20230923:0203,0.0,0.0,18.37,0.55,0.0
20230923:0303,0.0,0.0,18.52,0.0,0.0
20230923:0403,4.41,4.32,18.59,0.62,0.0
20230923:0503,100.22,17.56,19.24,1.03,0.0
20230923:0603,231.87,30.49,20.88,1.79,0.0
20230923:0703,310.84,42.73,23.56,2.76,0.0
20230923:0803,351.59,53.47,26.16,2.9,0.0
20230923:0903,379.15,60.88,28.87,3.31,0.0
20230923:1003,383.27,62.16,31.86,3.86,0.0
20230923:1103,361.14,56.57,34.0,4.28,0.0
20230923:1203,313.23,46.72,35.29,4.48,0.0
20230923:1303,245.31,34.88,35.68,4.41,0.0
20230923:1403,160.63,22.13,35.03,4.14,0.0
20230923:1503,63.24,8.97,33.34,3.52,0.0
20230923:1603,0.0,0.0,30.17,3.45,0.0
20230923:1703,0.0,0.0,27.64,3.31,0.0
20230923:1803,0.0,0.0,25.98,2.69,0.0
20230923:1903,0.0,0.0,24.28,2.07,0.0
20230923:2003,0.0,0.0,22.89,2.62,0.0
20230923:2103,0.0,0.0,21.89,2.62,0.0
20230923:2203,0.0,0.0,21.35,2.62,0.0
20230923:2303,0.0,0.0,20.87,2.48,0.0
20230924:0003,0.0,0.0,20.53,2.55,0.0
20230924:0103,0.0,0.0,20.5,2.55,0.0
20230924:0203,0.0,0.0,20.55,2.69,0.0
20230924:0303,0.0,0.0,20.7,2.62,0.0
20230924:0403,4.41,4.58,20.59,2.48,0.0
20230924:0503,124.59,17.83,21.43,3.1,0.0
20230924:0603,206.51,30.78,22.92,2.83,0.0
20230924:0703,288.72,43.05,24.77,2.62,0.0
20230924:0803,395.5,53.82,26.34,2.07,0.0
20230924:0903,427.27,61.28,27.74,1.93,0.0
20230924:1003,425.96,62.53,28.51,2.34,0.0
20230924:1103,405.59,56.85,28.8,2.83,0.0
20230924:1203,334.86,46.91,29.28,2.97,0.0
20230924:1303,263.27,35.02,28.53,3.59,0.0
20230924:1403,168.79,22.24,27.02,4.28,0.0
20230924:1503,62.44,9.07,25.18,4.14,0.0
20230924:1603,0.0,0.0,23.45,3.17,0.0
20230924:1703,0.0,0.0,22.31,2.76,0.0
20230924:1803,0.0,0.0,21.62,2.62,0.0
20230924:1903,0.0,0.0,21.14,2.76,0.0
20230924:2003,0.0,0.0,20.8,2.07,0.0
20230924:2103,0.0,0.0,20.59,0.97,0.0
20230924:2203,0.0,0.0,20.42,0.76,0.0
20230924:2303,0.0,0.0,20.35,0.62,0.0
20230925:0003,0.0,0.0,20.29,0.69,0.0
20230925:0103,0.0,0.0,20.29,0.62,0.0
20230925:0203,0.0,0.0,20.37,1.24,0.0
20230925:0303,0.0,0.0,20.11,1.31,0.0
20230925:0403,3.53,4.84,19.96,1.59,0.0
20230925:0503,133.57,18.09,20.65,2.34,0.0
20230925:0603,235.05,31.06,21.93,2.9,0.0
20230925:0703,331.82,43.36,23.5,3.38,0.0
20230925:0803,382.17,54.18,25.78,3.45,0.0
20230925:0903,406.31,61.68,27.72,3.93,0.0
20230925:1003,442.54,62.9,29.66,4.62,0.0
20230925:1103,416.75,57.12,31.19,5.52,0.0
20230925:1203,357.47,47.11,31.77,6.14,0.0
20230925:1303,201.55,35.16,31.78,6.41,0.0
20230925:1403,96.48,22.36,30.84,6.07,0.0
20230925:1503,16.76,9.17,28.58,4.69,0.0
20230925:1603,0.0,0.0,25.98,4.83,0.0
20230925:1703,0.0,0.0,24.25,4.41,0.0
20230925:1803,0.0,0.0,23.27,4.0,0.0
20230925:1903,0.0,0.0,22.52,3.66,0.0
20230925:2003,0.0,0.0,22.17,3.1,0.0
20230925:2103,0.0,0.0,22.15,2.48,0.0
20230925:2203,0.0,0.0,21.79,1.93,0.0
20230925:2303,0.0,0.0,21.41,1.72,0.0
20230926:0003,0.0,0.0,21.07,1.72,0.0
20230926:0103,0.0,0.0,20.73,1.79,0.0
20230926:0203,0.0,0.0,20.61,1.52,0.0
20230926:0303,0.0,0.0,20.04,1.31,0.0
20230926:0403,16.76,5.1,19.98,1.1,0.0
20230926:0503,106.91,18.36,21.74,0.83,0.0
20230926:0603,226.61,31.34,24.23,1.79,0.0
20230926:0703,312.29,43.67,26.14,3.52,0.0
20230926:0803,367.94,54.54,27.68,3.79,0.0
20230926:0903,399.79,62.08,28.73,3.93,0.0
20230926:1003,404.1,63.26,29.35,4.28,0.0
20230926:1103,389.34,57.39,29.39,4.9,0.0
20230926:1203,333.39,47.3,28.63,5.38,0.0
20230926:1303,263.74,35.3,27.53,5.38,0.0
20230926:1403,175.0,22.47,25.29,6.0,0.0
20230926:1503,71.84,9.27,23.27,5.45,0.0
20230926:1603,0.0,0.0,21.43,4.21,0.0
20230926:1703,0.0,0.0,20.36,3.59,0.0
20230926:1803,0.0,0.0,19.77,3.24,0.0
20230926:1903,0.0,0.0,19.78,3.24,0.0
20230926:2003,0.0,0.0,19.48,3.31,0.0
20230926:2103,0.0,0.0,19.31,3.45,0.0
20230926:2203,0.0,0.0,18.93,3.72,0.0
20230926:2303,0.0,0.0,18.6,3.72,0.0
20230927:0003,0.0,0.0,18.11,3.52,0.0
20230927:0103,0.0,0.0,17.63,3.31,0.0
20230927:0203,0.0,0.0,17.26,3.03,0.0
20230927:0303,0.0,0.0,16.79,2.62,0.0
20230927:0403,3.53,5.36,16.43,2.62,0.0
20230927:0503,96.78,18.62,16.95,2.34,0.0
20230927:0603,37.93,31.62,17.53,2.41,0.0
20230927:0703,147.3,43.98,17.13,1.79,0.0
20230927:0803,74.97,54.89,17.13,1.93,0.0
20230927:0903,221.39,62.47,17.97,2.48,0.0
20230927:1003,175.52,63.63,20.38,3.52,0.0
20230927:1103,147.3,57.66,21.81,2.97,0.0
20230927:1203,260.77,47.49,21.91,2.28,0.0
20230927:1303,76.74,35.45,21.17,1.86,0.0
20230927:1403,37.93,22.59,20.34,2.28,0.0
20230927:1503,40.16,9.37,19.15,2.0,0.0
20230927:1603,0.0,0.0,17.99,2.21,0.0
20230927:1703,0.0,0.0,17.13,2.07,0.0
20230927:1803,0.0,0.0,16.65,1.93,0.0
20230927:1903,0.0,0.0,16.53,2.34,0.0
20230927:2003,0.0,0.0,16.48,2.21,0.0
20230927:2103,0.0,0.0,16.43,2.14,0.0
20230927:2203,0.0,0.0,16.36,2.21,0.0
20230927:2303,0.0,0.0,16.3,2.21,0.0
20230928:0003,0.0,0.0,16.25,1.79,0.0
20230928:0103,0.0,0.0,16.24,1.59,0.0
20230928:0203,0.0,0.0,16.22,1.72,0.0
20230928:0303,0.0,0.0,16.15,1.86,0.0
20230928:0403,14.99,5.61,16.04,1.79,0.0
20230928:0503,20.29,18.88,16.42,1.52,0.0
20230928:0603,136.71,31.9,17.25,1.86,0.0
20230928:0703,306.48,44.29,18.52,2.0,0.0
20230928:0803,398.66,55.24,19.32,1.66,0.0
20230928:0903,438.73,62.87,19.93,1.03,0.0
20230928:1003,415.18,64.0,21.01,0.76,0.0
20230928:1103,413.17,57.93,21.87,0.69,0.0
20230928:1203,367.78,47.67,22.31,1.17,0.0
20230928:1303,164.42,35.58,22.14,1.79,0.0
20230928:1403,184.76,22.7,21.81,2.28,0.0
20230928:1503,33.52,9.48,20.98,2.76,0.0
20230928:1603,0.0,0.0,19.45,2.41,0.0
20230928:1703,0.0,0.0,18.28,1.93,0.0
20230928:1803,0.0,0.0,17.63,1.1,0.0
20230928:1903,0.0,0.0,17.65,0.55,0.0
20230928:2003,0.0,0.0,17.65,0.41,0.0
20230928:2103,0.0,0.0,17.02,0.76,0.0
20230928:2203,0.0,0.0,16.75,0.76,0.0
20230928:2303,0.0,0.0,15.72,1.1,0.0
20230929:0003,0.0,0.0,14.91,1.45,0.0
20230929:0103,0.0,0.0,14.77,1.66,0.0
20230929:0203,0.0,0.0,14.58,1.86,0.0
20230929:0303,0.0,0.0,14.45,1.93,0.0
20230929:0403,44.66,5.87,14.51,1.93,0.0
20230929:0503,160.41,19.14,17.4,2.28,0.0
20230929:0603,255.53,32.17,19.82,3.03,0.0
20230929:0703,332.75,44.59,22.39,3.38,0.0
20230929:0803,389.46,55.6,24.64,3.59,0.0
20230929:0903,420.42,63.27,26.63,3.79,0.0
20230929:1003,424.58,64.36,28.28,3.93,0.0
20230929:1103,401.2,58.2,29.4,3.93,0.0
20230929:1203,351.54,47.86,30.2,4.0,0.0
20230929:1303,279.85,35.72,30.52,4.0,0.0
20230929:1403,190.16,22.81,30.36,3.72,0.0
20230929:1503,82.33,9.58,29.02,3.03,0.0
20230929:1603,0.0,0.0,26.97,2.41,0.0
20230929:1703,0.0,0.0,25.43,2.21,0.0
20230929:1803,0.0,0.0,24.18,2.0,0.0
20230929:1903,0.0,0.0,22.91,1.59,0.0
20230929:2003,0.0,0.0,21.74,1.79,0.0
20230929:2103,0.0,0.0,21.07,2.21,0.0
20230929:2203,0.0,0.0,20.7,2.34,0.0
20230929:2303,0.0,0.0,20.49,2.34,0.0
20230930:0003,0.0,0.0,20.02,2.28,0.0
20230930:0103,0.0,0.0,19.46,2.14,0.0
20230930:0203,0.0,0.0,18.86,2.14,0.0
20230930:0303,0.0,0.0,18.27,2.14,0.0
20230930:0403,50.89,6.12,17.88,2.14,0.0
20230930:0503,168.2,19.4,20.32,2.07,0.0
20230930:0603,264.21,32.45,24.69,2.55,0.0
20230930:0703,342.93,44.9,28.81,3.38,0.0
20230930:0803,399.35,55.94,31.88,3.93,0.0
20230930:0903,431.24,63.66,34.23,4.14,0.0
20230930:1003,435.48,64.73,35.89,4.28,0.0
20230930:1103,411.54,58.46,36.82,4.41,0.0
20230930:1203,361.25,48.04,37.24,4.41,0.0
20230930:1303,287.86,35.86,37.01,4.48,0.0
20230930:1403,196.28,22.93,35.73,4.55,0.0
20230930:1503,85.74,9.69,33.46,4.62,0.0
20230930:1603,0.0,0.0,31.18,4.55,0.0
20230930:1703,0.0,0.0,29.73,4.28,0.0
20230930:1803,0.0,0.0,28.53,3.45,0.0
20230930:1903,0.0,0.0,24.88,5.72,0.0
20230930:2003,0.0,0.0,20.67,6.28,0.0
20230930:2103,0.0,0.0,20.03,4.97,0.0
20230930:2203,0.0,0.0,19.84,6.28,0.0
20230930:2303,0.0,0.0,19.55,6.14,0.0
20231001:0003,0.0,0.0,19.17,5.72,0.0
20231001:0103,0.0,0.0,18.93,3.93,0.0
20231001:0203,0.0,0.0,18.67,3.72,0.0
20231001:0303,0.0,0.0,18.31,4.14,0.0
20231001:0403,6.17,6.37,17.93,4.0,0.0
20231001:0503,29.99,19.66,17.94,4.9,0.0
20231001:0603,53.8,32.72,18.22,5.31,0.0
20231001:0703,182.58,45.2,18.13,4.69,0.0
20231001:0803,109.37,56.29,18.97,5.31,0.0
20231001:0903,355.31,64.06,19.46,5.31,0.0
20231001:1003,271.14,65.09,19.69,5.45,0.0
20231001:1103,137.6,58.72,19.68,5.45,0.0
20231001:1203,88.2,48.23,19.28,5.38,0.0
20231001:1303,97.02,36.0,18.76,5.31,0.0
20231001:1403,143.13,23.04,18.31,4.48,0.0
20231001:1503,64.67,9.79,18.0,3.86,0.0
20231001:1603,0.0,0.0,17.46,3.17,0.0
20231001:1703,0.0,0.0,16.77,2.83,0.0
20231001:1803,0.0,0.0,16.28,2.55,0.0
20231001:1903,0.0,0.0,15.86,2.34,0.0
20231001:2003,0.0,0.0,15.89,2.14,0.0
20231001:2103,0.0,0.0,15.88,2.0,0.0
20231001:2203,0.0,0.0,15.87,1.79,0.0
20231001:2303,0.0,0.0,16.02,1.72,0.0
20231002:0003,0.0,0.0,16.15,1.59,0.0
20231002:0103,0.0,0.0,16.11,1.72,0.0
20231002:0203,0.0,0.0,16.17,1.52,0.0
20231002:0303,0.0,0.0,15.84,1.1,0.0
20231002:0403,9.7,6.62,15.63,0.62,0.0
20231002:0503,42.34,19.91,16.65,0.48,0.0
20231002:0603,83.79,32.99,18.06,1.17,0.0
20231002:0703,220.39,45.49,19.37,0.83,0.0
20231002:0803,430.07,56.63,19.77,0.55,0.0
20231002:0903,458.56,64.45,20.17,0.69,0.0
20231002:1003,331.62,65.46,20.74,0.97,0.0
20231002:1103,417.45,58.98,21.41,1.31,0.0
20231002:1203,127.89,48.41,22.2,1.72,0.0
20231002:1303,272.46,36.14,22.59,2.28,0.0
20231002:1403,204.37,23.16,22.3,2.83,0.0
20231002:1503,95.81,9.9,21.33,2.97,0.0
20231002:1603,0.0,0.0,19.52,2.62,0.0
20231002:1703,0.0,0.0,17.97,2.62,0.0
20231002:1803,0.0,0.0,16.85,2.69,0.0
20231002:1903,0.0,0.0,16.38,2.62,0.0
20231002:2003,0.0,0.0,15.78,2.62,0.0
20231002:2103,0.0,0.0,15.32,2.62,0.0
20231002:2203,0.0,0.0,14.95,2.62,0.0
20231002:2303,0.0,0.0,14.78,2.62,0.0
20231003:0003,0.0,0.0,14.52,2.69,0.0
20231003:0103,0.0,0.0,14.43,2.69,0.0
20231003:0203,0.0,0.0,14.19,2.76,0.0
20231003:0303,0.0,0.0,14.12,2.9,0.0
20231003:0403,65.28,6.87,14.38,3.1,0.0
20231003:0503,187.78,20.16,16.27,3.45,0.0
20231003:0603,287.6,33.25,18.63,4.76,0.0
20231003:0703,367.9,45.79,20.84,5.38,0.0
20231003:0803,425.97,56.98,22.83,5.38,0.0
20231003:0903,457.66,64.84,24.61,5.31,0.0
20231003:1003,461.69,65.82,26.15,5.31,0.0
20231003:1103,436.86,59.24,27.27,5.31,0.0
20231003:1203,385.18,48.59,27.9,5.31,0.0
20231003:1303,309.6,36.27,27.98,5.24,0.0
20231003:1403,214.99,23.27,27.43,5.03,0.0
20231003:1503,99.08,10.0,26.17,4.14,0.0
20231003:1603,0.0,0.0,23.89,3.52,0.0
20231003:1703,0.0,0.0,22.1,3.24,0.0
20231003:1803,0.0,0.0,20.8,3.03,0.0
20231003:1903,0.0,0.0,20.01,2.69,0.0
20231003:2003,0.0,0.0,19.12,2.62,0.0
20231003:2103,0.0,0.0,18.45,2.62,0.0
20231003:2203,0.0,0.0,17.9,2.55,0.0
20231003:2303,0.0,0.0,17.4,2.41,0.0
20231004:0003,0.0,0.0,16.88,2.28,0.0
20231004:0103,0.0,0.0,16.31,2.14,0.0
20231004:0203,0.0,0.0,15.64,1.79,0.0
20231004:0303,0.0,0.0,16.7,0.83,0.0
20231004:0403,46.87,7.12,17.04,0.21,0.0
20231004:0503,180.69,20.41,18.41,0.14,0.0
20231004:0603,290.89,33.51,21.1,0.28,0.0
20231004:0703,372.24,46.08,23.91,0.14,0.0
20231004:0803,430.22,57.31,26.07,0.69,0.0
20231004:0903,462.22,65.23,27.95,1.31,0.0
20231004:1003,465.56,66.18,29.5,1.86,0.0
20231004:1103,440.66,59.5,30.63,2.34,0.0
20231004:1203,389.28,48.77,31.19,2.76,0.0
20231004:1303,313.91,36.41,31.18,3.24,0.0
20231004:1403,218.39,23.39,30.42,3.52,0.0
20231004:1503,102.29,10.11,28.68,3.38,0.0
20231004:1603,0.0,0.0,25.79,3.38,0.0
20231004:1703,0.0,0.0,23.53,3.24,0.0
20231004:1803,0.0,0.0,21.97,3.1,0.0
20231004:1903,0.0,0.0,21.15,2.9,0.0
20231004:2003,0.0,0.0,20.35,2.69,0.0
20231004:2103,0.0,0.0,19.71,2.55,0.0
20231004:2203,0.0,0.0,19.15,2.48,0.0
20231004:2303,0.0,0.0,18.65,2.41,0.0
20231005:0003,0.0,0.0,18.18,2.34,0.0
20231005:0103,0.0,0.0,17.76,2.41,0.0
20231005:0203,0.0,0.0,17.54,2.41,0.0
20231005:0303,0.0,0.0,17.37,2.48,0.0
20231005:0403,51.72,7.36,17.39,2.41,0.0
20231005:0503,185.46,20.66,19.15,2.76,0.0
20231005:0603,298.9,33.77,21.99,3.31,0.0
20231005:0703,380.25,46.36,24.47,3.38,0.0
20231005:0803,436.52,57.65,26.96,3.59,0.0
20231005:0903,469.05,65.62,29.13,3.79,0.0
20231005:1003,471.79,66.54,30.89,3.86,0.0
20231005:1103,447.19,59.75,32.15,4.0,0.0
20231005:1203,394.25,48.94,32.86,4.14,0.0
20231005:1303,319.12,36.54,32.85,4.28,0.0
20231005:1403,223.22,23.5,32.06,4.21,0.0
20231005:1503,104.56,10.22,30.41,3.59,0.0
20231005:1603,0.0,0.0,27.62,3.38,0.0
20231005:1703,0.0,0.0,25.33,3.1,0.0
20231005:1803,0.0,0.0,23.66,2.97,0.0
20231005:1903,0.0,0.0,22.53,3.03,0.0
20231005:2003,0.0,0.0,21.59,2.76,0.0
20231005:2103,0.0,0.0,20.87,2.62,0.0
20231005:2203,0.0,0.0,20.18,1.86,0.0
20231005:2303,0.0,0.0,19.33,1.59,0.0
20231006:0003,0.0,0.0,18.64,1.79,0.0
20231006:0103,0.0,0.0,18.52,1.93,0.0
20231006:0203,0.0,0.0,19.06,2.0,0.0
20231006:0303,0.0,0.0,19.8,2.0,0.0
20231006:0403,53.86,7.6,20.34,1.79,0.0
20231006:0503,138.77,20.9,21.95,2.41,0.0
20231006:0603,301.05,34.03,23.2,2.21,0.0
20231006:0703,389.36,46.65,24.61,0.76,0.0
20231006:0803,444.3,57.98,26.31,0.9,0.0
20231006:0903,475.71,66.01,28.42,2.0,0.0
20231006:1003,473.85,66.89,30.09,2.83,0.0
20231006:1103,448.72,60.0,31.23,3.45,0.0
20231006:1203,396.61,49.12,31.86,3.79,0.0
20231006:1303,321.38,36.68,31.92,3.93,0.0
20231006:1403,223.94,23.61,31.38,3.93,0.0
20231006:1503,103.29,10.33,29.88,3.59,0.0
20231006:1603,0.0,0.0,27.05,3.38,0.0
20231006:1703,0.0,0.0,24.71,3.52,0.0
20231006:1803,0.0,0.0,23.18,3.38,0.0
20231006:1903,0.0,0.0,22.35,3.52,0.0
20231006:2003,0.0,0.0,21.62,3.45,0.0
20231006:2103,0.0,0.0,21.18,3.17,0.0
20231006:2203,0.0,0.0,20.84,2.97,0.0
20231006:2303,0.0,0.0,20.64,2.9,0.0
20231007:0003,0.0,0.0,20.49,2.97,0.0
20231007:0103,0.0,0.0,20.2,3.1,0.0
20231007:0203,0.0,0.0,20.05,3.1,0.0
20231007:0303,0.0,0.0,19.96,2.97,0.0
20231007:0403,43.62,7.84,20.25,2.9,0.0
20231007:0503,197.64,21.14,22.68,3.31,0.0
20231007:0603,306.03,34.28,25.87,4.41,0.0
20231007:0703,387.35,46.93,28.95,5.03,0.0
20231007:0803,445.47,58.31,31.76,5.59,0.0
20231007:0903,477.08,66.39,34.07,5.93,0.0
20231007:1003,480.04,67.25,35.78,5.93,0.0
20231007:1103,454.59,60.25,36.92,5.86,0.0
20231007:1203,403.31,49.29,37.39,5.79,0.0
20231007:1303,325.72,36.81,37.27,5.79,0.0
20231007:1403,226.91,23.73,36.59,5.52,0.0
20231007:1503,109.21,10.44,35.06,4.34,0.0
20231007:1603,0.0,0.0,32.94,2.21,0.0
20231007:1703,0.0,0.0,29.96,3.24,0.0
20231007:1803,0.0,0.0,25.58,5.1,0.0
20231007:1903,0.0,0.0,22.89,5.1,0.0
20231007:2003,0.0,0.0,22.61,5.03,0.0
20231007:2103,0.0,0.0,22.5,4.83,0.0
20231007:2203,0.0,0.0,22.21,5.1,0.0
20231007:2303,0.0,0.0,21.65,4.83,0.0
20231008:0003,0.0,0.0,21.09,4.97,0.0
20231008:0103,0.0,0.0,20.45,4.62,0.0
20231008:0203,0.0,0.0,20.13,4.62,0.0
20231008:0303,0.0,0.0,19.77,4.28,0.0
20231008:0403,20.29,8.07,19.59,4.41,0.0
20231008:0503,64.39,21.38,20.16,5.93,0.0
20231008:0603,191.16,34.53,21.11,5.31,0.0
20231008:0703,238.11,47.2,21.82,4.97,0.0
20231008:0803,320.93,58.64,22.33,4.9,0.0
20231008:0903,419.7,66.77,22.69,4.97,0.0
20231008:1003,241.68,67.6,22.25,4.9,0.0
20231008:1103,128.78,60.5,21.96,4.83,0.0
20231008:1203,107.61,49.47,21.04,4.55,0.0
20231008:1303,84.68,36.94,20.5,4.28,0.0
20231008:1403,59.98,23.85,20.03,4.21,0.0
20231008:1503,43.17,10.55,19.59,4.14,0.0
20231008:1603,0.0,0.0,18.96,4.0,0.0
20231008:1703,0.0,0.0,18.58,3.38,0.0
20231008:1803,0.0,0.0,18.52,2.76,0.0
20231008:1903,0.0,0.0,18.58,2.48,0.0
20231008:2003,0.0,0.0,18.18,2.21,0.0
20231008:2103,0.0,0.0,17.96,2.07,0.0
20231008:2203,0.0,0.0,17.79,1.72,0.0
20231008:2303,0.0,0.0,17.75,1.52,0.0
20231009:0003,0.0,0.0,17.7,1.72,0.0
20231009:0103,0.0,0.0,17.56,1.66,0.0
20231009:0203,0.0,0.0,17.37,1.45,0.0
20231009:0303,0.0,0.0,17.19,1.31,0.0
20231009:0403,9.7,8.31,17.21,1.24,0.0
20231009:0503,46.75,21.61,17.85,1.72,0.0
20231009:0603,88.2,34.78,19.2,1.45,0.0
20231009:0703,226.24,47.48,19.81,0.9,0.0
20231009:0803,315.83,58.96,20.16,1.38,0.0
20231009:0903,351.68,67.15,21.04,2.0,0.0
20231009:1003,200.22,67.96,21.67,2.55,0.0
20231009:1103,165.82,60.75,21.83,2.83,0.0
20231009:1203,117.31,49.64,22.36,3.03,0.0
20231009:1303,78.5,37.08,22.6,3.03,0.0
20231009:1403,37.93,23.96,22.64,3.03,0.0
20231009:1503,48.5,10.67,22.32,3.31,0.0
20231009:1603,0.0,0.0,21.56,2.83,0.0
20231009:1703,0.0,0.0,20.9,2.9,0.0
20231009:1803,0.0,0.0,20.29,2.69,0.0
20231009:1903,0.0,0.0,19.85,2.76,0.0
20231009:2003,0.0,0.0,19.68,2.62,0.0
20231009:2103,0.0,0.0,19.54,2.14,0.0
20231009:2203,0.0,0.0,19.4,1.59,0.0
20231009:2303,0.0,0.0,19.23,1.31,0.0
20231010:0003,0.0,0.0,19.2,1.03,0.0
20231010:0103,0.0,0.0,19.15,0.83,0.0
20231010:0203,0.0,0.0,19.17,0.97,0.0
20231010:0303,0.0,0.0,19.17,1.03,0.0
20231010:0403,7.06,8.53,19.19,0.83,0.0
20231010:0503,23.81,21.84,19.64,0.55,0.0
20231010:0603,74.09,35.02,20.25,1.03,0.0
20231010:0703,238.17,47.75,22.34,2.83,0.0
20231010:0803,368.35,59.28,23.63,3.45,0.0
20231010:0903,234.62,67.53,24.99,3.79,0.0
20231010:1003,202.87,68.31,25.36,3.52,0.0
20231010:1103,228.45,60.99,25.76,3.24,0.0
20231010:1203,357.5,49.81,26.09,2.62,0.0
20231010:1303,157.0,37.21,26.26,2.28,0.0
20231010:1403,64.39,24.08,26.07,2.14,0.0
20231010:1503,9.7,10.78,25.41,2.34,0.0
20231010:1603,0.0,0.0,24.21,2.9,0.0
20231010:1703,0.0,0.0,23.13,3.1,0.0
20231010:1803,0.0,0.0,22.22,2.83,0.0
20231010:1903,0.0,0.0,21.79,2.9,0.0
20231010:2003,0.0,0.0,21.56,2.76,0.0
20231010:2103,0.0,0.0,21.37,2.76,0.0
20231010:2203,0.0,0.0,21.25,2.55,0.0
20231010:2303,0.0,0.0,21.12,2.97,0.0
20231011:0003,0.0,0.0,21.05,2.97,0.0
20231011:0103,0.0,0.0,20.97,3.72,0.0
20231011:0203,0.0,0.0,20.94,3.86,0.0
20231011:0303,0.0,0.0,20.89,4.07,0.0
20231011:0403,8.82,8.76,20.94,3.79,0.0
20231011:0503,24.7,22.07,21.27,4.76,0.0
20231011:0603,74.09,35.26,21.97,5.93,0.0
20231011:0703,251.91,48.01,22.28,6.0,0.0
20231011:0803,339.2,59.59,24.26,6.62,0.0
20231011:0903,496.21,67.91,26.69,6.69,0.0
20231011:1003,504.95,68.66,29.06,5.86,0.0
20231011:1103,472.43,61.23,30.83,5.66,0.0
20231011:1203,378.1,49.98,31.66,5.45,0.0
20231011:1303,277.48,37.34,32.46,5.31,0.0
20231011:1403,210.42,24.2,32.82,5.03,0.0
20231011:1503,62.0,10.89,32.25,3.59,0.0
20231011:1603,0.0,0.0,30.45,2.76,0.0
20231011:1703,0.0,0.0,28.72,2.62,0.0
20231011:1803,0.0,0.0,27.6,2.48,0.0
20231011:1903,0.0,0.0,25.55,1.86,0.0
20231011:2003,0.0,0.0,24.31,2.76,0.0
20231011:2103,0.0,0.0,23.32,3.66,0.0
20231011:2203,0.0,0.0,22.55,3.86,0.0
20231011:2303,0.0,0.0,22.02,3.79,0.0
20231012:0003,0.0,0.0,21.79,3.72,0.0
20231012:0103,0.0,0.0,21.61,3.17,0.0
20231012:0203,0.0,0.0,21.57,2.28,0.0
20231012:0303,0.0,0.0,21.46,2.55,0.0
20231012:0403,7.06,8.98,21.48,2.28,0.0
20231012:0503,34.4,22.29,21.89,2.69,0.0
20231012:0603,214.41,35.49,22.78,3.03,0.0
20231012:0703,224.09,48.27,22.99,2.69,0.0
20231012:0803,186.11,59.9,24.41,2.48,0.0
20231012:0903,149.95,68.28,25.73,1.93,0.0
20231012:1003,444.54,69.0,27.2,1.79,0.0
20231012:1103,481.65,61.47,28.85,2.21,0.0
20231012:1203,419.6,50.14,29.36,2.83,0.0
20231012:1303,159.65,37.47,28.21,2.76,0.0
20231012:1403,242.26,24.31,26.0,2.28,0.0
20231012:1503,9.7,11.01,24.73,2.62,0.0
20231012:1603,0.0,0.0,23.78,2.14,0.0
20231012:1703,0.0,0.0,23.24,1.72,0.0
20231012:1803,0.0,0.0,22.8,1.86,0.0
20231012:1903,0.0,0.0,21.98,1.86,0.0
20231012:2003,0.0,0.0,21.84,1.93,0.0
20231012:2103,0.0,0.0,21.79,2.21,0.0
20231012:2203,0.0,0.0,21.66,2.41,0.0
20231012:2303,0.0,0.0,21.68,1.86,0.0
20231013:0003,0.0,0.0,21.87,0.21,0.0
20231013:0103,0.0,0.0,21.12,1.72,0.0
20231013:0203,0.0,0.0,20.51,2.69,0.0
20231013:0303,0.0,0.0,19.25,3.24,0.0
20231013:0403,19.4,9.2,18.4,2.62,0.0
20231013:0503,31.75,22.51,18.65,2.69,0.0
20231013:0603,137.6,35.72,19.25,2.76,0.0
20231013:0703,131.42,48.52,19.87,3.17,0.0
20231013:0803,149.06,60.2,19.83,3.66,0.0
20231013:0903,168.47,68.65,20.46,3.93,0.0
20231013:1003,157.88,69.35,21.35,4.0,0.0
20231013:1103,293.29,61.71,21.72,4.0,0.0
20231013:1203,107.61,50.31,21.82,4.14,0.0
20231013:1303,81.15,37.61,21.99,4.21,0.0
20231013:1403,50.28,24.43,21.73,3.59,0.0
20231013:1503,43.22,11.13,21.31,2.9,0.0
20231013:1603,0.0,0.0,20.62,2.83,0.0
20231013:1703,0.0,0.0,20.12,2.69,0.0
20231013:1803,0.0,0.0,19.82,2.69,0.0
20231013:1903,0.0,0.0,19.65,2.28,0.0
20231013:2003,0.0,0.0,19.42,2.21,0.0
20231013:2103,0.0,0.0,19.25,2.14,0.0
20231013:2203,0.0,0.0,18.86,2.14,0.0
20231013:2303,0.0,0.0,18.44,2.14,0.0
20231014:0003,0.0,0.0,18.03,1.93,0.0
20231014:0103,0.0,0.0,17.64,1.59,0.0
20231014:0203,0.0,0.0,17.13,1.31,0.0
20231014:0303,0.0,0.0,16.24,1.17,0.0
20231014:0403,64.48,9.42,16.48,0.9,0.0
20231014:0503,196.36,22.73,18.99,0.76,0.0
20231014:0603,353.05,35.95,21.33,2.55,0.0
20231014:0703,434.61,48.77,22.9,4.07,0.0
20231014:0803,498.72,60.5,24.36,4.69,0.0
20231014:0903,531.79,69.02,25.33,4.34,0.0
20231014:1003,499.41,69.69,25.4,4.0,0.0
20231014:1103,278.75,61.94,25.17,3.72,0.0
20231014:1203,268.8,50.47,24.31,3.66,0.0
20231014:1303,337.68,37.74,23.56,4.0,0.0
20231014:1403,91.73,24.55,22.83,4.48,0.0
20231014:1503,29.99,11.24,21.89,4.41,0.0
20231014:1603,0.0,0.0,20.35,3.72,0.0
20231014:1703,0.0,0.0,19.16,3.31,0.0
20231014:1803,0.0,0.0,18.37,3.31,0.0
20231014:1903,0.0,0.0,18.11,4.0,0.0
20231014:2003,0.0,0.0,17.89,3.52,0.0
20231014:2103,0.0,0.0,17.44,3.79,0.0
20231014:2203,0.0,0.0,17.1,3.72,0.0
20231014:2303,0.0,0.0,17.04,3.45,0.0
20231015:0003,0.0,0.0,16.84,3.1,0.0
20231015:0103,0.0,0.0,16.77,2.9,0.0
20231015:0203,0.0,0.0,16.77,2.69,0.0
20231015:0303,0.0,0.0,16.71,2.62,0.0
20231015:0403,8.82,9.63,17.03,2.48,0.0
20231015:0503,154.97,22.94,18.51,2.97,0.0
20231015:0603,286.1,36.17,20.4,3.66,0.0
20231015:0703,433.94,49.02,22.21,3.66,0.0
20231015:0803,479.89,60.8,23.75,3.52,0.0
20231015:0903,381.0,69.39,25.16,3.24,0.0
20231015:1003,168.47,70.03,25.44,2.76,0.0
20231015:1103,72.33,62.17,24.84,2.9,0.0
20231015:1203,85.56,50.64,23.8,3.38,0.0
20231015:1303,54.69,37.87,22.9,3.59,0.0
20231015:1403,43.22,24.67,22.58,3.72,0.0
20231015:1503,26.46,11.36,21.92,3.45,0.0
20231015:1603,0.0,0.0,20.78,2.76,0.0
20231015:1703,0.0,0.0,19.96,2.41,0.0
20231015:1803,0.0,0.0,19.4,2.55,0.0
20231015:1903,0.0,0.0,19.2,1.72,0.0
20231015:2003,0.0,0.0,18.84,1.59,0.0
20231015:2103,0.0,0.0,18.26,1.45,0.0
20231015:2203,0.0,0.0,17.71,1.24,0.0
20231015:2303,0.0,0.0,17.19,1.45,0.0
20231016:0003,0.0,0.0,16.83,1.45,0.0
20231016:0103,0.0,0.0,16.59,1.52,0.0
20231016:0203,0.0,0.0,16.24,1.17,0.0
20231016:0303,0.0,0.0,15.95,1.03,0.0
20231016:0403,8.82,9.84,16.1,0.97,0.0
20231016:0503,26.46,23.14,17.86,0.83,0.0
20231016:0603,44.1,36.38,18.35,0.76,0.0
20231016:0703,59.1,49.26,18.3,0.62,0.0
20231016:0803,313.35,61.09,18.8,0.41,0.0
20231016:0903,131.42,69.75,19.36,0.62,0.0
20231016:1003,87.32,70.37,19.88,1.31,0.0
20231016:1103,310.65,62.4,19.72,0.9,0.0
20231016:1203,110.25,50.8,20.17,1.17,0.0
20231016:1303,45.87,38.0,20.74,1.72,0.0
20231016:1403,29.11,24.79,20.17,2.0,0.0
20231016:1503,20.29,11.48,19.64,1.79,0.0
20231016:1603,0.0,0.0,19.07,0.55,0.0
20231016:1703,0.0,0.0,18.62,0.48,0.0
20231016:1803,0.0,0.0,18.2,0.62,0.0
20231016:1903,0.0,0.0,18.37,0.21,0.0
20231016:2003,0.0,0.0,17.9,0.69,0.0
20231016:2103,0.0,0.0,17.45,1.03,0.0
20231016:2203,0.0,0.0,17.75,1.24,0.0
20231016:2303,0.0,0.0,17.9,1.93,0.0
20231017:0003,0.0,0.0,17.94,3.66,0.0
20231017:0103,0.0,0.0,17.62,4.41,0.0
20231017:0203,0.0,0.0,17.62,4.97,0.0
20231017:0303,0.0,0.0,17.75,5.31,0.0
20231017:0403,8.82,10.05,17.95,5.59,0.0
20231017:0503,26.46,23.35,18.56,6.34,0.0
20231017:0603,63.51,36.59,18.8,7.1,0.0
20231017:0703,98.79,49.49,18.3,6.21,0.0
20231017:0803,130.54,61.37,18.49,6.14,0.0
20231017:0903,95.26,70.11,18.64,6.48,0.0
20231017:1003,86.44,70.71,19.19,6.9,0.0
20231017:1103,72.33,62.63,19.16,6.69,0.0
20231017:1203,273.87,50.96,19.19,6.48,0.0
20231017:1303,157.88,38.13,19.32,6.55,0.0
20231017:1403,37.93,24.91,19.39,6.48,0.0
20231017:1503,29.99,11.6,19.01,6.62,0.0
20231017:1603,0.0,0.0,18.43,6.0,0.0
20231017:1703,0.0,0.0,17.99,5.86,0.0
20231017:1803,0.0,0.0,17.77,5.66,0.0
20231017:1903,0.0,0.0,16.98,5.38,0.0
20231017:2003,0.0,0.0,16.97,5.24,0.0
20231017:2103,0.0,0.0,16.95,5.1,0.0
20231017:2203,0.0,0.0,16.87,4.83,0.0
20231017:2303,0.0,0.0,16.82,4.69,0.0
20231018:0003,0.0,0.0,16.89,4.48,0.0
20231018:0103,0.0,0.0,16.93,4.21,0.0
20231018:0203,0.0,0.0,16.98,4.07,0.0
20231018:0303,0.0,0.0,17.01,3.72,0.0
20231018:0403,32.64,10.25,17.16,3.45,0.0
20231018:0503,185.64,23.55,17.57,2.97,0.0
20231018:0603,229.59,36.8,18.62,3.52,0.0
20231018:0703,269.56,49.72,19.38,3.72,0.0
20231018:0803,259.8,61.65,20.59,3.38,0.0
20231018:0903,525.96,70.46,22.05,3.17,0.0
20231018:1003,550.51,71.04,22.89,2.9,0.0
20231018:1103,389.18,62.85,23.59,2.62,0.0
20231018:1203,432.16,51.12,23.79,2.28,0.0
20231018:1303,361.06,38.26,23.95,1.86,0.0
20231018:1403,204.1,25.03,23.57,2.21,0.0
20231018:1503,131.28,11.73,22.96,2.41,0.0
20231018:1603,0.0,0.0,21.66,2.21,0.0
20231018:1703,0.0,0.0,20.08,1.66,0.0
20231018:1803,0.0,0.0,18.86,0.9,0.0
20231018:1903,0.0,0.0,19.24,0.28,0.0
20231018:2003,0.0,0.0,18.78,0.76,0.0
20231018:2103,0.0,0.0,18.03,0.83,0.0
20231018:2203,0.0,0.0,17.75,0.76,0.0
20231018:2303,0.0,0.0,17.42,0.83,0.0
20231019:0003,0.0,0.0,16.82,0.97,0.0
20231019:0103,0.0,0.0,16.01,1.17,0.0
20231019:0203,0.0,0.0,15.83,1.24,0.0
20231019:0303,0.0,0.0,15.63,1.31,0.0
20231019:0403,9.7,10.45,16.46,1.1,0.0
20231019:0503,174.08,23.74,19.39,1.31,0.0
20231019:0603,318.78,37.0,22.0,3.24,0.0
20231019:0703,267.86,49.95,23.1,3.38,0.0
20231019:0803,521.43,61.92,24.15,3.45,0.0
20231019:0903,388.74,70.81,24.97,3.24,0.0
20231019:1003,549.0,71.37,25.18,3.24,0.0
20231019:1103,437.46,63.07,25.31,3.31,0.0
20231019:1203,381.39,51.28,25.2,3.52,0.0
20231019:1303,247.16,38.39,24.36,3.79,0.0
20231019:1403,163.28,25.15,23.14,4.0,0.0
20231019:1503,36.16,11.85,22.05,3.72,0.0
20231019:1603,0.0,0.0,20.86,2.97,0.0
20231019:1703,0.0,0.0,20.0,2.14,0.0
20231019:1803,0.0,0.0,19.39,1.66,0.0
20231019:1903,0.0,0.0,19.3,1.24,0.0
20231019:2003,0.0,0.0,18.53,1.03,0.0
20231019:2103,0.0,0.0,18.02,0.9,0.0
20231019:2203,0.0,0.0,17.79,0.9,0.0
20231019:2303,0.0,0.0,18.01,0.62,0.0
20231020:0003,0.0,0.0,18.33,0.41,0.0
20231020:0103,0.0,0.0,18.32,0.41,0.0
20231020:0203,0.0,0.0,17.97,0.55,0.0
20231020:0303,0.0,0.0,17.77,0.83,0.0
20231020:0403,20.29,10.64,18.48,1.1,0.0
20231020:0503,141.71,23.93,19.79,2.41,0.0
20231020:0603,237.53,37.2,21.22,3.38,0.0
20231020:0703,435.11,50.17,22.25,3.72,0.0
20231020:0803,528.67,62.19,23.23,4.28,0.0
20231020:0903,551.79,71.16,24.71,4.62,0.0
20231020:1003,563.23,71.7,26.36,4.83,0.0
20231020:1103,539.86,63.29,27.66,4.83,0.0
20231020:1203,485.75,51.44,28.55,4.69,0.0
20231020:1303,404.09,38.53,28.68,4.41,0.0
20231020:1403,298.6,25.27,28.54,4.07,0.0
20231020:1503,161.13,11.98,27.66,3.31,0.0
20231020:1603,0.0,0.0,25.62,2.9,0.0
20231020:1703,0.0,0.0,23.62,3.03,0.0
20231020:1803,0.0,0.0,22.01,3.17,0.0
20231020:1903,0.0,0.0,21.3,3.31,0.0
20231020:2003,0.0,0.0,20.48,3.24,0.0
20231020:2103,0.0,0.0,19.89,3.17,0.0
20231020:2203,0.0,0.0,19.48,3.17,0.0
20231020:2303,0.0,0.0,19.2,3.31,0.0
20231021:0003,0.0,0.0,19.03,3.38,0.0
20231021:0103,0.0,0.0,18.93,3.45,0.0
20231021:0203,0.0,0.0,18.91,3.45,0.0
20231021:0303,0.0,0.0,18.85,3.45,0.0
20231021:0403,135.53,10.83,19.33,3.31,0.0
20231021:0503,280.96,24.12,21.21,4.07,0.0
20231021:0603,391.76,37.39,23.4,4.55,0.0
20231021:0703,476.09,50.38,25.78,4.55,0.0
20231021:0803,534.26,62.45,28.18,4.34,0.0
20231021:0903,566.34,71.5,30.22,3.86,0.0
20231021:1003,567.18,72.02,31.81,3.17,0.0
20231021:1103,539.63,63.51,32.76,2.34,0.0
20231021:1203,486.11,51.6,33.01,2.28,0.0
20231021:1303,404.09,38.66,32.9,2.34,0.0
20231021:1403,296.84,25.4,31.96,2.69,0.0
20231021:1503,158.83,12.1,29.56,3.45,0.0
20231021:1603,0.0,0.0,26.48,3.52,0.0
20231021:1703,0.0,0.0,24.3,3.31,0.0
20231021:1803,0.0,0.0,23.1,3.24,0.0
20231021:1903,0.0,0.0,22.51,3.93,0.0
20231021:2003,0.0,0.0,21.97,3.59,0.0
20231021:2103,0.0,0.0,21.52,3.38,0.0
20231021:2203,0.0,0.0,21.26,3.1,0.0
20231021:2303,0.0,0.0,21.1,3.03,0.0
20231022:0003,0.0,0.0,20.81,3.45,0.0
20231022:0103,0.0,0.0,20.43,3.17,0.0
20231022:0203,0.0,0.0,20.29,2.97,0.0
20231022:0303,0.0,0.0,20.31,2.9,0.0
20231022:0403,145.3,11.02,20.22,3.38,0.0
20231022:0503,33.52,24.3,19.88,3.86,0.0
20231022:0603,202.37,37.58,19.76,3.24,0.0
20231022:0703,118.19,50.59,19.88,2.69,0.0
20231022:0803,127.89,62.71,21.03,4.0,0.0
20231022:0903,129.66,71.84,21.8,4.55,0.0
20231022:1003,89.09,72.35,21.77,4.76,0.0
20231022:1103,255.42,63.73,21.49,4.83,0.0
20231022:1203,99.67,51.75,22.38,5.59,0.0
20231022:1303,250.06,38.79,22.16,5.52,0.0
20231022:1403,44.1,25.52,21.34,5.1,0.0
20231022:1503,13.23,12.23,20.85,4.97,0.0
20231022:1603,0.0,0.0,19.62,5.1,0.0
20231022:1703,0.0,0.0,18.7,4.76,0.0
20231022:1803,0.0,0.0,18.11,4.83,0.0
20231022:1903,0.0,0.0,17.48,4.62,0.0
20231022:2003,0.0,0.0,16.97,4.14,0.0
20231022:2103,0.0,0.0,16.52,3.66,0.0
20231022:2203,0.0,0.0,16.11,3.31,0.0
20231022:2303,0.0,0.0,15.77,3.03,0.0
20231023:0003,0.0,0.0,15.37,2.62,0.0
20231023:0103,0.0,0.0,15.06,2.34,0.0
20231023:0203,0.0,0.0,14.71,2.21,0.0
20231023:0303,0.0,0.0,14.44,2.07,0.0
20231023:0403,146.91,11.2,14.65,1.66,0.0
20231023:0503,298.92,24.48,17.94,1.93,0.0
20231023:0603,409.91,37.76,20.06,2.55,0.0
20231023:0703,494.14,50.79,21.76,2.14,0.0
20231023:0803,551.24,62.96,23.37,1.45,0.0
20231023:0903,582.68,72.17,24.67,0.76,0.0
20231023:1003,585.12,72.67,25.7,0.41,0.0
20231023:1103,557.99,63.94,26.5,1.31,0.0
20231023:1203,502.45,51.91,27.17,2.28,0.0
20231023:1303,419.25,38.92,26.88,2.55,0.0
20231023:1403,300.22,25.64,26.13,3.17,0.0
20231023:1503,174.93,12.36,24.14,3.45,0.0
20231023:1603,0.0,0.0,21.84,3.03,0.0
20231023:1703,0.0,0.0,20.11,2.48,0.0
20231023:1803,0.0,0.0,19.21,1.86,0.0
20231023:1903,0.0,0.0,18.86,1.24,0.0
20231023:2003,0.0,0.0,17.98,1.1,0.0
20231023:2103,0.0,0.0,17.26,1.38,0.0
20231023:2203,0.0,0.0,16.84,1.66,0.0
20231023:2303,0.0,0.0,16.55,1.79,0.0
20231024:0003,0.0,0.0,16.39,1.93,0.0
20231024:0103,0.0,0.0,16.29,2.0,0.0
20231024:0203,0.0,0.0,16.25,2.07,0.0
20231024:0303,0.0,0.0,16.24,2.21,0.0
20231024:0403,147.14,11.38,16.92,1.93,0.0
20231024:0503,297.42,24.65,19.75,2.97,0.0
20231024:0603,409.4,37.94,22.48,3.59,0.0
20231024:0703,493.56,50.99,24.84,3.52,0.0
20231024:0803,552.08,63.2,27.38,2.48,0.0
20231024:0903,583.31,72.5,29.34,0.07,0.0
20231024:1003,585.03,72.99,30.77,2.55,0.0
20231024:1103,558.17,64.15,30.91,4.34,0.0
20231024:1203,501.27,52.06,29.67,5.38,0.0
20231024:1303,413.77,39.05,27.64,5.72,0.0
20231024:1403,227.94,25.77,26.13,5.93,0.0
20231024:1503,112.24,12.49,24.61,6.14,0.0
20231024:1603,0.0,0.0,22.53,5.79,0.0
20231024:1703,0.0,0.0,21.05,5.45,0.0
20231024:1803,0.0,0.0,20.42,5.17,0.0
20231024:1903,0.0,0.0,20.29,5.03,0.0
20231024:2003,0.0,0.0,19.86,4.62,0.0
20231024:2103,0.0,0.0,19.63,4.14,0.0
20231024:2203,0.0,0.0,19.39,3.59,0.0
20231024:2303,0.0,0.0,19.01,3.45,0.0
20231025:0003,0.0,0.0,18.8,3.59,0.0
20231025:0103,0.0,0.0,18.49,3.24,0.0
20231025:0203,0.0,0.0,17.98,2.9,0.0
20231025:0303,0.0,0.0,17.56,2.76,0.0
20231025:0403,23.81,11.55,17.95,2.28,0.0
20231025:0503,137.15,24.81,19.58,3.31,0.0
20231025:0603,354.21,38.11,21.48,3.72,0.0
20231025:0703,348.55,51.17,23.04,4.14,0.0
20231025:0803,408.14,63.44,23.95,3.66,0.0
20231025:0903,308.48,72.83,24.99,3.24,0.0
20231025:1003,510.02,73.3,25.36,2.76,0.0
20231025:1103,261.61,64.36,25.56,2.76,0.0
20231025:1203,410.48,52.21,25.15,3.03,0.0
20231025:1303,366.62,39.18,24.17,3.45,0.0
20231025:1403,103.2,25.9,23.33,3.79,0.0
20231025:1503,124.68,12.62,22.38,3.86,0.0
20231025:1603,0.0,0.0,20.94,2.9,0.0
20231025:1703,0.0,0.0,19.86,2.07,0.0
20231025:1803,0.0,0.0,19.33,1.52,0.0
20231025:1903,0.0,0.0,18.94,0.97,0.0
20231025:2003,0.0,0.0,18.89,0.48,0.0
20231025:2103,0.0,0.0,18.91,0.14,0.0
20231025:2203,0.0,0.0,18.55,0.21,0.0
20231025:2303,0.0,0.0,18.41,0.41,0.0
20231026:0003,0.0,0.0,18.45,0.48,0.0
20231026:0103,0.0,0.0,18.42,0.48,0.0
20231026:0203,0.0,0.0,18.56,0.69,0.0
20231026:0303,0.0,0.0,18.66,0.97,0.0
20231026:0403,11.47,11.72,18.77,1.24,0.0
20231026:0503,116.34,24.98,19.95,2.07,0.0
20231026:0603,194.2,38.27,21.43,3.03,0.0
20231026:0703,338.19,51.36,23.14,3.66,0.0
20231026:0803,328.12,63.67,23.95,3.72,0.0
20231026:0903,470.47,73.15,25.16,3.79,0.0
20231026:1003,432.58,73.61,26.19,3.79,0.0
20231026:1103,564.52,64.56,27.58,3.79,0.0
20231026:1203,517.1,52.37,28.48,3.72,0.0
20231026:1303,433.02,39.31,29.17,3.72,0.0
20231026:1403,327.93,26.02,28.92,3.45,0.0
20231026:1503,187.89,12.75,28.1,3.1,0.0
20231026:1603,0.0,0.0,25.88,2.97,0.0
20231026:1703,0.0,0.0,23.35,3.24,0.0
20231026:1803,0.0,0.0,21.66,3.17,0.0
20231026:1903,0.0,0.0,20.71,3.03,0.0
20231026:2003,0.0,0.0,19.9,2.83,0.0
20231026:2103,0.0,0.0,19.31,2.76,0.0
20231026:2203,0.0,0.0,18.85,2.69,0.0
20231026:2303,0.0,0.0,18.49,2.55,0.0
20231027:0003,0.0,0.0,18.16,2.55,0.0
20231027:0103,0.0,0.0,17.9,2.48,0.0
20231027:0203,0.0,0.0,17.68,2.48,0.0
20231027:0303,0.0,0.0,17.53,2.55,0.0
20231027:0403,155.9,11.88,18.25,2.48,0.0
20231027:0503,307.39,25.13,20.77,3.72,0.0
20231027:0603,422.84,38.43,23.4,4.41,0.0
20231027:0703,508.51,51.53,25.86,4.83,0.0
20231027:0803,567.96,63.89,28.41,4.97,0.0
20231027:0903,599.78,73.46,30.72,5.1,0.0
20231027:1003,600.97,73.92,32.7,5.17,0.0
20231027:1103,574.96,64.77,34.1,5.31,0.0
20231027:1203,518.45,52.52,34.92,5.45,0.0
20231027:1303,438.67,39.44,35.03,5.45,0.0
20231027:1403,30.87,26.15,34.48,5.1,0.0
20231027:1503,13.23,12.89,32.97,3.59,0.0
20231027:1603,0.0,0.0,30.45,2.14,0.0
20231027:1703,0.0,0.0,27.87,2.07,0.0
20231027:1803,0.0,0.0,25.97,1.59,0.0
20231027:1903,0.0,0.0,24.12,4.28,0.0
20231027:2003,0.0,0.0,22.34,4.97,0.0
20231027:2103,0.0,0.0,21.32,4.07,0.0
20231027:2203,0.0,0.0,20.86,3.38,0.0
20231027:2303,0.0,0.0,20.61,3.03,0.0
20231028:0003,0.0,0.0,20.42,2.9,0.0
20231028:0103,0.0,0.0,20.39,3.03,0.0
20231028:0203,0.0,0.0,20.24,2.55,0.0
20231028:0303,0.0,0.0,20.02,2.0,0.0
20231028:0403,11.47,12.04,20.02,2.07,0.0
20231028:0503,41.46,25.28,20.78,2.48,0.0
20231028:0603,80.26,38.59,21.79,2.55,0.0
20231028:0703,149.95,51.71,24.21,2.21,0.0
20231028:0803,519.63,64.11,24.77,1.93,0.0
20231028:0903,119.96,73.77,25.06,2.0,0.0
20231028:1003,219.63,74.23,25.17,2.41,0.0
20231028:1103,466.97,64.97,25.08,2.83,0.0
20231028:1203,84.68,52.67,24.67,3.66,0.0
20231028:1303,75.85,39.58,23.6,4.34,0.0
20231028:1403,30.87,26.28,22.49,4.34,0.0
20231028:1503,18.52,13.02,21.54,4.07,0.0
20231028:1603,0.0,0.0,20.64,4.28,0.0
20231028:1703,0.0,0.0,19.61,4.34,0.0
20231028:1803,0.0,0.0,18.92,4.41,0.0
20231028:1903,0.0,0.0,18.46,4.97,0.0
20231028:2003,0.0,0.0,17.54,5.52,0.0
20231028:2103,0.0,0.0,16.73,5.66,0.0
20231028:2203,0.0,0.0,16.48,5.52,0.0
20231028:2303,0.0,0.0,16.12,4.97,0.0
20231029:0003,0.0,0.0,15.92,4.41,0.0
20231029:0103,0.0,0.0,15.95,3.93,0.0
20231029:0203,0.0,0.0,15.77,4.07,0.0
20231029:0303,0.0,0.0,15.52,4.34,0.0
20231029:0403,11.47,12.19,15.29,5.17,0.0
20231029:0503,67.03,25.43,15.23,5.17,0.0
20231029:0603,47.63,38.73,15.11,4.69,0.0
20231029:0703,62.62,51.87,15.03,5.24,0.0
20231029:0803,74.09,64.31,14.82,5.17,0.0
20231029:0903,80.26,74.07,15.0,6.28,0.0
20231029:1003,80.26,74.53,14.86,6.14,0.0
20231029:1103,74.97,65.17,14.92,6.41,0.0
20231029:1203,71.44,52.82,14.44,5.66,0.0
20231029:1303,49.39,39.71,14.18,5.1,0.0
20231029:1403,45.87,26.41,13.99,4.76,0.0
20231029:1503,48.51,13.16,13.64,4.55,0.0
20231029:1603,0.0,0.0,13.25,4.97,0.0
20231029:1703,0.0,0.0,13.1,4.55,0.0
20231029:1803,0.0,0.0,13.1,4.34,0.0
20231029:1903,0.0,0.0,13.25,4.0,0.0
20231029:2003,0.0,0.0,13.15,3.52,0.0
20231029:2103,0.0,0.0,13.23,3.59,0.0
20231029:2203,0.0,0.0,13.37,3.79,0.0
20231029:2303,0.0,0.0,13.31,3.79,0.0
20231030:0003,0.0,0.0,13.21,3.93,0.0
20231030:0103,0.0,0.0,13.03,3.45,0.0
20231030:0203,0.0,0.0,12.91,3.45,0.0
20231030:0303,0.0,0.0,12.88,3.52,0.0
20231030:0403,17.64,12.34,12.85,3.66,0.0
20231030:0503,29.99,25.57,13.36,3.93,0.0
20231030:0603,67.92,38.88,13.84,4.21,0.0
20231030:0703,140.24,52.03,15.05,5.17,0.0
20231030:0803,154.36,64.52,15.91,5.79,0.0
20231030:0903,138.48,74.37,16.58,5.72,0.0
20231030:1003,81.15,74.83,16.39,4.41,0.0
20231030:1103,103.2,65.36,17.56,5.1,0.0
20231030:1203,249.03,52.97,17.65,4.9,0.0
20231030:1303,64.39,39.84,17.21,4.07,0.0
20231030:1403,117.31,26.54,17.33,4.0,0.0
20231030:1503,101.3,13.29,16.45,2.55,0.0
20231030:1603,0.0,0.0,15.83,2.55,0.0
20231030:1703,0.0,0.0,15.12,2.69,0.0
20231030:1803,0.0,0.0,14.6,2.9,0.0
20231030:1903,0.0,0.0,14.07,2.21,0.0
20231030:2003,0.0,0.0,13.77,2.48,0.0
20231030:2103,0.0,0.0,13.63,2.48,0.0
20231030:2203,0.0,0.0,13.33,2.41,0.0
20231030:2303,0.0,0.0,13.57,2.48,0.0
20231031:0003,0.0,0.0,13.76,2.83,0.0
20231031:0103,0.0,0.0,13.85,2.76,0.0
20231031:0203,0.0,0.0,13.93,2.48,0.0
20231031:0303,0.0,0.0,13.99,2.41,0.0
20231031:0403,44.98,12.48,14.11,2.21,0.0
20231031:0503,29.99,25.71,14.39,2.28,0.0
20231031:0603,56.45,39.01,15.1,2.48,0.0
20231031:0703,101.43,52.18,14.9,2.14,0.0
20231031:0803,239.03,64.71,14.87,2.21,0.0
20231031:0903,337.21,74.66,15.05,2.21,0.0
20231031:1003,81.15,75.13,15.99,2.69,0.0
20231031:1103,104.08,65.56,16.08,2.76,0.0
20231031:1203,64.39,53.11,15.92,2.28,0.0
20231031:1303,109.37,39.97,15.91,2.21,0.0
20231031:1403,31.75,26.67,15.76,2.28,0.0
20231031:1503,35.28,13.43,15.55,2.55,0.0
20231031:1603,0.0,0.0,15.32,2.76,0.0
20231031:1703,0.0,0.0,15.21,3.1,0.0
20231031:1803,0.0,0.0,15.11,3.03,0.0
20231031:1903,0.0,0.0,14.92,3.66,0.0
20231031:2003,0.0,0.0,14.69,3.72,0.0
20231031:2103,0.0,0.0,14.41,3.52,0.0
20231031:2203,0.0,0.0,14.17,3.17,0.0
20231031:2303,0.0,0.0,13.96,2.76,0.0
20231101:0003,0.0,0.0,13.68,2.34,0.0
20231101:0103,0.0,0.0,13.75,2.21,0.0
20231101:0203,0.0,0.0,13.89,2.14,0.0
20231101:0303,0.0,0.0,13.93,2.07,0.0
20231101:0403,75.06,12.62,14.3,1.86,0.0
20231101:0503,321.56,25.84,15.13,1.93,0.0
20231101:0603,461.88,39.14,16.31,2.21,0.0
20231101:0703,516.04,52.32,18.81,2.62,0.0
20231101:0803,544.61,64.9,20.12,2.34,0.0
20231101:0903,453.41,74.95,20.25,2.0,0.0
20231101:1003,601.49,75.42,20.84,2.07,0.0
20231101:1103,355.08,65.75,21.04,2.41,0.0
20231101:1203,326.63,53.26,20.96,2.76,0.0
20231101:1303,371.29,40.1,20.82,2.9,0.0
20231101:1403,245.25,26.8,20.46,2.9,0.0
20231101:1503,188.52,13.57,19.62,2.76,0.0
20231101:1603,0.0,0.0,18.58,2.55,0.0
20231101:1703,0.0,0.0,17.3,1.52,0.0
20231101:1803,0.0,0.0,16.28,0.83,0.0
20231101:1903,0.0,0.0,16.41,0.83,0.0
20231101:2003,0.0,0.0,16.31,0.76,0.0
20231101:2103,0.0,0.0,15.29,1.03,0.0
20231101:2203,0.0,0.0,14.59,1.24,0.0
20231101:2303,0.0,0.0,14.7,1.03,0.0
20231102:0003,0.0,0.0,14.75,0.97,0.0
20231102:0103,0.0,0.0,15.02,0.76,0.0
20231102:0203,0.0,0.0,14.9,0.69,0.0
20231102:0303,0.0,0.0,14.8,0.69,0.0
20231102:0403,24.7,12.76,15.5,0.48,0.0
20231102:0503,348.24,25.97,17.81,0.28,0.0
20231102:0603,458.38,39.27,19.62,0.55,0.0
20231102:0703,508.68,52.46,20.72,0.62,0.0
20231102:0803,534.45,65.08,21.9,1.17,0.0
20231102:0903,614.24,75.22,22.43,1.24,0.0
20231102:1003,619.99,75.71,23.17,1.17,0.0
20231102:1103,601.96,65.94,23.71,1.38,0.0
20231102:1203,538.67,53.41,24.2,1.66,0.0
20231102:1303,447.09,40.24,24.25,2.0,0.0
20231102:1403,338.02,26.93,23.38,3.52,0.0
20231102:1503,116.51,13.71,21.75,3.93,0.0
20231102:1603,0.0,0.0,19.85,3.31,0.0
20231102:1703,0.0,0.0,18.47,2.28,0.0
20231102:1803,0.0,0.0,17.8,1.38,0.0
20231102:1903,0.0,0.0,17.94,0.62,0.0
20231102:2003,0.0,0.0,18.31,0.28,0.0
20231102:2103,0.0,0.0,18.37,0.28,0.0
20231102:2203,0.0,0.0,17.99,0.55,0.0
20231102:2303,0.0,0.0,17.94,0.9,0.0
20231103:0003,0.0,0.0,17.95,0.97,0.0
20231103:0103,0.0,0.0,17.91,0.97,0.0
20231103:0203,0.0,0.0,17.92,0.97,0.0
20231103:0303,0.0,0.0,17.89,0.97,0.0
20231103:0403,51.16,12.88,18.11,0.9,0.0
20231103:0503,208.65,26.09,18.69,1.1,0.0
20231103:0603,377.06,39.39,19.91,2.41,0.0
20231103:0703,414.95,52.6,21.84,3.31,0.0
20231103:0803,477.03,65.25,22.47,3.31,0.0
20231103:0903,616.64,75.5,22.75,3.31,0.0
20231103:1003,612.32,76.0,22.96,3.17,0.0
20231103:1103,566.26,66.13,23.64,3.31,0.0
20231103:1203,520.77,53.55,23.79,3.24,0.0
20231103:1303,424.41,40.37,24.26,3.59,0.0
20231103:1403,213.2,27.06,23.59,3.66,0.0
20231103:1503,91.36,13.85,22.6,3.79,0.0
20231103:1603,0.0,0.0,21.42,3.59,0.0
20231103:1703,0.0,0.0,20.18,3.17,0.0
20231103:1803,0.0,0.0,19.48,3.03,0.0
20231103:1903,0.0,0.0,19.21,3.03,0.0
20231103:2003,0.0,0.0,18.85,2.9,0.0
20231103:2103,0.0,0.0,18.55,2.69,0.0
20231103:2203,0.0,0.0,18.25,2.76,0.0
20231103:2303,0.0,0.0,18.11,2.83,0.0
20231104:0003,0.0,0.0,18.04,2.9,0.0
20231104:0103,0.0,0.0,17.92,2.97,0.0
20231104:0203,0.0,0.0,17.74,2.97,0.0
20231104:0303,0.0,0.0,17.67,3.17,0.0
20231104:0403,57.0,13.01,18.13,3.1,0.0
20231104:0503,183.85,26.2,19.44,4.0,0.0
20231104:0603,324.04,39.5,21.08,4.97,0.0
20231104:0703,514.62,52.72,23.15,6.48,0.0
20231104:0803,593.56,65.41,25.08,6.0,0.0
20231104:0903,629.71,75.76,26.26,5.38,0.0
20231104:1003,633.91,76.28,27.44,5.31,0.0
20231104:1103,598.95,66.31,28.22,5.24,0.0
20231104:1203,351.83,53.7,28.67,5.03,0.0
20231104:1303,209.38,40.5,28.77,4.83,0.0
20231104:1403,57.33,27.2,28.23,4.28,0.0
20231104:1503,74.69,13.99,26.64,3.59,0.0
20231104:1603,0.0,0.0,24.4,3.45,0.0
20231104:1703,0.0,0.0,22.82,3.72,0.0
20231104:1803,0.0,0.0,21.66,3.86,0.0
20231104:1903,0.0,0.0,20.51,3.59,0.0
20231104:2003,0.0,0.0,20.2,3.31,0.0
20231104:2103,0.0,0.0,19.91,3.24,0.0
20231104:2203,0.0,0.0,19.67,2.97,0.0
20231104:2303,0.0,0.0,19.38,2.83,0.0
20231105:0003,0.0,0.0,19.1,2.97,0.0
20231105:0103,0.0,0.0,18.79,2.97,0.0
20231105:0203,0.0,0.0,18.6,3.03,0.0
20231105:0303,0.0,0.0,18.48,2.97,0.0
20231105:0403,68.78,13.13,19.12,2.41,0.0
20231105:0503,332.29,26.31,20.87,3.45,0.0
20231105:0603,447.23,39.61,22.63,3.93,0.0
20231105:0703,543.88,52.84,24.63,4.07,0.0
20231105:0803,603.1,65.57,26.34,4.0,0.0
20231105:0903,635.39,76.02,27.8,3.86,0.0
20231105:1003,637.68,76.56,28.99,3.86,0.0
20231105:1103,610.25,66.5,29.75,4.0,0.0
20231105:1203,557.19,53.84,29.97,4.28,0.0
20231105:1303,76.74,40.63,29.41,4.41,0.0
20231105:1403,33.52,27.33,28.24,4.48,0.0
20231105:1503,219.35,14.13,26.81,3.79,0.0
20231105:1603,0.0,0.0,24.81,3.86,0.0
20231105:1703,0.0,0.0,23.08,3.45,0.0
20231105:1803,0.0,0.0,22.05,2.9,0.0
20231105:1903,0.0,0.0,21.52,2.41,0.0
20231105:2003,0.0,0.0,21.02,1.79,0.0
20231105:2103,0.0,0.0,20.48,1.66,0.0
20231105:2203,0.0,0.0,19.94,1.66,0.0
20231105:2303,0.0,0.0,19.62,1.79,0.0
20231106:0003,0.0,0.0,19.3,1.79,0.0
20231106:0103,0.0,0.0,19.19,1.79,0.0
20231106:0203,0.0,0.0,19.0,1.79,0.0
20231106:0303,0.0,0.0,19.06,1.79,0.0
20231106:0403,18.52,13.24,19.84,2.0,0.0
20231106:0503,101.43,26.41,21.74,3.93,0.0
20231106:0603,309.06,39.71,23.44,4.07,0.0
20231106:0703,470.86,52.95,24.94,4.62,0.0
20231106:0803,610.16,65.72,26.64,4.9,0.0
20231106:0903,633.57,76.27,28.41,4.48,0.0
20231106:1003,644.24,76.84,29.84,4.41,0.0
20231106:1103,615.63,66.68,31.09,4.48,0.0
20231106:1203,556.99,53.99,31.83,4.48,0.0
20231106:1303,468.88,40.77,32.05,4.48,0.0
20231106:1403,268.13,27.46,31.26,4.34,0.0
20231106:1503,24.7,14.28,29.72,3.79,0.0
20231106:1603,0.0,0.0,27.35,3.72,0.0
20231106:1703,0.0,0.0,25.24,3.59,0.0
20231106:1803,0.0,0.0,23.75,3.24,0.0
20231106:1903,0.0,0.0,23.44,3.1,0.0
20231106:2003,0.0,0.0,22.9,2.97,0.0
20231106:2103,0.0,0.0,22.47,2.9,0.0
20231106:2203,0.0,0.0,22.06,2.69,0.0
20231106:2303,0.0,0.0,21.6,2.55,0.0
20231107:0003,0.0,0.0,21.26,2.55,0.0
20231107:0103,0.0,0.0,20.95,2.55,0.0
20231107:0203,0.0,0.0,20.75,2.55,0.0
20231107:0303,0.0,0.0,20.62,2.41,0.0
20231107:0403,115.95,13.35,21.28,2.14,0.0
20231107:0503,118.22,26.51,22.63,2.83,0.0
20231107:0603,243.27,39.81,24.55,3.24,0.0
20231107:0703,365.38,53.06,25.77,3.59,0.0
20231107:0803,127.01,65.86,27.58,3.86,0.0
20231107:0903,95.26,76.51,28.33,3.86,0.0
20231107:1003,298.71,77.11,29.42,3.24,0.0
20231107:1103,174.64,66.86,29.14,2.21,0.0
20231107:1203,65.27,54.13,27.65,0.83,0.0
20231107:1303,60.86,40.9,26.3,1.24,0.0
20231107:1403,53.8,27.6,23.83,3.86,0.0
20231107:1503,28.23,14.42,21.0,5.59,0.0
20231107:1603,0.81,1.52,19.78,5.1,0.0
20231107:1703,0.0,0.0,19.41,4.0,0.0
20231107:1803,0.0,0.0,19.12,3.86,0.0
20231107:1903,0.0,0.0,18.91,3.66,0.0
20231107:2003,0.0,0.0,19.13,3.93,0.0
20231107:2103,0.0,0.0,19.02,4.0,0.0
20231107:2203,0.0,0.0,18.72,4.07,0.0
20231107:2303,0.0,0.0,18.49,3.86,0.0
20231108:0003,0.0,0.0,18.41,3.86,0.0
20231108:0103,0.0,0.0,18.32,3.59,0.0
20231108:0203,0.0,0.0,18.1,3.24,0.0
20231108:0303,0.0,0.0,17.99,3.17,0.0
20231108:0403,232.39,13.45,18.17,2.76,0.0
20231108:0503,68.8,26.61,18.95,3.24,0.0
20231108:0603,387.93,39.9,19.77,4.83,0.0
20231108:0703,527.93,53.16,20.96,4.48,0.0
20231108:0803,627.05,65.99,21.88,3.79,0.0
20231108:0903,654.44,76.74,22.77,2.97,0.0
20231108:1003,313.41,77.38,23.06,2.34,0.0
20231108:1103,425.09,67.03,23.24,2.21,0.0
20231108:1203,493.3,54.27,23.48,2.21,0.0
20231108:1303,444.03,41.03,23.22,2.48,0.0
20231108:1403,375.74,27.73,22.85,2.76,0.0
20231108:1503,236.88,14.56,22.42,2.62,0.0
20231108:1603,0.81,1.68,21.39,2.14,0.0
20231108:1703,0.0,0.0,20.43,1.93,0.0
20231108:1803,0.0,0.0,19.75,1.79,0.0
20231108:1903,0.0,0.0,19.02,1.59,0.0
20231108:2003,0.0,0.0,18.71,1.24,0.0
20231108:2103,0.0,0.0,18.49,1.03,0.0
20231108:2203,0.0,0.0,18.33,0.76,0.0
20231108:2303,0.0,0.0,18.55,0.62,0.0
20231109:0003,0.0,0.0,18.5,0.48,0.0
20231109:0103,0.0,0.0,18.57,0.55,0.0
20231109:0203,0.0,0.0,18.58,0.41,0.0
20231109:0303,0.0,0.0,18.56,0.41,0.0
20231109:0403,14.11,13.55,18.79,0.48,0.0
20231109:0503,32.64,26.69,19.2,0.76,0.0
20231109:0603,84.68,39.98,20.34,1.31,0.0
20231109:0703,164.94,53.25,20.73,1.38,0.0
20231109:0803,165.82,66.12,21.0,1.17,0.0
20231109:0903,164.94,76.97,21.4,1.38,0.0
20231109:1003,162.29,77.64,21.75,1.72,0.0
20231109:1103,136.71,67.21,22.01,2.34,0.0
20231109:1203,98.79,54.42,21.36,2.97,0.0
20231109:1303,101.43,41.17,20.83,3.1,0.0
20231109:1403,68.8,27.87,20.41,3.03,0.0
20231109:1503,61.74,14.71,19.96,2.76,0.0
20231109:1603,0.81,1.84,19.54,2.28,0.0
20231109:1703,0.0,0.0,19.3,1.79,0.0
20231109:1803,0.0,0.0,19.12,1.72,0.0
20231109:1903,0.0,0.0,18.97,1.38,0.0
20231109:2003,0.0,0.0,18.85,1.17,0.0
20231109:2103,0.0,0.0,18.77,1.03,0.0
20231109:2203,0.0,0.0,18.7,0.9,0.0
20231109:2303,0.0,0.0,18.66,0.76,0.0
20231110:0003,0.0,0.0,18.61,0.62,0.0
20231110:0103,0.0,0.0,18.43,0.62,0.0
20231110:0203,0.0,0.0,18.36,0.62,0.0
20231110:0303,0.0,0.0,18.29,0.9,0.0
20231110:0403,52.92,13.65,18.39,1.03,0.0
20231110:0503,309.57,26.78,19.21,1.45,0.0
20231110:0603,397.96,40.06,19.9,1.86,0.0
20231110:0703,565.1,53.33,22.03,2.62,0.0
20231110:0803,440.13,66.23,23.96,3.03,0.0
20231110:0903,646.34,77.19,25.05,3.24,0.0
20231110:1003,573.59,77.9,25.11,3.45,0.0
20231110:1103,601.98,67.38,25.71,3.52,0.0
20231110:1203,393.42,54.56,25.97,3.45,0.0
20231110:1303,278.94,41.3,26.25,3.59,0.0
20231110:1403,271.63,28.01,26.14,3.45,0.0
20231110:1503,137.73,14.85,25.76,3.03,0.0
20231110:1603,2.42,2.0,24.35,2.55,0.0
20231110:1703,0.0,0.0,22.59,2.62,0.0
20231110:1803,0.0,0.0,21.37,2.97,0.0
20231110:1903,0.0,0.0,20.48,2.97,0.0
20231110:2003,0.0,0.0,19.83,2.83,0.0
20231110:2103,0.0,0.0,19.29,2.83,0.0
20231110:2203,0.0,0.0,18.97,2.9,0.0
20231110:2303,0.0,0.0,18.78,3.03,0.0
20231111:0003,0.0,0.0,18.73,3.17,0.0
20231111:0103,0.0,0.0,19.05,3.38,0.0
20231111:0203,0.0,0.0,19.12,3.59,0.0
20231111:0303,0.0,0.0,19.2,3.66,0.0
20231111:0403,65.03,13.73,19.96,3.38,0.0
20231111:0503,281.38,26.85,21.55,5.03,0.0
20231111:0603,476.81,40.14,23.67,5.93,0.0
20231111:0703,581.59,53.41,26.05,5.86,0.0
20231111:0803,643.66,66.34,27.99,5.66,0.0
20231111:0903,679.14,77.4,29.7,5.59,0.0
20231111:1003,676.75,78.16,31.27,5.59,0.0
20231111:1103,650.16,67.55,32.42,5.52,0.0
20231111:1203,594.26,54.7,33.2,5.59,0.0
20231111:1303,512.35,41.43,33.45,5.52,0.0
20231111:1403,403.23,28.14,33.05,5.1,0.0
20231111:1503,252.87,15.0,31.94,4.28,0.0
20231111:1603,6.44,2.16,30.06,3.86,0.0
20231111:1703,0.0,0.0,28.39,3.66,0.0
20231111:1803,0.0,0.0,27.35,3.72,0.0
20231111:1903,0.0,0.0,26.7,3.38,0.0
20231111:2003,0.0,0.0,26.0,0.34,0.0
20231111:2103,0.0,0.0,24.13,3.24,0.0
20231111:2203,0.0,0.0,22.78,3.79,0.0
20231111:2303,0.0,0.0,21.63,3.24,0.0
20231112:0003,0.0,0.0,21.0,2.62,0.0
20231112:0103,0.0,0.0,20.66,2.28,0.0
20231112:0203,0.0,0.0,20.54,2.62,0.0
20231112:0303,0.0,0.0,20.43,3.1,0.0
20231112:0403,14.11,13.82,20.77,3.93,0.0
20231112:0503,36.16,26.93,21.39,4.83,0.0
20231112:0603,59.98,40.2,21.54,4.69,0.0
20231112:0703,149.95,53.49,23.01,4.48,0.0
20231112:0803,310.95,66.44,23.44,4.41,0.0
20231112:0903,185.23,77.6,23.93,4.34,0.0
20231112:1003,171.11,78.42,24.76,4.34,0.0
20231112:1103,181.7,67.72,24.47,4.14,0.0
20231112:1203,106.73,54.84,24.14,4.48,0.0
20231112:1303,100.55,41.57,23.69,5.03,0.0
20231112:1403,34.4,28.28,22.57,4.34,0.0
20231112:1503,28.23,15.15,21.17,4.0,0.0
20231112:1603,4.03,2.32,20.34,3.79,0.0
20231112:1703,0.0,0.0,19.74,3.59,0.0
20231112:1803,0.0,0.0,19.44,3.52,0.0
20231112:1903,0.0,0.0,19.52,3.86,0.0
20231112:2003,0.0,0.0,19.39,3.45,0.0
20231112:2103,0.0,0.0,19.07,3.1,0.0
20231112:2203,0.0,0.0,18.84,3.1,0.0
20231112:2303,0.0,0.0,18.4,2.9,0.0
20231113:0003,0.0,0.0,18.35,2.69,0.0
20231113:0103,0.0,0.0,18.2,2.62,0.0
20231113:0203,0.0,0.0,17.98,2.21,0.0
20231113:0303,0.0,0.0,17.88,1.93,0.0
20231113:0403,14.99,13.89,18.18,1.79,0.0
20231113:0503,41.46,26.99,18.78,2.62,0.0
20231113:0603,86.44,40.27,19.48,2.62,0.0
20231113:0703,178.17,53.55,19.71,2.55,0.0
20231113:0803,364.12,66.54,20.19,2.28,0.0
20231113:0903,365.67,77.79,20.88,2.0,0.0
20231113:1003,100.55,78.67,21.11,1.79,0.0
20231113:1103,126.13,67.89,21.2,1.79,0.0
20231113:1203,111.14,54.98,20.69,1.79,0.0
20231113:1303,118.19,41.7,20.52,2.21,0.0
20231113:1403,66.15,28.42,20.09,2.48,0.0
20231113:1503,76.09,15.29,19.71,2.62,0.0
20231113:1603,1.61,2.48,19.43,2.28,0.0
20231113:1703,0.0,0.0,19.02,1.72,0.0
20231113:1803,0.0,0.0,18.93,1.59,0.0
20231113:1903,0.0,0.0,18.57,1.86,0.0
20231113:2003,0.0,0.0,18.33,2.41,0.0
20231113:2103,0.0,0.0,18.0,2.76,0.0
20231113:2203,0.0,0.0,17.47,3.17,0.0
20231113:2303,0.0,0.0,17.04,3.17,0.0
20231114:0003,0.0,0.0,16.84,3.1,0.0
20231114:0103,0.0,0.0,16.77,2.97,0.0
20231114:0203,0.0,0.0,16.58,2.69,0.0
20231114:0303,0.0,0.0,16.48,2.76,0.0
20231114:0403,14.99,13.97,16.45,2.83,0.0
20231114:0503,44.1,27.05,16.58,2.07,0.0
20231114:0603,160.53,40.32,16.89,2.41,0.0
20231114:0703,322.77,53.61,17.27,2.48,0.0
20231114:0803,266.37,66.62,17.86,3.1,0.0
20231114:0903,172.88,77.97,18.56,3.72,0.0
20231114:1003,254.03,78.91,18.72,3.52,0.0
20231114:1103,131.42,68.05,18.78,3.38,0.0
20231114:1203,209.04,55.12,18.99,3.17,0.0
20231114:1303,78.5,41.84,19.08,2.97,0.0
20231114:1403,75.85,28.56,18.87,2.62,0.0
20231114:1503,57.33,15.44,18.58,2.07,0.0
20231114:1603,4.83,2.65,18.24,1.66,0.0
20231114:1703,0.0,0.0,17.89,1.38,0.0
20231114:1803,0.0,0.0,17.6,0.9,0.0
20231114:1903,0.0,0.0,17.32,0.48,0.0
20231114:2003,0.0,0.0,17.11,0.55,0.0
20231114:2103,0.0,0.0,16.86,0.69,0.0
20231114:2203,0.0,0.0,16.62,0.83,0.0
20231114:2303,0.0,0.0,16.38,0.97,0.0
20231115:0003,0.0,0.0,16.01,1.03,0.0
20231115:0103,0.0,0.0,15.55,1.03,0.0
20231115:0203,0.0,0.0,15.46,0.97,0.0
20231115:0303,0.0,0.0,15.33,0.9,0.0
20231115:0403,14.99,14.03,16.22,0.55,0.0
20231115:0503,56.45,27.11,18.12,0.55,0.0
20231115:0603,129.66,40.37,19.24,1.17,0.0
20231115:0703,432.95,53.67,20.94,2.62,0.0
20231115:0803,525.15,66.7,21.21,2.76,0.0
20231115:0903,577.34,78.15,21.55,3.03,0.0
20231115:1003,474.93,79.16,22.23,3.52,0.0
20231115:1103,359.93,68.22,22.11,3.66,0.0
20231115:1203,392.41,55.26,22.34,3.79,0.0
20231115:1303,134.07,41.97,21.93,3.93,0.0
20231115:1403,240.24,28.69,21.51,4.41,0.0
20231115:1503,151.43,15.59,21.05,4.14,0.0
20231115:1603,6.44,2.81,20.46,3.52,0.0
20231115:1703,0.0,0.0,19.63,3.31,0.0
20231115:1803,0.0,0.0,19.15,3.38,0.0
20231115:1903,0.0,0.0,18.98,3.31,0.0
20231115:2003,0.0,0.0,18.46,2.97,0.0
20231115:2103,0.0,0.0,18.21,2.83,0.0
20231115:2203,0.0,0.0,18.0,2.76,0.0
20231115:2303,0.0,0.0,17.84,2.83,0.0
20231116:0003,0.0,0.0,17.82,2.9,0.0
20231116:0103,0.0,0.0,17.79,2.9,0.0
20231116:0203,0.0,0.0,17.7,2.97,0.0
20231116:0303,0.0,0.0,17.73,3.17,0.0
20231116:0403,32.64,14.1,18.45,2.9,0.0
20231116:0503,357.44,27.16,20.01,4.41,0.0
20231116:0603,497.7,40.42,21.65,5.38,0.0
20231116:0703,550.12,53.71,23.36,6.97,0.0
20231116:0803,511.27,66.77,24.9,6.62,0.0
20231116:0903,661.95,78.31,26.42,6.28,0.0
20231116:1003,647.48,79.39,27.66,6.21,0.0
20231116:1103,371.36,68.38,28.58,5.93,0.0
20231116:1203,584.49,55.39,29.34,5.59,0.0
20231116:1303,491.64,42.1,29.73,5.38,0.0
20231116:1403,303.77,28.83,29.63,5.17,0.0
20231116:1503,73.78,15.74,28.85,4.14,0.0
20231116:1603,8.86,2.97,27.04,3.72,0.0
20231116:1703,0.0,0.0,24.99,3.72,0.0
20231116:1803,0.0,0.0,23.39,3.59,0.0
20231116:1903,0.0,0.0,22.16,3.03,0.0
20231116:2003,0.0,0.0,21.33,2.76,0.0
20231116:2103,0.0,0.0,20.79,2.55,0.0
20231116:2203,0.0,0.0,20.4,2.28,0.0
20231116:2303,0.0,0.0,20.11,2.07,0.0
20231117:0003,0.0,0.0,19.78,1.86,0.0
20231117:0103,0.0,0.0,19.54,1.79,0.0
20231117:0203,0.0,0.0,19.42,1.79,0.0
20231117:0303,0.0,0.0,19.39,1.79,0.0
20231117:0403,16.76,14.15,20.12,1.86,0.0
20231117:0503,123.6,27.2,21.6,3.1,0.0
20231117:0603,471.52,40.45,23.39,3.79,0.0
20231117:0703,564.39,53.76,24.8,4.0,0.0
20231117:0803,650.84,66.84,26.7,3.93,0.0
20231117:0903,692.05,78.47,28.49,3.86,0.0
20231117:1003,692.04,79.63,29.9,3.79,0.0
20231117:1103,665.91,68.54,30.88,3.86,0.0
20231117:1203,607.26,55.53,31.35,4.0,0.0
20231117:1303,533.55,42.24,31.4,4.14,0.0
20231117:1403,52.92,28.97,30.79,4.14,0.0
20231117:1503,23.81,15.89,29.78,3.59,0.0
20231117:1603,6.44,3.13,27.81,3.52,0.0
20231117:1703,0.0,0.0,25.77,3.52,0.0
20231117:1803,0.0,0.0,24.39,3.45,0.0
20231117:1903,0.0,0.0,23.56,3.52,0.0
20231117:2003,0.0,0.0,22.93,3.03,0.0
20231117:2103,0.0,0.0,22.37,2.83,0.0
20231117:2203,0.0,0.0,21.93,2.9,0.0
20231117:2303,0.0,0.0,21.62,2.69,0.0
20231118:0003,0.0,0.0,21.24,2.21,0.0
20231118:0103,0.0,0.0,20.92,1.52,0.0
20231118:0203,0.0,0.0,20.62,1.03,0.0
20231118:0303,0.88,1.52,20.53,0.76,0.0
20231118:0403,17.64,14.21,21.55,0.48,0.0
20231118:0503,66.15,27.24,23.38,1.03,0.0
20231118:0603,329.7,40.49,25.23,1.1,0.0
20231118:0703,514.04,53.79,27.49,2.34,0.0
20231118:0803,633.81,66.89,29.31,2.14,0.0
20231118:0903,682.81,78.62,31.0,2.0,0.0
20231118:1003,468.96,79.86,32.28,2.07,0.0
20231118:1103,550.6,68.7,33.2,2.14,0.0
20231118:1203,534.73,55.67,33.62,2.21,0.0
20231118:1303,258.07,42.37,33.89,2.14,0.0
20231118:1403,423.88,29.11,33.81,1.66,0.0
20231118:1503,276.51,16.03,32.82,1.66,0.0
20231118:1603,14.49,3.29,30.49,2.21,0.0
20231118:1703,0.0,0.0,28.02,2.34,0.0
20231118:1803,0.0,0.0,26.52,1.79,0.0
20231118:1903,0.0,0.0,24.5,1.59,0.0
20231118:2003,0.0,0.0,23.89,1.59,0.0
20231118:2103,0.0,0.0,23.43,1.31,0.0
20231118:2203,0.0,0.0,23.02,0.83,0.0
20231118:2303,0.0,0.0,22.56,0.55,0.0
20231119:0003,0.0,0.0,21.93,1.03,0.0
20231119:0103,0.0,0.0,21.55,0.97,0.0
20231119:0203,0.0,0.0,21.51,0.62,0.0
20231119:0303,0.88,1.59,21.58,0.55,0.0
20231119:0403,210.87,14.25,22.27,0.48,0.0
20231119:0503,394.64,27.28,24.53,1.1,0.0
20231119:0603,508.97,40.52,26.64,1.59,0.0
20231119:0703,601.17,53.82,28.43,2.21,0.0
20231119:0803,665.91,66.94,30.28,2.9,0.0
20231119:0903,702.39,78.75,31.86,3.31,0.0
20231119:1003,699.61,80.09,33.15,3.45,0.0
20231119:1103,637.3,68.85,34.16,3.52,0.0
20231119:1203,464.2,55.81,34.73,3.45,0.0
20231119:1303,424.23,42.51,34.81,3.45,0.0
20231119:1403,422.08,29.25,34.44,3.59,0.0
20231119:1503,277.55,16.18,33.45,3.45,0.0
20231119:1603,14.49,3.45,31.24,3.24,0.0
20231119:1703,0.0,0.0,28.75,3.24,0.0
20231119:1803,0.0,0.0,27.05,3.17,0.0
20231119:1903,0.0,0.0,25.9,3.17,0.0
20231119:2003,0.0,0.0,25.04,2.9,0.0
20231119:2103,0.0,0.0,24.33,2.83,0.0
20231119:2203,0.0,0.0,23.73,2.76,0.0
20231119:2303,0.0,0.0,23.3,2.62,0.0
20231120:0003,0.0,0.0,22.97,2.62,0.0
20231120:0103,0.0,0.0,22.69,2.55,0.0
20231120:0203,0.0,0.0,22.49,2.55,0.0
20231120:0303,0.88,1.65,22.29,2.55,0.0
20231120:0403,178.68,14.29,23.38,1.31,0.0
20231120:0503,368.14,27.31,25.58,0.76,0.0
20231120:0603,495.83,40.54,27.56,1.52,0.0
20231120:0703,602.05,53.84,29.07,1.86,0.0
20231120:0803,666.08,66.98,30.65,1.59,0.0
20231120:0903,705.38,78.88,31.99,1.59,0.0
20231120:1003,703.3,80.31,33.05,2.0,0.0
20231120:1103,677.55,69.01,33.74,2.48,0.0
20231120:1203,613.32,55.94,33.76,2.97,0.0
20231120:1303,529.96,42.64,33.06,3.38,0.0
20231120:1403,317.95,29.39,31.77,3.31,0.0
20231120:1503,91.5,16.33,30.31,2.97,0.0
20231120:1603,9.66,3.61,28.23,3.1,0.0
20231120:1703,0.0,0.0,26.53,1.93,0.0
20231120:1803,0.0,0.0,25.79,1.17,0.0
20231120:1903,0.0,0.0,25.73,1.24,0.0
20231120:2003,0.0,0.0,25.32,1.59,0.0
20231120:2103,0.0,0.0,25.04,1.86,0.0
20231120:2203,0.0,0.0,24.74,2.0,0.0
20231120:2303,0.0,0.0,24.5,2.07,0.0
20231121:0003,0.0,0.0,24.28,2.21,0.0
20231121:0103,0.0,0.0,24.15,2.21,0.0
20231121:0203,0.0,0.0,23.95,2.28,0.0
20231121:0303,0.88,1.7,23.77,2.34,0.0
20231121:0403,101.53,14.33,24.92,2.41,0.0
20231121:0503,187.9,27.33,27.51,3.31,0.0
20231121:0603,444.82,40.56,30.24,3.93,0.0
20231121:0703,598.88,53.86,32.87,3.93,0.0
20231121:0803,553.25,67.02,35.43,4.34,0.0
20231121:0903,693.56,79.0,37.53,4.48,0.0
20231121:1003,276.96,80.53,39.16,4.34,0.0
20231121:1103,193.16,69.16,40.1,4.14,0.0
20231121:1203,447.88,56.08,40.18,3.72,0.0
20231121:1303,431.5,42.77,40.04,3.59,0.0
20231121:1403,426.92,29.53,38.51,2.9,0.0
20231121:1503,296.4,16.48,36.37,2.28,0.0
20231121:1603,13.69,3.77,33.48,1.79,0.0
20231121:1703,0.0,0.0,31.58,2.07,0.0
20231121:1803,0.0,0.0,29.36,3.17,0.0
20231121:1903,0.0,0.0,26.83,2.07,0.0
20231121:2003,0.0,0.0,26.13,1.52,0.0
20231121:2103,0.0,0.0,25.41,1.03,0.0
20231121:2203,0.0,0.0,24.49,1.1,0.0
20231121:2303,0.0,0.0,23.68,1.1,0.0
20231122:0003,0.0,0.0,23.11,1.1,0.0
20231122:0103,0.0,0.0,22.89,0.97,0.0
20231122:0203,0.0,0.0,23.53,0.55,0.0
20231122:0303,0.88,1.75,23.38,0.21,0.0
20231122:0403,252.63,14.36,23.98,0.34,0.0
20231122:0503,406.61,27.35,26.79,0.69,0.0
20231122:0603,522.69,40.57,29.08,0.97,0.0
20231122:0703,615.14,53.87,31.04,1.17,0.0
20231122:0803,676.42,67.05,33.2,1.72,0.0
20231122:0903,713.63,79.1,35.07,2.28,0.0
20231122:1003,711.88,80.74,36.58,2.76,0.0
20231122:1103,684.1,69.31,37.67,3.17,0.0
20231122:1203,630.12,56.21,38.16,3.31,0.0
20231122:1303,546.17,42.91,37.86,3.31,0.0
20231122:1403,432.9,29.67,36.87,3.38,0.0
20231122:1503,275.51,16.63,34.96,3.52,0.0
20231122:1603,18.52,3.93,32.48,3.17,0.0
20231122:1703,0.0,0.0,30.42,2.34,0.0
20231122:1803,0.0,0.0,29.53,2.07,0.0
20231122:1903,0.0,0.0,28.29,1.86,0.0
20231122:2003,0.0,0.0,27.94,2.28,0.0
20231122:2103,0.0,0.0,27.51,2.41,0.0
20231122:2203,0.0,0.0,27.12,2.28,0.0
20231122:2303,0.0,0.0,26.92,2.07,0.0
20231123:0003,0.0,0.0,26.49,2.0,0.0
20231123:0103,0.0,0.0,26.0,2.07,0.0
20231123:0203,0.0,0.0,25.61,2.14,0.0
20231123:0303,0.88,1.79,25.45,2.14,0.0
20231123:0403,217.02,14.39,26.67,2.0,0.0
20231123:0503,403.48,27.37,29.42,2.97,0.0
20231123:0603,524.81,40.58,32.05,3.59,0.0
20231123:0703,620.69,53.88,34.77,3.93,0.0
20231123:0803,681.69,67.07,37.1,4.41,0.0
20231123:0903,719.49,79.2,38.75,4.48,0.0
20231123:1003,715.14,80.95,39.96,4.34,0.0
20231123:1103,687.81,69.46,40.69,4.21,0.0
20231123:1203,635.62,56.35,40.69,3.93,0.0
20231123:1303,549.29,43.04,40.48,3.72,0.0
20231123:1403,437.9,29.8,39.7,3.59,0.0
20231123:1503,293.51,16.77,37.97,3.52,0.0
20231123:1603,19.32,4.09,35.03,3.72,0.0
20231123:1703,0.0,0.0,32.16,3.86,0.0
20231123:1803,0.0,0.0,30.28,3.52,0.0
20231123:1903,0.0,0.0,29.12,3.1,0.0
20231123:2003,0.0,0.0,28.13,2.69,0.0
20231123:2103,0.0,0.0,27.35,2.28,0.0
20231123:2203,0.0,0.0,26.62,1.93,0.0
20231123:2303,0.0,0.0,25.91,1.72,0.0
20231124:0003,0.0,0.0,25.17,1.72,0.0
20231124:0103,0.0,0.0,24.45,1.72,0.0
20231124:0203,0.0,0.0,23.82,1.72,0.0
20231124:0303,0.88,1.83,23.34,1.79,0.0
20231124:0403,262.84,14.41,25.06,1.59,0.0
20231124:0503,428.73,27.38,28.43,2.34,0.0
20231124:0603,540.15,40.58,31.45,3.17,0.0
20231124:0703,631.87,53.88,33.77,3.72,0.0
20231124:0803,691.51,67.08,36.34,4.28,0.0
20231124:0903,729.17,79.29,38.38,5.03,0.0
20231124:1003,727.99,81.16,39.73,5.31,0.0
20231124:1103,700.19,69.61,40.55,5.38,0.0
20231124:1203,646.02,56.48,40.96,5.1,0.0
20231124:1303,559.18,43.17,40.91,4.69,0.0
20231124:1403,447.7,29.94,40.4,4.0,0.0
20231124:1503,305.55,16.92,39.36,3.17,0.0
20231124:1603,68.02,4.25,37.05,2.9,0.0
20231124:1703,0.0,0.0,33.97,3.17,0.0
20231124:1803,0.0,0.0,31.66,3.03,0.0
20231124:1903,0.0,0.0,29.83,2.07,0.0
20231124:2003,0.0,0.0,28.61,2.76,0.0
20231124:2103,0.0,0.0,26.4,4.28,0.0
20231124:2203,0.0,0.0,24.74,4.34,0.0
20231124:2303,0.0,0.0,24.1,3.72,0.0
20231125:0003,0.0,0.0,23.82,2.97,0.0
20231125:0103,0.0,0.0,23.72,2.55,0.0
20231125:0203,0.0,0.0,23.62,2.28,0.0
20231125:0303,0.88,1.86,23.63,1.79,0.0
20231125:0403,180.16,14.43,24.16,2.21,0.0
20231125:0503,394.43,27.38,25.63,2.28,0.0
20231125:0603,515.04,40.57,27.42,2.0,0.0
20231125:0703,597.21,53.88,29.31,2.14,0.0
20231125:0803,632.87,67.09,31.28,1.72,0.0
20231125:0903,703.92,79.37,33.13,1.38,0.0
20231125:1003,715.2,81.36,34.46,1.17,0.0
20231125:1103,692.15,69.76,35.2,1.66,0.0
20231125:1203,635.87,56.61,35.51,2.28,0.0
20231125:1303,549.4,43.31,35.04,3.1,0.0
20231125:1403,436.65,30.08,33.56,3.79,0.0
20231125:1503,310.56,17.07,31.34,3.86,0.0
20231125:1603,20.24,4.41,28.81,3.38,0.0
20231125:1703,0.0,0.0,26.85,2.62,0.0
20231125:1803,0.0,0.0,25.69,2.07,0.0
20231125:1903,0.0,0.0,24.97,2.34,0.0
20231125:2003,0.0,0.0,24.62,2.34,0.0
20231125:2103,0.0,0.0,24.3,1.93,0.0
20231125:2203,0.0,0.0,24.11,1.59,0.0
20231125:2303,0.0,0.0,24.07,2.0,0.0
20231126:0003,0.0,0.0,23.99,2.41,0.0
20231126:0103,0.0,0.0,24.02,2.62,0.0
20231126:0203,0.0,0.0,24.18,2.55,0.0
20231126:0303,0.88,1.89,24.06,1.93,0.0
20231126:0403,17.64,14.44,24.44,2.14,0.0
20231126:0503,68.8,27.38,25.62,2.41,0.0
20231126:0603,171.11,40.57,27.71,2.41,0.0
20231126:0703,408.59,53.87,28.58,2.21,0.0
20231126:0803,397.61,67.09,29.93,1.45,0.0
20231126:0903,482.8,79.43,30.58,1.17,0.0
20231126:1003,562.89,81.56,31.38,1.38,0.0
20231126:1103,569.29,69.9,31.71,1.66,0.0
20231126:1203,506.58,56.74,31.86,1.59,0.0
20231126:1303,484.74,43.44,31.52,2.55,0.0
20231126:1403,219.39,30.22,31.4,2.76,0.0
20231126:1503,260.41,17.21,30.34,3.24,0.0
20231126:1603,21.93,4.56,28.17,3.52,0.0
20231126:1703,0.0,0.0,25.89,3.17,0.0
20231126:1803,0.0,0.0,24.62,2.55,0.0
20231126:1903,0.0,0.0,24.07,2.21,0.0
20231126:2003,0.0,0.0,23.74,1.66,0.0
20231126:2103,0.0,0.0,23.57,1.17,0.0
20231126:2203,0.0,0.0,23.54,0.83,0.0
20231126:2303,0.0,0.0,23.49,0.62,0.0
20231127:0003,0.0,0.0,23.48,0.55,0.0
20231127:0103,0.0,0.0,23.57,0.48,0.0
20231127:0203,0.0,0.0,23.62,0.41,0.0
20231127:0303,0.88,1.91,23.74,0.55,0.0
20231127:0403,14.99,14.44,24.03,0.69,0.0
20231127:0503,47.63,27.38,25.12,0.69,0.0
20231127:0603,113.78,40.55,26.77,0.97,0.0
20231127:0703,249.33,53.85,28.18,1.31,0.0
20231127:0803,426.16,67.09,29.78,1.72,0.0
20231127:0903,594.08,79.49,31.02,2.07,0.0
20231127:1003,675.69,81.76,32.85,2.48,0.0
20231127:1103,609.01,70.05,34.33,2.83,0.0
20231127:1203,613.24,56.88,35.21,2.83,0.0
20231127:1303,556.16,43.57,35.29,2.97,0.0
20231127:1403,442.38,30.35,34.6,3.45,0.0
20231127:1503,294.16,17.36,32.59,3.86,0.0
20231127:1603,82.1,4.72,29.7,3.79,0.0
20231127:1703,0.0,0.0,26.94,3.59,0.0
20231127:1803,0.0,0.0,25.48,2.62,0.0
20231127:1903,0.0,0.0,25.14,1.59,0.0
20231127:2003,0.0,0.0,24.73,1.38,0.0
20231127:2103,0.0,0.0,24.35,1.52,0.0
20231127:2203,0.0,0.0,24.0,1.45,0.0
20231127:2303,0.0,0.0,23.76,1.38,0.0
20231128:0003,0.0,0.0,23.58,1.1,0.0
20231128:0103,0.0,0.0,23.58,0.83,0.0
20231128:0203,0.0,0.0,23.47,0.69,0.0
20231128:0303,0.88,1.93,23.33,0.62,0.0
20231128:0403,22.05,14.45,23.93,1.03,0.0
20231128:0503,33.52,27.37,25.39,1.93,0.0
20231128:0603,167.59,40.54,27.23,2.76,0.0
20231128:0703,198.46,53.83,27.57,2.48,0.0
20231128:0803,515.83,67.08,28.79,2.83,0.0
20231128:0903,563.51,79.54,30.15,3.38,0.0
20231128:1003,702.75,81.95,31.89,3.93,0.0
20231128:1103,685.66,70.19,33.65,4.41,0.0
20231128:1203,640.47,57.01,35.59,4.55,0.0
20231128:1303,557.78,43.7,36.51,4.34,0.0
20231128:1403,441.39,30.49,36.91,4.34,0.0
20231128:1503,306.8,17.5,36.47,3.93,0.0
20231128:1603,77.7,4.87,35.29,3.31,0.0
20231128:1703,0.0,0.0,33.49,3.17,0.0
20231128:1803,0.0,0.0,31.71,3.31,0.0
20231128:1903,0.0,0.0,28.79,4.28,0.0
20231128:2003,0.0,0.0,27.74,4.34,0.0
20231128:2103,0.0,0.0,27.04,4.34,0.0
20231128:2203,0.0,0.0,26.67,4.07,0.0
20231128:2303,0.0,0.0,26.56,3.38,0.0
20231129:0003,0.0,0.0,26.17,0.76,0.0
20231129:0103,0.0,0.0,25.79,4.07,0.0
20231129:0203,0.0,0.0,24.62,5.52,0.0
20231129:0303,7.06,1.94,23.38,5.03,0.0
20231129:0403,15.88,14.44,23.01,5.45,0.0
20231129:0503,33.52,27.35,23.5,6.21,0.0
20231129:0603,57.33,40.51,23.93,6.55,0.0
20231129:0703,273.65,53.81,25.2,6.76,0.0
20231129:0803,323.45,67.06,25.43,6.48,0.0
20231129:0903,181.7,79.58,25.43,6.62,0.0
20231129:1003,143.77,82.13,25.84,6.76,0.0
20231129:1103,113.78,70.33,25.34,6.83,0.0
20231129:1203,85.56,57.14,25.15,6.83,0.0
20231129:1303,54.69,43.83,24.17,6.62,0.0
20231129:1403,59.1,30.63,23.3,6.41,0.0
20231129:1503,37.05,17.64,22.37,6.14,0.0
20231129:1603,5.29,5.02,21.74,5.31,0.0
20231129:1703,0.0,0.0,21.29,4.62,0.0
20231129:1803,0.0,0.0,21.0,4.34,0.0
20231129:1903,0.0,0.0,19.79,4.34,0.0
20231129:2003,0.0,0.0,20.02,4.14,0.0
20231129:2103,0.0,0.0,20.01,3.93,0.0
20231129:2203,0.0,0.0,19.8,4.0,0.0
20231129:2303,0.0,0.0,19.58,3.72,0.0
20231130:0003,0.0,0.0,19.27,3.72,0.0
20231130:0103,0.0,0.0,18.97,3.79,0.0
20231130:0203,0.0,0.0,18.5,3.52,0.0
20231130:0303,1.76,1.95,18.35,3.45,0.0
20231130:0403,300.26,14.44,18.77,3.79,0.0
20231130:0503,458.48,27.33,19.86,4.55,0.0
20231130:0603,564.04,40.49,21.61,4.62,0.0
20231130:0703,601.97,53.78,22.58,3.72,0.0
20231130:0803,544.11,67.04,23.68,3.24,0.0
20231130:0903,647.44,79.62,24.55,2.69,0.0
20231130:1003,712.45,82.32,24.89,2.41,0.0
20231130:1103,696.4,70.47,25.56,2.55,0.0
20231130:1203,659.11,57.27,25.57,2.69,0.0
20231130:1303,575.48,43.97,26.01,2.48,0.0
20231130:1403,467.24,30.76,25.32,2.97,0.0
20231130:1503,322.17,17.79,23.82,4.07,0.0
20231130:1603,30.09,5.18,21.79,4.07,0.0
20231130:1703,0.0,0.0,20.22,3.03,0.0
20231130:1803,0.0,0.0,19.42,2.14,0.0
20231130:1903,0.0,0.0,19.11,1.52,0.0
20231130:2003,0.0,0.0,18.47,0.76,0.0
20231130:2103,0.0,0.0,18.88,0.34,0.0
20231130:2203,0.0,0.0,18.55,0.62,0.0
20231130:2303,0.0,0.0,17.8,0.83,0.0
20231201:0003,0.0,0.0,17.44,0.9,0.0
20231201:0103,0.0,0.0,17.25,0.9,0.0
20231201:0203,0.0,0.0,17.36,0.9,0.0
20231201:0303,0.88,1.95,17.38,0.97,0.0
20231201:0403,311.45,14.42,18.67,1.1,0.0
20231201:0503,454.18,27.31,20.76,2.28,0.0
20231201:0603,360.83,40.46,22.15,2.34,0.0
20231201:0703,566.42,53.74,24.62,2.34,0.0
20231201:0803,708.19,67.01,26.08,2.55,0.0
20231201:0903,762.8,79.64,27.75,2.76,0.0
20231201:1003,761.86,82.49,29.22,2.9,0.0
20231201:1103,734.88,70.6,30.23,3.17,0.0
20231201:1203,679.84,57.4,30.64,3.59,0.0
20231201:1303,595.41,44.1,30.35,4.0,0.0
20231201:1403,487.62,30.9,29.32,4.41,0.0
20231201:1503,344.82,17.93,27.43,4.69,0.0
20231201:1603,94.12,5.32,24.89,4.28,0.0
20231201:1703,0.0,0.0,22.79,4.07,0.0
20231201:1803,0.0,0.0,21.57,3.38,0.0
20231201:1903,0.0,0.0,20.96,3.03,0.0
20231201:2003,0.0,0.0,20.3,2.69,0.0
20231201:2103,0.0,0.0,19.73,2.55,0.0
20231201:2203,0.0,0.0,19.24,2.48,0.0
20231201:2303,0.0,0.0,18.82,2.48,0.0
20231202:0003,0.0,0.0,18.49,2.55,0.0
20231202:0103,0.0,0.0,18.27,2.62,0.0
20231202:0203,0.0,0.0,18.13,2.76,0.0
20231202:0303,1.76,1.95,18.05,2.83,0.0
20231202:0403,301.59,14.41,19.3,2.76,0.0
20231202:0503,458.22,27.28,21.66,4.14,0.0
20231202:0603,583.42,40.42,23.88,4.9,0.0
20231202:0703,666.25,53.7,25.99,4.9,0.0
20231202:0803,727.1,66.98,28.07,4.76,0.0
20231202:0903,764.47,79.65,30.02,4.62,0.0
20231202:1003,763.4,82.67,31.68,4.55,0.0
20231202:1103,736.9,70.74,32.87,4.55,0.0
20231202:1203,681.45,57.53,33.49,4.55,0.0
20231202:1303,597.58,44.23,33.38,4.76,0.0
20231202:1403,487.46,31.03,32.35,4.9,0.0
20231202:1503,344.17,18.07,30.47,4.83,0.0
20231202:1603,116.81,5.47,27.87,3.93,0.0
20231202:1703,0.0,0.0,25.31,4.14,0.0
20231202:1803,0.0,0.0,23.64,3.52,0.0
20231202:1903,0.0,0.0,22.78,2.9,0.0
20231202:2003,0.0,0.0,22.05,2.07,0.0
20231202:2103,0.0,0.0,21.43,1.45,0.0
20231202:2203,0.0,0.0,20.86,0.69,0.0
20231202:2303,0.0,0.0,21.06,0.34,0.0
20231203:0003,0.0,0.0,20.84,0.55,0.0
20231203:0103,0.0,0.0,20.51,0.69,0.0
20231203:0203,0.0,0.0,20.46,0.62,0.0
20231203:0303,0.88,1.94,20.57,0.41,0.0
20231203:0403,15.88,14.38,21.42,0.62,0.0
20231203:0503,175.34,27.25,22.57,2.41,0.0
20231203:0603,387.31,40.38,24.22,3.31,0.0
20231203:0703,447.81,53.66,25.58,4.14,0.0
20231203:0803,499.99,66.94,26.85,4.41,0.0
20231203:0903,648.31,79.66,28.29,4.83,0.0
20231203:1003,680.39,82.84,29.94,4.9,0.0
20231203:1103,728.32,70.88,31.41,4.97,0.0
20231203:1203,673.0,57.65,32.49,4.97,0.0
20231203:1303,587.65,44.35,33.07,4.9,0.0
20231203:1403,480.48,31.17,33.06,4.83,0.0
20231203:1503,334.16,18.21,32.32,4.55,0.0
20231203:1603,112.5,5.62,30.62,3.79,0.0
20231203:1703,0.0,0.0,27.87,3.93,0.0
20231203:1803,0.0,0.0,25.53,4.14,0.0
20231203:1903,0.0,0.0,24.25,3.38,0.0
20231203:2003,0.0,0.0,23.1,2.34,0.0
20231203:2103,0.0,0.0,22.32,2.14,0.0
20231203:2203,0.0,0.0,21.72,2.21,0.0
20231203:2303,0.0,0.0,21.35,1.93,0.0
20231204:0003,0.0,0.0,20.87,1.1,0.0
20231204:0103,0.0,0.0,21.07,0.28,0.0
20231204:0203,0.0,0.0,20.92,0.34,0.0
20231204:0303,0.88,1.93,19.92,0.9,0.0
20231204:0403,28.23,14.36,21.24,1.31,0.0
20231204:0503,61.74,27.21,23.54,3.17,0.0
20231204:0603,155.24,40.34,25.2,3.24,0.0
20231204:0703,452.3,53.61,26.28,2.76,0.0
20231204:0803,511.61,66.9,27.45,3.03,0.0
20231204:0903,734.2,79.66,29.1,3.24,0.0
20231204:1003,743.82,83.0,30.67,3.45,0.0
20231204:1103,722.62,71.01,32.2,3.52,0.0
20231204:1203,667.4,57.78,33.49,3.52,0.0
20231204:1303,580.28,44.48,34.04,3.52,0.0
20231204:1403,470.4,31.3,33.91,3.66,0.0
20231204:1503,183.38,18.35,32.83,4.0,0.0
20231204:1603,26.8,5.76,30.46,3.86,0.0
20231204:1703,0.0,0.0,27.52,4.21,0.0
20231204:1803,0.0,0.0,25.43,3.72,0.0
20231204:1903,0.0,0.0,24.48,3.45,0.0
20231204:2003,0.0,0.0,23.66,2.14,0.0
20231204:2103,0.0,0.0,23.09,1.66,0.0
20231204:2203,0.0,0.0,22.57,1.31,0.0
20231204:2303,0.0,0.0,22.23,0.97,0.0
20231205:0003,0.0,0.0,21.9,1.38,0.0
20231205:0103,0.0,0.0,21.6,0.97,0.0
20231205:0203,0.0,0.0,21.66,0.62,0.0
20231205:0303,0.88,1.91,21.93,0.48,0.0
20231205:0403,14.99,14.33,22.59,1.38,0.0
20231205:0503,187.39,27.17,22.64,3.45,0.0
20231205:0603,73.21,40.29,21.98,4.48,0.0
20231205:0703,117.31,53.56,21.92,4.07,0.0
20231205:0803,242.56,66.85,23.29,3.86,0.0
20231205:0903,345.44,79.65,24.29,3.52,0.0
20231205:1003,284.9,83.16,25.44,3.38,0.0
20231205:1103,320.32,71.14,25.74,3.24,0.0
20231205:1203,285.23,57.91,26.13,3.31,0.0
20231205:1303,74.09,44.61,25.96,3.17,0.0
20231205:1403,266.31,31.43,25.78,3.24,0.0
20231205:1503,239.93,18.48,25.09,3.52,0.0
20231205:1603,7.94,5.91,24.12,3.52,0.0
20231205:1703,0.0,0.0,23.22,3.38,0.0
20231205:1803,0.0,0.0,22.63,3.59,0.0
20231205:1903,0.0,0.0,21.75,3.86,0.0
20231205:2003,0.0,0.0,21.41,3.72,0.0
20231205:2103,0.0,0.0,21.14,3.79,0.0
20231205:2203,0.0,0.0,20.91,3.52,0.0
20231205:2303,0.0,0.0,20.72,3.86,0.0
20231206:0003,0.0,0.0,20.46,3.38,0.0
20231206:0103,0.0,0.0,20.46,3.66,0.0
20231206:0203,0.0,0.0,20.34,3.52,0.0
20231206:0303,0.88,1.89,20.2,3.17,0.0
20231206:0403,14.99,14.29,20.25,3.24,0.0
20231206:0503,33.52,27.13,20.57,3.45,0.0
20231206:0603,63.51,40.24,21.53,4.97,0.0
20231206:0703,125.25,53.51,22.88,4.14,0.0
20231206:0803,98.79,66.8,22.99,4.07,0.0
20231206:0903,106.73,79.63,23.07,4.41,0.0
20231206:1003,84.68,83.32,22.96,4.28,0.0
20231206:1103,120.84,71.27,22.89,4.07,0.0
20231206:1203,157.88,58.03,22.83,4.0,0.0
20231206:1303,84.68,44.74,22.77,3.86,0.0
20231206:1403,105.84,31.56,22.29,3.72,0.0
20231206:1503,26.46,18.62,21.89,3.24,0.0
20231206:1603,54.11,6.05,21.35,2.55,0.0
20231206:1703,0.0,0.0,20.9,2.0,0.0
20231206:1803,0.0,0.0,20.6,1.72,0.0
20231206:1903,0.0,0.0,20.07,0.9,0.0
20231206:2003,0.0,0.0,20.07,0.69,0.0
20231206:2103,0.0,0.0,20.07,0.14,0.0
20231206:2203,0.0,0.0,19.93,1.03,0.0
20231206:2303,0.0,0.0,20.01,1.03,0.0
20231207:0003,0.0,0.0,19.96,1.1,0.0
20231207:0103,0.0,0.0,19.84,1.17,0.0
20231207:0203,0.0,0.0,19.78,1.1,0.0
20231207:0303,0.88,1.86,19.81,1.1,0.0
20231207:0403,17.64,14.25,20.0,1.03,0.0
20231207:0503,33.52,27.08,20.61,1.17,0.0
20231207:0603,70.56,40.18,20.69,1.45,0.0
20231207:0703,96.14,53.45,21.8,1.79,0.0
20231207:0803,354.0,66.74,22.25,2.76,0.0
20231207:0903,272.55,79.61,23.13,3.38,0.0
20231207:1003,178.17,83.47,23.93,3.45,0.0
20231207:1103,179.05,71.4,24.11,3.17,0.0
20231207:1203,106.73,58.16,24.54,3.17,0.0
20231207:1303,64.39,44.86,24.38,3.03,0.0
20231207:1403,81.15,31.69,24.27,3.31,0.0
20231207:1503,94.68,18.75,24.0,3.24,0.0
20231207:1603,71.99,6.19,23.63,3.17,0.0
20231207:1703,0.0,0.0,22.99,2.97,0.0
20231207:1803,0.0,0.0,22.51,2.48,0.0
20231207:1903,0.0,0.0,21.38,2.48,0.0
20231207:2003,0.0,0.0,21.33,2.41,0.0
20231207:2103,0.0,0.0,21.24,2.34,0.0
20231207:2203,0.0,0.0,21.13,2.69,0.0
20231207:2303,0.0,0.0,21.02,3.79,0.0
20231208:0003,0.0,0.0,21.02,4.07,0.0
20231208:0103,0.0,0.0,21.05,2.55,0.0
20231208:0203,0.0,0.0,21.09,2.07,0.0
20231208:0303,0.88,1.83,21.21,2.28,0.0
20231208:0403,28.23,14.21,21.64,3.31,0.0
20231208:0503,61.74,27.02,22.38,4.28,0.0
20231208:0603,172.0,40.12,23.4,3.66,0.0
20231208:0703,178.17,53.38,24.63,3.45,0.0
20231208:0803,486.76,66.68,26.37,3.59,0.0
20231208:0903,360.77,79.58,27.16,3.72,0.0
20231208:1003,508.48,83.62,28.84,4.21,0.0
20231208:1103,454.52,71.53,29.49,4.21,0.0
20231208:1203,394.68,58.28,30.12,4.48,0.0
20231208:1303,323.45,44.99,30.76,4.21,0.0
20231208:1403,371.56,31.82,29.73,3.79,0.0
20231208:1503,147.23,18.88,28.5,3.45,0.0
20231208:1603,5.29,6.32,27.04,2.97,0.0
20231208:1703,0.0,0.0,25.78,2.41,0.0
20231208:1803,0.0,0.0,25.02,2.14,0.0
20231208:1903,0.0,0.0,23.74,2.07,0.0
20231208:2003,0.0,0.0,23.31,1.72,0.0
20231208:2103,0.0,0.0,22.86,1.52,0.0
20231208:2203,0.0,0.0,22.37,1.38,0.0
20231208:2303,0.0,0.0,22.05,1.31,0.0
20231209:0003,0.0,0.0,21.81,1.24,0.0
20231209:0103,0.0,0.0,22.04,1.03,0.0
20231209:0203,0.0,0.0,22.23,0.97,0.0
20231209:0303,0.88,1.8,22.47,1.24,0.0
20231209:0403,14.99,14.16,22.88,1.93,0.0
20231209:0503,45.87,26.97,23.99,3.1,0.0
20231209:0603,125.25,40.06,25.39,3.59,0.0
20231209:0703,272.03,53.32,26.43,2.97,0.0
20231209:0803,296.75,66.61,28.1,3.17,0.0
20231209:0903,531.49,79.54,28.79,3.1,0.0
20231209:1003,541.23,83.76,29.21,2.62,0.0
20231209:1103,407.49,71.65,30.66,2.69,0.0
20231209:1203,287.9,58.4,31.68,2.34,0.0
20231209:1303,382.28,45.11,31.57,2.48,0.0
20231209:1403,160.81,31.94,31.49,3.1,0.0
20231209:1503,85.25,19.01,30.21,3.52,0.0
20231209:1603,81.15,6.46,28.29,3.24,0.0
20231209:1703,0.0,0.0,26.35,2.69,0.0
20231209:1803,0.0,0.0,25.28,1.86,0.0
20231209:1903,0.0,0.0,24.69,2.0,0.0
20231209:2003,0.0,0.0,24.35,2.41,0.0
20231209:2103,0.0,0.0,23.76,2.69,0.0
20231209:2203,0.0,0.0,23.11,2.76,0.0
20231209:2303,0.0,0.0,22.48,2.83,0.0
20231210:0003,0.0,0.0,21.75,2.9,0.0
20231210:0103,0.0,0.0,21.07,2.69,0.0
20231210:0203,0.0,0.0,20.83,2.34,0.0
20231210:0303,0.88,1.75,20.68,2.28,0.0
20231210:0403,41.46,14.11,20.61,2.55,0.0
20231210:0503,77.62,26.91,20.75,2.62,0.0
20231210:0603,105.84,39.99,21.13,3.17,0.0
20231210:0703,128.78,53.25,21.58,3.38,0.0
20231210:0803,394.76,66.55,22.02,3.93,0.0
20231210:0903,184.34,79.5,22.05,3.66,0.0
20231210:1003,324.0,83.89,21.91,3.52,0.0
20231210:1103,151.71,71.78,21.32,2.83,0.0
20231210:1203,122.6,58.53,20.84,2.83,0.0
20231210:1303,98.79,45.23,20.53,2.55,0.0
20231210:1403,74.09,32.07,20.15,2.55,0.0
20231210:1503,42.34,19.14,19.83,3.03,0.0
20231210:1603,8.82,6.59,19.36,3.17,0.0
20231210:1703,0.0,0.0,19.13,3.03,0.0
20231210:1803,0.0,0.0,19.03,3.17,0.0
20231210:1903,0.0,0.0,19.16,3.45,0.0
20231210:2003,0.0,0.0,19.13,3.31,0.0
20231210:2103,0.0,0.0,19.04,3.17,0.0
20231210:2203,0.0,0.0,18.91,3.17,0.0
20231210:2303,0.0,0.0,18.77,3.1,0.0
20231211:0003,0.0,0.0,18.71,2.9,0.0
20231211:0103,0.0,0.0,18.68,2.62,0.0
20231211:0203,0.0,0.0,18.68,2.48,0.0
20231211:0303,0.88,1.71,18.66,2.41,0.0
20231211:0403,14.99,14.05,18.7,2.07,0.0
20231211:0503,32.64,26.84,19.08,2.0,0.0
20231211:0603,154.36,39.92,19.46,2.48,0.0
20231211:0703,251.18,53.17,19.88,3.03,0.0
20231211:0803,153.47,66.47,19.99,3.03,0.0
20231211:0903,178.17,79.45,20.39,2.97,0.0
20231211:1003,155.24,84.03,20.33,2.55,0.0
20231211:1103,197.58,71.9,20.41,2.0,0.0
20231211:1203,153.47,58.65,20.56,1.72,0.0
20231211:1303,257.24,45.36,20.72,1.38,0.0
20231211:1403,66.15,32.19,20.81,1.17,0.0
20231211:1503,35.28,19.27,20.87,0.83,0.0
20231211:1603,7.94,6.72,20.83,0.34,0.0
20231211:1703,0.0,0.0,20.53,0.28,0.0
20231211:1803,0.0,0.0,20.15,0.62,0.0
20231211:1903,0.0,0.0,19.97,0.9,0.0
20231211:2003,0.0,0.0,19.97,1.38,0.0
20231211:2103,0.0,0.0,19.83,1.79,0.0
20231211:2203,0.0,0.0,19.52,2.14,0.0
20231211:2303,0.0,0.0,19.32,2.21,0.0
20231212:0003,0.0,0.0,19.32,2.21,0.0
20231212:0103,0.0,0.0,19.31,2.34,0.0
20231212:0203,0.0,0.0,19.39,2.41,0.0
20231212:0303,0.88,1.66,19.55,2.21,0.0
20231212:0403,25.58,13.99,20.18,1.66,0.0
20231212:0503,300.41,26.77,22.07,1.59,0.0
20231212:0603,481.7,39.85,24.4,1.31,0.0
20231212:0703,668.68,53.1,26.8,0.97,0.0
20231212:0803,728.24,66.4,28.58,0.9,0.0
20231212:0903,766.64,79.39,29.64,1.86,0.0
20231212:1003,770.15,84.15,29.95,2.69,0.0
20231212:1103,738.16,72.03,29.33,3.24,0.0
20231212:1203,672.21,58.77,28.14,3.86,0.0
20231212:1303,580.06,45.48,27.53,4.34,0.0
20231212:1403,506.62,32.32,26.82,4.83,0.0
20231212:1503,340.6,19.39,25.76,4.83,0.0
20231212:1603,134.61,6.85,24.56,4.28,0.0
20231212:1703,0.0,0.0,23.38,3.52,0.0
20231212:1803,0.0,0.0,22.65,3.24,0.0
20231212:1903,0.0,0.0,22.39,3.17,0.0
20231212:2003,0.0,0.0,21.86,2.83,0.0
20231212:2103,0.0,0.0,21.59,2.9,0.0
20231212:2203,0.0,0.0,21.19,2.9,0.0
20231212:2303,0.0,0.0,21.02,3.03,0.0
20231213:0003,0.0,0.0,20.73,3.17,0.0
20231213:0103,0.0,0.0,20.55,2.83,0.0
20231213:0203,0.0,0.0,20.37,2.9,0.0
20231213:0303,0.88,1.6,20.22,2.76,0.0
20231213:0403,29.99,13.93,20.19,2.62,0.0
20231213:0503,85.56,26.7,20.54,3.24,0.0
20231213:0603,266.22,39.77,21.08,3.45,0.0
20231213:0703,398.8,53.01,21.81,3.66,0.0
20231213:0803,140.24,66.32,22.67,3.52,0.0
20231213:0903,177.29,79.33,23.3,3.45,0.0
20231213:1003,462.04,84.28,23.23,3.52,0.0
20231213:1103,390.65,72.15,23.27,3.66,0.0
20231213:1203,80.26,58.89,23.24,3.86,0.0
20231213:1303,181.7,45.6,22.64,3.72,0.0
20231213:1403,128.78,32.44,22.3,3.66,0.0
20231213:1503,124.75,19.52,21.94,2.97,0.0
20231213:1603,137.78,6.97,21.42,2.34,0.0
20231213:1703,0.0,0.0,21.09,2.21,0.0
20231213:1803,0.0,0.0,20.92,1.79,0.0
20231213:1903,0.0,0.0,20.71,1.52,0.0
20231213:2003,0.0,0.0,20.48,1.59,0.0
20231213:2103,0.0,0.0,20.39,1.93,0.0
20231213:2203,0.0,0.0,20.27,2.07,0.0
20231213:2303,0.0,0.0,20.18,2.07,0.0
20231214:0003,0.0,0.0,19.93,2.14,0.0
20231214:0103,0.0,0.0,19.7,2.21,0.0
20231214:0203,0.0,0.0,19.6,2.34,0.0
20231214:0303,0.88,1.55,19.29,2.34,0.0
20231214:0403,268.78,13.86,20.07,2.21,0.0
20231214:0503,450.68,26.63,21.62,3.1,0.0
20231214:0603,566.06,39.69,23.08,3.72,0.0
20231214:0703,656.1,52.93,24.91,3.93,0.0
20231214:0803,687.85,66.24,26.36,4.69,0.0
20231214:0903,757.6,79.27,27.71,5.1,0.0
20231214:1003,764.53,84.39,28.9,5.38,0.0
20231214:1103,740.39,72.26,29.77,5.45,0.0
20231214:1203,681.15,59.0,30.41,5.52,0.0
20231214:1303,601.97,45.71,30.71,5.45,0.0
20231214:1403,514.84,32.56,30.62,5.31,0.0
20231214:1503,317.1,19.64,29.9,4.55,0.0
20231214:1603,71.12,7.09,28.52,4.07,0.0
20231214:1703,0.0,0.0,27.01,4.0,0.0
20231214:1803,0.0,0.0,25.96,3.93,0.0
20231214:1903,0.0,0.0,25.44,3.79,0.0
20231214:2003,0.0,0.0,24.92,1.72,0.0
20231214:2103,0.0,0.0,24.03,2.83,0.0
20231214:2203,0.0,0.0,23.13,4.21,0.0
20231214:2303,0.0,0.0,21.99,4.14,0.0
20231215:0003,0.0,0.0,21.52,3.31,0.0
20231215:0103,0.0,0.0,21.32,2.76,0.0
20231215:0203,0.0,0.0,21.21,2.62,0.0
20231215:0303,0.88,1.48,21.06,2.41,0.0
20231215:0403,141.99,13.79,20.92,2.07,0.0
20231215:0503,138.18,26.55,20.96,2.48,0.0
20231215:0603,67.92,39.61,21.48,2.83,0.0
20231215:0703,112.02,52.85,22.6,2.69,0.0
20231215:0803,292.52,66.15,23.19,2.55,0.0
20231215:0903,549.79,79.2,23.72,2.48,0.0
20231215:1003,404.59,84.5,23.94,2.0,0.0
20231215:1103,508.93,72.38,24.56,1.45,0.0
20231215:1203,569.85,59.12,24.81,1.31,0.0
20231215:1303,276.56,45.83,24.85,1.59,0.0
20231215:1403,126.13,32.67,24.65,2.0,0.0
20231215:1503,107.57,19.76,24.1,2.41,0.0
20231215:1603,11.47,7.21,23.31,2.21,0.0
20231215:1703,0.0,0.0,22.67,2.76,0.0
20231215:1803,0.0,0.0,22.25,2.48,0.0
20231215:1903,0.0,0.0,22.02,2.76,0.0
20231215:2003,0.0,0.0,21.81,2.55,0.0
20231215:2103,0.0,0.0,21.61,2.21,0.0
20231215:2203,0.0,0.0,21.42,2.0,0.0
20231215:2303,0.0,0.0,21.27,2.0,0.0
20231216:0003,0.0,0.0,21.09,2.0,0.0
20231216:0103,0.0,0.0,20.88,2.21,0.0
20231216:0203,0.0,0.0,20.73,2.14,0.0
20231216:0303,0.88,1.41,20.59,2.21,0.0
20231216:0403,14.99,13.71,20.52,2.0,0.0
20231216:0503,58.21,26.47,20.63,2.55,0.0
20231216:0603,78.5,39.52,21.05,2.83,0.0
20231216:0703,98.79,52.76,21.2,1.86,0.0
20231216:0803,445.11,66.06,22.28,2.41,0.0
20231216:0903,374.43,79.12,22.58,2.62,0.0
20231216:1003,462.67,84.61,22.98,2.83,0.0
20231216:1103,419.37,72.5,23.59,2.76,0.0
20231216:1203,282.75,59.23,24.52,2.55,0.0
20231216:1303,329.81,45.95,24.78,2.28,0.0
20231216:1403,158.02,32.79,24.39,2.62,0.0
20231216:1503,109.32,19.87,23.63,2.76,0.0
20231216:1603,6.17,7.33,22.88,2.62,0.0
20231216:1703,0.0,0.0,22.31,2.07,0.0
20231216:1803,0.0,0.0,21.95,1.72,0.0
20231216:1903,0.0,0.0,21.51,1.24,0.0
20231216:2003,0.0,0.0,21.23,0.97,0.0
20231216:2103,0.0,0.0,20.77,1.03,0.0
20231216:2203,0.0,0.0,20.22,1.1,0.0
20231216:2303,0.0,0.0,19.67,0.9,0.0
20231217:0003,0.0,0.0,19.93,0.55,0.0
20231217:0103,0.0,0.0,19.92,0.34,0.0
20231217:0203,0.0,0.0,19.77,0.41,0.0
20231217:0303,0.0,0.0,19.54,0.48,0.0
20231217:0403,39.69,13.63,19.79,0.21,0.0
20231217:0503,266.94,26.38,21.91,0.28,0.0
20231217:0603,516.25,39.43,23.56,0.55,0.0
20231217:0703,628.2,52.66,25.0,0.69,0.0
20231217:0803,722.5,65.97,26.26,1.38,0.0
20231217:0903,766.23,79.04,27.33,1.93,0.0
20231217:1003,774.2,84.71,28.43,2.21,0.0
20231217:1103,753.54,72.61,29.44,2.41,0.0
20231217:1203,698.19,59.35,29.96,2.69,0.0
20231217:1303,606.19,46.06,30.07,2.9,0.0
20231217:1403,518.83,32.9,29.72,3.03,0.0
20231217:1503,371.38,19.99,28.73,2.9,0.0
20231217:1603,179.65,7.44,27.08,2.9,0.0
20231217:1703,0.0,0.0,24.99,2.9,0.0
20231217:1803,0.0,0.0,23.66,2.69,0.0
20231217:1903,0.0,0.0,23.37,2.21,0.0
20231217:2003,0.0,0.0,22.68,2.07,0.0
20231217:2103,0.0,0.0,22.1,2.07,0.0
20231217:2203,0.0,0.0,21.62,2.07,0.0
20231217:2303,0.0,0.0,21.22,2.07,0.0
20231218:0003,0.0,0.0,21.01,2.14,0.0
20231218:0103,0.0,0.0,20.94,2.28,0.0
20231218:0203,0.0,0.0,21.09,2.55,0.0
20231218:0303,0.0,0.0,21.37,2.69,0.0
20231218:0403,84.93,13.55,22.39,4.34,0.0
20231218:0503,438.08,26.29,23.54,4.48,0.0
20231218:0603,556.62,39.34,25.16,4.62,0.0
20231218:0703,660.49,52.57,27.96,4.76,0.0
20231218:0803,726.39,65.88,29.75,4.34,0.0
20231218:0903,763.89,78.96,31.26,4.14,0.0
20231218:1003,771.57,84.8,32.49,3.66,0.0
20231218:1103,751.59,72.72,33.39,2.97,0.0
20231218:1203,702.45,59.46,33.79,2.28,0.0
20231218:1303,622.41,46.17,33.73,2.21,0.0
20231218:1403,509.88,33.01,33.14,2.48,0.0
20231218:1503,122.52,20.1,31.76,2.62,0.0
20231218:1603,14.11,7.55,29.9,2.76,0.0
20231218:1703,0.0,0.0,27.97,2.48,0.0
20231218:1803,0.0,0.0,26.64,2.14,0.0
20231218:1903,0.0,0.0,25.5,2.48,0.0
20231218:2003,0.0,0.0,24.97,2.62,0.0
20231218:2103,0.0,0.0,24.04,2.69,0.0
20231218:2203,0.0,0.0,23.33,2.97,0.0
20231218:2303,0.0,0.0,22.77,3.17,0.0
20231219:0003,0.0,0.0,22.27,3.31,0.0
20231219:0103,0.0,0.0,22.14,3.31,0.0
20231219:0203,0.0,0.0,22.01,3.38,0.0
20231219:0303,0.0,0.0,21.9,3.45,0.0
20231219:0403,14.11,13.46,21.87,3.52,0.0
20231219:0503,37.93,26.2,22.03,3.1,0.0
20231219:0603,70.56,39.24,22.54,4.28,0.0
20231219:0703,201.1,52.47,24.12,4.55,0.0
20231219:0803,277.69,65.78,25.06,4.62,0.0
20231219:0903,192.28,78.87,25.26,4.41,0.0
20231219:1003,131.42,84.89,25.58,4.28,0.0
20231219:1103,182.58,72.83,25.67,4.07,0.0
20231219:1203,139.36,59.57,26.02,4.0,0.0
20231219:1303,241.53,46.28,25.85,3.79,0.0
20231219:1403,110.25,33.12,25.43,3.45,0.0
20231219:1503,102.53,20.21,24.94,2.9,0.0
20231219:1603,165.4,7.66,24.44,2.55,0.0
20231219:1703,0.0,0.0,23.79,2.34,0.0
20231219:1803,0.0,0.0,23.07,1.86,0.0
20231219:1903,0.0,0.0,22.55,1.72,0.0
20231219:2003,0.0,0.0,21.99,1.52,0.0
20231219:2103,0.0,0.0,21.58,1.24,0.0
20231219:2203,0.0,0.0,21.13,1.1,0.0
20231219:2303,0.0,0.0,20.64,0.97,0.0
20231220:0003,0.0,0.0,20.38,0.83,0.0
20231220:0103,0.0,0.0,20.76,0.41,0.0
20231220:0203,0.0,0.0,20.71,0.14,0.0
20231220:0303,0.0,0.0,20.14,0.62,0.0
20231220:0403,120.56,13.37,20.79,0.69,0.0
20231220:0503,430.54,26.11,22.64,1.03,0.0
20231220:0603,548.11,39.15,24.41,2.48,0.0
20231220:0703,647.77,52.38,26.24,3.24,0.0
20231220:0803,721.17,65.68,27.92,3.86,0.0
20231220:0903,673.57,78.78,29.15,4.14,0.0
20231220:1003,759.21,84.96,30.34,4.34,0.0
20231220:1103,750.34,72.94,31.24,4.34,0.0
20231220:1203,698.39,59.68,31.85,4.34,0.0
20231220:1303,621.57,46.39,32.06,4.34,0.0
20231220:1403,511.64,33.23,31.87,4.28,0.0
20231220:1503,372.19,20.31,31.21,3.79,0.0
20231220:1603,151.36,7.76,29.91,3.24,0.0
20231220:1703,0.0,0.0,28.18,3.1,0.0
20231220:1803,0.0,0.0,26.74,3.1,0.0
20231220:1903,0.0,0.0,25.54,3.52,0.0
20231220:2003,0.0,0.0,24.61,3.31,0.0
20231220:2103,0.0,0.0,23.89,3.03,0.0
20231220:2203,0.0,0.0,23.37,2.69,0.0
20231220:2303,0.0,0.0,23.03,2.34,0.0
20231221:0003,0.0,0.0,22.71,2.0,0.0
20231221:0103,0.0,0.0,22.36,1.59,0.0
20231221:0203,0.0,0.0,21.98,1.03,0.0
20231221:0303,0.0,0.0,22.02,0.62,0.0
20231221:0403,53.8,13.28,22.76,0.34,0.0
20231221:0503,252.05,26.01,24.48,1.66,0.0
20231221:0603,403.72,39.05,25.86,1.79,0.0
20231221:0703,314.5,52.27,27.14,1.45,0.0
20231221:0803,415.62,65.58,27.96,1.31,0.0
20231221:0903,661.89,78.68,28.74,1.31,0.0
20231221:1003,441.37,85.04,29.58,1.24,0.0
20231221:1103,279.6,73.05,30.32,0.62,0.0
20231221:1203,402.82,59.78,30.91,0.97,0.0
20231221:1303,228.37,46.49,30.59,2.69,0.0
20231221:1403,65.27,33.34,28.98,3.86,0.0
20231221:1503,59.98,20.42,27.09,3.93,0.0
20231221:1603,7.06,7.86,25.77,3.59,0.0
20231221:1703,0.0,0.0,24.86,2.97,0.0
20231221:1803,0.0,0.0,24.28,2.55,0.0
20231221:1903,0.0,0.0,23.87,3.1,0.0
20231221:2003,0.0,0.0,23.55,2.41,0.0
20231221:2103,0.0,0.0,23.34,2.21,0.0
20231221:2203,0.0,0.0,23.19,1.66,0.0
20231221:2303,0.0,0.0,22.96,2.14,0.0
20231222:0003,0.0,0.0,22.88,1.79,0.0
20231222:0103,0.0,0.0,22.84,1.38,0.0
20231222:0203,0.0,0.0,22.85,1.31,0.0
20231222:0303,0.0,0.0,22.86,1.24,0.0
20231222:0403,74.87,13.18,23.11,1.1,0.0
20231222:0503,263.41,25.91,23.83,1.38,0.0
20231222:0603,355.72,38.94,24.74,1.24,0.0
20231222:0703,364.81,52.17,26.46,1.03,0.0
20231222:0803,543.95,65.48,27.97,0.21,0.0
20231222:0903,578.32,78.59,29.28,1.31,0.0
20231222:1003,351.69,85.1,29.78,1.72,0.0
20231222:1103,663.31,73.15,29.87,2.07,0.0
20231222:1203,641.69,59.89,29.96,2.14,0.0
20231222:1303,552.73,46.6,30.12,2.55,0.0
20231222:1403,375.79,33.44,29.8,3.17,0.0
20231222:1503,285.86,20.52,29.49,3.59,0.0
20231222:1603,169.41,7.96,28.45,2.83,0.0
20231222:1703,0.0,0.0,27.07,2.41,0.0
20231222:1803,0.0,0.0,26.05,2.48,0.0
20231222:1903,0.0,0.0,24.92,3.1,0.0
20231222:2003,0.0,0.0,24.39,2.83,0.0
20231222:2103,0.0,0.0,23.91,2.0,0.0
20231222:2203,0.0,0.0,23.58,1.86,0.0
20231222:2303,0.0,0.0,23.4,1.93,0.0
20231223:0003,0.0,0.0,23.24,2.07,0.0
20231223:0103,0.0,0.0,22.99,1.93,0.0
20231223:0203,0.0,0.0,22.96,1.59,0.0
20231223:0303,0.0,0.0,22.75,0.9,0.0
20231223:0403,14.11,13.08,23.29,2.07,0.0
20231223:0503,31.75,25.8,24.38,4.48,0.0
20231223:0603,183.5,38.84,26.0,4.83,0.0
20231223:0703,312.76,52.06,27.34,4.55,0.0
20231223:0803,531.69,65.37,28.69,4.41,0.0
20231223:0903,747.99,78.48,30.49,4.55,0.0
20231223:1003,572.16,85.16,32.35,4.34,0.0
20231223:1103,651.4,73.25,33.63,4.14,0.0
20231223:1203,684.27,59.99,34.04,3.93,0.0
20231223:1303,515.34,46.7,34.06,3.66,0.0
20231223:1403,346.7,33.54,33.33,3.59,0.0
20231223:1503,358.42,20.61,32.08,3.38,0.0
20231223:1603,104.63,8.06,30.32,3.24,0.0
20231223:1703,0.0,0.0,28.36,3.52,0.0
20231223:1803,0.0,0.0,26.83,3.52,0.0
20231223:1903,0.0,0.0,25.99,3.31,0.0
20231223:2003,0.0,0.0,25.23,2.83,0.0
20231223:2103,0.0,0.0,24.73,2.28,0.0
20231223:2203,0.0,0.0,24.35,1.93,0.0
20231223:2303,0.0,0.0,24.13,1.79,0.0
20231224:0003,0.0,0.0,24.13,1.66,0.0
20231224:0103,0.0,0.0,24.0,1.52,0.0
20231224:0203,0.0,0.0,24.07,1.17,0.0
20231224:0303,0.0,0.0,23.91,1.1,0.0
20231224:0403,13.23,12.98,24.3,1.03,0.0
20231224:0503,34.4,25.7,24.97,2.55,0.0
20231224:0603,196.79,38.73,25.65,3.03,0.0
20231224:0703,491.91,51.96,27.18,3.24,0.0
20231224:0803,544.3,65.26,27.64,3.38,0.0
20231224:0903,635.3,78.38,28.63,3.59,0.0
20231224:1003,649.28,85.2,29.41,3.52,0.0
20231224:1103,666.35,73.35,30.23,3.38,0.0
20231224:1203,661.49,60.09,30.49,3.24,0.0
20231224:1303,488.83,46.8,30.84,3.17,0.0
20231224:1403,236.05,33.64,30.74,3.1,0.0
20231224:1503,123.19,20.71,30.08,3.24,0.0
20231224:1603,49.73,8.15,28.99,3.45,0.0
20231224:1703,0.0,0.0,27.34,3.45,0.0
20231224:1803,0.0,0.0,26.13,2.76,0.0
20231224:1903,0.0,0.0,25.3,2.62,0.0
20231224:2003,0.0,0.0,24.83,2.48,0.0
20231224:2103,0.0,0.0,24.44,2.21,0.0
20231224:2203,0.0,0.0,24.15,1.72,0.0
20231224:2303,0.0,0.0,23.85,1.38,0.0
20231225:0003,0.0,0.0,23.62,1.24,0.0
20231225:0103,0.0,0.0,23.13,0.97,0.0
20231225:0203,0.0,0.0,22.75,1.1,0.0
20231225:0303,0.0,0.0,22.5,1.79,0.0
20231225:0403,19.4,12.87,22.58,2.76,0.0
20231225:0503,37.05,25.59,22.77,2.55,0.0
20231225:0603,89.09,38.62,23.05,3.1,0.0
20231225:0703,102.32,51.85,23.65,2.62,0.0
20231225:0803,157.0,65.15,24.7,2.69,0.0
20231225:0903,224.04,78.27,24.6,2.0,0.0
20231225:1003,424.12,85.24,24.51,1.79,0.0
20231225:1103,574.35,73.44,24.48,1.86,0.0
20231225:1203,337.69,60.19,24.39,1.66,0.0
20231225:1303,268.63,46.9,24.34,1.38,0.0
20231225:1403,98.79,33.73,24.4,0.69,0.0
20231225:1503,65.27,20.8,24.16,0.55,0.0
20231225:1603,26.46,8.23,23.65,0.21,0.0
20231225:1703,0.0,0.0,23.25,0.83,0.0
20231225:1803,0.0,0.0,22.98,1.31,0.0
20231225:1903,0.0,0.0,22.5,1.66,0.0
20231225:2003,0.0,0.0,22.29,1.79,0.0
20231225:2103,0.0,0.0,22.11,1.86,0.0
20231225:2203,0.0,0.0,21.86,2.0,0.0
20231225:2303,0.0,0.0,21.7,2.34,0.0
20231226:0003,0.0,0.0,21.52,2.41,0.0
20231226:0103,0.0,0.0,21.4,2.76,0.0
20231226:0203,0.0,0.0,21.26,3.03,0.0
20231226:0303,0.0,0.0,21.05,3.52,0.0
20231226:0403,13.23,12.76,20.74,4.28,0.0
20231226:0503,38.81,25.48,20.27,4.41,0.0
20231226:0603,90.85,38.51,20.07,4.34,0.0
20231226:0703,148.18,51.74,20.25,4.28,0.0
20231226:0803,140.24,65.04,20.26,4.14,0.0
20231226:0903,153.47,78.16,20.29,4.55,0.0
20231226:1003,141.13,85.27,20.22,4.48,0.0
20231226:1103,165.82,73.54,20.57,5.31,0.0
20231226:1203,126.13,60.29,20.07,5.03,0.0
20231226:1303,84.68,46.99,19.92,5.31,0.0
20231226:1403,59.98,33.83,19.33,4.41,0.0
20231226:1503,54.69,20.89,19.1,4.28,0.0
20231226:1603,18.52,8.32,19.04,4.48,0.0
20231226:1703,0.0,0.0,19.01,3.86,0.0
20231226:1803,0.0,0.0,18.89,3.52,0.0
20231226:1903,0.0,0.0,18.95,3.38,0.0
20231226:2003,0.0,0.0,18.96,3.1,0.0
20231226:2103,0.0,0.0,18.94,3.03,0.0
20231226:2203,0.0,0.0,18.91,2.97,0.0
20231226:2303,0.0,0.0,18.99,2.9,0.0
20231227:0003,0.0,0.0,18.96,2.9,0.0
20231227:0103,0.0,0.0,19.0,3.59,0.0
20231227:0203,0.0,0.0,18.95,3.59,0.0
20231227:0303,0.0,0.0,18.98,3.52,0.0
20231227:0403,27.34,12.65,19.08,3.1,0.0
20231227:0503,62.62,25.37,19.4,2.97,0.0
20231227:0603,81.15,38.4,19.62,3.1,0.0
20231227:0703,108.49,51.62,19.86,4.07,0.0
20231227:0803,104.96,64.93,19.85,4.0,0.0
20231227:0903,162.29,78.05,19.93,3.66,0.0
20231227:1003,159.65,85.29,20.47,4.0,0.0
20231227:1103,130.54,73.63,20.58,4.07,0.0
20231227:1203,141.13,60.38,20.48,3.72,0.0
20231227:1303,153.47,47.09,20.7,3.86,0.0
20231227:1403,93.5,33.92,20.68,3.59,0.0
20231227:1503,44.1,20.97,20.51,3.31,0.0
20231227:1603,49.42,8.39,20.17,2.83,0.0
20231227:1703,0.0,0.0,19.59,2.34,0.0
20231227:1803,0.0,0.0,19.09,2.21,0.0
20231227:1903,0.0,0.0,18.97,2.28,0.0
20231227:2003,0.0,0.0,18.96,2.41,0.0
20231227:2103,0.0,0.0,18.77,2.41,0.0
20231227:2203,0.0,0.0,18.38,2.28,0.0
20231227:2303,0.0,0.0,18.23,2.07,0.0
20231228:0003,0.0,0.0,17.82,2.07,0.0
20231228:0103,0.0,0.0,17.88,2.0,0.0
20231228:0203,0.0,0.0,17.84,2.0,0.0
20231228:0303,0.0,0.0,18.16,2.0,0.0
20231228:0403,16.76,12.53,18.6,1.72,0.0
20231228:0503,79.38,25.25,19.59,1.86,0.0
20231228:0603,201.26,38.28,20.33,2.34,0.0
20231228:0703,245.92,51.51,21.51,2.76,0.0
20231228:0803,241.68,64.81,22.13,3.1,0.0
20231228:0903,366.87,77.93,22.22,3.24,0.0
20231228:1003,594.57,85.3,21.64,3.52,0.0
20231228:1103,217.86,73.71,21.7,4.0,0.0
20231228:1203,294.95,60.47,21.22,3.72,0.0
20231228:1303,164.94,47.18,21.09,3.45,0.0
20231228:1403,68.8,34.0,21.1,2.83,0.0
20231228:1503,102.81,21.06,21.05,2.34,0.0
20231228:1603,17.64,8.47,21.07,1.93,0.0
20231228:1703,0.0,0.0,20.88,1.59,0.0
20231228:1803,0.0,0.0,20.72,1.52,0.0
20231228:1903,0.0,0.0,20.67,1.86,0.0
20231228:2003,0.0,0.0,20.39,2.0,0.0
20231228:2103,0.0,0.0,20.19,1.93,0.0
20231228:2203,0.0,0.0,19.84,2.07,0.0
20231228:2303,0.0,0.0,19.45,2.14,0.0
20231229:0003,0.0,0.0,19.18,1.93,0.0
20231229:0103,0.0,0.0,18.99,1.79,0.0
20231229:0203,0.0,0.0,19.05,1.66,0.0
20231229:0303,0.0,0.0,19.01,1.86,0.0
20231229:0403,13.23,12.41,19.32,1.79,0.0
20231229:0503,65.27,25.13,20.21,1.93,0.0
20231229:0603,467.2,38.17,21.37,2.97,0.0
20231229:0703,497.08,51.39,22.66,3.72,0.0
20231229:0803,190.52,64.7,23.19,3.93,0.0
20231229:0903,468.97,77.81,23.82,3.93,0.0
20231229:1003,380.51,85.3,24.17,3.86,0.0
20231229:1103,565.93,73.8,24.24,3.66,0.0
20231229:1203,547.46,60.56,24.45,3.31,0.0
20231229:1303,586.65,47.26,24.38,2.97,0.0
20231229:1403,485.73,34.09,24.45,2.9,0.0
20231229:1503,265.24,21.14,24.17,2.83,0.0
20231229:1603,182.12,8.54,23.27,2.34,0.0
20231229:1703,0.0,0.0,21.95,1.79,0.0
20231229:1803,0.0,0.0,20.86,1.38,0.0
20231229:1903,0.0,0.0,19.85,1.24,0.0
20231229:2003,0.0,0.0,19.97,0.9,0.0
20231229:2103,0.0,0.0,20.16,0.83,0.0
20231229:2203,0.0,0.0,18.95,1.17,0.0
20231229:2303,0.0,0.0,18.37,1.24,0.0
20231230:0003,0.0,0.0,18.02,1.31,0.0
20231230:0103,0.0,0.0,18.23,1.24,0.0
20231230:0203,0.0,0.0,17.95,1.31,0.0
20231230:0303,0.0,0.0,17.65,1.31,0.0
20231230:0403,267.77,12.29,18.26,1.1,0.0
20231230:0503,440.16,25.01,21.04,1.1,0.0
20231230:0603,564.43,38.05,22.67,0.97,0.0
20231230:0703,639.95,51.27,24.01,0.41,0.0
20231230:0803,710.19,64.58,25.23,0.76,0.0
20231230:0903,760.91,77.69,26.01,1.52,0.0
20231230:1003,774.28,85.29,26.62,2.14,0.0
20231230:1103,751.98,73.88,27.18,2.62,0.0
20231230:1203,710.11,60.65,27.3,3.03,0.0
20231230:1303,617.39,47.35,27.2,3.31,0.0
20231230:1403,417.73,34.17,26.64,3.45,0.0
20231230:1503,386.29,21.21,25.52,3.59,0.0
20231230:1603,47.18,8.61,24.44,3.31,0.0
20231230:1703,0.0,0.0,23.22,2.83,0.0
20231230:1803,0.0,0.0,22.34,2.21,0.0
20231230:1903,0.0,0.0,22.02,2.0,0.0
20231230:2003,0.0,0.0,21.51,1.72,0.0
20231230:2103,0.0,0.0,21.01,1.59,0.0
20231230:2203,0.0,0.0,20.77,1.59,0.0
20231230:2303,0.0,0.0,20.52,1.66,0.0
20231231:0003,0.0,0.0,20.35,1.66,0.0
20231231:0103,0.0,0.0,20.31,1.66,0.0
20231231:0203,0.0,0.0,20.22,1.59,0.0
20231231:0303,0.0,0.0,20.5,1.45,0.0
20231231:0403,18.52,12.17,21.03,1.45,0.0
20231231:0503,53.8,24.89,22.93,3.03,0.0
20231231:0603,165.82,37.93,24.48,3.52,0.0
20231231:0703,366.29,51.16,25.8,3.93,0.0
20231231:0803,611.83,64.46,26.56,3.86,0.0
20231231:0903,525.63,77.57,27.36,3.72,0.0
20231231:1003,613.96,85.27,28.02,3.66,0.0
20231231:1103,697.52,73.95,28.27,3.66,0.0
20231231:1203,573.51,60.73,28.94,3.72,0.0
20231231:1303,83.79,47.43,28.67,3.52,0.0
20231231:1403,263.69,34.24,28.12,3.52,0.0
20231231:1503,283.64,21.28,27.25,2.97,0.0
20231231:1603,8.82,8.67,26.4,2.83,0.0
20231231:1703,0.0,0.0,25.23,2.55,0.0
20231231:1803,0.0,0.0,24.29,2.48,0.0
20231231:1903,0.0,0.0,23.84,1.86,0.0
20231231:2003,0.0,0.0,23.18,1.72,0.0
20231231:2103,0.0,0.0,22.55,1.45,0.0
20231231:2203,0.0,0.0,22.03,1.1,0.0
20231231:2303,0.0,0.0,22.11,0.62,0.0

G(i): Global irradiance on the inclined plane (plane of the array) (W/m2)
H_sun: Sun height (degree)
T2m: 2-m air temperature (degree Celsius)
WS10m: 10-m total wind speed (m/s)
Int: 1 means solar radiation values are reconstructed



PVGIS (c) European Union, 2001-2026