Latitude (decimal degrees):	-27.431
Longitude (decimal degrees):	32.066
Elevation (m):	255
Radiation database:	PVGIS-SARAH3


Slope: 45 deg. 
Azimuth: 0 deg. 
time,Gb(i),Gd(i),Gr(i),H_sun,T2m,WS10m,Int
20230101:0003,0.0,0.0,0.0,0.0,19.39,0.97,0.0
20230101:0103,0.0,0.0,0.0,0.0,19.52,0.9,0.0
20230101:0203,0.0,0.0,0.0,0.0,19.7,0.9,0.0
20230101:0303,0.0,0.0,0.0,0.0,19.49,0.97,0.0
20230101:0403,9.18,66.36,2.37,12.01,19.97,0.9,0.0
20230101:0503,317.7,113.26,11.75,24.74,20.9,1.24,0.0
20230101:0603,20.36,242.15,8.96,37.77,21.59,1.52,0.0
20230101:0703,81.48,350.47,15.11,51.0,23.35,1.93,0.0
20230101:0803,31.54,381.16,14.41,64.31,24.18,1.66,0.0
20230101:0903,44.16,427.83,16.64,77.41,25.13,1.45,0.0
20230101:1003,49.6,441.38,17.37,85.23,25.36,1.31,0.0
20230101:1103,69.72,435.18,17.98,74.04,25.54,1.66,0.0
20230101:1203,0.0,231.95,7.97,60.83,26.0,1.72,0.0
20230101:1303,371.23,207.32,21.09,47.53,25.11,3.03,0.0
20230101:1403,1.78,169.83,5.89,34.34,24.51,3.52,0.0
20230101:1503,56.15,153.65,6.36,21.37,23.71,3.31,0.0
20230101:1603,119.39,67.93,3.05,8.75,22.73,2.69,0.0
20230101:1703,0.0,0.0,0.0,0.0,21.38,1.86,0.0
20230101:1803,0.0,0.0,0.0,0.0,20.39,1.17,0.0
20230101:1903,0.0,0.0,0.0,0.0,20.29,0.28,0.0
20230101:2003,0.0,0.0,0.0,0.0,19.76,0.62,0.0
20230101:2103,0.0,0.0,0.0,0.0,19.16,0.69,0.0
20230101:2203,0.0,0.0,0.0,0.0,18.76,0.76,0.0
20230101:2303,0.0,0.0,0.0,0.0,18.47,0.76,0.0
20230102:0003,0.0,0.0,0.0,0.0,18.29,0.69,0.0
20230102:0103,0.0,0.0,0.0,0.0,17.87,0.83,0.0
20230102:0203,0.0,0.0,0.0,0.0,17.14,1.03,0.0
20230102:0303,0.0,0.0,0.0,0.0,16.76,1.1,0.0
20230102:0403,162.58,87.38,4.69,11.88,18.12,0.69,0.0
20230102:0503,319.07,111.34,11.72,24.61,20.59,0.83,0.0
20230102:0603,432.53,117.61,18.63,37.65,22.54,1.45,0.0
20230102:0703,542.45,104.61,25.04,50.88,24.09,0.9,0.0
20230102:0803,633.43,84.5,30.17,64.19,25.71,1.38,0.0
20230102:0903,558.15,168.89,30.9,77.29,27.06,1.86,0.0
20230102:1003,590.25,150.52,32.01,85.19,28.11,1.86,0.0
20230102:1103,471.86,233.99,29.06,74.11,28.89,1.66,0.0
20230102:1203,223.86,360.56,21.64,60.9,29.38,1.59,0.0
20230102:1303,294.99,256.65,19.83,47.6,29.42,2.07,0.0
20230102:1403,289.89,182.67,15.23,34.41,28.96,2.83,0.0
20230102:1503,247.39,121.04,9.43,21.43,27.67,3.66,0.0
20230102:1603,153.92,68.4,3.37,8.8,25.75,3.52,0.0
20230102:1703,0.0,0.0,0.0,0.0,23.72,2.76,0.0
20230102:1803,0.0,0.0,0.0,0.0,22.39,1.66,0.0
20230102:1903,0.0,0.0,0.0,0.0,21.65,1.1,0.0
20230102:2003,0.0,0.0,0.0,0.0,21.44,0.76,0.0
20230102:2103,0.0,0.0,0.0,0.0,21.45,0.62,0.0
20230102:2203,0.0,0.0,0.0,0.0,20.8,0.83,0.0
20230102:2303,0.0,0.0,0.0,0.0,20.07,1.1,0.0
20230103:0003,0.0,0.0,0.0,0.0,20.06,1.17,0.0
20230103:0103,0.0,0.0,0.0,0.0,20.18,1.1,0.0
20230103:0203,0.0,0.0,0.0,0.0,20.3,0.97,0.0
20230103:0303,0.0,0.0,0.0,0.0,20.52,0.76,0.0
20230103:0403,174.68,83.41,4.72,11.75,20.47,0.83,0.0
20230103:0503,312.78,111.14,11.54,24.48,22.71,1.38,0.0
20230103:0603,376.32,147.3,17.63,37.52,24.3,1.86,0.0
20230103:0703,344.47,238.52,21.59,50.76,26.45,2.28,0.0
20230103:0803,494.4,181.45,27.5,64.06,27.83,2.55,0.0
20230103:0903,406.77,285.69,28.06,77.15,29.18,2.83,0.0
20230103:1003,580.73,151.62,31.66,85.14,30.29,3.1,0.0
20230103:1103,427.91,262.58,28.09,74.18,31.06,3.45,0.0
20230103:1203,481.35,180.35,26.57,60.98,31.14,3.72,0.0
20230103:1303,276.74,263.28,19.39,47.67,30.77,4.14,0.0
20230103:1403,135.59,241.94,12.36,34.47,29.54,4.55,0.0
20230103:1503,140.88,152.32,8.05,21.49,28.11,4.41,0.0
20230103:1603,4.7,39.95,1.41,8.85,26.37,3.86,0.0
20230103:1703,0.0,0.0,0.0,0.0,24.9,2.55,0.0
20230103:1803,0.0,0.0,0.0,0.0,23.94,2.0,0.0
20230103:1903,0.0,0.0,0.0,0.0,23.33,1.66,0.0
20230103:2003,0.0,0.0,0.0,0.0,22.64,1.38,0.0
20230103:2103,0.0,0.0,0.0,0.0,22.05,1.17,0.0
20230103:2203,0.0,0.0,0.0,0.0,21.66,1.17,0.0
20230103:2303,0.0,0.0,0.0,0.0,21.45,1.24,0.0
20230104:0003,0.0,0.0,0.0,0.0,21.42,1.31,0.0
20230104:0103,0.0,0.0,0.0,0.0,21.67,1.31,0.0
20230104:0203,0.0,0.0,0.0,0.0,21.78,1.38,0.0
20230104:0303,0.0,0.0,0.0,0.0,21.85,1.38,0.0
20230104:0403,42.99,80.97,3.16,11.61,22.29,2.0,0.0
20230104:0503,247.75,134.16,10.54,24.35,23.48,2.9,0.0
20230104:0603,392.12,128.7,17.6,37.4,25.06,3.24,0.0
20230104:0703,459.92,146.31,23.17,50.63,27.15,3.1,0.0
20230104:0803,600.81,93.47,29.14,63.94,29.39,3.17,0.0
20230104:0903,617.27,107.61,31.52,77.02,30.9,2.9,0.0
20230104:1003,612.05,118.64,31.98,85.07,31.78,2.62,0.0
20230104:1103,570.18,135.66,30.2,74.23,32.52,2.21,0.0
20230104:1203,541.05,124.98,27.3,61.05,33.17,1.86,0.0
20230104:1303,464.17,128.38,22.26,47.74,33.33,2.14,0.0
20230104:1403,0.0,90.39,3.1,34.54,32.65,2.76,0.0
20230104:1503,5.89,117.55,4.16,21.55,31.47,3.03,0.0
20230104:1603,11.65,48.14,1.73,8.9,29.29,3.24,0.0
20230104:1703,0.0,0.0,0.0,0.0,26.95,2.76,0.0
20230104:1803,0.0,0.0,0.0,0.0,25.4,2.14,0.0
20230104:1903,0.0,0.0,0.0,0.0,24.7,1.66,0.0
20230104:2003,0.0,0.0,0.0,0.0,24.02,1.45,0.0
20230104:2103,0.0,0.0,0.0,0.0,23.62,1.45,0.0
20230104:2203,0.0,0.0,0.0,0.0,23.31,1.59,0.0
20230104:2303,0.0,0.0,0.0,0.0,23.29,1.66,0.0
20230105:0003,0.0,0.0,0.0,0.0,23.26,1.52,0.0
20230105:0103,0.0,0.0,0.0,0.0,23.29,1.59,0.0
20230105:0203,0.0,0.0,0.0,0.0,23.13,2.21,0.0
20230105:0303,0.0,0.0,0.0,0.0,22.88,2.55,0.0
20230105:0403,0.0,11.09,0.38,11.48,22.82,2.76,0.0
20230105:0503,0.0,28.14,0.97,24.22,22.95,2.97,0.0
20230105:0603,0.85,163.77,5.65,37.27,23.13,3.03,0.0
20230105:0703,42.02,323.51,12.71,50.51,24.71,3.38,0.0
20230105:0803,135.63,390.14,19.13,63.81,25.44,2.9,0.0
20230105:0903,72.67,429.72,17.98,76.89,26.2,2.55,0.0
20230105:1003,77.07,441.41,18.63,84.99,26.29,2.0,0.0
20230105:1103,12.51,360.86,12.95,74.29,25.82,1.66,0.0
20230105:1203,2.07,272.92,9.46,61.11,25.79,1.86,0.0
20230105:1303,0.0,159.46,5.48,47.81,26.18,2.69,0.0
20230105:1403,3.52,175.92,6.15,34.6,25.82,2.97,0.0
20230105:1503,0.0,88.69,3.05,21.6,25.14,2.76,0.0
20230105:1603,13.87,49.42,1.79,8.94,24.49,2.69,0.0
20230105:1703,0.0,0.0,0.0,0.0,23.69,2.9,0.0
20230105:1803,0.0,0.0,0.0,0.0,23.02,2.83,0.0
20230105:1903,0.0,0.0,0.0,0.0,23.39,2.41,0.0
20230105:2003,0.0,0.0,0.0,0.0,23.09,2.14,0.0
20230105:2103,0.0,0.0,0.0,0.0,22.73,1.86,0.0
20230105:2203,0.0,0.0,0.0,0.0,22.28,1.79,0.0
20230105:2303,0.0,0.0,0.0,0.0,21.88,1.79,0.0
20230106:0003,0.0,0.0,0.0,0.0,21.59,1.79,0.0
20230106:0103,0.0,0.0,0.0,0.0,21.23,1.93,0.0
20230106:0203,0.0,0.0,0.0,0.0,21.11,2.21,0.0
20230106:0303,0.0,0.0,0.0,0.0,21.01,2.76,0.0
20230106:0403,0.0,11.09,0.38,11.34,20.95,3.93,0.0
20230106:0503,0.0,28.14,0.97,24.09,19.95,5.03,0.0
20230106:0603,0.0,75.89,2.61,37.14,19.28,5.59,0.0
20230106:0703,0.0,115.97,3.98,50.38,19.46,5.1,0.0
20230106:0803,0.0,158.61,5.45,63.69,19.77,5.52,0.0
20230106:0903,28.09,399.37,14.97,76.75,20.14,6.55,0.0
20230106:1003,9.69,367.59,13.06,84.91,20.2,5.79,0.0
20230106:1103,0.0,243.88,8.38,74.34,20.22,5.1,0.0
20230106:1203,0.0,183.34,6.3,61.17,20.47,5.72,0.0
20230106:1303,0.0,202.95,6.97,47.87,20.08,4.97,0.0
20230106:1403,0.0,66.51,2.28,34.65,19.77,4.34,0.0
20230106:1503,0.0,57.99,1.99,21.65,19.73,4.55,0.0
20230106:1603,27.53,55.64,2.08,8.98,19.53,5.17,0.0
20230106:1703,0.0,0.0,0.0,0.0,19.11,4.83,0.0
20230106:1803,0.0,0.0,0.0,0.0,18.95,4.62,0.0
20230106:1903,0.0,0.0,0.0,0.0,19.09,4.83,0.0
20230106:2003,0.0,0.0,0.0,0.0,18.9,4.76,0.0
20230106:2103,0.0,0.0,0.0,0.0,18.79,4.76,0.0
20230106:2203,0.0,0.0,0.0,0.0,18.65,4.76,0.0
20230106:2303,0.0,0.0,0.0,0.0,18.37,4.76,0.0
20230107:0003,0.0,0.0,0.0,0.0,18.07,4.76,0.0
20230107:0103,0.0,0.0,0.0,0.0,17.95,4.69,0.0
20230107:0203,0.0,0.0,0.0,0.0,17.89,4.62,0.0
20230107:0303,0.0,0.0,0.0,0.0,17.81,4.55,0.0
20230107:0403,9.51,63.06,2.26,11.2,18.03,3.72,0.0
20230107:0503,0.0,63.1,2.17,23.95,18.7,5.03,0.0
20230107:0603,2.53,185.21,6.44,37.01,19.37,6.14,0.0
20230107:0703,22.77,309.74,11.51,50.25,21.24,6.83,0.0
20230107:0803,115.41,403.37,18.75,63.56,21.58,6.21,0.0
20230107:0903,18.25,388.17,14.15,76.61,21.92,6.48,0.0
20230107:1003,56.09,442.9,17.75,84.81,21.79,6.21,0.0
20230107:1103,153.29,427.6,21.5,74.38,21.95,5.66,0.0
20230107:1203,477.56,179.45,26.62,61.23,22.05,5.24,0.0
20230107:1303,4.49,248.34,8.7,47.93,22.64,5.38,0.0
20230107:1403,0.0,151.79,5.21,34.71,23.17,5.52,0.0
20230107:1503,248.42,117.96,9.55,21.69,22.36,4.76,0.0
20230107:1603,129.8,67.43,3.22,9.01,21.53,4.0,0.0
20230107:1703,0.0,0.0,0.0,0.0,20.48,3.59,0.0
20230107:1803,0.0,0.0,0.0,0.0,19.53,3.17,0.0
20230107:1903,0.0,0.0,0.0,0.0,19.06,2.76,0.0
20230107:2003,0.0,0.0,0.0,0.0,18.47,2.34,0.0
20230107:2103,0.0,0.0,0.0,0.0,18.05,2.07,0.0
20230107:2203,0.0,0.0,0.0,0.0,17.43,1.86,0.0
20230107:2303,0.0,0.0,0.0,0.0,17.11,1.86,0.0
20230108:0003,0.0,0.0,0.0,0.0,16.41,1.93,0.0
20230108:0103,0.0,0.0,0.0,0.0,15.87,2.0,0.0
20230108:0203,0.0,0.0,0.0,0.0,15.55,1.93,0.0
20230108:0303,0.0,0.0,0.0,0.0,14.98,1.79,0.0
20230108:0403,24.87,72.21,2.69,11.06,15.89,1.31,0.0
20230108:0503,248.97,134.66,10.57,23.81,19.87,1.38,0.0
20230108:0603,293.28,193.8,16.34,36.88,21.77,2.21,0.0
20230108:0703,267.6,283.42,20.15,50.13,23.38,2.28,0.0
20230108:0803,481.62,188.43,27.41,63.43,25.01,2.28,0.0
20230108:0903,253.64,389.44,24.81,76.47,25.61,2.0,0.0
20230108:1003,154.33,447.05,22.38,84.7,26.52,2.0,0.0
20230108:1103,483.41,216.76,29.35,74.42,26.78,2.21,0.0
20230108:1203,296.88,315.82,23.46,61.29,27.12,2.34,0.0
20230108:1303,412.62,174.08,22.0,47.98,26.86,2.55,0.0
20230108:1403,340.75,150.63,16.17,34.75,26.65,2.55,0.0
20230108:1503,306.04,96.8,10.37,21.73,25.39,3.17,0.0
20230108:1603,137.89,68.64,3.34,9.04,24.03,3.24,0.0
20230108:1703,0.0,0.0,0.0,0.0,22.33,2.76,0.0
20230108:1803,0.0,0.0,0.0,0.0,21.24,1.66,0.0
20230108:1903,0.0,0.0,0.0,0.0,21.1,0.48,0.0
20230108:2003,0.0,0.0,0.0,0.0,19.61,1.1,0.0
20230108:2103,0.0,0.0,0.0,0.0,18.9,1.24,0.0
20230108:2203,0.0,0.0,0.0,0.0,18.5,1.31,0.0
20230108:2303,0.0,0.0,0.0,0.0,18.26,1.31,0.0
20230109:0003,0.0,0.0,0.0,0.0,18.01,1.45,0.0
20230109:0103,0.0,0.0,0.0,0.0,17.7,1.59,0.0
20230109:0203,0.0,0.0,0.0,0.0,17.48,1.59,0.0
20230109:0303,0.0,0.0,0.0,0.0,17.27,1.59,0.0
20230109:0403,152.0,79.82,4.22,10.91,18.02,1.38,0.0
20230109:0503,294.54,110.74,11.04,23.68,21.64,2.28,0.0
20230109:0603,413.95,114.34,18.01,36.75,23.47,3.45,0.0
20230109:0703,504.06,114.06,24.08,50.0,25.38,3.59,0.0
20230109:0803,556.84,121.93,28.5,63.3,27.16,3.45,0.0
20230109:0903,613.05,109.9,31.75,76.32,28.79,3.24,0.0
20230109:1003,625.29,108.99,32.63,84.59,30.21,3.17,0.0
20230109:1103,583.62,127.35,30.9,74.45,31.3,3.17,0.0
20230109:1203,554.36,117.49,28.0,61.33,31.93,3.1,0.0
20230109:1303,483.24,118.89,23.05,48.03,32.04,2.9,0.0
20230109:1403,400.76,110.4,16.99,34.8,31.73,3.03,0.0
20230109:1503,276.86,105.71,9.96,21.77,30.61,3.38,0.0
20230109:1603,132.41,67.6,3.28,9.06,28.55,3.38,0.0
20230109:1703,0.0,0.0,0.0,0.0,25.91,3.38,0.0
20230109:1803,0.0,0.0,0.0,0.0,24.12,3.03,0.0
20230109:1903,0.0,0.0,0.0,0.0,23.2,2.48,0.0
20230109:2003,0.0,0.0,0.0,0.0,22.37,2.07,0.0
20230109:2103,0.0,0.0,0.0,0.0,21.68,2.0,0.0
20230109:2203,0.0,0.0,0.0,0.0,21.05,1.93,0.0
20230109:2303,0.0,0.0,0.0,0.0,20.46,1.79,0.0
20230110:0003,0.0,0.0,0.0,0.0,19.9,1.72,0.0
20230110:0103,0.0,0.0,0.0,0.0,19.39,1.72,0.0
20230110:0203,0.0,0.0,0.0,0.0,19.0,1.72,0.0
20230110:0303,0.0,0.0,0.0,0.0,18.69,1.66,0.0
20230110:0403,118.05,82.85,3.9,10.77,19.38,1.45,0.0
20230110:0503,282.45,114.32,10.84,23.54,22.77,2.07,0.0
20230110:0603,397.22,122.61,17.72,36.61,24.74,2.69,0.0
20230110:0703,484.65,125.57,23.72,49.87,26.84,2.76,0.0
20230110:0803,502.85,164.41,27.65,63.17,28.86,2.62,0.0
20230110:0903,589.41,126.64,31.34,76.18,30.69,2.34,0.0
20230110:1003,609.45,120.49,32.39,84.46,32.26,2.28,0.0
20230110:1103,584.44,127.02,31.02,74.48,33.32,2.34,0.0
20230110:1203,547.74,122.4,27.97,61.38,33.7,2.83,0.0
20230110:1303,471.78,125.85,22.9,48.08,33.22,3.38,0.0
20230110:1403,386.07,118.57,16.81,34.84,31.86,4.0,0.0
20230110:1503,252.53,115.53,9.69,21.8,29.79,4.41,0.0
20230110:1603,44.57,63.72,2.46,9.08,27.47,3.93,0.0
20230110:1703,0.0,0.0,0.0,0.0,25.47,3.1,0.0
20230110:1803,0.0,0.0,0.0,0.0,24.16,2.34,0.0
20230110:1903,0.0,0.0,0.0,0.0,23.47,1.86,0.0
20230110:2003,0.0,0.0,0.0,0.0,22.74,1.38,0.0
20230110:2103,0.0,0.0,0.0,0.0,21.84,1.03,0.0
20230110:2203,0.0,0.0,0.0,0.0,21.21,1.1,0.0
20230110:2303,0.0,0.0,0.0,0.0,20.67,1.17,0.0
20230111:0003,0.0,0.0,0.0,0.0,20.44,1.1,0.0
20230111:0103,0.0,0.0,0.0,0.0,20.33,1.1,0.0
20230111:0203,0.0,0.0,0.0,0.0,20.22,1.1,0.0
20230111:0303,0.0,0.0,0.0,0.0,20.14,1.03,0.0
20230111:0403,0.0,28.14,0.97,10.62,20.58,0.83,0.0
20230111:0503,0.0,86.13,2.96,23.4,23.08,1.45,0.0
20230111:0603,3.35,194.65,6.8,36.48,24.81,1.79,0.0
20230111:0703,108.48,342.6,15.96,49.73,26.67,1.72,0.0
20230111:0803,216.46,368.38,22.0,63.03,28.38,1.86,0.0
20230111:0903,436.77,255.2,28.82,76.03,29.92,2.07,0.0
20230111:1003,612.73,119.24,32.6,84.32,31.19,2.34,0.0
20230111:1103,579.99,131.72,31.08,74.5,32.08,2.69,0.0
20230111:1203,551.25,121.13,28.18,61.42,32.43,2.97,0.0
20230111:1303,481.74,120.1,23.2,48.12,32.23,3.17,0.0
20230111:1403,394.61,115.51,17.08,34.87,31.45,3.38,0.0
20230111:1503,281.83,104.51,10.13,21.82,29.97,3.45,0.0
20230111:1603,132.78,68.72,3.34,9.09,27.92,3.17,0.0
20230111:1703,0.0,0.0,0.0,0.0,25.59,2.69,0.0
20230111:1803,0.0,0.0,0.0,0.0,23.75,2.21,0.0
20230111:1903,0.0,0.0,0.0,0.0,22.65,1.66,0.0
20230111:2003,0.0,0.0,0.0,0.0,21.56,1.1,0.0
20230111:2103,0.0,0.0,0.0,0.0,21.38,0.69,0.0
20230111:2203,0.0,0.0,0.0,0.0,21.32,0.62,0.0
20230111:2303,0.0,0.0,0.0,0.0,20.53,0.9,0.0
20230112:0003,0.0,0.0,0.0,0.0,19.97,1.03,0.0
20230112:0103,0.0,0.0,0.0,0.0,19.46,1.24,0.0
20230112:0203,0.0,0.0,0.0,0.0,19.33,1.38,0.0
20230112:0303,0.0,0.0,0.0,0.0,18.86,1.38,0.0
20230112:0403,9.79,59.74,2.14,10.47,19.53,1.1,0.0
20230112:0503,18.44,150.77,5.59,23.26,21.93,1.24,0.0
20230112:0603,278.45,197.58,16.05,36.34,23.76,1.03,0.0
20230112:0703,439.3,161.74,23.2,49.6,25.8,0.76,0.0
20230112:0803,547.66,129.67,28.59,62.9,27.97,0.62,0.0
20230112:0903,603.36,118.99,31.9,75.88,29.89,0.69,0.0
20230112:1003,615.9,118.75,32.83,84.18,31.53,1.31,0.0
20230112:1103,583.86,129.59,31.28,74.51,32.58,2.0,0.0
20230112:1203,555.32,119.01,28.38,61.46,32.98,2.69,0.0
20230112:1303,478.31,124.2,23.29,48.15,32.71,3.31,0.0
20230112:1403,392.76,117.1,17.13,34.91,31.7,3.79,0.0
20230112:1503,285.91,103.46,10.25,21.85,29.97,4.07,0.0
20230112:1603,142.86,67.71,3.43,9.1,27.78,3.72,0.0
20230112:1703,0.0,0.0,0.0,0.0,25.57,3.03,0.0
20230112:1803,0.0,0.0,0.0,0.0,23.99,2.21,0.0
20230112:1903,0.0,0.0,0.0,0.0,23.27,1.38,0.0
20230112:2003,0.0,0.0,0.0,0.0,22.96,0.55,0.0
20230112:2103,0.0,0.0,0.0,0.0,22.95,0.28,0.0
20230112:2203,0.0,0.0,0.0,0.0,22.43,0.76,0.0
20230112:2303,0.0,0.0,0.0,0.0,21.51,0.97,0.0
20230113:0003,0.0,0.0,0.0,0.0,21.45,0.97,0.0
20230113:0103,0.0,0.0,0.0,0.0,21.51,1.03,0.0
20230113:0203,0.0,0.0,0.0,0.0,21.42,1.1,0.0
20230113:0303,0.0,0.0,0.0,0.0,20.9,1.17,0.0
20230113:0403,1.97,48.05,1.67,10.32,21.49,0.97,0.0
20230113:0503,283.88,109.36,10.75,23.11,24.02,1.45,0.0
20230113:0603,231.89,216.83,15.11,36.21,25.81,1.59,0.0
20230113:0703,149.88,329.15,17.16,49.47,27.39,2.14,0.0
20230113:0803,376.26,259.45,25.45,62.76,28.93,2.48,0.0
20230113:0903,583.51,125.2,31.28,75.72,30.67,2.83,0.0
20230113:1003,545.46,167.47,31.34,84.02,32.15,2.9,0.0
20230113:1103,551.61,148.51,30.55,74.52,33.27,2.9,0.0
20230113:1203,529.02,131.26,27.74,61.49,33.51,2.83,0.0
20230113:1303,461.67,128.64,22.85,48.19,34.03,3.24,0.0
20230113:1403,352.63,136.25,16.43,34.93,33.44,3.72,0.0
20230113:1503,219.12,127.85,9.37,21.86,32.29,4.14,0.0
20230113:1603,19.65,54.91,2.02,9.11,30.04,4.34,0.0
20230113:1703,0.0,0.0,0.0,0.0,27.52,3.93,0.0
20230113:1803,0.0,0.0,0.0,0.0,25.85,3.52,0.0
20230113:1903,0.0,0.0,0.0,0.0,25.12,2.83,0.0
20230113:2003,0.0,0.0,0.0,0.0,24.5,2.34,0.0
20230113:2103,0.0,0.0,0.0,0.0,23.97,2.21,0.0
20230113:2203,0.0,0.0,0.0,0.0,23.69,1.86,0.0
20230113:2303,0.0,0.0,0.0,0.0,23.49,1.93,0.0
20230114:0003,0.0,0.0,0.0,0.0,23.61,1.79,0.0
20230114:0103,0.0,0.0,0.0,0.0,23.85,2.14,0.0
20230114:0203,0.0,0.0,0.0,0.0,23.79,2.0,0.0
20230114:0303,0.0,0.0,0.0,0.0,23.71,2.0,0.0
20230114:0403,136.63,75.67,3.84,10.17,23.74,1.93,0.0
20230114:0503,279.19,109.15,10.63,22.97,24.84,2.48,0.0
20230114:0603,386.03,121.11,17.43,36.07,26.67,2.62,0.0
20230114:0703,371.03,201.87,21.85,49.34,28.46,2.55,0.0
20230114:0803,405.7,233.43,25.95,62.63,30.53,2.69,0.0
20230114:0903,540.69,156.65,30.49,75.57,32.41,2.83,0.0
20230114:1003,541.7,167.29,31.25,83.86,33.93,2.9,0.0
20230114:1103,547.69,148.34,30.46,74.52,35.0,2.76,0.0
20230114:1203,487.44,162.43,27.06,61.51,35.61,2.62,0.0
20230114:1303,386.81,183.06,21.7,48.21,35.57,2.97,0.0
20230114:1403,379.63,117.44,16.84,34.96,34.71,3.66,0.0
20230114:1503,265.89,106.1,9.93,21.88,32.7,4.55,0.0
20230114:1603,132.31,67.15,3.34,9.11,29.91,4.55,0.0
20230114:1703,0.0,0.0,0.0,0.0,27.39,3.79,0.0
20230114:1803,0.0,0.0,0.0,0.0,25.92,3.1,0.0
20230114:1903,0.0,0.0,0.0,0.0,25.21,2.62,0.0
20230114:2003,0.0,0.0,0.0,0.0,24.64,2.0,0.0
20230114:2103,0.0,0.0,0.0,0.0,24.32,2.07,0.0
20230114:2203,0.0,0.0,0.0,0.0,24.13,1.93,0.0
20230114:2303,0.0,0.0,0.0,0.0,23.81,1.59,0.0
20230115:0003,0.0,0.0,0.0,0.0,24.09,1.72,0.0
20230115:0103,0.0,0.0,0.0,0.0,24.14,1.66,0.0
20230115:0203,0.0,0.0,0.0,0.0,24.24,1.59,0.0
20230115:0303,0.0,0.0,0.0,0.0,23.93,1.52,0.0
20230115:0403,61.74,73.7,3.02,10.02,24.1,1.79,0.0
20230115:0503,223.67,132.22,9.9,22.83,25.37,2.21,0.0
20230115:0603,305.29,170.19,16.2,35.93,26.95,2.28,0.0
20230115:0703,454.03,135.48,23.11,49.2,28.54,2.34,0.0
20230115:0803,401.69,233.22,25.83,62.49,30.0,2.41,0.0
20230115:0903,432.46,245.54,28.59,75.41,31.57,2.55,0.0
20230115:1003,479.37,217.43,30.14,83.68,33.15,2.62,0.0
20230115:1103,563.49,131.94,30.72,74.51,34.42,2.48,0.0
20230115:1203,535.47,121.28,27.88,61.53,35.08,2.34,0.0
20230115:1303,460.49,125.41,22.87,48.24,35.31,2.48,0.0
20230115:1403,376.01,118.06,16.81,34.98,34.86,2.9,0.0
20230115:1503,258.78,107.56,9.84,21.89,33.49,3.79,0.0
20230115:1603,120.69,67.67,3.25,9.11,30.85,4.28,0.0
20230115:1703,0.0,0.0,0.0,0.0,28.01,3.79,0.0
20230115:1803,0.0,0.0,0.0,0.0,26.19,3.45,0.0
20230115:1903,0.0,0.0,0.0,0.0,25.41,2.69,0.0
20230115:2003,0.0,0.0,0.0,0.0,24.8,2.21,0.0
20230115:2103,0.0,0.0,0.0,0.0,24.49,2.07,0.0
20230115:2203,0.0,0.0,0.0,0.0,24.24,1.38,0.0
20230115:2303,0.0,0.0,0.0,0.0,23.81,0.83,0.0
20230116:0003,0.0,0.0,0.0,0.0,23.81,0.48,0.0
20230116:0103,0.0,0.0,0.0,0.0,23.82,0.28,0.0
20230116:0203,0.0,0.0,0.0,0.0,23.67,0.41,0.0
20230116:0303,0.0,0.0,0.0,0.0,23.46,0.62,0.0
20230116:0403,102.15,76.33,3.46,9.86,23.96,0.76,0.0
20230116:0503,268.6,110.71,10.43,22.68,25.07,1.03,0.0
20230116:0603,238.2,208.5,15.14,35.79,26.46,0.97,0.0
20230116:0703,354.96,211.14,21.62,49.07,27.53,1.03,0.0
20230116:0803,356.61,269.23,25.1,62.35,29.32,1.1,0.0
20230116:0903,471.52,214.08,29.44,75.25,31.07,1.17,0.0
20230116:1003,562.19,147.75,31.75,83.5,32.87,1.31,0.0
20230116:1103,496.45,190.72,29.76,74.5,34.08,1.79,0.0
20230116:1203,506.65,144.25,27.5,61.55,34.74,2.48,0.0
20230116:1303,363.79,199.28,21.47,48.26,34.57,3.31,0.0
20230116:1403,336.39,143.54,16.31,34.99,33.6,4.07,0.0
20230116:1503,248.39,113.97,9.81,21.89,31.69,4.62,0.0
20230116:1603,42.83,63.21,2.46,9.1,29.33,4.48,0.0
20230116:1703,0.0,0.0,0.0,0.0,27.07,3.66,0.0
20230116:1803,0.0,0.0,0.0,0.0,25.68,2.97,0.0
20230116:1903,0.0,0.0,0.0,0.0,25.05,2.97,0.0
20230116:2003,0.0,0.0,0.0,0.0,24.75,2.48,0.0
20230116:2103,0.0,0.0,0.0,0.0,24.54,2.21,0.0
20230116:2203,0.0,0.0,0.0,0.0,24.31,1.79,0.0
20230116:2303,0.0,0.0,0.0,0.0,24.25,1.72,0.0
20230117:0003,0.0,0.0,0.0,0.0,23.7,1.59,0.0
20230117:0103,0.0,0.0,0.0,0.0,23.28,1.59,0.0
20230117:0203,0.0,0.0,0.0,0.0,23.05,1.66,0.0
20230117:0303,0.0,0.0,0.0,0.0,22.76,1.66,0.0
20230117:0403,98.7,73.77,3.34,9.71,23.01,1.66,0.0
20230117:0503,95.82,164.57,7.82,22.54,24.87,2.41,0.0
20230117:0603,339.66,145.36,16.69,35.65,27.02,2.62,0.0
20230117:0703,459.44,127.86,23.23,48.93,29.0,2.34,0.0
20230117:0803,496.36,153.19,27.53,62.21,31.09,2.34,0.0
20230117:0903,579.76,119.21,31.31,75.09,32.81,2.48,0.0
20230117:1003,593.11,118.93,32.31,83.31,34.41,2.76,0.0
20230117:1103,562.17,130.42,30.84,74.48,35.2,2.97,0.0
20230117:1203,511.72,136.24,27.56,61.56,35.53,3.1,0.0
20230117:1303,325.41,223.01,20.77,48.27,35.49,3.45,0.0
20230117:1403,153.14,236.31,13.12,35.0,34.45,4.21,0.0
20230117:1503,166.78,144.21,8.76,21.89,32.23,5.17,0.0
20230117:1603,142.6,66.09,3.46,9.08,29.96,4.97,0.0
20230117:1703,0.0,0.0,0.0,0.0,28.07,3.79,0.0
20230117:1803,0.0,0.0,0.0,0.0,26.91,3.03,0.0
20230117:1903,0.0,0.0,0.0,0.0,26.32,3.03,0.0
20230117:2003,0.0,0.0,0.0,0.0,25.59,2.83,0.0
20230117:2103,0.0,0.0,0.0,0.0,25.0,2.69,0.0
20230117:2203,0.0,0.0,0.0,0.0,24.56,2.62,0.0
20230117:2303,0.0,0.0,0.0,0.0,24.37,2.07,0.0
20230118:0003,0.0,0.0,0.0,0.0,24.43,2.07,0.0
20230118:0103,0.0,0.0,0.0,0.0,24.7,2.97,0.0
20230118:0203,0.0,0.0,0.0,0.0,24.72,2.55,0.0
20230118:0303,0.0,0.0,0.0,0.0,24.76,2.48,0.0
20230118:0403,2.03,39.5,1.38,9.55,24.87,2.55,0.0
20230118:0503,23.64,146.29,5.56,22.39,25.83,3.31,0.0
20230118:0603,115.02,248.3,12.33,35.51,27.71,3.59,0.0
20230118:0703,415.72,153.66,22.35,48.79,30.18,3.79,0.0
20230118:0803,330.29,277.84,24.34,62.07,32.49,4.28,0.0
20230118:0903,404.3,258.12,27.94,74.92,34.54,4.48,0.0
20230118:1003,431.54,247.49,29.17,83.12,35.67,4.62,0.0
20230118:1103,207.41,395.46,23.29,74.45,36.74,4.69,0.0
20230118:1203,412.66,210.7,25.75,61.56,37.19,4.83,0.0
20230118:1303,317.37,222.71,20.5,48.28,37.2,4.83,0.0
20230118:1403,282.24,169.74,15.41,35.0,36.37,4.9,0.0
20230118:1503,235.53,113.73,9.58,21.89,34.8,5.03,0.0
20230118:1603,107.9,66.63,3.13,9.06,32.58,4.83,0.0
20230118:1703,0.0,0.0,0.0,0.0,30.16,4.34,0.0
20230118:1803,0.0,0.0,0.0,0.0,28.49,4.14,0.0
20230118:1903,0.0,0.0,0.0,0.0,27.57,3.59,0.0
20230118:2003,0.0,0.0,0.0,0.0,26.76,3.45,0.0
20230118:2103,0.0,0.0,0.0,0.0,26.17,3.24,0.0
20230118:2203,0.0,0.0,0.0,0.0,25.76,3.03,0.0
20230118:2303,0.0,0.0,0.0,0.0,25.43,2.83,0.0
20230119:0003,0.0,0.0,0.0,0.0,25.13,2.76,0.0
20230119:0103,0.0,0.0,0.0,0.0,24.88,2.76,0.0
20230119:0203,0.0,0.0,0.0,0.0,24.64,2.83,0.0
20230119:0303,0.0,0.0,0.0,0.0,24.49,2.83,0.0
20230119:0403,61.11,69.35,2.84,9.39,24.9,2.55,0.0
20230119:0503,250.82,110.77,10.02,22.24,26.56,3.66,0.0
20230119:0603,369.99,117.39,16.99,35.37,28.91,4.07,0.0
20230119:0703,470.8,112.4,23.34,48.66,31.44,4.41,0.0
20230119:0803,525.16,120.12,27.88,61.93,34.18,4.55,0.0
20230119:0903,566.36,119.89,30.93,74.75,36.4,4.55,0.0
20230119:1003,579.59,120.39,31.95,82.91,38.13,4.34,0.0
20230119:1103,540.42,138.66,30.34,74.41,39.23,4.21,0.0
20230119:1203,507.7,130.71,27.41,61.56,39.53,4.07,0.0
20230119:1303,418.17,146.56,22.23,48.28,39.64,4.21,0.0
20230119:1403,359.64,119.56,16.61,35.0,38.61,4.69,0.0
20230119:1503,240.54,110.77,9.67,21.88,36.41,5.17,0.0
20230119:1603,128.29,65.12,3.31,9.04,33.88,4.83,0.0
20230119:1703,0.0,0.0,0.0,0.0,31.73,4.07,0.0
20230119:1803,0.0,0.0,0.0,0.0,30.19,3.45,0.0
20230119:1903,0.0,0.0,0.0,0.0,28.66,3.38,0.0
20230119:2003,0.0,0.0,0.0,0.0,27.74,3.03,0.0
20230119:2103,0.0,0.0,0.0,0.0,26.97,2.69,0.0
20230119:2203,0.0,0.0,0.0,0.0,26.4,2.21,0.0
20230119:2303,0.0,0.0,0.0,0.0,25.94,1.72,0.0
20230120:0003,0.0,0.0,0.0,0.0,25.38,1.45,0.0
20230120:0103,0.0,0.0,0.0,0.0,24.74,1.17,0.0
20230120:0203,0.0,0.0,0.0,0.0,24.17,0.97,0.0
20230120:0303,0.0,0.0,0.0,0.0,23.87,0.9,0.0
20230120:0403,6.15,48.8,1.73,9.24,23.9,0.83,0.0
20230120:0503,2.14,109.36,3.81,22.09,26.04,1.17,0.0
20230120:0603,2.45,178.36,6.21,35.23,28.11,1.31,0.0
20230120:0703,14.12,286.13,10.4,48.52,31.19,1.79,0.0
20230120:0803,281.35,311.67,23.4,61.79,33.35,1.93,0.0
20230120:0903,430.31,235.02,28.59,74.58,35.31,2.07,0.0
20230120:1003,440.83,238.5,29.52,82.7,36.86,2.34,0.0
20230120:1103,288.68,345.53,25.57,74.36,37.89,2.55,0.0
20230120:1203,342.93,264.76,24.6,61.56,38.3,3.1,0.0
20230120:1303,419.52,146.09,22.38,48.28,38.02,3.86,0.0
20230120:1403,283.09,169.07,15.55,35.0,36.47,4.83,0.0
20230120:1503,246.52,107.84,9.78,21.86,34.05,5.03,0.0
20230120:1603,135.91,65.05,3.4,9.01,31.26,4.21,0.0
20230120:1703,0.0,0.0,0.0,0.0,28.8,2.97,0.0
20230120:1803,0.0,0.0,0.0,0.0,27.14,2.14,0.0
20230120:1903,0.0,0.0,0.0,0.0,26.26,1.59,0.0
20230120:2003,0.0,0.0,0.0,0.0,25.29,1.03,0.0
20230120:2103,0.0,0.0,0.0,0.0,24.51,0.76,0.0
20230120:2203,0.0,0.0,0.0,0.0,24.29,0.76,0.0
20230120:2303,0.0,0.0,0.0,0.0,24.18,0.55,0.0
20230121:0003,0.0,0.0,0.0,0.0,24.04,0.48,0.0
20230121:0103,0.0,0.0,0.0,0.0,24.07,0.48,0.0
20230121:0203,0.0,0.0,0.0,0.0,23.64,0.62,0.0
20230121:0303,0.0,0.0,0.0,0.0,23.49,0.76,0.0
20230121:0403,84.45,70.18,3.05,9.08,23.19,0.76,0.0
20230121:0503,235.61,116.99,9.84,21.95,25.33,1.1,0.0
20230121:0603,373.55,115.05,17.16,35.09,27.6,1.24,0.0
20230121:0703,468.93,113.44,23.49,48.38,29.58,1.38,0.0
20230121:0803,529.76,118.26,28.26,61.65,31.8,1.38,0.0
20230121:0903,563.97,123.04,31.19,74.41,33.8,1.59,0.0
20230121:1003,585.55,116.84,32.39,82.48,35.39,1.93,0.0
20230121:1103,555.39,128.22,30.96,74.31,36.48,2.34,0.0
20230121:1203,513.79,127.9,27.85,61.54,37.01,2.83,0.0
20230121:1303,439.78,132.22,22.87,48.28,36.82,3.45,0.0
20230121:1403,347.28,128.95,16.64,34.99,35.82,4.0,0.0
20230121:1503,250.24,106.81,9.9,21.84,33.85,4.48,0.0
20230121:1603,112.27,66.22,3.19,8.98,31.07,4.34,0.0
20230121:1703,0.0,0.0,0.0,0.0,28.27,3.66,0.0
20230121:1803,0.0,0.0,0.0,0.0,26.45,2.97,0.0
20230121:1903,0.0,0.0,0.0,0.0,25.54,2.34,0.0
20230121:2003,0.0,0.0,0.0,0.0,24.89,1.79,0.0
20230121:2103,0.0,0.0,0.0,0.0,24.42,1.72,0.0
20230121:2203,0.0,0.0,0.0,0.0,24.06,1.66,0.0
20230121:2303,0.0,0.0,0.0,0.0,23.6,1.66,0.0
20230122:0003,0.0,0.0,0.0,0.0,23.71,1.86,0.0
20230122:0103,0.0,0.0,0.0,0.0,23.53,1.72,0.0
20230122:0203,0.0,0.0,0.0,0.0,23.39,1.79,0.0
20230122:0303,0.0,0.0,0.0,0.0,23.27,1.72,0.0
20230122:0403,118.06,67.29,3.28,8.92,23.24,1.79,0.0
20230122:0503,246.59,109.48,9.93,21.8,24.91,2.21,0.0
20230122:0603,370.32,114.8,17.1,34.95,26.93,2.21,0.0
20230122:0703,465.41,113.18,23.43,48.24,29.3,2.21,0.0
20230122:0803,519.61,122.32,28.06,61.5,31.72,2.14,0.0
20230122:0903,560.79,122.74,31.16,74.23,33.87,2.14,0.0
20230122:1003,582.85,116.52,32.39,82.26,35.63,2.28,0.0
20230122:1103,552.72,127.88,30.96,74.25,36.79,2.48,0.0
20230122:1203,511.18,127.55,27.85,61.52,37.3,2.97,0.0
20230122:1303,413.55,150.49,22.49,48.26,36.95,3.66,0.0
20230122:1403,313.63,149.51,16.17,34.97,35.61,4.21,0.0
20230122:1503,283.62,92.68,10.43,21.82,33.31,4.62,0.0
20230122:1603,64.1,65.41,2.72,8.94,30.51,4.28,0.0
20230122:1703,0.0,0.0,0.0,0.0,27.97,3.45,0.0
20230122:1803,0.0,0.0,0.0,0.0,26.32,2.9,0.0
20230122:1903,0.0,0.0,0.0,0.0,25.42,2.41,0.0
20230122:2003,0.0,0.0,0.0,0.0,24.78,1.66,0.0
20230122:2103,0.0,0.0,0.0,0.0,24.29,1.17,0.0
20230122:2203,0.0,0.0,0.0,0.0,23.72,0.97,0.0
20230122:2303,0.0,0.0,0.0,0.0,23.69,0.69,0.0
20230123:0003,0.0,0.0,0.0,0.0,23.75,0.55,0.0
20230123:0103,0.0,0.0,0.0,0.0,23.7,0.62,0.0
20230123:0203,0.0,0.0,0.0,0.0,23.91,0.76,0.0
20230123:0303,0.0,0.0,0.0,0.0,23.49,0.76,0.0
20230123:0403,79.14,66.47,2.87,8.76,23.95,0.76,0.0
20230123:0503,223.52,116.18,9.55,21.65,24.96,0.76,0.0
20230123:0603,330.81,132.9,16.31,34.81,26.63,0.34,0.0
20230123:0703,367.78,179.71,21.62,48.11,28.62,0.07,0.0
20230123:0803,474.12,150.78,27.06,61.36,30.81,0.69,0.0
20230123:0903,548.91,123.71,30.75,74.05,32.78,1.24,0.0
20230123:1003,570.94,117.5,31.98,82.02,34.37,1.86,0.0
20230123:1103,532.13,136.4,30.4,74.18,35.36,2.76,0.0
20230123:1203,366.61,239.5,25.13,61.5,35.47,3.59,0.0
20230123:1303,411.2,145.0,22.32,48.25,34.73,4.07,0.0
20230123:1403,86.75,246.71,11.42,34.95,33.28,4.48,0.0
20230123:1503,93.9,155.1,7.53,21.79,30.64,4.55,0.0
20230123:1603,63.75,64.32,2.69,8.89,28.5,4.07,0.0
20230123:1703,0.0,0.0,0.0,0.0,26.97,3.52,0.0
20230123:1803,0.0,0.0,0.0,0.0,25.86,2.9,0.0
20230123:1903,0.0,0.0,0.0,0.0,25.08,2.28,0.0
20230123:2003,0.0,0.0,0.0,0.0,24.59,1.38,0.0
20230123:2103,0.0,0.0,0.0,0.0,24.25,1.31,0.0
20230123:2203,0.0,0.0,0.0,0.0,23.92,1.38,0.0
20230123:2303,0.0,0.0,0.0,0.0,23.53,1.45,0.0
20230124:0003,0.0,0.0,0.0,0.0,23.45,1.38,0.0
20230124:0103,0.0,0.0,0.0,0.0,23.25,1.45,0.0
20230124:0203,0.0,0.0,0.0,0.0,23.22,1.24,0.0
20230124:0303,0.0,0.0,0.0,0.0,22.86,1.31,0.0
20230124:0403,108.89,65.31,3.1,8.6,22.95,1.17,0.0
20230124:0503,241.73,106.08,9.75,21.5,25.27,1.72,0.0
20230124:0603,355.68,116.15,16.75,34.67,27.24,2.0,0.0
20230124:0703,442.91,120.72,22.93,47.97,29.59,2.48,0.0
20230124:0803,508.89,122.72,27.82,61.21,31.86,2.55,0.0
20230124:0903,550.53,122.34,30.93,73.87,33.92,2.55,0.0
20230124:1003,564.5,122.75,32.01,81.79,35.62,2.48,0.0
20230124:1103,542.9,128.21,30.78,74.1,36.79,2.48,0.0
20230124:1203,484.04,142.42,27.39,61.46,37.28,2.76,0.0
20230124:1303,421.25,136.55,22.58,48.22,37.02,3.45,0.0
20230124:1403,343.99,123.27,16.61,34.93,35.91,4.48,0.0
20230124:1503,236.77,108.44,9.75,21.75,33.64,5.24,0.0
20230124:1603,100.23,64.31,3.05,8.84,30.84,5.03,0.0
20230124:1703,0.0,0.0,0.0,0.0,28.37,4.07,0.0
20230124:1803,0.0,0.0,0.0,0.0,26.95,3.45,0.0
20230124:1903,0.0,0.0,0.0,0.0,25.94,2.69,0.0
20230124:2003,0.0,0.0,0.0,0.0,25.35,1.72,0.0
20230124:2103,0.0,0.0,0.0,0.0,25.03,1.52,0.0
20230124:2203,0.0,0.0,0.0,0.0,24.65,0.76,0.0
20230124:2303,0.0,0.0,0.0,0.0,24.8,0.21,0.0
20230125:0003,0.0,0.0,0.0,0.0,24.55,1.38,0.0
20230125:0103,0.0,0.0,0.0,0.0,24.39,1.52,0.0
20230125:0203,0.0,0.0,0.0,0.0,24.54,1.66,0.0
20230125:0303,0.0,0.0,0.0,0.0,24.47,2.48,0.0
20230125:0403,42.11,59.69,2.34,8.44,23.98,4.62,0.0
20230125:0503,0.0,90.39,3.1,21.35,23.96,5.72,0.0
20230125:0603,17.54,217.74,8.08,34.53,24.67,5.59,0.0
20230125:0703,226.19,268.44,18.72,47.83,25.32,5.52,0.0
20230125:0803,393.73,207.2,25.48,61.06,26.4,6.62,0.0
20230125:0903,460.54,188.14,29.0,73.68,28.25,6.62,0.0
20230125:1003,438.23,221.16,29.38,81.54,29.72,6.55,0.0
20230125:1103,152.99,412.37,21.62,74.01,30.11,6.55,0.0
20230125:1203,88.91,387.91,17.43,61.42,30.29,6.28,0.0
20230125:1303,341.72,189.67,21.06,48.2,27.77,6.62,0.0
20230125:1403,294.15,148.25,15.67,34.9,26.22,6.83,0.0
20230125:1503,188.28,125.0,9.02,21.71,25.23,6.0,0.0
20230125:1603,97.68,62.77,2.99,8.79,23.99,5.24,0.0
20230125:1703,0.0,0.0,0.0,0.0,23.1,4.76,0.0
20230125:1803,0.0,0.0,0.0,0.0,22.42,4.0,0.0
20230125:1903,0.0,0.0,0.0,0.0,22.17,3.79,0.0
20230125:2003,0.0,0.0,0.0,0.0,21.85,3.31,0.0
20230125:2103,0.0,0.0,0.0,0.0,21.49,3.1,0.0
20230125:2203,0.0,0.0,0.0,0.0,21.45,2.97,0.0
20230125:2303,0.0,0.0,0.0,0.0,21.45,3.1,0.0
20230126:0003,0.0,0.0,0.0,0.0,21.53,3.38,0.0
20230126:0103,0.0,0.0,0.0,0.0,21.43,3.72,0.0
20230126:0203,0.0,0.0,0.0,0.0,21.38,3.52,0.0
20230126:0303,0.0,0.0,0.0,0.0,21.35,3.31,0.0
20230126:0403,16.93,50.12,1.85,8.28,21.39,3.17,0.0
20230126:0503,0.0,36.67,1.26,21.2,21.69,2.83,0.0
20230126:0603,22.99,223.22,8.46,34.39,22.82,3.38,0.0
20230126:0703,229.78,264.6,18.8,47.69,23.87,3.86,0.0
20230126:0803,271.44,300.01,22.99,60.91,25.43,3.86,0.0
20230126:0903,359.84,272.02,27.06,73.5,26.64,3.86,0.0
20230126:1003,418.57,235.59,29.03,81.29,27.7,3.93,0.0
20230126:1103,360.11,271.95,27.09,73.91,28.36,4.07,0.0
20230126:1203,346.65,243.76,24.66,61.38,29.04,4.07,0.0
20230126:1303,241.22,258.21,19.13,48.16,29.08,4.21,0.0
20230126:1403,315.8,131.63,16.02,34.86,28.92,4.28,0.0
20230126:1503,175.56,128.71,8.85,21.67,28.25,4.14,0.0
20230126:1603,58.72,62.44,2.61,8.73,27.0,3.86,0.0
20230126:1703,0.0,0.0,0.0,0.0,25.59,2.97,0.0
20230126:1803,0.0,0.0,0.0,0.0,24.57,2.21,0.0
20230126:1903,0.0,0.0,0.0,0.0,23.69,1.59,0.0
20230126:2003,0.0,0.0,0.0,0.0,23.14,1.31,0.0
20230126:2103,0.0,0.0,0.0,0.0,22.32,1.38,0.0
20230126:2203,0.0,0.0,0.0,0.0,21.6,1.38,0.0
20230126:2303,0.0,0.0,0.0,0.0,21.42,1.24,0.0
20230127:0003,0.0,0.0,0.0,0.0,21.04,1.24,0.0
20230127:0103,0.0,0.0,0.0,0.0,20.8,1.24,0.0
20230127:0203,0.0,0.0,0.0,0.0,20.62,1.24,0.0
20230127:0303,0.0,0.0,0.0,0.0,20.37,1.24,0.0
20230127:0403,0.0,17.91,0.62,8.12,20.77,0.97,0.0
20230127:0503,26.07,139.67,5.42,21.05,23.31,1.52,0.0
20230127:0603,12.62,207.98,7.59,34.24,24.85,2.0,0.0
20230127:0703,0.68,214.05,7.38,47.55,26.12,1.79,0.0
20230127:0803,22.03,353.84,13.18,60.76,27.22,2.0,0.0
20230127:0903,247.46,356.61,24.49,73.31,27.87,2.41,0.0
20230127:1003,434.18,219.34,29.38,81.03,29.16,2.69,0.0
20230127:1103,254.42,352.01,24.69,73.81,29.87,2.9,0.0
20230127:1203,264.28,304.68,22.93,61.33,30.15,3.31,0.0
20230127:1303,223.4,269.13,18.8,48.12,29.67,3.59,0.0
20230127:1403,161.89,220.85,13.36,34.82,29.5,3.52,0.0
20230127:1503,245.0,97.05,9.81,21.62,28.91,3.45,0.0
20230127:1603,84.62,62.95,2.87,8.67,27.58,3.38,0.0
20230127:1703,0.0,0.0,0.0,0.0,25.94,2.83,0.0
20230127:1803,0.0,0.0,0.0,0.0,24.71,2.07,0.0
20230127:1903,0.0,0.0,0.0,0.0,24.09,1.66,0.0
20230127:2003,0.0,0.0,0.0,0.0,23.33,1.24,0.0
20230127:2103,0.0,0.0,0.0,0.0,22.36,1.17,0.0
20230127:2203,0.0,0.0,0.0,0.0,21.97,1.1,0.0
20230127:2303,0.0,0.0,0.0,0.0,21.52,1.17,0.0
20230128:0003,0.0,0.0,0.0,0.0,21.33,1.1,0.0
20230128:0103,0.0,0.0,0.0,0.0,21.56,0.97,0.0
20230128:0203,0.0,0.0,0.0,0.0,21.34,0.97,0.0
20230128:0303,0.0,0.0,0.0,0.0,21.28,0.97,0.0
20230128:0403,85.56,59.14,2.67,7.95,21.32,0.9,0.0
20230128:0503,230.39,100.16,9.4,20.9,23.95,0.83,0.0
20230128:0603,338.72,113.19,16.34,34.1,26.05,0.9,0.0
20230128:0703,426.61,117.03,22.55,47.41,28.05,0.9,0.0
20230128:0803,487.49,121.78,27.33,60.61,30.11,1.31,0.0
20230128:0903,528.81,122.24,30.46,73.11,31.96,1.52,0.0
20230128:1003,543.13,121.87,31.54,80.77,33.47,1.66,0.0
20230128:1103,522.13,128.02,30.37,73.69,34.52,1.72,0.0
20230128:1203,482.33,126.73,27.33,61.27,35.05,2.0,0.0
20230128:1303,423.68,120.25,22.64,48.08,35.02,2.69,0.0
20230128:1403,341.69,112.67,16.58,34.77,34.21,3.38,0.0
20230128:1503,221.79,106.72,9.52,21.56,32.55,3.86,0.0
20230128:1603,90.23,61.75,2.9,8.6,30.13,3.72,0.0
20230128:1703,0.0,0.0,0.0,0.0,27.72,2.9,0.0
20230128:1803,0.0,0.0,0.0,0.0,26.14,2.28,0.0
20230128:1903,0.0,0.0,0.0,0.0,25.48,1.72,0.0
20230128:2003,0.0,0.0,0.0,0.0,24.91,1.31,0.0
20230128:2103,0.0,0.0,0.0,0.0,24.35,1.86,0.0
20230128:2203,0.0,0.0,0.0,0.0,23.96,2.21,0.0
20230128:2303,0.0,0.0,0.0,0.0,23.83,2.21,0.0
20230129:0003,0.0,0.0,0.0,0.0,23.92,2.62,0.0
20230129:0103,0.0,0.0,0.0,0.0,23.95,3.72,0.0
20230129:0203,0.0,0.0,0.0,0.0,23.88,4.55,0.0
20230129:0303,0.0,0.0,0.0,0.0,23.76,4.69,0.0
20230129:0403,70.95,57.91,2.49,7.79,23.91,4.07,0.0
20230129:0503,0.0,28.14,0.97,20.75,24.56,5.38,0.0
20230129:0603,0.0,87.83,3.02,33.96,25.75,7.03,0.0
20230129:0703,5.39,249.09,8.79,47.27,25.27,5.72,0.0
20230129:0803,36.09,366.44,14.29,60.46,25.85,5.59,0.0
20230129:0903,0.0,175.66,6.03,72.92,27.13,5.86,0.0
20230129:1003,10.01,365.59,13.06,80.5,28.43,6.55,0.0
20230129:1103,4.77,329.07,11.54,73.57,28.28,6.34,0.0
20230129:1203,0.0,146.67,5.04,61.2,27.78,6.41,0.0
20230129:1303,0.0,74.19,2.55,48.03,26.33,6.07,0.0
20230129:1403,5.4,187.87,6.65,34.72,25.83,5.93,0.0
20230129:1503,3.03,107.72,3.78,21.5,24.52,5.86,0.0
20230129:1603,0.0,23.88,0.82,8.52,23.27,5.52,0.0
20230129:1703,0.0,0.0,0.0,0.0,22.26,4.69,0.0
20230129:1803,0.0,0.0,0.0,0.0,21.82,4.41,0.0
20230129:1903,0.0,0.0,0.0,0.0,21.52,3.93,0.0
20230129:2003,0.0,0.0,0.0,0.0,21.39,3.86,0.0
20230129:2103,0.0,0.0,0.0,0.0,21.2,3.72,0.0
20230129:2203,0.0,0.0,0.0,0.0,20.99,3.59,0.0
20230129:2303,0.0,0.0,0.0,0.0,20.72,3.1,0.0
20230130:0003,0.0,0.0,0.0,0.0,20.58,3.1,0.0
20230130:0103,0.0,0.0,0.0,0.0,20.41,3.03,0.0
20230130:0203,0.0,0.0,0.0,0.0,20.29,2.83,0.0
20230130:0303,0.0,0.0,0.0,0.0,20.25,2.48,0.0
20230130:0403,0.0,9.38,0.32,7.63,20.29,2.34,0.0
20230130:0503,0.0,23.88,0.82,20.6,20.74,2.48,0.0
20230130:0603,0.0,104.89,3.6,33.82,21.35,2.34,0.0
20230130:0703,378.58,142.1,21.53,47.12,23.09,2.48,0.0
20230130:0803,194.81,339.62,21.0,60.31,24.32,1.93,0.0
20230130:0903,15.43,373.16,13.59,72.72,25.11,1.45,0.0
20230130:1003,0.0,130.47,4.48,80.23,25.48,1.52,0.0
20230130:1103,0.0,130.47,4.48,73.43,25.41,1.93,0.0
20230130:1203,0.0,239.62,8.23,61.13,25.25,2.34,0.0
20230130:1303,0.0,125.35,4.31,47.97,25.07,2.55,0.0
20230130:1403,22.19,222.95,8.46,34.66,24.81,2.76,0.0
20230130:1503,0.0,62.25,2.14,21.44,24.47,2.97,0.0
20230130:1603,0.0,32.4,1.11,8.44,23.89,3.03,0.0
20230130:1703,0.0,0.0,0.0,0.0,23.05,2.41,0.0
20230130:1803,0.0,0.0,0.0,0.0,22.39,2.07,0.0
20230130:1903,0.0,0.0,0.0,0.0,22.5,1.93,0.0
20230130:2003,0.0,0.0,0.0,0.0,22.45,1.59,0.0
20230130:2103,0.0,0.0,0.0,0.0,22.42,1.17,0.0
20230130:2203,0.0,0.0,0.0,0.0,22.44,0.83,0.0
20230130:2303,0.0,0.0,0.0,0.0,22.44,0.34,0.0
20230131:0003,0.0,0.0,0.0,0.0,22.51,0.28,0.0
20230131:0103,0.0,0.0,0.0,0.0,22.49,0.48,0.0
20230131:0203,0.0,0.0,0.0,0.0,22.38,0.41,0.0
20230131:0303,0.0,0.0,0.0,0.0,22.35,0.28,0.0
20230131:0403,0.0,6.82,0.23,7.47,22.1,0.48,0.0
20230131:0503,0.0,52.02,1.79,20.46,22.92,0.97,0.0
20230131:0603,0.77,150.11,5.18,33.68,24.78,2.41,0.0
20230131:0703,17.31,282.53,10.46,46.98,26.6,1.24,0.0
20230131:0803,77.45,378.48,16.72,60.15,28.61,1.45,0.0
20230131:0903,342.06,267.48,26.59,72.52,30.06,1.66,0.0
20230131:1003,192.62,394.32,23.49,79.95,31.19,1.79,0.0
20230131:1103,0.0,265.2,9.11,73.29,31.9,2.21,0.0
20230131:1203,133.47,369.56,19.16,61.05,32.2,2.97,0.0
20230131:1303,60.15,317.19,13.53,47.9,29.8,3.79,0.0
20230131:1403,0.0,147.52,5.07,34.6,27.38,4.07,0.0
20230131:1503,0.0,91.24,3.13,21.37,27.23,3.72,0.0
20230131:1603,7.91,43.07,1.55,8.36,26.17,2.97,0.0
20230131:1703,0.0,0.0,0.0,0.0,25.12,3.03,0.0
20230131:1803,0.0,0.0,0.0,0.0,24.51,2.97,0.0
20230131:1903,0.0,0.0,0.0,0.0,24.58,2.97,0.0
20230131:2003,0.0,0.0,0.0,0.0,24.32,3.52,0.0
20230131:2103,0.0,0.0,0.0,0.0,24.13,3.1,0.0
20230131:2203,0.0,0.0,0.0,0.0,23.93,3.1,0.0
20230131:2303,0.0,0.0,0.0,0.0,23.52,3.03,0.0
20230201:0003,0.0,0.0,0.0,0.0,23.19,2.69,0.0
20230201:0103,0.0,0.0,0.0,0.0,22.79,2.55,0.0
20230201:0203,0.0,0.0,0.0,0.0,22.58,2.69,0.0
20230201:0303,0.0,0.0,0.0,0.0,22.41,2.76,0.0
20230201:0403,0.0,5.97,0.21,7.31,22.27,3.03,0.0
20230201:0503,0.0,51.16,1.76,20.31,22.36,3.03,0.0
20230201:0603,0.0,55.43,1.9,33.54,22.92,3.86,0.0
20230201:0703,0.0,172.25,5.92,46.84,23.09,4.0,0.0
20230201:0803,9.16,316.26,11.31,59.99,23.68,4.62,0.0
20230201:0903,228.0,352.48,23.78,72.31,25.05,4.69,0.0
20230201:1003,14.46,379.03,13.77,79.67,25.88,4.69,0.0
20230201:1103,0.0,202.1,6.94,73.14,26.9,4.9,0.0
20230201:1203,46.83,373.63,15.11,60.96,27.27,4.9,0.0
20230201:1303,0.0,108.3,3.72,47.84,27.04,4.83,0.0
20230201:1403,0.0,41.78,1.44,34.53,26.58,4.48,0.0
20230201:1503,8.87,122.83,4.45,21.29,25.87,4.41,0.0
20230201:1603,0.0,13.64,0.47,8.27,25.24,3.66,0.0
20230201:1703,0.0,0.0,0.0,0.0,24.4,2.83,0.0
20230201:1803,0.0,0.0,0.0,0.0,23.86,2.55,0.0
20230201:1903,0.0,0.0,0.0,0.0,23.19,2.55,0.0
20230201:2003,0.0,0.0,0.0,0.0,22.94,2.76,0.0
20230201:2103,0.0,0.0,0.0,0.0,22.81,2.55,0.0
20230201:2203,0.0,0.0,0.0,0.0,22.8,2.55,0.0
20230201:2303,0.0,0.0,0.0,0.0,22.65,2.41,0.0
20230202:0003,0.0,0.0,0.0,0.0,22.67,2.41,0.0
20230202:0103,0.0,0.0,0.0,0.0,22.72,2.62,0.0
20230202:0203,0.0,0.0,0.0,0.0,22.68,2.62,0.0
20230202:0303,0.0,0.0,0.0,0.0,22.8,2.34,0.0
20230202:0403,0.0,9.38,0.32,7.15,22.95,2.28,0.0
20230202:0503,31.28,135.01,5.42,20.16,23.7,3.17,0.0
20230202:0603,15.94,207.19,7.7,33.39,25.27,4.07,0.0
20230202:0703,165.54,282.99,17.08,46.7,26.67,3.66,0.0
20230202:0803,98.3,374.23,17.66,59.84,27.61,3.1,0.0
20230202:0903,0.0,187.6,6.44,72.1,28.7,2.83,0.0
20230202:1003,2.3,317.16,11.01,79.38,30.34,2.28,0.0
20230202:1103,399.3,211.74,27.91,72.98,31.04,2.28,0.0
20230202:1203,428.88,146.61,26.21,60.87,31.15,2.83,0.0
20230202:1303,167.44,286.82,17.37,47.76,28.47,2.83,0.0
20230202:1403,0.0,41.78,1.44,34.46,26.49,2.48,0.0
20230202:1503,0.0,24.73,0.85,21.21,26.13,2.21,0.0
20230202:1603,0.0,10.23,0.35,8.18,24.95,1.31,0.0
20230202:1703,0.0,0.0,0.0,0.0,24.35,0.69,0.0
20230202:1803,0.0,0.0,0.0,0.0,24.25,0.41,0.0
20230202:1903,0.0,0.0,0.0,0.0,24.48,1.24,0.0
20230202:2003,0.0,0.0,0.0,0.0,24.18,1.45,0.0
20230202:2103,0.0,0.0,0.0,0.0,23.85,1.31,0.0
20230202:2203,0.0,0.0,0.0,0.0,23.77,1.52,0.0
20230202:2303,0.0,0.0,0.0,0.0,23.61,1.31,0.0
20230203:0003,0.0,0.0,0.0,0.0,23.49,1.31,0.0
20230203:0103,0.0,0.0,0.0,0.0,23.2,1.17,0.0
20230203:0203,0.0,0.0,0.0,0.0,23.13,1.17,0.0
20230203:0303,0.0,0.0,0.0,0.0,22.94,1.24,0.0
20230203:0403,17.63,41.68,1.55,6.99,22.94,0.97,0.0
20230203:0503,0.0,45.2,1.55,20.01,23.59,1.03,0.0
20230203:0603,0.0,88.69,3.05,33.25,24.84,1.79,0.0
20230203:0703,7.83,257.6,9.2,46.56,26.36,2.21,0.0
20230203:0803,81.36,374.39,16.87,59.68,27.16,2.14,0.0
20230203:0903,25.46,388.02,14.64,71.89,27.99,2.28,0.0
20230203:1003,0.0,253.26,8.7,79.08,28.99,2.62,0.0
20230203:1103,133.37,405.77,20.88,72.81,29.15,2.76,0.0
20230203:1203,0.0,177.37,6.09,60.77,29.36,2.9,0.0
20230203:1303,0.0,132.18,4.54,47.68,27.83,2.83,0.0
20230203:1403,0.0,68.22,2.34,34.38,25.03,3.66,0.0
20230203:1503,0.0,23.88,0.82,21.12,23.75,2.69,0.0
20230203:1603,0.0,10.23,0.35,8.08,23.33,0.9,0.0
20230203:1703,0.0,0.0,0.0,0.0,23.31,0.34,0.0
20230203:1803,0.0,0.0,0.0,0.0,23.19,0.97,0.0
20230203:1903,0.0,0.0,0.0,0.0,23.31,1.03,0.0
20230203:2003,0.0,0.0,0.0,0.0,23.34,1.1,0.0
20230203:2103,0.0,0.0,0.0,0.0,23.0,1.38,0.0
20230203:2203,0.0,0.0,0.0,0.0,22.8,1.38,0.0
20230203:2303,0.0,0.0,0.0,0.0,22.41,1.45,0.0
20230204:0003,0.0,0.0,0.0,0.0,22.28,1.31,0.0
20230204:0103,0.0,0.0,0.0,0.0,22.12,1.45,0.0
20230204:0203,0.0,0.0,0.0,0.0,21.94,1.59,0.0
20230204:0303,0.0,0.0,0.0,0.0,21.67,1.72,0.0
20230204:0403,13.28,39.11,1.44,6.83,21.58,1.66,0.0
20230204:0503,167.26,111.56,8.29,19.86,22.37,2.83,0.0
20230204:0603,332.77,93.67,16.17,33.11,23.8,2.62,0.0
20230204:0703,257.74,221.28,19.33,46.41,25.33,2.83,0.0
20230204:0803,202.3,325.94,21.29,59.52,26.24,2.97,0.0
20230204:0903,74.14,419.18,18.28,71.68,27.18,3.03,0.0
20230204:1003,310.23,301.31,26.89,78.79,27.98,2.97,0.0
20230204:1103,282.13,311.37,25.54,72.64,28.53,3.17,0.0
20230204:1203,381.18,186.6,25.57,60.66,28.42,3.52,0.0
20230204:1303,334.35,166.5,21.15,47.59,27.69,3.45,0.0
20230204:1403,214.73,177.51,14.47,34.29,27.33,3.79,0.0
20230204:1503,115.28,137.25,7.85,21.03,26.71,3.86,0.0
20230204:1603,83.67,54.7,2.67,7.97,25.68,3.17,0.0
20230204:1703,0.0,0.0,0.0,0.0,24.57,2.28,0.0
20230204:1803,0.0,0.0,0.0,0.0,23.89,1.72,0.0
20230204:1903,0.0,0.0,0.0,0.0,23.12,1.52,0.0
20230204:2003,0.0,0.0,0.0,0.0,22.49,1.31,0.0
20230204:2103,0.0,0.0,0.0,0.0,21.96,1.17,0.0
20230204:2203,0.0,0.0,0.0,0.0,21.54,1.17,0.0
20230204:2303,0.0,0.0,0.0,0.0,21.2,1.03,0.0
20230205:0003,0.0,0.0,0.0,0.0,20.91,1.17,0.0
20230205:0103,0.0,0.0,0.0,0.0,20.43,1.24,0.0
20230205:0203,0.0,0.0,0.0,0.0,20.68,1.1,0.0
20230205:0303,0.0,0.0,0.0,0.0,20.6,1.1,0.0
20230205:0403,24.46,42.23,1.61,6.67,20.67,1.1,0.0
20230205:0503,14.83,124.41,4.66,19.71,22.36,1.1,0.0
20230205:0603,270.81,131.99,15.08,32.97,23.8,1.66,0.0
20230205:0703,29.57,298.6,11.6,46.27,25.62,1.38,0.0
20230205:0803,446.89,121.62,26.62,59.36,26.33,1.45,0.0
20230205:0903,307.06,288.39,26.16,71.46,27.23,1.79,0.0
20230205:1003,360.49,255.95,28.15,78.48,27.67,2.21,0.0
20230205:1103,343.95,257.79,27.09,72.45,28.54,2.48,0.0
20230205:1203,303.31,252.83,24.08,60.54,29.16,2.69,0.0
20230205:1303,102.51,314.5,15.52,47.5,29.06,2.97,0.0
20230205:1403,70.73,237.6,10.9,34.2,28.58,3.17,0.0
20230205:1503,126.63,132.45,8.05,20.94,27.72,3.17,0.0
20230205:1603,81.42,54.5,2.64,7.86,26.53,2.69,0.0
20230205:1703,0.0,0.0,0.0,0.0,25.02,2.34,0.0
20230205:1803,0.0,0.0,0.0,0.0,24.04,1.93,0.0
20230205:1903,0.0,0.0,0.0,0.0,23.39,1.86,0.0
20230205:2003,0.0,0.0,0.0,0.0,22.9,1.72,0.0
20230205:2103,0.0,0.0,0.0,0.0,22.58,1.66,0.0
20230205:2203,0.0,0.0,0.0,0.0,22.24,1.59,0.0
20230205:2303,0.0,0.0,0.0,0.0,21.86,1.38,0.0
20230206:0003,0.0,0.0,0.0,0.0,21.39,1.52,0.0
20230206:0103,0.0,0.0,0.0,0.0,21.17,1.79,0.0
20230206:0203,0.0,0.0,0.0,0.0,21.25,1.86,0.0
20230206:0303,0.0,0.0,0.0,0.0,21.07,1.86,0.0
20230206:0403,8.93,33.93,1.23,6.51,21.32,1.93,0.0
20230206:0503,185.37,96.76,8.44,19.57,22.47,2.55,0.0
20230206:0603,197.96,174.87,13.71,32.83,24.14,4.14,0.0
20230206:0703,0.0,0.0,0.0,0.0,25.73,3.72,0.0
20230206:0803,274.91,264.92,23.08,59.19,26.96,4.14,0.0
20230206:0903,75.37,416.14,18.31,71.24,27.71,4.41,0.0
20230206:1003,10.07,366.26,13.12,78.18,28.42,4.41,0.0
20230206:1103,222.2,350.57,23.93,72.26,28.89,4.34,0.0
20230206:1203,0.0,156.9,5.39,60.42,28.52,4.41,0.0
20230206:1303,113.06,307.27,15.82,47.4,28.18,4.83,0.0
20230206:1403,0.0,136.44,4.69,34.11,27.28,4.97,0.0
20230206:1503,144.34,122.32,8.29,20.83,26.62,4.62,0.0
20230206:1603,63.75,53.88,2.43,7.75,25.85,3.93,0.0
20230206:1703,0.0,0.0,0.0,0.0,24.9,3.1,0.0
20230206:1803,0.0,0.0,0.0,0.0,24.13,2.55,0.0
20230206:1903,0.0,0.0,0.0,0.0,23.88,2.21,0.0
20230206:2003,0.0,0.0,0.0,0.0,23.49,2.14,0.0
20230206:2103,0.0,0.0,0.0,0.0,22.91,1.66,0.0
20230206:2203,0.0,0.0,0.0,0.0,22.5,1.52,0.0
20230206:2303,0.0,0.0,0.0,0.0,22.24,1.24,0.0
20230207:0003,0.0,0.0,0.0,0.0,22.1,1.03,0.0
20230207:0103,0.0,0.0,0.0,0.0,21.94,1.03,0.0
20230207:0203,0.0,0.0,0.0,0.0,21.81,1.03,0.0
20230207:0303,0.0,0.0,0.0,0.0,21.58,0.97,0.0
20230207:0403,31.4,41.9,1.64,6.35,21.46,0.9,0.0
20230207:0503,192.64,91.07,8.52,19.42,22.93,0.83,0.0
20230207:0603,165.65,189.94,13.0,32.69,24.34,1.03,0.0
20230207:0703,284.09,187.3,19.74,45.98,25.26,1.1,0.0
20230207:0803,300.95,237.04,23.58,59.03,26.7,1.45,0.0
20230207:0903,336.45,248.03,26.59,71.02,28.07,1.72,0.0
20230207:1003,369.29,232.82,28.12,77.86,28.85,2.0,0.0
20230207:1103,80.26,415.59,18.6,72.06,29.32,2.55,0.0
20230207:1203,28.54,357.28,13.74,60.29,29.62,3.03,0.0
20230207:1303,40.09,307.66,12.45,47.29,29.57,3.1,0.0
20230207:1403,4.3,183.48,6.47,34.01,29.12,3.31,0.0
20230207:1503,37.39,140.29,5.86,20.73,28.09,3.31,0.0
20230207:1603,55.83,51.58,2.28,7.63,26.9,2.76,0.0
20230207:1703,0.0,0.0,0.0,0.0,25.78,2.28,0.0
20230207:1803,0.0,0.0,0.0,0.0,25.05,1.79,0.0
20230207:1903,0.0,0.0,0.0,0.0,24.71,1.31,0.0
20230207:2003,0.0,0.0,0.0,0.0,24.1,0.62,0.0
20230207:2103,0.0,0.0,0.0,0.0,24.39,0.34,0.0
20230207:2203,0.0,0.0,0.0,0.0,24.18,0.34,0.0
20230207:2303,0.0,0.0,0.0,0.0,23.38,0.69,0.0
20230208:0003,0.0,0.0,0.0,0.0,22.73,1.24,0.0
20230208:0103,0.0,0.0,0.0,0.0,22.75,0.69,0.0
20230208:0203,0.0,0.0,0.0,0.0,22.75,0.34,0.0
20230208:0303,0.0,0.0,0.0,0.0,22.64,0.34,0.0
20230208:0403,0.0,5.12,0.18,6.19,22.4,0.55,0.0
20230208:0503,0.0,81.86,2.81,19.28,23.29,0.41,0.0
20230208:0603,0.0,108.3,3.72,32.55,24.76,0.28,0.0
20230208:0703,0.0,167.99,5.77,45.84,24.82,0.69,0.0
20230208:0803,0.0,153.49,5.27,58.86,25.74,0.83,0.0
20230208:0903,0.0,127.06,4.36,70.79,26.68,1.17,0.0
20230208:1003,0.0,103.18,3.54,77.55,26.25,1.79,0.0
20230208:1103,0.0,146.67,5.04,71.84,27.25,2.62,0.0
20230208:1203,0.0,116.83,4.01,60.15,25.95,2.34,0.0
20230208:1303,0.0,191.87,6.59,47.18,26.18,2.34,0.0
20230208:1403,18.46,212.96,8.05,33.9,26.24,2.07,0.0
20230208:1503,9.26,120.21,4.39,20.62,26.08,2.34,0.0
20230208:1603,5.76,37.57,1.35,7.51,25.67,2.41,0.0
20230208:1703,0.0,0.0,0.0,0.0,24.67,2.14,0.0
20230208:1803,0.0,0.0,0.0,0.0,23.41,1.52,0.0
20230208:1903,0.0,0.0,0.0,0.0,23.41,1.45,0.0
20230208:2003,0.0,0.0,0.0,0.0,22.89,1.17,0.0
20230208:2103,0.0,0.0,0.0,0.0,22.87,1.1,0.0
20230208:2203,0.0,0.0,0.0,0.0,22.65,1.03,0.0
20230208:2303,0.0,0.0,0.0,0.0,22.51,0.76,0.0
20230209:0003,0.0,0.0,0.0,0.0,22.6,0.97,0.0
20230209:0103,0.0,0.0,0.0,0.0,22.49,1.17,0.0
20230209:0203,0.0,0.0,0.0,0.0,22.35,1.38,0.0
20230209:0303,0.0,0.0,0.0,0.0,22.21,1.31,0.0
20230209:0403,0.0,5.12,0.18,6.03,22.28,1.1,0.0
20230209:0503,0.0,21.32,0.73,19.13,22.26,1.24,0.0
20230209:0603,0.0,39.23,1.35,32.41,22.35,1.17,0.0
20230209:0703,0.0,85.27,2.93,45.69,22.14,1.03,0.0
20230209:0803,0.0,121.09,4.16,58.7,22.05,1.24,0.0
20230209:0903,0.0,126.21,4.33,70.56,22.33,1.52,0.0
20230209:1003,0.0,128.76,4.42,77.23,22.53,1.45,0.0
20230209:1103,0.0,116.83,4.01,71.63,22.78,1.59,0.0
20230209:1203,0.0,225.12,7.73,60.0,23.14,1.86,0.0
20230209:1303,3.08,236.19,8.26,47.06,23.2,1.93,0.0
20230209:1403,0.7,145.83,5.04,33.79,23.2,2.21,0.0
20230209:1503,0.0,48.61,1.67,20.5,23.11,2.28,0.0
20230209:1603,7.65,37.89,1.38,7.38,22.98,2.34,0.0
20230209:1703,0.0,0.0,0.0,0.0,22.79,2.28,0.0
20230209:1803,0.0,0.0,0.0,0.0,22.61,2.48,0.0
20230209:1903,0.0,0.0,0.0,0.0,22.81,2.34,0.0
20230209:2003,0.0,0.0,0.0,0.0,22.57,2.28,0.0
20230209:2103,0.0,0.0,0.0,0.0,22.36,2.21,0.0
20230209:2203,0.0,0.0,0.0,0.0,22.13,1.86,0.0
20230209:2303,0.0,0.0,0.0,0.0,21.9,1.79,0.0
20230210:0003,0.0,0.0,0.0,0.0,21.78,2.21,0.0
20230210:0103,0.0,0.0,0.0,0.0,21.67,2.48,0.0
20230210:0203,0.0,0.0,0.0,0.0,21.5,2.9,0.0
20230210:0303,0.0,0.0,0.0,0.0,21.31,2.97,0.0
20230210:0403,0.0,18.76,0.64,5.88,21.1,2.97,0.0
20230210:0503,0.0,21.32,0.73,18.99,21.07,2.83,0.0
20230210:0603,0.0,52.02,1.79,32.27,21.16,2.55,0.0
20230210:0703,0.0,83.57,2.87,45.55,21.67,3.38,0.0
20230210:0803,0.0,225.12,7.73,58.53,21.91,3.17,0.0
20230210:0903,0.55,265.18,9.14,70.33,23.35,4.14,0.0
20230210:1003,0.0,140.7,4.83,76.91,23.86,4.41,0.0
20230210:1103,0.0,185.05,6.36,71.4,23.98,4.48,0.0
20230210:1203,0.0,169.7,5.83,59.85,23.86,4.62,0.0
20230210:1303,0.61,209.77,7.23,46.93,23.37,4.62,0.0
20230210:1403,29.25,220.87,8.79,33.67,23.05,4.83,0.0
20230210:1503,23.59,130.96,5.18,20.38,22.96,5.38,0.0
20230210:1603,3.81,31.22,1.11,7.24,22.7,4.97,0.0
20230210:1703,0.0,0.0,0.0,0.0,22.23,4.34,0.0
20230210:1803,0.0,0.0,0.0,0.0,21.97,4.14,0.0
20230210:1903,0.0,0.0,0.0,0.0,21.71,4.41,0.0
20230210:2003,0.0,0.0,0.0,0.0,21.62,4.28,0.0
20230210:2103,0.0,0.0,0.0,0.0,21.5,4.07,0.0
20230210:2203,0.0,0.0,0.0,0.0,21.33,4.07,0.0
20230210:2303,0.0,0.0,0.0,0.0,21.3,4.14,0.0
20230211:0003,0.0,0.0,0.0,0.0,21.28,4.28,0.0
20230211:0103,0.0,0.0,0.0,0.0,21.19,4.34,0.0
20230211:0203,0.0,0.0,0.0,0.0,20.78,4.0,0.0
20230211:0303,0.0,0.0,0.0,0.0,20.65,4.0,0.0
20230211:0403,9.11,28.16,1.05,5.72,20.64,4.07,0.0
20230211:0503,15.95,115.8,4.42,18.84,20.67,4.14,0.0
20230211:0603,0.0,127.91,4.39,32.13,20.83,4.14,0.0
20230211:0703,0.0,81.86,2.81,45.4,20.94,4.41,0.0
20230211:0803,0.0,67.37,2.31,58.36,21.26,4.55,0.0
20230211:0903,0.0,113.41,3.9,70.09,21.3,4.55,0.0
20230211:1003,0.0,86.98,2.99,76.58,21.35,4.14,0.0
20230211:1103,0.0,104.03,3.57,71.17,21.52,3.59,0.0
20230211:1203,0.0,123.65,4.25,59.69,21.58,2.97,0.0
20230211:1303,0.0,87.83,3.02,46.8,21.98,2.34,0.0
20230211:1403,0.0,74.19,2.55,33.54,22.29,2.0,0.0
20230211:1503,0.0,41.78,1.44,20.25,22.57,1.86,0.0
20230211:1603,0.0,23.02,0.79,7.1,22.74,1.1,0.0
20230211:1703,0.0,0.0,0.0,0.0,22.73,0.97,0.0
20230211:1803,0.0,0.0,0.0,0.0,22.79,1.24,0.0
20230211:1903,0.0,0.0,0.0,0.0,22.04,0.14,0.0
20230211:2003,0.0,0.0,0.0,0.0,21.96,0.41,0.0
20230211:2103,0.0,0.0,0.0,0.0,21.99,0.83,0.0
20230211:2203,0.0,0.0,0.0,0.0,22.16,1.1,0.0
20230211:2303,0.0,0.0,0.0,0.0,22.21,1.24,0.0
20230212:0003,0.0,0.0,0.0,0.0,22.18,1.17,0.0
20230212:0103,0.0,0.0,0.0,0.0,22.08,0.97,0.0
20230212:0203,0.0,0.0,0.0,0.0,22.03,0.76,0.0
20230212:0303,0.0,0.0,0.0,0.0,22.0,0.83,0.0
20230212:0403,6.85,27.06,1.0,5.57,22.05,1.24,0.0
20230212:0503,0.93,86.19,2.99,18.7,22.77,1.72,0.0
20230212:0603,8.35,185.27,6.71,31.99,23.49,2.07,0.0
20230212:0703,7.87,250.6,8.99,45.25,24.52,2.41,0.0
20230212:0803,146.15,335.54,19.39,58.19,25.35,2.28,0.0
20230212:0903,408.5,152.25,28.0,69.86,26.6,2.55,0.0
20230212:1003,238.31,327.29,24.87,76.25,27.47,2.69,0.0
20230212:1103,310.34,249.94,26.07,70.92,28.77,3.24,0.0
20230212:1203,100.62,362.4,17.9,59.53,28.71,3.45,0.0
20230212:1303,5.4,247.21,8.76,46.66,28.49,3.03,0.0
20230212:1403,0.0,40.08,1.38,33.41,28.88,2.76,0.0
20230212:1503,0.0,32.4,1.11,20.12,28.17,3.03,0.0
20230212:1603,0.0,9.38,0.32,6.96,26.71,2.97,0.0
20230212:1703,0.0,0.0,0.0,0.0,25.62,2.62,0.0
20230212:1803,0.0,0.0,0.0,0.0,25.17,2.48,0.0
20230212:1903,0.0,0.0,0.0,0.0,24.58,2.07,0.0
20230212:2003,0.0,0.0,0.0,0.0,24.15,1.72,0.0
20230212:2103,0.0,0.0,0.0,0.0,23.83,1.72,0.0
20230212:2203,0.0,0.0,0.0,0.0,23.61,1.24,0.0
20230212:2303,0.0,0.0,0.0,0.0,23.55,1.45,0.0
20230213:0003,0.0,0.0,0.0,0.0,23.31,1.59,0.0
20230213:0103,0.0,0.0,0.0,0.0,23.1,1.17,0.0
20230213:0203,0.0,0.0,0.0,0.0,23.1,0.83,0.0
20230213:0303,0.0,0.0,0.0,0.0,22.92,0.69,0.0
20230213:0403,0.0,4.26,0.15,5.41,22.77,0.62,0.0
20230213:0503,0.0,52.02,1.79,18.56,23.7,0.62,0.0
20230213:0603,16.54,200.82,7.59,31.85,25.09,1.66,0.0
20230213:0703,184.81,242.27,17.52,45.11,26.95,2.34,0.0
20230213:0803,190.0,306.2,20.85,58.01,28.05,2.21,0.0
20230213:0903,259.15,293.27,24.81,69.61,28.95,2.28,0.0
20230213:1003,466.88,110.93,30.29,75.91,29.81,2.34,0.0
20230213:1103,418.55,143.69,28.53,70.67,30.09,2.69,0.0
20230213:1203,260.44,253.79,22.96,59.35,29.98,2.9,0.0
20230213:1303,32.66,297.7,11.86,46.52,30.14,3.1,0.0
20230213:1403,254.06,116.88,15.05,33.28,29.51,3.45,0.0
20230213:1503,0.0,22.17,0.76,19.98,28.41,3.17,0.0
20230213:1603,3.78,31.24,1.11,6.81,27.16,2.41,0.0
20230213:1703,0.0,0.0,0.0,0.0,25.89,1.59,0.0
20230213:1803,0.0,0.0,0.0,0.0,25.37,0.69,0.0
20230213:1903,0.0,0.0,0.0,0.0,24.5,0.62,0.0
20230213:2003,0.0,0.0,0.0,0.0,24.62,0.28,0.0
20230213:2103,0.0,0.0,0.0,0.0,24.04,0.62,0.0
20230213:2203,0.0,0.0,0.0,0.0,23.91,0.55,0.0
20230213:2303,0.0,0.0,0.0,0.0,23.85,0.48,0.0
20230214:0003,0.0,0.0,0.0,0.0,23.65,0.41,0.0
20230214:0103,0.0,0.0,0.0,0.0,23.38,0.41,0.0
20230214:0203,0.0,0.0,0.0,0.0,23.19,0.48,0.0
20230214:0303,0.0,0.0,0.0,0.0,23.02,0.48,0.0
20230214:0403,0.0,17.91,0.62,5.26,22.42,0.69,0.0
20230214:0503,156.27,89.89,7.82,18.41,23.7,0.9,0.0
20230214:0603,265.18,100.56,14.88,31.71,24.86,1.1,0.0
20230214:0703,235.9,202.27,18.83,44.96,26.51,0.69,0.0
20230214:0803,336.84,177.91,24.54,57.84,27.53,0.9,0.0
20230214:0903,342.58,214.98,26.98,69.37,28.39,1.03,0.0
20230214:1003,280.09,289.91,26.27,75.57,28.95,1.1,0.0
20230214:1103,373.06,187.95,27.8,70.42,29.35,1.45,0.0
20230214:1203,121.37,355.19,18.92,59.17,29.82,1.86,0.0
20230214:1303,256.44,192.38,19.68,46.37,29.63,2.41,0.0
20230214:1403,134.38,198.98,12.68,33.14,29.04,2.97,0.0
20230214:1503,59.98,133.81,6.44,19.84,28.13,3.1,0.0
20230214:1603,7.55,33.58,1.23,6.66,26.99,2.69,0.0
20230214:1703,0.0,0.0,0.0,0.0,25.8,2.34,0.0
20230214:1803,0.0,0.0,0.0,0.0,25.12,2.0,0.0
20230214:1903,0.0,0.0,0.0,0.0,24.69,1.79,0.0
20230214:2003,0.0,0.0,0.0,0.0,24.42,1.79,0.0
20230214:2103,0.0,0.0,0.0,0.0,24.07,1.72,0.0
20230214:2203,0.0,0.0,0.0,0.0,23.76,1.72,0.0
20230214:2303,0.0,0.0,0.0,0.0,23.41,1.52,0.0
20230215:0003,0.0,0.0,0.0,0.0,23.27,1.45,0.0
20230215:0103,0.0,0.0,0.0,0.0,22.77,1.45,0.0
20230215:0203,0.0,0.0,0.0,0.0,22.43,1.45,0.0
20230215:0303,0.0,0.0,0.0,0.0,22.14,1.45,0.0
20230215:0403,0.0,8.53,0.29,5.11,22.01,1.38,0.0
20230215:0503,0.0,56.28,1.93,18.27,24.13,1.45,0.0
20230215:0603,13.48,195.53,7.29,31.57,25.5,2.07,0.0
20230215:0703,298.25,141.42,20.03,44.81,27.07,3.03,0.0
20230215:0803,322.8,182.92,24.13,57.66,28.28,3.17,0.0
20230215:0903,355.93,193.3,27.15,69.12,28.93,3.1,0.0
20230215:1003,437.11,127.02,29.67,75.23,29.92,3.1,0.0
20230215:1103,432.42,119.97,28.88,70.15,30.67,2.97,0.0
20230215:1203,395.08,118.39,25.89,58.98,30.94,3.1,0.0
20230215:1303,298.18,148.35,20.44,46.21,31.06,3.31,0.0
20230215:1403,272.46,97.38,15.49,32.99,30.49,3.38,0.0
20230215:1503,165.83,88.3,8.44,19.69,29.85,2.97,0.0
20230215:1603,20.73,39.45,1.55,6.5,28.62,2.55,0.0
20230215:1703,0.0,0.0,0.0,0.0,27.21,2.34,0.0
20230215:1803,0.0,0.0,0.0,0.0,26.22,2.48,0.0
20230215:1903,0.0,0.0,0.0,0.0,25.41,2.48,0.0
20230215:2003,0.0,0.0,0.0,0.0,24.85,2.48,0.0
20230215:2103,0.0,0.0,0.0,0.0,24.5,2.34,0.0
20230215:2203,0.0,0.0,0.0,0.0,24.12,1.93,0.0
20230215:2303,0.0,0.0,0.0,0.0,24.15,2.07,0.0
20230216:0003,0.0,0.0,0.0,0.0,23.93,2.07,0.0
20230216:0103,0.0,0.0,0.0,0.0,23.88,1.79,0.0
20230216:0203,0.0,0.0,0.0,0.0,23.63,1.66,0.0
20230216:0303,0.0,0.0,0.0,0.0,23.41,1.31,0.0
20230216:0403,18.48,28.0,1.14,4.96,23.16,1.31,0.0
20230216:0503,131.29,94.84,7.32,18.13,24.34,2.07,0.0
20230216:0603,179.96,152.75,13.15,31.43,25.77,2.97,0.0
20230216:0703,189.23,229.21,17.63,44.67,26.52,1.93,0.0
20230216:0803,144.16,329.27,19.42,57.49,28.0,1.86,0.0
20230216:0903,392.99,149.22,27.88,68.87,29.03,1.52,0.0
20230216:1003,406.42,151.04,29.03,74.89,29.92,1.24,0.0
20230216:1103,113.14,392.4,20.15,69.88,30.27,1.1,0.0
20230216:1203,0.0,136.44,4.69,58.79,30.45,1.1,0.0
20230216:1303,0.0,55.43,1.9,46.05,29.42,2.07,0.0
20230216:1403,0.0,62.25,2.14,32.84,26.9,3.1,0.0
20230216:1503,26.32,127.44,5.21,19.54,25.64,3.38,0.0
20230216:1603,0.0,11.09,0.38,6.34,24.9,3.1,0.0
20230216:1703,0.0,0.0,0.0,0.0,23.7,1.86,0.0
20230216:1803,0.0,0.0,0.0,0.0,23.35,1.79,0.0
20230216:1903,0.0,0.0,0.0,0.0,23.37,1.86,0.0
20230216:2003,0.0,0.0,0.0,0.0,23.42,1.66,0.0
20230216:2103,0.0,0.0,0.0,0.0,23.24,1.31,0.0
20230216:2203,0.0,0.0,0.0,0.0,23.13,1.45,0.0
20230216:2303,0.0,0.0,0.0,0.0,22.92,1.38,0.0
20230217:0003,0.0,0.0,0.0,0.0,22.73,1.31,0.0
20230217:0103,0.0,0.0,0.0,0.0,22.56,1.24,0.0
20230217:0203,0.0,0.0,0.0,0.0,22.58,1.45,0.0
20230217:0303,0.0,0.0,0.0,0.0,22.56,1.72,0.0
20230217:0403,2.31,18.04,0.64,4.81,22.55,1.72,0.0
20230217:0503,6.13,99.37,3.6,17.99,22.72,1.59,0.0
20230217:0603,38.2,209.38,8.87,31.3,23.28,1.66,0.0
20230217:0703,99.67,281.83,14.88,44.52,23.0,1.79,0.0
20230217:0803,201.81,281.75,21.15,57.31,23.29,2.14,0.0
20230217:0903,51.26,398.29,16.72,68.62,23.85,2.55,0.0
20230217:1003,2.05,306.01,10.63,74.54,23.89,2.48,0.0
20230217:1103,60.96,401.65,17.43,69.61,24.56,2.76,0.0
20230217:1203,0.0,220.86,7.59,58.59,24.8,3.1,0.0
20230217:1303,0.0,106.59,3.66,45.89,25.3,3.38,0.0
20230217:1403,0.0,132.18,4.54,32.69,24.79,3.31,0.0
20230217:1503,0.0,28.14,0.97,19.38,24.37,3.1,0.0
20230217:1603,0.0,12.79,0.44,6.18,23.72,3.03,0.0
20230217:1703,0.0,0.0,0.0,0.0,23.15,2.62,0.0
20230217:1803,0.0,0.0,0.0,0.0,22.88,2.21,0.0
20230217:1903,0.0,0.0,0.0,0.0,22.4,2.28,0.0
20230217:2003,0.0,0.0,0.0,0.0,22.23,2.0,0.0
20230217:2103,0.0,0.0,0.0,0.0,22.04,1.79,0.0
20230217:2203,0.0,0.0,0.0,0.0,21.97,1.45,0.0
20230217:2303,0.0,0.0,0.0,0.0,21.95,1.31,0.0
20230218:0003,0.0,0.0,0.0,0.0,21.94,1.24,0.0
20230218:0103,0.0,0.0,0.0,0.0,21.91,1.1,0.0
20230218:0203,0.0,0.0,0.0,0.0,21.89,0.97,0.0
20230218:0303,0.0,0.0,0.0,0.0,21.83,0.83,0.0
20230218:0403,0.0,5.97,0.21,4.66,21.9,0.9,0.0
20230218:0503,0.0,37.52,1.29,17.85,22.42,0.69,0.0
20230218:0603,183.49,142.11,13.18,31.16,23.22,0.41,0.0
20230218:0703,222.26,193.47,18.39,44.37,24.13,1.24,0.0
20230218:0803,266.25,220.05,22.82,57.13,25.2,1.31,0.0
20230218:0903,14.88,358.72,13.21,68.36,25.87,1.17,0.0
20230218:1003,16.23,376.43,13.91,74.19,26.7,1.1,0.0
20230218:1103,87.01,398.12,18.92,69.32,27.05,0.9,0.0
20230218:1203,0.0,162.87,5.59,58.38,27.64,1.1,0.0
20230218:1303,256.32,170.48,19.54,45.71,26.81,1.72,0.0
20230218:1403,0.0,68.22,2.34,32.53,26.41,2.14,0.0
20230218:1503,0.0,47.75,1.64,19.22,25.65,1.93,0.0
20230218:1603,0.0,17.91,0.62,6.01,25.07,1.45,0.0
20230218:1703,0.0,0.0,0.0,0.0,24.63,1.24,0.0
20230218:1803,0.0,0.0,0.0,0.0,24.39,1.17,0.0
20230218:1903,0.0,0.0,0.0,0.0,23.76,1.52,0.0
20230218:2003,0.0,0.0,0.0,0.0,23.37,1.59,0.0
20230218:2103,0.0,0.0,0.0,0.0,23.03,1.72,0.0
20230218:2203,0.0,0.0,0.0,0.0,22.66,1.59,0.0
20230218:2303,0.0,0.0,0.0,0.0,22.38,1.52,0.0
20230219:0003,0.0,0.0,0.0,0.0,22.19,1.24,0.0
20230219:0103,0.0,0.0,0.0,0.0,22.15,1.17,0.0
20230219:0203,0.0,0.0,0.0,0.0,22.04,1.1,0.0
20230219:0303,0.0,0.0,0.0,0.0,22.05,0.97,0.0
20230219:0403,0.0,3.41,0.12,4.51,21.89,0.76,0.0
20230219:0503,0.0,23.88,0.82,17.72,22.88,0.41,0.0
20230219:0603,46.26,208.23,9.26,31.02,24.1,0.07,0.0
20230219:0703,71.57,288.33,13.74,44.22,24.49,0.0,0.0
20230219:0803,77.33,353.96,16.67,56.94,26.44,0.97,0.0
20230219:0903,157.5,355.68,21.79,68.1,27.36,1.59,0.0
20230219:1003,171.81,361.24,22.99,73.84,28.19,1.93,0.0
20230219:1103,25.35,381.55,14.64,69.03,28.62,1.72,0.0
20230219:1203,70.68,360.31,16.52,58.17,28.65,2.14,0.0
20230219:1303,289.85,134.51,20.24,45.53,28.69,2.48,0.0
20230219:1403,117.42,192.62,12.1,32.36,28.52,3.1,0.0
20230219:1503,70.3,121.35,6.53,19.05,27.57,3.31,0.0
20230219:1603,18.74,33.84,1.35,5.83,26.7,2.62,0.0
20230219:1703,0.0,0.0,0.0,0.0,25.8,2.07,0.0
20230219:1803,0.0,0.0,0.0,0.0,25.25,2.0,0.0
20230219:1903,0.0,0.0,0.0,0.0,25.02,2.14,0.0
20230219:2003,0.0,0.0,0.0,0.0,24.74,2.0,0.0
20230219:2103,0.0,0.0,0.0,0.0,24.54,2.07,0.0
20230219:2203,0.0,0.0,0.0,0.0,24.25,2.14,0.0
20230219:2303,0.0,0.0,0.0,0.0,24.14,2.34,0.0
20230220:0003,0.0,0.0,0.0,0.0,24.16,2.34,0.0
20230220:0103,0.0,0.0,0.0,0.0,23.83,2.14,0.0
20230220:0203,0.0,0.0,0.0,0.0,23.56,2.21,0.0
20230220:0303,0.0,0.0,0.0,0.0,23.45,2.41,0.0
20230220:0403,27.89,23.95,1.11,4.36,23.46,2.76,0.0
20230220:0503,138.59,80.94,7.41,17.58,24.56,3.1,0.0
20230220:0603,106.55,188.67,11.42,30.88,26.38,3.93,0.0
20230220:0703,123.69,263.89,15.79,44.07,28.26,4.41,0.0
20230220:0803,369.63,111.59,25.25,56.76,29.94,4.69,0.0
20230220:0903,426.63,97.96,28.91,67.84,31.05,4.9,0.0
20230220:1003,418.45,117.53,29.47,73.48,32.3,5.24,0.0
20230220:1103,399.66,123.37,28.32,68.74,33.09,5.38,0.0
20230220:1203,259.11,225.86,23.05,57.95,33.49,5.45,0.0
20230220:1303,212.64,202.81,18.63,45.35,33.55,5.31,0.0
20230220:1403,0.0,64.81,2.23,32.19,33.22,5.17,0.0
20230220:1503,42.75,124.78,5.74,18.88,32.39,4.07,0.0
20230220:1603,0.0,18.76,0.64,5.65,31.21,3.93,0.0
20230220:1703,0.0,0.0,0.0,0.0,30.23,4.28,0.0
20230220:1803,0.0,0.0,0.0,0.0,29.51,4.34,0.0
20230220:1903,0.0,0.0,0.0,0.0,28.96,3.93,0.0
20230220:2003,0.0,0.0,0.0,0.0,28.38,3.59,0.0
20230220:2103,0.0,0.0,0.0,0.0,27.62,3.24,0.0
20230220:2203,0.0,0.0,0.0,0.0,26.77,2.83,0.0
20230220:2303,0.0,0.0,0.0,0.0,25.91,2.48,0.0
20230221:0003,0.0,0.0,0.0,0.0,25.16,2.28,0.0
20230221:0103,0.0,0.0,0.0,0.0,24.14,1.45,0.0
20230221:0203,0.0,0.0,0.0,0.0,23.68,2.14,0.0
20230221:0303,0.0,0.0,0.0,0.0,24.41,4.69,0.0
20230221:0403,39.53,23.64,1.23,4.22,23.89,4.69,0.0
20230221:0503,142.3,79.74,7.59,17.44,24.28,4.41,0.0
20230221:0603,227.77,104.01,14.38,30.75,25.08,5.72,0.0
20230221:0703,315.51,105.3,20.85,43.92,25.44,5.24,0.0
20230221:0803,52.02,362.2,15.55,56.57,25.65,5.03,0.0
20230221:0903,24.41,383.96,14.7,67.57,25.75,5.31,0.0
20230221:1003,87.21,416.76,19.83,73.12,25.57,5.79,0.0
20230221:1103,20.38,380.95,14.35,68.43,25.66,5.38,0.0
20230221:1203,4.1,289.66,10.19,57.72,24.91,5.31,0.0
20230221:1303,19.66,285.45,10.9,45.16,24.12,5.52,0.0
20230221:1403,30.78,216.27,8.9,32.01,23.51,5.17,0.0
20230221:1503,0.0,46.05,1.58,18.71,23.18,4.21,0.0
20230221:1603,0.0,20.47,0.7,5.47,22.77,4.0,0.0
20230221:1703,0.0,0.0,0.0,0.0,22.43,3.38,0.0
20230221:1803,0.0,0.0,0.0,0.0,22.2,3.03,0.0
20230221:1903,0.0,0.0,0.0,0.0,22.15,3.31,0.0
20230221:2003,0.0,0.0,0.0,0.0,21.69,2.83,0.0
20230221:2103,0.0,0.0,0.0,0.0,21.44,2.69,0.0
20230221:2203,0.0,0.0,0.0,0.0,21.1,2.62,0.0
20230221:2303,0.0,0.0,0.0,0.0,20.73,2.69,0.0
20230222:0003,0.0,0.0,0.0,0.0,20.48,2.62,0.0
20230222:0103,0.0,0.0,0.0,0.0,20.21,2.48,0.0
20230222:0203,0.0,0.0,0.0,0.0,19.86,2.41,0.0
20230222:0303,0.0,0.0,0.0,0.0,19.62,2.34,0.0
20230222:0403,0.0,5.12,0.18,4.07,19.44,2.14,0.0
20230222:0503,0.0,34.96,1.2,17.31,20.08,2.41,0.0
20230222:0603,8.02,182.42,6.65,30.61,21.29,2.76,0.0
20230222:0703,4.9,239.39,8.49,43.77,23.23,3.24,0.0
20230222:0803,4.59,291.31,10.28,56.38,24.27,2.9,0.0
20230222:0903,28.59,387.65,15.11,67.3,24.66,2.62,0.0
20230222:1003,24.88,398.17,15.26,72.76,24.89,2.69,0.0
20230222:1103,199.3,325.39,23.75,68.13,25.63,2.21,0.0
20230222:1203,325.23,158.55,24.98,57.49,25.73,2.14,0.0
20230222:1303,2.7,231.82,8.11,44.96,25.55,2.48,0.0
20230222:1403,10.94,195.13,7.23,31.83,25.22,2.83,0.0
20230222:1503,28.22,123.67,5.24,18.53,24.58,3.1,0.0
20230222:1603,3.74,24.93,0.91,5.28,23.71,2.76,0.0
20230222:1703,0.0,0.0,0.0,0.0,23.09,2.55,0.0
20230222:1803,0.0,0.0,0.0,0.0,22.78,2.28,0.0
20230222:1903,0.0,0.0,0.0,0.0,22.07,1.03,0.0
20230222:2003,0.0,0.0,0.0,0.0,21.34,0.83,0.0
20230222:2103,0.0,0.0,0.0,0.0,21.26,0.76,0.0
20230222:2203,0.0,0.0,0.0,0.0,21.37,0.69,0.0
20230222:2303,0.0,0.0,0.0,0.0,21.65,0.62,0.0
20230223:0003,0.0,0.0,0.0,0.0,21.7,0.76,0.0
20230223:0103,0.0,0.0,0.0,0.0,21.67,0.9,0.0
20230223:0203,0.0,0.0,0.0,0.0,21.49,0.97,0.0
20230223:0303,0.0,0.0,0.0,0.0,20.96,0.97,0.0
20230223:0403,6.97,19.09,0.73,3.93,20.56,1.03,0.0
20230223:0503,0.0,36.67,1.26,17.17,22.07,0.76,0.0
20230223:0603,2.43,161.99,5.68,30.47,23.12,1.03,0.0
20230223:0703,58.03,294.56,13.41,43.62,24.44,1.66,0.0
20230223:0803,187.42,286.85,21.35,56.19,25.04,1.72,0.0
20230223:0903,377.11,141.16,28.41,67.03,25.82,1.66,0.0
20230223:1003,382.89,151.0,29.41,72.39,26.53,1.79,0.0
20230223:1103,311.69,213.05,27.03,67.81,27.12,1.86,0.0
20230223:1203,265.98,217.06,23.75,57.25,27.29,2.07,0.0
20230223:1303,123.19,272.62,16.43,44.76,27.47,2.21,0.0
20230223:1403,136.66,177.04,12.89,31.64,27.18,2.28,0.0
20230223:1503,115.85,96.22,7.56,18.35,26.25,2.55,0.0
20230223:1603,13.11,27.16,1.11,5.09,24.92,2.55,0.0
20230223:1703,0.0,0.0,0.0,0.0,23.24,2.14,0.0
20230223:1803,0.0,0.0,0.0,0.0,22.17,1.52,0.0
20230223:1903,0.0,0.0,0.0,0.0,22.4,0.55,0.0
20230223:2003,0.0,0.0,0.0,0.0,21.87,0.83,0.0
20230223:2103,0.0,0.0,0.0,0.0,19.95,1.24,0.0
20230223:2203,0.0,0.0,0.0,0.0,19.17,1.38,0.0
20230223:2303,0.0,0.0,0.0,0.0,18.74,1.31,0.0
20230224:0003,0.0,0.0,0.0,0.0,18.33,1.31,0.0
20230224:0103,0.0,0.0,0.0,0.0,18.19,1.31,0.0
20230224:0203,0.0,0.0,0.0,0.0,18.14,1.31,0.0
20230224:0303,0.0,0.0,0.0,0.0,17.89,1.38,0.0
20230224:0403,13.93,19.39,0.82,3.79,17.54,1.45,0.0
20230224:0503,125.95,80.02,7.29,17.04,19.52,1.03,0.0
20230224:0603,216.39,100.63,14.23,30.34,23.22,1.1,0.0
20230224:0703,310.88,96.08,20.97,43.47,24.68,1.59,0.0
20230224:0803,365.1,105.12,25.8,56.0,26.29,1.86,0.0
20230224:0903,427.63,86.43,29.7,66.76,27.75,2.21,0.0
20230224:1003,419.52,106.23,30.26,72.02,29.1,2.55,0.0
20230224:1103,412.98,100.93,29.41,67.5,30.2,2.83,0.0
20230224:1203,379.16,96.77,26.42,57.0,30.75,2.83,0.0
20230224:1303,325.04,89.02,21.64,44.55,31.18,2.83,0.0
20230224:1403,229.36,96.33,14.91,31.45,31.06,2.9,0.0
20230224:1503,132.32,82.67,7.82,18.16,30.37,2.69,0.0
20230224:1603,28.11,27.88,1.35,4.9,28.97,2.07,0.0
20230224:1703,0.0,0.0,0.0,0.0,27.13,2.21,0.0
20230224:1803,0.0,0.0,0.0,0.0,25.71,2.48,0.0
20230224:1903,0.0,0.0,0.0,0.0,24.76,2.34,0.0
20230224:2003,0.0,0.0,0.0,0.0,24.09,2.07,0.0
20230224:2103,0.0,0.0,0.0,0.0,23.54,1.93,0.0
20230224:2203,0.0,0.0,0.0,0.0,23.18,1.72,0.0
20230224:2303,0.0,0.0,0.0,0.0,23.09,1.72,0.0
20230225:0003,0.0,0.0,0.0,0.0,23.19,1.72,0.0
20230225:0103,0.0,0.0,0.0,0.0,23.55,1.66,0.0
20230225:0203,0.0,0.0,0.0,0.0,23.71,1.45,0.0
20230225:0303,0.0,0.0,0.0,0.0,23.51,0.9,0.0
20230225:0403,13.91,18.47,0.79,3.65,24.21,0.41,0.0
20230225:0503,45.61,110.78,5.45,16.91,24.78,0.69,0.0
20230225:0603,44.87,203.46,9.26,30.2,26.08,1.03,0.0
20230225:0703,0.52,190.14,6.56,43.32,27.05,1.93,0.0
20230225:0803,102.89,336.89,18.07,55.81,27.93,1.93,0.0
20230225:0903,298.37,203.28,26.24,66.48,28.58,1.52,0.0
20230225:1003,16.07,376.78,14.0,71.65,28.8,1.79,0.0
20230225:1103,67.69,396.66,18.07,67.17,28.48,2.41,0.0
20230225:1203,316.46,143.48,24.6,56.75,27.51,2.69,0.0
20230225:1303,108.73,269.31,15.67,44.34,27.8,2.48,0.0
20230225:1403,0.58,146.66,5.07,31.26,27.57,2.62,0.0
20230225:1503,0.0,67.37,2.31,17.97,27.12,2.83,0.0
20230225:1603,15.01,24.53,1.05,4.7,26.19,2.55,0.0
20230225:1703,0.0,0.0,0.0,0.0,25.23,2.62,0.0
20230225:1803,0.0,0.0,0.0,0.0,24.66,2.9,0.0
20230225:1903,0.0,0.0,0.0,0.0,24.57,3.72,0.0
20230225:2003,0.0,0.0,0.0,0.0,24.04,4.0,0.0
20230225:2103,0.0,0.0,0.0,0.0,23.63,3.79,0.0
20230225:2203,0.0,0.0,0.0,0.0,23.41,3.93,0.0
20230225:2303,0.0,0.0,0.0,0.0,23.22,4.14,0.0
20230226:0003,0.0,0.0,0.0,0.0,23.04,4.07,0.0
20230226:0103,0.0,0.0,0.0,0.0,22.81,3.79,0.0
20230226:0203,0.0,0.0,0.0,0.0,22.64,3.72,0.0
20230226:0303,0.0,0.0,0.0,0.0,22.37,3.93,0.0
20230226:0403,11.56,18.34,0.76,3.51,22.33,3.93,0.0
20230226:0503,0.0,40.93,1.41,16.77,22.53,3.52,0.0
20230226:0603,0.0,91.24,3.13,30.07,23.14,5.03,0.0
20230226:0703,0.52,198.66,6.85,43.16,22.39,4.55,0.0
20230226:0803,0.0,165.43,5.68,55.62,23.01,5.03,0.0
20230226:0903,0.0,169.7,5.83,66.2,23.67,4.69,0.0
20230226:1003,0.0,190.16,6.53,71.28,24.27,4.97,0.0
20230226:1103,0.0,125.35,4.31,66.84,25.02,5.17,0.0
20230226:1203,0.0,208.07,7.15,56.5,25.0,5.17,0.0
20230226:1303,0.51,199.51,6.88,44.13,24.54,4.69,0.0
20230226:1403,0.0,133.03,4.57,31.06,24.62,4.62,0.0
20230226:1503,0.0,29.85,1.03,17.77,24.0,3.86,0.0
20230226:1603,0.0,12.79,0.44,4.5,23.54,3.17,0.0
20230226:1703,0.0,0.0,0.0,0.0,23.12,3.1,0.0
20230226:1803,0.0,0.0,0.0,0.0,22.86,2.83,0.0
20230226:1903,0.0,0.0,0.0,0.0,22.19,2.41,0.0
20230226:2003,0.0,0.0,0.0,0.0,22.02,2.34,0.0
20230226:2103,0.0,0.0,0.0,0.0,21.86,2.14,0.0
20230226:2203,0.0,0.0,0.0,0.0,21.9,2.21,0.0
20230226:2303,0.0,0.0,0.0,0.0,21.81,2.0,0.0
20230227:0003,0.0,0.0,0.0,0.0,21.67,2.14,0.0
20230227:0103,0.0,0.0,0.0,0.0,21.68,2.14,0.0
20230227:0203,0.0,0.0,0.0,0.0,21.59,1.45,0.0
20230227:0303,0.0,0.0,0.0,0.0,21.57,1.1,0.0
20230227:0403,0.0,2.56,0.09,3.37,21.56,1.31,0.0
20230227:0503,13.39,103.78,4.07,16.64,21.8,1.59,0.0
20230227:0603,57.18,198.13,9.81,29.93,22.41,1.59,0.0
20230227:0703,59.62,282.08,13.3,43.01,23.78,1.03,0.0
20230227:0803,228.72,220.3,22.29,55.42,24.66,0.83,0.0
20230227:0903,249.69,244.25,25.01,65.92,25.64,1.03,0.0
20230227:1003,174.34,336.87,23.4,70.91,26.32,1.45,0.0
20230227:1103,388.3,98.21,28.62,66.51,26.63,2.28,0.0
20230227:1203,109.73,330.61,18.51,56.24,26.65,2.69,0.0
20230227:1303,56.26,288.21,13.33,43.9,26.93,2.55,0.0
20230227:1403,145.34,147.98,12.83,30.85,27.11,2.34,0.0
20230227:1503,114.97,78.68,7.29,17.57,26.81,2.55,0.0
20230227:1603,0.0,4.26,0.15,4.29,25.91,2.55,0.0
20230227:1703,0.0,0.0,0.0,0.0,24.81,2.28,0.0
20230227:1803,0.0,0.0,0.0,0.0,24.15,1.72,0.0
20230227:1903,0.0,0.0,0.0,0.0,23.81,1.38,0.0
20230227:2003,0.0,0.0,0.0,0.0,23.15,0.97,0.0
20230227:2103,0.0,0.0,0.0,0.0,22.69,0.9,0.0
20230227:2203,0.0,0.0,0.0,0.0,22.56,0.83,0.0
20230227:2303,0.0,0.0,0.0,0.0,22.56,0.76,0.0
20230228:0003,0.0,0.0,0.0,0.0,22.07,0.9,0.0
20230228:0103,0.0,0.0,0.0,0.0,21.86,0.9,0.0
20230228:0203,0.0,0.0,0.0,0.0,22.34,0.62,0.0
20230228:0303,0.0,0.0,0.0,0.0,22.13,0.34,0.0
20230228:0403,6.89,15.53,0.62,3.24,22.02,0.28,0.0
20230228:0503,106.37,75.36,6.8,16.51,22.37,0.83,0.0
20230228:0603,193.99,94.72,13.62,29.8,24.11,1.52,0.0
20230228:0703,130.13,237.95,16.17,42.85,26.01,1.45,0.0
20230228:0803,238.68,203.86,22.55,55.22,27.43,1.72,0.0
20230228:0903,26.76,376.8,14.76,65.64,28.68,2.0,0.0
20230228:1003,238.2,266.68,25.42,70.53,29.04,2.21,0.0
20230228:1103,82.48,384.92,18.86,66.17,29.55,2.28,0.0
20230228:1203,130.64,311.5,19.33,55.97,28.83,3.1,0.0
20230228:1303,178.49,199.44,17.84,43.68,26.22,3.93,0.0
20230228:1403,51.77,202.95,9.78,30.65,26.09,3.17,0.0
20230228:1503,14.2,108.76,4.31,17.37,25.92,2.55,0.0
20230228:1603,0.0,6.98,0.26,4.09,25.51,1.59,0.0
20230228:1703,0.0,0.0,0.0,0.0,24.88,1.17,0.0
20230228:1803,0.0,0.0,0.0,0.0,24.44,1.17,0.0
20230228:1903,0.0,0.0,0.0,0.0,23.76,0.48,0.0
20230228:2003,0.0,0.0,0.0,0.0,23.3,0.62,0.0
20230228:2103,0.0,0.0,0.0,0.0,23.01,0.76,0.0
20230228:2203,0.0,0.0,0.0,0.0,22.89,0.69,0.0
20230228:2303,0.0,0.0,0.0,0.0,22.92,0.55,0.0
20230301:0003,0.0,0.0,0.0,0.0,22.64,0.34,0.0
20230301:0103,0.0,0.0,0.0,0.0,22.59,0.41,0.0
20230301:0203,0.0,0.0,0.0,0.0,22.47,0.62,0.0
20230301:0303,0.0,0.0,0.0,0.0,22.15,0.07,0.0
20230301:0403,4.57,14.6,0.56,3.1,21.97,0.28,0.0
20230301:0503,104.82,73.99,6.8,16.38,22.5,0.62,0.0
20230301:0603,187.9,96.64,13.56,29.66,24.44,0.76,0.0
20230301:0703,277.8,91.9,20.15,42.7,26.54,1.52,0.0
20230301:0803,339.17,93.98,25.19,55.02,28.11,2.69,0.0
20230301:0903,324.54,150.41,27.03,65.35,28.98,3.72,0.0
20230301:1003,300.07,193.79,27.21,70.15,29.32,4.41,0.0
20230301:1103,245.9,240.01,25.07,65.83,28.98,4.97,0.0
20230301:1203,167.8,276.25,20.71,55.7,27.88,5.31,0.0
20230301:1303,0.0,52.87,1.82,43.45,27.25,5.38,0.0
20230301:1403,24.1,200.82,8.23,30.43,26.05,4.62,0.0
20230301:1503,98.92,83.04,6.97,17.16,25.62,4.55,0.0
20230301:1603,0.0,2.33,0.09,3.87,24.93,4.21,0.0
20230301:1703,0.0,0.0,0.0,0.0,24.07,3.93,0.0
20230301:1803,0.0,0.0,0.0,0.0,23.53,4.0,0.0
20230301:1903,0.0,0.0,0.0,0.0,23.49,4.28,0.0
20230301:2003,0.0,0.0,0.0,0.0,23.2,4.69,0.0
20230301:2103,0.0,0.0,0.0,0.0,22.83,4.76,0.0
20230301:2203,0.0,0.0,0.0,0.0,22.42,4.76,0.0
20230301:2303,0.0,0.0,0.0,0.0,22.11,4.41,0.0
20230302:0003,0.0,0.0,0.0,0.0,21.67,4.0,0.0
20230302:0103,0.0,0.0,0.0,0.0,21.58,3.86,0.0
20230302:0203,0.0,0.0,0.0,0.0,21.42,3.79,0.0
20230302:0303,0.0,0.0,0.0,0.0,21.25,3.86,0.0
20230302:0403,4.54,13.72,0.53,2.97,21.03,3.86,0.0
20230302:0503,74.59,90.86,6.21,16.25,21.29,3.52,0.0
20230302:0603,168.28,110.71,13.18,29.53,22.58,5.38,0.0
20230302:0703,244.91,120.03,19.45,42.54,23.98,5.31,0.0
20230302:0803,261.69,171.63,23.37,54.82,25.39,5.31,0.0
20230302:0903,286.84,188.66,26.21,65.06,26.68,5.1,0.0
20230302:1003,137.1,361.76,22.14,69.77,27.2,4.9,0.0
20230302:1103,172.32,313.93,22.85,65.49,27.89,4.9,0.0
20230302:1203,139.82,299.48,19.8,55.42,27.69,4.76,0.0
20230302:1303,82.14,273.15,14.64,43.21,27.42,4.76,0.0
20230302:1403,113.12,163.6,12.01,30.22,26.76,4.62,0.0
20230302:1503,106.53,74.71,7.12,16.95,25.92,4.34,0.0
20230302:1603,0.0,14.74,0.56,3.66,24.75,3.59,0.0
20230302:1703,0.0,0.0,0.0,0.0,23.68,3.03,0.0
20230302:1803,0.0,0.0,0.0,0.0,22.91,2.62,0.0
20230302:1903,0.0,0.0,0.0,0.0,22.78,2.07,0.0
20230302:2003,0.0,0.0,0.0,0.0,22.32,1.86,0.0
20230302:2103,0.0,0.0,0.0,0.0,21.98,1.72,0.0
20230302:2203,0.0,0.0,0.0,0.0,21.32,1.66,0.0
20230302:2303,0.0,0.0,0.0,0.0,20.95,1.59,0.0
20230303:0003,0.0,0.0,0.0,0.0,20.53,1.59,0.0
20230303:0103,0.0,0.0,0.0,0.0,20.39,1.52,0.0
20230303:0203,0.0,0.0,0.0,0.0,20.47,1.45,0.0
20230303:0303,0.0,0.0,0.0,0.0,20.41,1.38,0.0
20230303:0403,0.0,4.26,0.15,2.83,20.64,1.17,0.0
20230303:0503,100.09,72.08,6.77,16.12,21.56,1.17,0.0
20230303:0603,136.96,137.25,12.54,29.39,22.56,1.72,0.0
20230303:0703,137.42,226.25,16.67,42.39,24.04,1.52,0.0
20230303:0803,104.92,325.09,18.42,54.62,24.75,1.45,0.0
20230303:0903,231.25,249.59,24.87,64.77,25.82,1.52,0.0
20230303:1003,147.8,351.67,22.7,69.39,27.21,1.66,0.0
20230303:1103,101.77,373.36,20.09,65.14,27.89,2.0,0.0
20230303:1203,149.83,289.67,20.3,55.14,28.38,2.41,0.0
20230303:1303,81.9,272.56,14.7,42.97,28.24,2.69,0.0
20230303:1403,77.82,187.23,10.92,30.0,27.62,3.1,0.0
20230303:1503,84.94,86.51,6.68,16.73,26.3,3.38,0.0
20230303:1603,0.0,15.52,0.59,3.44,24.78,2.9,0.0
20230303:1703,0.0,0.0,0.0,0.0,23.32,2.28,0.0
20230303:1803,0.0,0.0,0.0,0.0,22.51,1.59,0.0
20230303:1903,0.0,0.0,0.0,0.0,21.89,0.55,0.0
20230303:2003,0.0,0.0,0.0,0.0,22.05,0.41,0.0
20230303:2103,0.0,0.0,0.0,0.0,21.38,0.76,0.0
20230303:2203,0.0,0.0,0.0,0.0,20.71,0.9,0.0
20230303:2303,0.0,0.0,0.0,0.0,20.13,0.97,0.0
20230304:0003,0.0,0.0,0.0,0.0,19.85,0.97,0.0
20230304:0103,0.0,0.0,0.0,0.0,20.05,0.9,0.0
20230304:0203,0.0,0.0,0.0,0.0,20.06,0.76,0.0
20230304:0303,0.0,0.0,0.0,0.0,19.99,0.76,0.0
20230304:0403,0.0,8.53,0.29,2.7,19.05,1.03,0.0
20230304:0503,78.38,82.12,6.27,16.0,20.28,0.76,0.0
20230304:0603,168.88,100.08,13.24,29.26,23.58,0.83,0.0
20230304:0703,248.32,103.36,19.57,42.23,25.23,1.17,0.0
20230304:0803,271.76,146.96,23.67,54.41,26.49,1.31,0.0
20230304:0903,335.9,118.25,27.47,64.47,27.95,1.66,0.0
20230304:1003,287.17,190.83,27.03,69.0,28.65,2.0,0.0
20230304:1103,336.58,118.23,27.53,64.79,28.73,2.41,0.0
20230304:1203,273.19,146.85,23.78,54.86,28.79,2.62,0.0
20230304:1303,115.11,242.04,15.93,42.72,28.24,2.76,0.0
20230304:1403,4.68,166.85,6.0,29.77,27.8,3.17,0.0
20230304:1503,0.0,57.13,1.96,16.52,26.58,3.31,0.0
20230304:1603,0.0,11.64,0.44,3.22,25.54,2.83,0.0
20230304:1703,0.0,0.0,0.0,0.0,24.53,2.34,0.0
20230304:1803,0.0,0.0,0.0,0.0,23.96,1.86,0.0
20230304:1903,0.0,0.0,0.0,0.0,23.56,1.38,0.0
20230304:2003,0.0,0.0,0.0,0.0,22.96,0.83,0.0
20230304:2103,0.0,0.0,0.0,0.0,23.0,0.69,0.0
20230304:2203,0.0,0.0,0.0,0.0,22.95,0.83,0.0
20230304:2303,0.0,0.0,0.0,0.0,22.92,0.76,0.0
20230305:0003,0.0,0.0,0.0,0.0,22.57,0.76,0.0
20230305:0103,0.0,0.0,0.0,0.0,22.26,0.76,0.0
20230305:0203,0.0,0.0,0.0,0.0,21.95,0.83,0.0
20230305:0303,0.0,0.0,0.0,0.0,21.65,0.83,0.0
20230305:0403,0.0,1.71,0.06,2.57,21.6,1.1,0.0
20230305:0503,0.0,21.32,0.73,15.87,22.66,1.24,0.0
20230305:0603,0.0,111.71,3.84,29.12,23.7,1.72,0.0
20230305:0703,0.0,98.92,3.4,42.07,24.52,2.14,0.0
20230305:0803,0.0,193.57,6.65,54.2,25.21,2.14,0.0
20230305:0903,107.05,355.38,20.06,64.18,26.31,2.28,0.0
20230305:1003,0.43,271.12,9.34,68.62,27.24,2.48,0.0
20230305:1103,76.24,375.71,18.51,64.43,27.99,2.76,0.0
20230305:1203,234.88,180.66,22.67,54.57,28.45,2.97,0.0
20230305:1303,62.7,271.48,13.56,42.48,27.9,3.31,0.0
20230305:1403,1.53,148.28,5.18,29.54,27.23,3.66,0.0
20230305:1503,12.79,100.66,4.04,16.29,26.61,3.72,0.0
20230305:1603,0.0,9.31,0.35,3.0,25.66,3.1,0.0
20230305:1703,0.0,0.0,0.0,0.0,24.65,2.69,0.0
20230305:1803,0.0,0.0,0.0,0.0,24.01,2.55,0.0
20230305:1903,0.0,0.0,0.0,0.0,24.23,2.69,0.0
20230305:2003,0.0,0.0,0.0,0.0,23.93,2.55,0.0
20230305:2103,0.0,0.0,0.0,0.0,23.81,2.34,0.0
20230305:2203,0.0,0.0,0.0,0.0,23.52,2.28,0.0
20230305:2303,0.0,0.0,0.0,0.0,23.32,2.21,0.0
20230306:0003,0.0,0.0,0.0,0.0,23.07,2.14,0.0
20230306:0103,0.0,0.0,0.0,0.0,23.02,2.14,0.0
20230306:0203,0.0,0.0,0.0,0.0,22.89,2.0,0.0
20230306:0303,0.0,0.0,0.0,0.0,22.85,1.79,0.0
20230306:0403,0.0,1.71,0.06,2.44,22.84,1.72,0.0
20230306:0503,0.0,29.85,1.03,15.74,23.26,1.93,0.0
20230306:0603,0.0,85.27,2.93,28.99,24.18,2.83,0.0
20230306:0703,3.66,224.72,7.97,41.91,25.21,3.03,0.0
20230306:0803,1.31,250.55,8.7,53.99,26.11,2.83,0.0
20230306:0903,3.42,303.96,10.69,63.88,26.95,2.48,0.0
20230306:1003,6.37,336.73,12.04,68.23,27.57,2.21,0.0
20230306:1103,1.28,279.54,9.69,64.07,28.47,1.86,0.0
20230306:1203,2.18,264.93,9.26,54.27,28.74,1.79,0.0
20230306:1303,0.91,195.19,6.77,42.22,29.07,2.14,0.0
20230306:1403,0.0,92.95,3.19,29.31,28.58,3.17,0.0
20230306:1503,6.87,93.77,3.54,16.07,27.18,3.17,0.0
20230306:1603,0.0,9.31,0.35,2.77,25.91,3.03,0.0
20230306:1703,0.0,0.0,0.0,0.0,24.94,2.76,0.0
20230306:1803,0.0,0.0,0.0,0.0,24.28,2.34,0.0
20230306:1903,0.0,0.0,0.0,0.0,24.15,2.0,0.0
20230306:2003,0.0,0.0,0.0,0.0,23.86,1.38,0.0
20230306:2103,0.0,0.0,0.0,0.0,23.8,1.17,0.0
20230306:2203,0.0,0.0,0.0,0.0,23.66,1.17,0.0
20230306:2303,0.0,0.0,0.0,0.0,23.61,1.17,0.0
20230307:0003,0.0,0.0,0.0,0.0,23.48,1.17,0.0
20230307:0103,0.0,0.0,0.0,0.0,23.38,1.1,0.0
20230307:0203,0.0,0.0,0.0,0.0,23.14,1.24,0.0
20230307:0303,0.0,0.0,0.0,0.0,22.68,1.52,0.0
20230307:0403,0.0,1.71,0.06,2.31,22.46,1.79,0.0
20230307:0503,1.22,74.18,2.61,15.62,23.13,2.48,0.0
20230307:0603,0.49,132.14,4.57,28.85,23.9,3.93,0.0
20230307:0703,3.15,219.65,7.76,41.75,24.59,4.34,0.0
20230307:0803,0.43,222.52,7.67,53.78,25.7,4.0,0.0
20230307:0903,1.69,286.29,9.96,63.58,26.32,3.86,0.0
20230307:1003,10.48,353.86,12.95,67.84,27.01,3.79,0.0
20230307:1103,0.0,186.75,6.41,63.71,27.64,4.07,0.0
20230307:1203,18.09,323.69,12.45,53.97,27.79,4.34,0.0
20230307:1303,74.64,261.09,14.21,41.97,27.21,4.48,0.0
20230307:1403,5.4,167.53,6.09,29.08,26.62,4.28,0.0
20230307:1503,55.97,87.7,5.74,15.84,25.95,3.79,0.0
20230307:1603,0.0,9.31,0.35,2.54,25.02,3.03,0.0
20230307:1703,0.0,0.0,0.0,0.0,24.15,2.14,0.0
20230307:1803,0.0,0.0,0.0,0.0,23.58,1.72,0.0
20230307:1903,0.0,0.0,0.0,0.0,22.87,1.31,0.0
20230307:2003,0.0,0.0,0.0,0.0,22.11,1.03,0.0
20230307:2103,0.0,0.0,0.0,0.0,21.64,0.9,0.0
20230307:2203,0.0,0.0,0.0,0.0,21.46,0.97,0.0
20230307:2303,0.0,0.0,0.0,0.0,21.37,0.9,0.0
20230308:0003,0.0,0.0,0.0,0.0,21.36,0.76,0.0
20230308:0103,0.0,0.0,0.0,0.0,21.63,0.55,0.0
20230308:0203,0.0,0.0,0.0,0.0,21.71,0.41,0.0
20230308:0303,0.0,0.0,0.0,0.0,21.56,0.41,0.0
20230308:0403,0.0,1.71,0.06,2.19,21.31,0.55,0.0
20230308:0503,62.38,81.95,5.95,15.49,21.8,0.28,0.0
20230308:0603,100.11,149.26,11.57,28.72,23.76,0.83,0.0
20230308:0703,90.67,247.92,15.0,41.59,25.13,1.38,0.0
20230308:0803,191.84,216.84,21.67,53.57,26.59,1.72,0.0
20230308:0903,184.31,272.92,23.43,63.27,27.73,2.28,0.0
20230308:1003,281.63,172.02,27.12,67.45,28.84,2.69,0.0
20230308:1103,322.4,107.3,27.44,63.34,29.7,2.9,0.0
20230308:1203,303.38,87.86,24.84,53.67,30.28,2.97,0.0
20230308:1303,247.56,83.09,19.95,41.71,30.52,3.1,0.0
20230308:1403,160.09,89.12,13.24,28.84,30.25,3.31,0.0
20230308:1503,48.56,90.84,5.56,15.61,29.19,3.38,0.0
20230308:1603,0.0,6.98,0.26,2.31,27.46,2.97,0.0
20230308:1703,0.0,0.0,0.0,0.0,25.61,2.69,0.0
20230308:1803,0.0,0.0,0.0,0.0,24.39,2.28,0.0
20230308:1903,0.0,0.0,0.0,0.0,23.65,1.93,0.0
20230308:2003,0.0,0.0,0.0,0.0,22.85,1.66,0.0
20230308:2103,0.0,0.0,0.0,0.0,22.03,1.59,0.0
20230308:2203,0.0,0.0,0.0,0.0,21.37,1.59,0.0
20230308:2303,0.0,0.0,0.0,0.0,20.88,1.52,0.0
20230309:0003,0.0,0.0,0.0,0.0,20.56,1.59,0.0
20230309:0103,0.0,0.0,0.0,0.0,20.38,1.66,0.0
20230309:0203,0.0,0.0,0.0,0.0,20.23,1.72,0.0
20230309:0303,0.0,0.0,0.0,0.0,20.08,1.72,0.0
20230309:0403,0.0,3.41,0.12,2.06,19.93,1.59,0.0
20230309:0503,61.02,78.89,5.89,15.37,22.02,1.17,0.0
20230309:0603,147.29,95.52,12.89,28.58,25.18,1.45,0.0
20230309:0703,229.81,92.45,19.39,41.43,26.95,1.45,0.0
20230309:0803,295.03,87.65,24.57,53.35,28.79,1.93,0.0
20230309:0903,328.14,92.61,27.62,62.97,29.99,2.07,0.0
20230309:1003,307.95,129.92,27.77,67.06,31.07,2.07,0.0
20230309:1103,224.36,217.3,24.69,62.98,31.62,2.34,0.0
20230309:1203,198.5,201.35,21.85,53.36,31.98,2.48,0.0
20230309:1303,31.71,271.95,11.66,41.44,31.65,2.97,0.0
20230309:1403,17.41,186.44,7.56,28.59,30.2,3.72,0.0
20230309:1503,12.66,95.96,3.95,15.38,28.85,3.72,0.0
20230309:1603,0.0,1.55,0.06,2.07,27.35,2.97,0.0
20230309:1703,0.0,0.0,0.0,0.0,26.04,2.41,0.0
20230309:1803,0.0,0.0,0.0,0.0,25.12,1.86,0.0
20230309:1903,0.0,0.0,0.0,0.0,24.53,1.66,0.0
20230309:2003,0.0,0.0,0.0,0.0,23.72,0.97,0.0
20230309:2103,0.0,0.0,0.0,0.0,24.2,0.34,0.0
20230309:2203,0.0,0.0,0.0,0.0,23.93,0.34,0.0
20230309:2303,0.0,0.0,0.0,0.0,23.34,0.62,0.0
20230310:0003,0.0,0.0,0.0,0.0,23.16,0.55,0.0
20230310:0103,0.0,0.0,0.0,0.0,22.76,0.69,0.0
20230310:0203,0.0,0.0,0.0,0.0,22.45,0.76,0.0
20230310:0303,0.0,0.0,0.0,0.0,22.57,0.69,0.0
20230310:0403,0.0,0.85,0.03,1.94,22.77,0.62,0.0
20230310:0503,60.7,75.77,5.89,15.24,23.58,0.62,0.0
20230310:0603,134.24,103.61,12.57,28.45,25.13,1.03,0.0
20230310:0703,208.98,108.2,18.83,41.27,26.83,1.86,0.0
20230310:0803,261.6,116.8,23.64,53.14,28.1,2.21,0.0
20230310:0903,320.97,92.26,27.44,62.66,28.3,2.41,0.0
20230310:1003,40.22,389.68,16.61,66.67,29.32,2.55,0.0
20230310:1103,38.41,375.72,15.96,62.61,29.46,2.62,0.0
20230310:1203,50.6,333.58,15.41,53.05,29.68,2.76,0.0
20230310:1303,14.51,256.89,9.9,41.17,29.71,2.9,0.0
20230310:1403,27.61,186.59,8.29,28.35,29.4,3.1,0.0
20230310:1503,70.9,66.13,6.09,15.14,28.2,3.17,0.0
20230310:1603,0.0,6.21,0.23,1.84,26.99,2.83,0.0
20230310:1703,0.0,0.0,0.0,0.0,25.87,2.41,0.0
20230310:1803,0.0,0.0,0.0,0.0,25.21,1.93,0.0
20230310:1903,0.0,0.0,0.0,0.0,24.6,0.97,0.0
20230310:2003,0.0,0.0,0.0,0.0,23.84,0.76,0.0
20230310:2103,0.0,0.0,0.0,0.0,23.5,0.76,0.0
20230310:2203,0.0,0.0,0.0,0.0,23.18,0.83,0.0
20230310:2303,0.0,0.0,0.0,0.0,22.82,0.9,0.0
20230311:0003,0.0,0.0,0.0,0.0,22.26,1.1,0.0
20230311:0103,0.0,0.0,0.0,0.0,21.74,1.31,0.0
20230311:0203,0.0,0.0,0.0,0.0,21.35,1.38,0.0
20230311:0303,0.0,0.0,0.0,0.0,21.17,1.45,0.0
20230311:0403,0.0,3.41,0.12,1.81,21.15,1.31,0.0
20230311:0503,67.75,68.0,6.15,15.12,23.11,2.0,0.0
20230311:0603,150.78,82.28,13.15,28.31,25.05,2.69,0.0
20230311:0703,228.08,83.85,19.59,41.1,27.48,2.76,0.0
20230311:0803,265.08,108.64,23.93,52.92,29.28,3.03,0.0
20230311:0903,319.42,89.8,27.62,62.35,30.86,3.31,0.0
20230311:1003,305.61,119.83,27.91,66.28,31.52,3.38,0.0
20230311:1103,305.13,104.87,27.15,62.23,32.31,3.52,0.0
20230311:1203,269.22,102.54,23.99,52.74,33.04,3.59,0.0
20230311:1303,220.71,89.62,19.27,40.9,33.14,3.59,0.0
20230311:1403,144.74,85.98,12.86,28.1,32.66,3.66,0.0
20230311:1503,68.1,64.77,6.03,14.91,31.62,3.59,0.0
20230311:1603,0.0,3.88,0.15,1.6,29.74,3.17,0.0
20230311:1703,0.0,0.0,0.0,0.0,27.66,3.24,0.0
20230311:1803,0.0,0.0,0.0,0.0,26.24,3.1,0.0
20230311:1903,0.0,0.0,0.0,0.0,25.61,2.55,0.0
20230311:2003,0.0,0.0,0.0,0.0,24.77,2.07,0.0
20230311:2103,0.0,0.0,0.0,0.0,24.01,1.52,0.0
20230311:2203,0.0,0.0,0.0,0.0,23.38,0.83,0.0
20230311:2303,0.0,0.0,0.0,0.0,23.24,1.79,0.0
20230312:0003,0.0,0.0,0.0,0.0,23.52,2.48,0.0
20230312:0103,0.0,0.0,0.0,0.0,23.02,3.86,0.0
20230312:0203,0.0,0.0,0.0,0.0,22.35,4.76,0.0
20230312:0303,0.0,0.0,0.0,0.0,22.16,5.03,0.0
20230312:0403,0.0,5.12,0.18,1.69,22.19,4.97,0.0
20230312:0503,40.93,83.3,5.27,15.0,22.46,4.62,0.0
20230312:0603,0.0,121.09,4.16,28.18,23.27,4.83,0.0
20230312:0703,0.41,175.61,6.06,40.94,24.39,6.0,0.0
20230312:0803,22.29,322.84,12.89,52.7,25.01,7.45,0.0
20230312:0903,102.77,335.46,19.98,62.04,25.55,6.69,0.0
20230312:1003,142.95,309.13,22.38,65.88,24.76,6.0,0.0
20230312:1103,85.92,349.9,19.1,61.86,24.44,5.79,0.0
20230312:1203,0.0,62.25,2.14,52.43,24.59,5.72,0.0
20230312:1303,0.0,55.43,1.9,40.63,23.97,5.24,0.0
20230312:1403,18.86,180.54,7.56,27.85,23.15,4.9,0.0
20230312:1503,0.0,59.69,2.05,14.67,21.86,4.41,0.0
20230312:1603,0.0,0.78,0.03,1.36,20.81,4.69,0.0
20230312:1703,0.0,0.0,0.0,0.0,20.56,4.21,0.0
20230312:1803,0.0,0.0,0.0,0.0,20.56,4.28,0.0
20230312:1903,0.0,0.0,0.0,0.0,20.89,3.86,0.0
20230312:2003,0.0,0.0,0.0,0.0,20.89,3.93,0.0
20230312:2103,0.0,0.0,0.0,0.0,20.98,3.86,0.0
20230312:2203,0.0,0.0,0.0,0.0,21.11,3.66,0.0
20230312:2303,0.0,0.0,0.0,0.0,21.15,3.38,0.0
20230313:0003,0.0,0.0,0.0,0.0,21.19,3.24,0.0
20230313:0103,0.0,0.0,0.0,0.0,21.29,3.24,0.0
20230313:0203,0.0,0.0,0.0,0.0,21.16,3.17,0.0
20230313:0303,0.0,0.0,0.0,0.0,21.2,3.1,0.0
20230313:0403,0.0,4.26,0.15,1.57,21.24,3.03,0.0
20230313:0503,13.45,93.5,4.04,14.87,21.54,2.62,0.0
20230313:0603,14.93,180.94,7.32,28.04,22.22,2.97,0.0
20230313:0703,121.08,196.4,16.31,40.77,23.05,3.38,0.0
20230313:0803,3.52,273.94,9.69,52.48,23.45,3.38,0.0
20230313:0903,71.06,362.48,18.42,61.73,25.34,3.38,0.0
20230313:1003,109.26,345.34,21.06,65.49,26.24,2.97,0.0
20230313:1103,7.34,325.12,11.77,61.48,27.27,2.76,0.0
20230313:1203,209.87,158.44,22.26,52.11,27.46,2.9,0.0
20230313:1303,20.95,261.02,10.63,40.35,27.56,2.9,0.0
20230313:1403,15.83,179.09,7.32,27.6,26.47,2.83,0.0
20230313:1503,30.69,85.32,4.8,14.42,25.94,2.9,0.0
20230313:1603,0.0,0.0,0.0,0.0,24.84,2.14,0.0
20230313:1703,0.0,0.0,0.0,0.0,23.83,1.72,0.0
20230313:1803,0.0,0.0,0.0,0.0,23.14,1.45,0.0
20230313:1903,0.0,0.0,0.0,0.0,22.38,1.03,0.0
20230313:2003,0.0,0.0,0.0,0.0,21.97,0.97,0.0
20230313:2103,0.0,0.0,0.0,0.0,21.49,1.03,0.0
20230313:2203,0.0,0.0,0.0,0.0,20.87,1.17,0.0
20230313:2303,0.0,0.0,0.0,0.0,20.72,1.17,0.0
20230314:0003,0.0,0.0,0.0,0.0,20.72,1.03,0.0
20230314:0103,0.0,0.0,0.0,0.0,20.71,1.03,0.0
20230314:0203,0.0,0.0,0.0,0.0,20.43,1.03,0.0
20230314:0303,0.0,0.0,0.0,0.0,20.31,1.1,0.0
20230314:0403,0.0,2.56,0.09,1.45,20.22,1.1,0.0
20230314:0503,70.27,54.76,6.39,14.75,21.7,1.03,0.0
20230314:0603,127.86,89.11,12.62,27.9,23.29,1.38,0.0
20230314:0703,106.39,210.7,15.87,40.6,24.82,1.38,0.0
20230314:0803,18.84,322.32,12.65,52.25,26.17,1.45,0.0
20230314:0903,59.67,367.93,17.75,61.41,26.89,1.93,0.0
20230314:1003,213.65,216.01,25.34,65.09,27.57,2.34,0.0
20230314:1103,135.35,298.13,21.73,61.1,27.39,2.69,0.0
20230314:1203,76.57,310.2,17.1,51.79,27.23,3.17,0.0
20230314:1303,178.78,117.16,18.16,40.07,26.84,3.1,0.0
20230314:1403,38.32,176.42,8.99,27.34,26.87,3.03,0.0
20230314:1503,57.53,60.04,5.71,14.18,26.29,2.62,0.0
20230314:1603,0.0,0.0,0.0,0.0,25.28,2.07,0.0
20230314:1703,0.0,0.0,0.0,0.0,24.19,1.79,0.0
20230314:1803,0.0,0.0,0.0,0.0,23.43,1.45,0.0
20230314:1903,0.0,0.0,0.0,0.0,22.43,0.9,0.0
20230314:2003,0.0,0.0,0.0,0.0,22.9,0.55,0.0
20230314:2103,0.0,0.0,0.0,0.0,22.7,0.48,0.0
20230314:2203,0.0,0.0,0.0,0.0,22.26,0.48,0.0
20230314:2303,0.0,0.0,0.0,0.0,21.44,0.83,0.0
20230315:0003,0.0,0.0,0.0,0.0,20.89,0.97,0.0
20230315:0103,0.0,0.0,0.0,0.0,20.97,0.83,0.0
20230315:0203,0.0,0.0,0.0,0.0,21.12,0.69,0.0
20230315:0303,0.0,0.0,0.0,0.0,21.2,0.55,0.0
20230315:0403,0.0,1.71,0.06,1.33,20.73,0.69,0.0
20230315:0503,56.72,61.61,5.95,14.63,21.71,0.97,0.0
20230315:0603,131.6,79.21,12.83,27.77,22.76,0.9,0.0
20230315:0703,190.19,99.17,18.72,40.44,24.09,0.41,0.0
20230315:0803,203.95,156.47,22.38,52.03,25.94,0.48,0.0
20230315:0903,293.92,87.86,27.15,61.1,26.89,0.69,0.0
20230315:1003,236.77,176.84,26.1,64.7,27.74,1.31,0.0
20230315:1103,191.52,219.72,23.87,60.72,28.32,2.07,0.0
20230315:1203,0.0,208.92,7.18,51.46,28.64,2.48,0.0
20230315:1303,63.37,244.84,13.71,39.79,28.13,2.62,0.0
20230315:1403,5.67,162.75,6.03,27.09,26.87,2.41,0.0
20230315:1503,30.1,80.13,4.77,13.93,25.92,2.48,0.0
20230315:1603,0.0,0.0,0.0,0.0,25.02,1.86,0.0
20230315:1703,0.0,0.0,0.0,0.0,24.08,1.52,0.0
20230315:1803,0.0,0.0,0.0,0.0,23.34,1.1,0.0
20230315:1903,0.0,0.0,0.0,0.0,22.74,1.38,0.0
20230315:2003,0.0,0.0,0.0,0.0,22.05,1.24,0.0
20230315:2103,0.0,0.0,0.0,0.0,21.82,1.24,0.0
20230315:2203,0.0,0.0,0.0,0.0,21.5,1.52,0.0
20230315:2303,0.0,0.0,0.0,0.0,21.3,1.52,0.0
20230316:0003,0.0,0.0,0.0,0.0,20.84,1.52,0.0
20230316:0103,0.0,0.0,0.0,0.0,20.85,1.38,0.0
20230316:0203,0.0,0.0,0.0,0.0,20.19,1.31,0.0
20230316:0303,0.0,0.0,0.0,0.0,20.18,1.17,0.0
20230316:0403,0.0,0.0,0.0,0.0,19.77,1.24,0.0
20230316:0503,53.68,60.25,5.89,14.51,21.34,1.31,0.0
20230316:0603,125.48,79.56,12.68,27.63,23.28,2.83,0.0
20230316:0703,194.75,86.67,18.95,40.27,25.31,2.9,0.0
20230316:0803,249.18,89.85,23.81,51.8,26.63,2.83,0.0
20230316:0903,280.22,95.54,26.77,60.78,27.4,2.62,0.0
20230316:1003,200.31,219.29,24.95,64.3,27.85,2.62,0.0
20230316:1103,80.93,345.91,19.07,60.34,27.87,2.76,0.0
20230316:1203,163.28,199.97,20.91,51.13,28.35,3.03,0.0
20230316:1303,56.33,247.32,13.33,39.51,27.68,3.24,0.0
20230316:1403,29.12,174.66,8.38,26.83,26.16,3.38,0.0
20230316:1503,7.52,82.59,3.37,13.69,25.16,2.48,0.0
20230316:1603,0.0,0.0,0.0,0.0,24.48,2.0,0.0
20230316:1703,0.0,0.0,0.0,0.0,23.52,1.93,0.0
20230316:1803,0.0,0.0,0.0,0.0,22.96,1.66,0.0
20230316:1903,0.0,0.0,0.0,0.0,22.9,1.72,0.0
20230316:2003,0.0,0.0,0.0,0.0,22.52,1.72,0.0
20230316:2103,0.0,0.0,0.0,0.0,21.98,1.59,0.0
20230316:2203,0.0,0.0,0.0,0.0,21.67,1.45,0.0
20230316:2303,0.0,0.0,0.0,0.0,21.27,1.1,0.0
20230317:0003,0.0,0.0,0.0,0.0,20.94,1.03,0.0
20230317:0103,0.0,0.0,0.0,0.0,20.7,0.97,0.0
20230317:0203,0.0,0.0,0.0,0.0,20.95,0.76,0.0
20230317:0303,0.0,0.0,0.0,0.0,20.87,0.83,0.0
20230317:0403,0.0,0.0,0.0,0.0,20.99,0.76,0.0
20230317:0503,47.32,61.74,5.68,14.39,21.75,0.62,0.0
20230317:0603,114.9,85.06,12.36,27.49,23.32,1.45,0.0
20230317:0703,181.93,92.84,18.51,40.1,24.63,1.31,0.0
20230317:0803,212.14,127.73,22.64,51.57,25.72,1.1,0.0
20230317:0903,216.18,171.01,24.78,60.46,26.67,0.76,0.0
20230317:1003,220.47,181.15,25.57,63.9,27.33,0.62,0.0
20230317:1103,189.49,205.76,23.78,59.96,28.0,0.76,0.0
20230317:1203,179.16,168.24,21.38,50.81,28.34,1.45,0.0
20230317:1303,167.41,105.39,17.78,39.22,28.39,2.07,0.0
20230317:1403,70.24,133.48,10.46,26.56,27.84,2.69,0.0
20230317:1503,21.01,78.58,4.28,13.44,26.65,3.24,0.0
20230317:1603,0.0,0.0,0.0,0.0,25.12,2.76,0.0
20230317:1703,0.0,0.0,0.0,0.0,24.06,2.55,0.0
20230317:1803,0.0,0.0,0.0,0.0,23.37,2.0,0.0
20230317:1903,0.0,0.0,0.0,0.0,23.07,1.66,0.0
20230317:2003,0.0,0.0,0.0,0.0,22.57,1.38,0.0
20230317:2103,0.0,0.0,0.0,0.0,22.27,1.45,0.0
20230317:2203,0.0,0.0,0.0,0.0,22.29,1.52,0.0
20230317:2303,0.0,0.0,0.0,0.0,22.12,1.59,0.0
20230318:0003,0.0,0.0,0.0,0.0,22.02,1.72,0.0
20230318:0103,0.0,0.0,0.0,0.0,22.04,2.07,0.0
20230318:0203,0.0,0.0,0.0,0.0,21.91,2.28,0.0
20230318:0303,0.0,0.0,0.0,0.0,21.69,2.28,0.0
20230318:0403,0.0,0.0,0.0,0.0,21.53,2.07,0.0
20230318:0503,28.72,77.49,4.98,14.27,22.33,2.28,0.0
20230318:0603,103.23,93.12,12.01,27.36,24.12,3.66,0.0
20230318:0703,168.38,102.06,18.1,39.93,25.9,3.31,0.0
20230318:0803,222.35,103.94,22.93,51.34,27.69,3.17,0.0
20230318:0903,254.7,107.82,25.95,60.14,29.44,3.03,0.0
20230318:1003,290.2,79.06,27.8,63.51,30.94,2.83,0.0
20230318:1103,257.61,100.61,25.89,59.57,32.13,2.69,0.0
20230318:1203,124.63,233.73,19.3,50.48,32.92,2.55,0.0
20230318:1303,134.65,141.34,16.69,38.93,33.16,2.41,0.0
20230318:1403,70.99,125.85,10.46,26.3,33.17,2.0,0.0
20230318:1503,4.77,76.78,3.02,13.18,32.36,1.72,0.0
20230318:1603,0.0,0.0,0.0,0.0,30.49,2.07,0.0
20230318:1703,0.0,0.0,0.0,0.0,28.76,2.14,0.0
20230318:1803,0.0,0.0,0.0,0.0,27.24,2.76,0.0
20230318:1903,0.0,0.0,0.0,0.0,26.06,2.62,0.0
20230318:2003,0.0,0.0,0.0,0.0,25.16,2.55,0.0
20230318:2103,0.0,0.0,0.0,0.0,24.49,2.41,0.0
20230318:2203,0.0,0.0,0.0,0.0,24.02,2.34,0.0
20230318:2303,0.0,0.0,0.0,0.0,23.66,2.28,0.0
20230319:0003,0.0,0.0,0.0,0.0,23.34,2.21,0.0
20230319:0103,0.0,0.0,0.0,0.0,23.03,2.14,0.0
20230319:0203,0.0,0.0,0.0,0.0,22.67,1.86,0.0
20230319:0303,0.0,0.0,0.0,0.0,22.16,1.66,0.0
20230319:0403,0.0,0.0,0.0,0.0,21.68,1.59,0.0
20230319:0503,8.17,85.23,3.63,14.15,22.98,1.24,0.0
20230319:0603,43.53,162.69,9.55,27.22,25.88,1.45,0.0
20230319:0703,176.36,84.74,18.48,39.75,27.55,0.62,0.0
20230319:0803,94.47,273.74,18.22,51.11,29.45,1.59,0.0
20230319:0903,235.87,126.21,25.48,59.81,31.03,1.93,0.0
20230319:1003,273.69,90.74,27.33,63.11,32.22,1.93,0.0
20230319:1103,252.66,99.84,25.86,59.19,33.04,2.0,0.0
20230319:1203,218.07,96.7,22.67,50.14,33.39,2.41,0.0
20230319:1303,168.05,87.64,17.87,38.64,33.01,2.97,0.0
20230319:1403,99.73,81.59,11.57,26.03,31.92,3.38,0.0
20230319:1503,36.3,55.78,4.98,12.93,30.16,3.38,0.0
20230319:1603,0.0,0.0,0.0,0.0,28.1,2.69,0.0
20230319:1703,0.0,0.0,0.0,0.0,26.54,2.41,0.0
20230319:1803,0.0,0.0,0.0,0.0,25.52,1.66,0.0
20230319:1903,0.0,0.0,0.0,0.0,25.14,0.97,0.0
20230319:2003,0.0,0.0,0.0,0.0,24.41,0.83,0.0
20230319:2103,0.0,0.0,0.0,0.0,24.05,0.83,0.0
20230319:2203,0.0,0.0,0.0,0.0,23.34,1.1,0.0
20230319:2303,0.0,0.0,0.0,0.0,22.69,1.45,0.0
20230320:0003,0.0,0.0,0.0,0.0,22.49,1.66,0.0
20230320:0103,0.0,0.0,0.0,0.0,22.36,1.72,0.0
20230320:0203,0.0,0.0,0.0,0.0,22.47,1.79,0.0
20230320:0303,0.0,0.0,0.0,0.0,22.62,1.66,0.0
20230320:0403,0.0,0.0,0.0,0.0,22.96,2.0,0.0
20230320:0503,0.0,44.34,1.52,14.03,23.92,3.1,0.0
20230320:0603,0.0,75.89,2.61,27.08,25.48,3.24,0.0
20230320:0703,8.24,239.08,8.99,39.58,27.06,1.93,0.0
20230320:0803,112.45,245.23,19.1,50.87,28.36,2.0,0.0
20230320:0903,192.86,179.59,24.11,59.49,29.73,2.21,0.0
20230320:1003,144.87,264.43,22.82,62.71,30.89,2.21,0.0
20230320:1103,164.78,217.02,22.93,58.8,32.01,2.34,0.0
20230320:1203,132.69,210.08,19.71,49.81,32.64,2.48,0.0
20230320:1303,42.94,241.26,12.39,38.35,32.81,2.9,0.0
20230320:1403,12.07,164.66,6.8,25.77,32.27,3.24,0.0
20230320:1503,15.74,72.88,3.95,12.68,30.85,3.52,0.0
20230320:1603,0.0,0.0,0.0,0.0,28.72,3.45,0.0
20230320:1703,0.0,0.0,0.0,0.0,26.78,3.24,0.0
20230320:1803,0.0,0.0,0.0,0.0,25.46,2.97,0.0
20230320:1903,0.0,0.0,0.0,0.0,24.8,2.62,0.0
20230320:2003,0.0,0.0,0.0,0.0,24.04,2.34,0.0
20230320:2103,0.0,0.0,0.0,0.0,23.38,2.28,0.0
20230320:2203,0.0,0.0,0.0,0.0,22.79,2.41,0.0
20230320:2303,0.0,0.0,0.0,0.0,22.41,2.55,0.0
20230321:0003,0.0,0.0,0.0,0.0,22.06,2.55,0.0
20230321:0103,0.0,0.0,0.0,0.0,21.83,2.55,0.0
20230321:0203,0.0,0.0,0.0,0.0,21.58,2.41,0.0
20230321:0303,0.0,0.0,0.0,0.0,21.35,2.34,0.0
20230321:0403,0.0,0.0,0.0,0.0,21.3,2.41,0.0
20230321:0503,28.04,68.42,5.13,13.91,22.01,2.69,0.0
20230321:0603,99.46,80.01,12.18,26.94,23.6,3.1,0.0
20230321:0703,0.0,0.0,0.0,0.0,26.58,3.24,0.0
20230321:0803,0.0,0.0,0.0,0.0,28.66,3.17,0.0
20230321:0903,268.26,71.25,26.95,59.16,30.66,2.97,0.0
20230321:1003,264.65,87.78,27.33,62.31,32.33,2.83,0.0
20230321:1103,248.06,90.94,25.98,58.42,33.52,2.69,0.0
20230321:1203,212.47,89.77,22.76,49.47,34.16,2.48,0.0
20230321:1303,161.62,81.48,17.87,38.05,34.17,2.55,0.0
20230321:1403,93.7,76.06,11.51,25.5,33.32,3.31,0.0
20230321:1503,31.14,51.39,4.83,12.42,31.31,3.79,0.0
20230321:1603,0.0,0.0,0.0,0.0,28.62,3.86,0.0
20230321:1703,0.0,0.0,0.0,0.0,26.39,3.45,0.0
20230321:1803,0.0,0.0,0.0,0.0,24.97,2.69,0.0
20230321:1903,0.0,0.0,0.0,0.0,24.05,2.62,0.0
20230321:2003,0.0,0.0,0.0,0.0,23.23,2.48,0.0
20230321:2103,0.0,0.0,0.0,0.0,22.55,2.41,0.0
20230321:2203,0.0,0.0,0.0,0.0,21.97,2.21,0.0
20230321:2303,0.0,0.0,0.0,0.0,21.4,1.86,0.0
20230322:0003,0.0,0.0,0.0,0.0,20.67,1.52,0.0
20230322:0103,0.0,0.0,0.0,0.0,20.4,1.24,0.0
20230322:0203,0.0,0.0,0.0,0.0,20.66,1.03,0.0
20230322:0303,0.0,0.0,0.0,0.0,20.6,1.03,0.0
20230322:0403,0.0,0.0,0.0,0.0,20.32,1.1,0.0
20230322:0503,2.12,76.11,2.84,13.79,21.22,1.1,0.0
20230322:0603,23.71,171.97,8.35,26.8,24.35,1.86,0.0
20230322:0703,0.0,0.0,0.0,0.0,25.87,0.69,0.0
20230322:0803,164.29,159.01,21.44,50.4,27.31,1.03,0.0
20230322:0903,193.55,165.02,24.37,58.84,28.59,1.03,0.0
20230322:1003,136.31,266.59,22.64,61.92,29.69,1.1,0.0
20230322:1103,161.85,208.9,23.02,58.03,30.51,1.31,0.0
20230322:1203,170.09,141.38,21.32,49.14,30.96,1.66,0.0
20230322:1303,144.57,96.04,17.28,37.76,30.85,2.21,0.0
20230322:1403,78.54,89.45,10.92,25.23,30.51,2.76,0.0
20230322:1503,25.33,53.15,4.57,12.17,29.07,3.38,0.0
20230322:1603,0.0,0.0,0.0,0.0,27.08,3.17,0.0
20230322:1703,0.0,0.0,0.0,0.0,25.47,2.9,0.0
20230322:1803,0.0,0.0,0.0,0.0,24.49,2.28,0.0
20230322:1903,0.0,0.0,0.0,0.0,24.2,2.07,0.0
20230322:2003,0.0,0.0,0.0,0.0,23.54,1.45,0.0
20230322:2103,0.0,0.0,0.0,0.0,22.8,1.03,0.0
20230322:2203,0.0,0.0,0.0,0.0,22.61,0.9,0.0
20230322:2303,0.0,0.0,0.0,0.0,22.47,0.83,0.0
20230323:0003,0.0,0.0,0.0,0.0,22.05,0.97,0.0
20230323:0103,0.0,0.0,0.0,0.0,21.96,0.97,0.0
20230323:0203,0.0,0.0,0.0,0.0,21.94,0.9,0.0
20230323:0303,0.0,0.0,0.0,0.0,22.22,0.76,0.0
20230323:0403,0.0,0.0,0.0,0.0,22.19,0.69,0.0
20230323:0503,25.14,62.98,5.1,13.67,22.18,0.55,0.0
20230323:0603,89.35,79.15,11.92,26.66,24.11,0.62,0.0
20230323:0703,117.4,140.73,16.72,39.05,25.12,0.48,0.0
20230323:0803,178.69,127.22,21.97,50.16,27.06,0.48,0.0
20230323:0903,176.5,181.0,23.72,58.51,28.3,1.1,0.0
20230323:1003,215.62,136.7,25.72,61.52,29.42,1.45,0.0
20230323:1103,137.31,236.62,21.97,57.65,30.04,1.72,0.0
20230323:1203,96.62,242.73,18.22,48.8,30.79,2.14,0.0
20230323:1303,14.56,238.89,9.72,37.46,31.03,2.69,0.0
20230323:1403,23.57,156.9,7.94,24.96,29.89,3.52,0.0
20230323:1503,8.66,69.79,3.46,11.91,27.97,4.0,0.0
20230323:1603,0.0,0.0,0.0,0.0,25.93,3.66,0.0
20230323:1703,0.0,0.0,0.0,0.0,24.62,2.97,0.0
20230323:1803,0.0,0.0,0.0,0.0,24.03,2.28,0.0
20230323:1903,0.0,0.0,0.0,0.0,23.54,1.72,0.0
20230323:2003,0.0,0.0,0.0,0.0,23.13,1.31,0.0
20230323:2103,0.0,0.0,0.0,0.0,22.64,1.03,0.0
20230323:2203,0.0,0.0,0.0,0.0,22.23,0.97,0.0
20230323:2303,0.0,0.0,0.0,0.0,22.0,1.03,0.0
20230324:0003,0.0,0.0,0.0,0.0,22.26,0.97,0.0
20230324:0103,0.0,0.0,0.0,0.0,22.03,0.69,0.0
20230324:0203,0.0,0.0,0.0,0.0,22.27,0.07,0.0
20230324:0303,0.0,0.0,0.0,0.0,22.12,0.21,0.0
20230324:0403,0.0,0.0,0.0,0.0,21.7,0.48,0.0
20230324:0503,18.13,69.02,4.72,13.55,22.04,0.62,0.0
20230324:0603,84.85,76.58,11.75,26.52,22.98,0.69,0.0
20230324:0703,40.1,240.08,12.57,38.87,24.97,0.21,0.0
20230324:0803,24.19,310.98,13.24,49.92,26.15,0.48,0.0
20230324:0903,63.98,331.45,18.1,58.18,27.32,1.1,0.0
20230324:1003,184.75,172.01,24.52,61.12,28.24,1.79,0.0
20230324:1103,36.71,345.52,15.73,57.26,29.11,2.28,0.0
20230324:1203,0.0,113.41,3.9,48.46,28.64,2.9,0.0
20230324:1303,0.0,159.46,5.48,37.16,27.76,3.1,0.0
20230324:1403,0.0,48.61,1.67,24.69,26.18,2.97,0.0
20230324:1503,0.24,49.38,1.73,11.66,25.54,2.76,0.0
20230324:1603,0.0,0.0,0.0,0.0,24.62,1.66,0.0
20230324:1703,0.0,0.0,0.0,0.0,24.26,1.31,0.0
20230324:1803,0.0,0.0,0.0,0.0,24.1,1.24,0.0
20230324:1903,0.0,0.0,0.0,0.0,23.92,1.24,0.0
20230324:2003,0.0,0.0,0.0,0.0,23.37,0.76,0.0
20230324:2103,0.0,0.0,0.0,0.0,23.35,0.69,0.0
20230324:2203,0.0,0.0,0.0,0.0,22.5,1.03,0.0
20230324:2303,0.0,0.0,0.0,0.0,22.36,1.24,0.0
20230325:0003,0.0,0.0,0.0,0.0,22.28,1.38,0.0
20230325:0103,0.0,0.0,0.0,0.0,22.3,1.38,0.0
20230325:0203,0.0,0.0,0.0,0.0,22.29,1.31,0.0
20230325:0303,0.0,0.0,0.0,0.0,22.27,1.17,0.0
20230325:0403,0.0,0.0,0.0,0.0,22.46,1.31,0.0
20230325:0503,0.0,52.02,1.79,13.43,22.98,1.45,0.0
20230325:0603,1.42,135.98,4.83,26.38,23.71,2.07,0.0
20230325:0703,24.87,246.9,11.25,38.69,25.29,3.17,0.0
20230325:0803,147.61,155.26,20.77,49.68,27.19,4.0,0.0
20230325:0903,64.21,326.29,18.1,57.85,28.67,4.48,0.0
20230325:1003,21.77,356.06,14.56,60.73,29.17,4.55,0.0
20230325:1103,74.99,309.08,18.66,56.87,30.18,4.69,0.0
20230325:1203,7.96,279.51,10.46,48.12,30.27,4.9,0.0
20230325:1303,1.49,189.71,6.68,36.86,30.0,4.83,0.0
20230325:1403,3.07,137.88,5.1,24.42,29.34,4.55,0.0
20230325:1503,0.0,35.82,1.23,11.4,28.35,3.79,0.0
20230325:1603,0.0,0.0,0.0,0.0,27.25,3.45,0.0
20230325:1703,0.0,0.0,0.0,0.0,26.31,3.17,0.0
20230325:1803,0.0,0.0,0.0,0.0,25.53,3.17,0.0
20230325:1903,0.0,0.0,0.0,0.0,24.28,3.31,0.0
20230325:2003,0.0,0.0,0.0,0.0,23.86,3.52,0.0
20230325:2103,0.0,0.0,0.0,0.0,23.44,3.59,0.0
20230325:2203,0.0,0.0,0.0,0.0,23.2,3.79,0.0
20230325:2303,0.0,0.0,0.0,0.0,23.03,3.66,0.0
20230326:0003,0.0,0.0,0.0,0.0,22.85,3.59,0.0
20230326:0103,0.0,0.0,0.0,0.0,22.9,3.72,0.0
20230326:0203,0.0,0.0,0.0,0.0,22.77,3.72,0.0
20230326:0303,0.0,0.0,0.0,0.0,22.69,3.66,0.0
20230326:0403,0.0,0.0,0.0,0.0,22.61,3.59,0.0
20230326:0503,0.0,52.02,1.79,13.3,23.3,3.1,0.0
20230326:0603,45.98,129.81,10.08,26.24,24.99,4.14,0.0
20230326:0703,46.22,227.58,13.12,38.51,27.51,3.93,0.0
20230326:0803,178.85,97.32,22.08,49.43,29.74,3.31,0.0
20230326:0903,216.17,89.76,25.25,57.53,31.4,1.86,0.0
20230326:1003,112.73,271.53,21.53,60.33,32.48,3.45,0.0
20230326:1103,1.21,260.59,9.08,56.49,30.25,5.52,0.0
20230326:1203,78.51,249.21,17.28,47.78,28.39,5.93,0.0
20230326:1303,29.71,230.51,11.36,36.56,27.62,6.07,0.0
20230326:1403,7.68,150.9,6.15,24.14,26.8,5.38,0.0
20230326:1503,0.54,53.4,1.93,11.14,25.85,5.38,0.0
20230326:1603,0.0,0.0,0.0,0.0,24.41,4.97,0.0
20230326:1703,0.0,0.0,0.0,0.0,23.18,5.38,0.0
20230326:1803,0.0,0.0,0.0,0.0,22.44,4.9,0.0
20230326:1903,0.0,0.0,0.0,0.0,22.18,4.41,0.0
20230326:2003,0.0,0.0,0.0,0.0,21.86,4.48,0.0
20230326:2103,0.0,0.0,0.0,0.0,21.4,4.69,0.0
20230326:2203,0.0,0.0,0.0,0.0,20.86,4.76,0.0
20230326:2303,0.0,0.0,0.0,0.0,20.45,4.28,0.0
20230327:0003,0.0,0.0,0.0,0.0,20.06,4.28,0.0
20230327:0103,0.0,0.0,0.0,0.0,19.74,4.41,0.0
20230327:0203,0.0,0.0,0.0,0.0,19.46,4.41,0.0
20230327:0303,0.0,0.0,0.0,0.0,19.25,4.48,0.0
20230327:0403,0.0,0.0,0.0,0.0,19.06,4.55,0.0
20230327:0503,0.0,15.35,0.53,13.18,19.13,4.76,0.0
20230327:0603,0.26,122.71,4.25,26.09,19.73,5.79,0.0
20230327:0703,23.38,250.38,11.39,38.33,20.55,7.17,0.0
20230327:0803,163.36,121.14,21.97,49.19,21.37,6.69,0.0
20230327:0903,63.26,329.06,18.45,57.2,22.41,6.62,0.0
20230327:1003,41.75,360.9,17.1,59.94,23.54,6.34,0.0
20230327:1103,0.3,232.72,8.03,56.1,24.28,5.93,0.0
20230327:1203,18.62,301.65,12.51,47.44,24.65,5.66,0.0
20230327:1303,6.69,223.2,8.46,36.26,24.3,5.24,0.0
20230327:1403,21.3,147.55,7.94,23.87,23.91,5.03,0.0
20230327:1503,0.89,57.22,2.17,10.89,22.83,4.62,0.0
20230327:1603,0.0,0.0,0.0,0.0,21.36,4.0,0.0
20230327:1703,0.0,0.0,0.0,0.0,20.28,3.72,0.0
20230327:1803,0.0,0.0,0.0,0.0,19.42,3.17,0.0
20230327:1903,0.0,0.0,0.0,0.0,19.01,2.69,0.0
20230327:2003,0.0,0.0,0.0,0.0,18.43,2.28,0.0
20230327:2103,0.0,0.0,0.0,0.0,17.69,2.0,0.0
20230327:2203,0.0,0.0,0.0,0.0,16.99,1.79,0.0
20230327:2303,0.0,0.0,0.0,0.0,16.5,1.66,0.0
20230328:0003,0.0,0.0,0.0,0.0,15.99,1.66,0.0
20230328:0103,0.0,0.0,0.0,0.0,15.42,1.59,0.0
20230328:0203,0.0,0.0,0.0,0.0,15.08,1.45,0.0
20230328:0303,0.0,0.0,0.0,0.0,15.13,1.38,0.0
20230328:0403,0.0,0.0,0.0,0.0,14.59,1.45,0.0
20230328:0503,16.2,50.61,5.21,13.06,15.75,1.17,0.0
20230328:0603,75.18,66.15,12.1,25.95,19.8,1.38,0.0
20230328:0703,137.14,72.22,18.31,38.15,22.07,2.07,0.0
20230328:0803,197.68,61.81,23.61,48.94,23.67,2.83,0.0
20230328:0903,222.11,73.19,26.24,56.86,25.16,3.24,0.0
20230328:1003,241.29,61.34,27.56,59.54,26.57,3.52,0.0
20230328:1103,209.14,84.14,25.42,55.71,27.72,3.72,0.0
20230328:1203,176.73,77.99,22.2,47.1,28.46,3.72,0.0
20230328:1303,122.73,76.36,17.05,35.96,28.81,3.66,0.0
20230328:1403,57.35,75.59,10.49,23.6,28.57,3.79,0.0
20230328:1503,7.65,46.21,3.87,10.63,27.76,3.66,0.0
20230328:1603,0.0,0.0,0.0,0.0,26.03,3.1,0.0
20230328:1703,0.0,0.0,0.0,0.0,24.41,3.31,0.0
20230328:1803,0.0,0.0,0.0,0.0,23.11,3.45,0.0
20230328:1903,0.0,0.0,0.0,0.0,22.34,3.17,0.0
20230328:2003,0.0,0.0,0.0,0.0,21.69,3.03,0.0
20230328:2103,0.0,0.0,0.0,0.0,21.26,3.03,0.0
20230328:2203,0.0,0.0,0.0,0.0,20.97,3.1,0.0
20230328:2303,0.0,0.0,0.0,0.0,20.76,3.24,0.0
20230329:0003,0.0,0.0,0.0,0.0,20.58,3.24,0.0
20230329:0103,0.0,0.0,0.0,0.0,20.29,3.03,0.0
20230329:0203,0.0,0.0,0.0,0.0,19.95,2.9,0.0
20230329:0303,0.0,0.0,0.0,0.0,19.58,2.83,0.0
20230329:0403,0.0,0.0,0.0,0.0,19.21,2.76,0.0
20230329:0503,10.26,58.98,4.72,12.94,19.97,2.48,0.0
20230329:0603,63.78,75.55,11.48,25.81,22.74,2.9,0.0
20230329:0703,124.66,78.77,17.66,37.96,25.78,2.97,0.0
20230329:0803,169.22,88.14,22.2,48.7,28.78,2.83,0.0
20230329:0903,108.64,247.17,21.18,56.53,31.11,2.14,0.0
20230329:1003,90.71,291.83,20.65,59.15,32.77,0.69,0.0
20230329:1103,106.35,243.65,20.82,55.33,32.71,2.9,0.0
20230329:1203,103.3,189.98,18.86,46.76,31.26,3.31,0.0
20230329:1303,115.14,75.22,16.64,35.66,29.5,4.41,0.0
20230329:1403,50.87,76.0,10.1,23.32,28.11,4.9,0.0
20230329:1503,1.89,58.3,2.84,10.37,26.23,4.69,0.0
20230329:1603,0.0,0.0,0.0,0.0,24.52,4.0,0.0
20230329:1703,0.0,0.0,0.0,0.0,23.55,4.28,0.0
20230329:1803,0.0,0.0,0.0,0.0,22.7,4.14,0.0
20230329:1903,0.0,0.0,0.0,0.0,22.07,3.79,0.0
20230329:2003,0.0,0.0,0.0,0.0,21.54,3.93,0.0
20230329:2103,0.0,0.0,0.0,0.0,21.17,3.66,0.0
20230329:2203,0.0,0.0,0.0,0.0,20.97,2.76,0.0
20230329:2303,0.0,0.0,0.0,0.0,20.76,3.1,0.0
20230330:0003,0.0,0.0,0.0,0.0,20.51,2.97,0.0
20230330:0103,0.0,0.0,0.0,0.0,20.33,2.9,0.0
20230330:0203,0.0,0.0,0.0,0.0,20.31,2.62,0.0
20230330:0303,0.0,0.0,0.0,0.0,20.23,2.34,0.0
20230330:0403,0.0,0.0,0.0,0.0,20.31,2.48,0.0
20230330:0503,0.0,17.91,0.62,12.82,20.45,2.9,0.0
20230330:0603,0.0,46.05,1.58,25.66,21.11,3.45,0.0
20230330:0703,0.0,118.53,4.07,37.78,21.56,3.38,0.0
20230330:0803,13.5,297.26,11.89,48.45,22.27,3.38,0.0
20230330:0903,49.85,326.13,17.28,56.2,22.88,3.38,0.0
20230330:1003,1.95,285.81,10.05,58.76,23.54,3.24,0.0
20230330:1103,2.48,277.06,9.81,54.94,24.28,3.24,0.0
20230330:1203,1.61,234.75,8.26,46.42,24.43,3.03,0.0
20230330:1303,82.8,123.58,15.08,35.36,24.39,2.97,0.0
20230330:1403,0.0,52.87,1.82,23.05,24.15,3.17,0.0
20230330:1503,1.03,55.37,2.78,10.12,23.25,3.24,0.0
20230330:1603,0.0,0.0,0.0,0.0,22.23,2.76,0.0
20230330:1703,0.0,0.0,0.0,0.0,21.53,2.62,0.0
20230330:1803,0.0,0.0,0.0,0.0,21.19,2.76,0.0
20230330:1903,0.0,0.0,0.0,0.0,20.92,2.83,0.0
20230330:2003,0.0,0.0,0.0,0.0,20.59,2.97,0.0
20230330:2103,0.0,0.0,0.0,0.0,20.29,3.03,0.0
20230330:2203,0.0,0.0,0.0,0.0,20.06,2.97,0.0
20230330:2303,0.0,0.0,0.0,0.0,19.87,2.9,0.0
20230331:0003,0.0,0.0,0.0,0.0,19.66,2.55,0.0
20230331:0103,0.0,0.0,0.0,0.0,19.59,2.28,0.0
20230331:0203,0.0,0.0,0.0,0.0,19.47,2.14,0.0
20230331:0303,0.0,0.0,0.0,0.0,19.36,2.0,0.0
20230331:0403,0.0,0.0,0.0,0.0,19.21,2.0,0.0
20230331:0503,0.0,12.79,0.44,12.7,19.55,2.07,0.0
20230331:0603,0.0,66.51,2.28,25.52,20.34,2.28,0.0
20230331:0703,5.15,224.23,8.41,37.59,21.91,3.1,0.0
20230331:0803,1.84,245.71,8.67,48.2,22.43,2.48,0.0
20230331:0903,0.0,144.11,4.95,55.87,22.18,2.07,0.0
20230331:1003,0.0,223.42,7.67,58.36,21.27,1.38,0.0
20230331:1103,3.77,289.23,10.4,54.56,21.16,1.52,0.0
20230331:1203,38.44,278.55,14.59,46.08,21.63,1.66,0.0
20230331:1303,5.98,213.42,8.17,35.06,22.34,1.24,0.0
20230331:1403,0.38,111.49,3.9,22.78,22.65,0.48,0.0
20230331:1503,0.02,52.54,2.05,9.86,22.52,0.55,0.0
20230331:1603,0.0,0.0,0.0,0.0,22.19,0.62,0.0
20230331:1703,0.0,0.0,0.0,0.0,21.79,0.83,0.0
20230331:1803,0.0,0.0,0.0,0.0,21.46,0.62,0.0
20230331:1903,0.0,0.0,0.0,0.0,20.59,1.03,0.0
20230331:2003,0.0,0.0,0.0,0.0,20.57,0.76,0.0
20230331:2103,0.0,0.0,0.0,0.0,20.85,0.48,0.0
20230331:2203,0.0,0.0,0.0,0.0,20.76,0.41,0.0
20230331:2303,0.0,0.0,0.0,0.0,20.61,0.28,0.0
20230401:0003,0.0,0.0,0.0,0.0,20.44,0.41,0.0
20230401:0103,0.0,0.0,0.0,0.0,20.31,0.48,0.0
20230401:0203,0.0,0.0,0.0,0.0,19.85,0.69,0.0
20230401:0303,0.0,0.0,0.0,0.0,20.11,0.41,0.0
20230401:0403,0.0,0.0,0.0,0.0,20.06,0.21,0.0
20230401:0503,2.69,64.12,4.1,12.58,20.31,0.48,0.0
20230401:0603,43.12,92.69,10.6,25.37,21.82,0.69,0.0
20230401:0703,101.24,90.06,16.84,37.4,24.08,0.62,0.0
20230401:0803,159.08,73.38,22.05,47.95,25.82,1.03,0.0
20230401:0903,126.43,187.78,22.17,55.54,26.9,1.31,0.0
20230401:1003,4.78,308.32,11.19,57.97,27.79,1.66,0.0
20230401:1103,0.0,214.89,7.38,54.18,28.12,2.21,0.0
20230401:1203,0.0,169.7,5.83,45.74,27.56,2.69,0.0
20230401:1303,15.36,221.65,9.9,34.76,25.56,2.48,0.0
20230401:1403,5.77,140.87,5.98,22.51,25.53,2.55,0.0
20230401:1503,0.0,51.2,1.93,9.6,25.07,2.76,0.0
20230401:1603,0.0,0.0,0.0,0.0,23.92,1.93,0.0
20230401:1703,0.0,0.0,0.0,0.0,23.35,1.72,0.0
20230401:1803,0.0,0.0,0.0,0.0,22.7,1.45,0.0
20230401:1903,0.0,0.0,0.0,0.0,22.13,1.03,0.0
20230401:2003,0.0,0.0,0.0,0.0,21.78,0.62,0.0
20230401:2103,0.0,0.0,0.0,0.0,22.02,0.28,0.0
20230401:2203,0.0,0.0,0.0,0.0,21.83,0.21,0.0
20230401:2303,0.0,0.0,0.0,0.0,21.56,0.41,0.0
20230402:0003,0.0,0.0,0.0,0.0,21.33,0.41,0.0
20230402:0103,0.0,0.0,0.0,0.0,21.26,0.41,0.0
20230402:0203,0.0,0.0,0.0,0.0,20.94,0.62,0.0
20230402:0303,0.0,0.0,0.0,0.0,20.52,0.76,0.0
20230402:0403,0.0,0.0,0.0,0.0,20.53,0.69,0.0
20230402:0503,1.42,58.86,4.28,12.46,21.05,0.55,0.0
20230402:0603,41.39,86.93,10.63,25.22,23.15,0.97,0.0
20230402:0703,100.21,81.78,16.93,37.22,25.1,1.66,0.0
20230402:0803,155.35,69.98,22.05,47.69,26.8,2.41,0.0
20230402:0903,178.07,81.15,24.52,55.21,28.1,2.55,0.0
20230402:1003,179.65,93.26,25.04,57.59,28.97,2.76,0.0
20230402:1103,160.47,103.08,23.49,53.8,29.38,3.1,0.0
20230402:1203,39.25,270.03,14.76,45.4,29.91,3.38,0.0
20230402:1303,62.82,135.42,14.18,34.46,29.95,3.59,0.0
20230402:1403,35.27,65.66,9.55,22.23,28.63,3.31,0.0
20230402:1503,0.0,45.77,1.73,9.35,27.77,3.38,0.0
20230402:1603,0.0,0.0,0.0,0.0,25.92,2.97,0.0
20230402:1703,0.0,0.0,0.0,0.0,24.65,3.17,0.0
20230402:1803,0.0,0.0,0.0,0.0,23.63,3.24,0.0
20230402:1903,0.0,0.0,0.0,0.0,23.09,3.1,0.0
20230402:2003,0.0,0.0,0.0,0.0,22.49,2.9,0.0
20230402:2103,0.0,0.0,0.0,0.0,22.05,2.83,0.0
20230402:2203,0.0,0.0,0.0,0.0,21.88,2.83,0.0
20230402:2303,0.0,0.0,0.0,0.0,21.73,2.9,0.0
20230403:0003,0.0,0.0,0.0,0.0,21.72,3.17,0.0
20230403:0103,0.0,0.0,0.0,0.0,21.74,3.24,0.0
20230403:0203,0.0,0.0,0.0,0.0,21.78,3.31,0.0
20230403:0303,0.0,0.0,0.0,0.0,21.67,3.31,0.0
20230403:0403,0.0,0.0,0.0,0.0,21.59,3.31,0.0
20230403:0503,0.0,55.08,2.08,12.34,21.84,3.17,0.0
20230403:0603,48.07,57.28,11.33,25.08,22.94,5.31,0.0
20230403:0703,21.52,231.06,11.33,37.03,25.2,5.93,0.0
20230403:0803,104.54,156.02,19.65,47.44,27.46,5.31,0.0
20230403:0903,171.08,81.58,24.28,54.87,29.51,5.03,0.0
20230403:1003,184.09,74.73,25.34,57.2,31.23,4.9,0.0
20230403:1103,165.96,80.59,23.75,53.42,32.5,4.69,0.0
20230403:1203,132.94,77.86,20.47,45.06,33.19,4.48,0.0
20230403:1303,79.23,85.5,15.2,34.16,33.46,4.41,0.0
20230403:1403,31.92,61.25,9.46,21.96,33.31,4.34,0.0
20230403:1503,0.0,48.1,1.82,9.1,31.98,2.97,0.0
20230403:1603,0.0,0.0,0.0,0.0,30.19,1.17,0.0
20230403:1703,0.0,0.0,0.0,0.0,28.24,0.69,0.0
20230403:1803,0.0,0.0,0.0,0.0,26.64,0.76,0.0
20230403:1903,0.0,0.0,0.0,0.0,23.72,2.07,0.0
20230403:2003,0.0,0.0,0.0,0.0,22.93,3.93,0.0
20230403:2103,0.0,0.0,0.0,0.0,21.97,3.72,0.0
20230403:2203,0.0,0.0,0.0,0.0,21.69,3.31,0.0
20230403:2303,0.0,0.0,0.0,0.0,21.41,3.17,0.0
20230404:0003,0.0,0.0,0.0,0.0,20.95,3.45,0.0
20230404:0103,0.0,0.0,0.0,0.0,20.72,3.72,0.0
20230404:0203,0.0,0.0,0.0,0.0,20.48,3.72,0.0
20230404:0303,0.0,0.0,0.0,0.0,20.33,4.0,0.0
20230404:0403,0.0,0.0,0.0,0.0,20.21,3.93,0.0
20230404:0503,0.0,42.67,1.61,12.22,20.52,3.38,0.0
20230404:0603,44.45,56.21,11.39,24.93,21.31,4.14,0.0
20230404:0703,99.64,64.33,17.4,36.84,23.06,5.17,0.0
20230404:0803,30.64,289.36,14.47,47.19,24.23,5.52,0.0
20230404:0903,142.33,129.02,23.31,54.54,24.87,5.24,0.0
20230404:1003,29.95,342.27,15.93,56.81,25.82,4.76,0.0
20230404:1103,132.31,138.53,22.55,53.04,26.76,4.41,0.0
20230404:1203,71.45,200.12,17.43,44.72,26.76,4.48,0.0
20230404:1303,59.0,125.71,14.23,33.86,25.02,4.55,0.0
20230404:1403,28.57,58.6,9.49,21.69,24.2,4.28,0.0
20230404:1503,0.0,40.34,1.52,8.84,23.51,3.86,0.0
20230404:1603,0.0,0.0,0.0,0.0,22.41,3.31,0.0
20230404:1703,0.0,0.0,0.0,0.0,21.65,3.31,0.0
20230404:1803,0.0,0.0,0.0,0.0,21.03,3.03,0.0
20230404:1903,0.0,0.0,0.0,0.0,20.48,2.83,0.0
20230404:2003,0.0,0.0,0.0,0.0,20.05,2.9,0.0
20230404:2103,0.0,0.0,0.0,0.0,19.79,2.76,0.0
20230404:2203,0.0,0.0,0.0,0.0,19.66,2.76,0.0
20230404:2303,0.0,0.0,0.0,0.0,19.44,2.97,0.0
20230405:0003,0.0,0.0,0.0,0.0,19.1,2.97,0.0
20230405:0103,0.0,0.0,0.0,0.0,18.81,2.83,0.0
20230405:0203,0.0,0.0,0.0,0.0,18.41,2.55,0.0
20230405:0303,0.0,0.0,0.0,0.0,17.97,2.34,0.0
20230405:0403,0.0,0.0,0.0,0.0,17.52,2.28,0.0
20230405:0503,0.0,51.98,1.96,12.09,18.0,1.86,0.0
20230405:0603,40.61,55.79,11.45,24.78,20.45,3.1,0.0
20230405:0703,96.32,61.81,17.52,36.64,22.63,3.66,0.0
20230405:0803,144.8,61.82,22.32,46.93,24.34,3.66,0.0
20230405:0903,165.66,76.75,24.69,54.21,25.74,3.52,0.0
20230405:1003,173.56,77.05,25.45,56.43,26.63,3.45,0.0
20230405:1103,119.51,157.09,22.14,52.66,27.27,3.45,0.0
20230405:1203,112.97,101.05,20.06,44.38,27.31,3.52,0.0
20230405:1303,77.18,69.9,15.64,33.56,27.42,3.72,0.0
20230405:1403,24.5,58.35,9.46,21.42,26.24,3.86,0.0
20230405:1503,0.0,40.34,1.52,8.59,24.92,3.72,0.0
20230405:1603,0.0,0.0,0.0,0.0,23.14,3.1,0.0
20230405:1703,0.0,0.0,0.0,0.0,21.95,2.83,0.0
20230405:1803,0.0,0.0,0.0,0.0,21.11,2.62,0.0
20230405:1903,0.0,0.0,0.0,0.0,20.59,2.48,0.0
20230405:2003,0.0,0.0,0.0,0.0,20.04,2.34,0.0
20230405:2103,0.0,0.0,0.0,0.0,19.65,2.28,0.0
20230405:2203,0.0,0.0,0.0,0.0,19.2,2.14,0.0
20230405:2303,0.0,0.0,0.0,0.0,19.02,2.07,0.0
20230406:0003,0.0,0.0,0.0,0.0,19.04,2.07,0.0
20230406:0103,0.0,0.0,0.0,0.0,18.96,2.14,0.0
20230406:0203,0.0,0.0,0.0,0.0,18.88,2.07,0.0
20230406:0303,0.0,0.0,0.0,0.0,18.63,1.93,0.0
20230406:0403,0.0,0.0,0.0,0.0,18.39,1.86,0.0
20230406:0503,0.0,50.43,1.9,11.97,18.84,1.52,0.0
20230406:0603,23.6,101.3,9.93,24.63,21.51,2.41,0.0
20230406:0703,69.6,110.25,15.9,36.45,22.73,3.66,0.0
20230406:0803,113.18,109.41,20.62,46.68,24.19,3.45,0.0
20230406:0903,110.41,174.12,21.88,53.88,24.86,3.45,0.0
20230406:1003,94.87,223.71,21.38,56.04,25.7,3.52,0.0
20230406:1103,0.0,130.47,4.48,52.29,25.95,3.52,0.0
20230406:1203,60.58,206.96,16.84,44.05,26.19,3.45,0.0
20230406:1303,48.21,131.64,13.71,33.27,26.27,3.31,0.0
20230406:1403,9.71,110.8,7.53,21.15,25.55,3.17,0.0
20230406:1503,0.0,38.79,1.46,8.34,24.62,3.1,0.0
20230406:1603,0.0,0.0,0.0,0.0,23.01,2.55,0.0
20230406:1703,0.0,0.0,0.0,0.0,21.75,2.14,0.0
20230406:1803,0.0,0.0,0.0,0.0,20.89,1.59,0.0
20230406:1903,0.0,0.0,0.0,0.0,19.86,1.59,0.0
20230406:2003,0.0,0.0,0.0,0.0,18.93,1.59,0.0
20230406:2103,0.0,0.0,0.0,0.0,18.18,1.59,0.0
20230406:2203,0.0,0.0,0.0,0.0,17.98,1.45,0.0
20230406:2303,0.0,0.0,0.0,0.0,17.73,1.31,0.0
20230407:0003,0.0,0.0,0.0,0.0,17.73,1.17,0.0
20230407:0103,0.0,0.0,0.0,0.0,17.43,1.17,0.0
20230407:0203,0.0,0.0,0.0,0.0,17.15,1.24,0.0
20230407:0303,0.0,0.0,0.0,0.0,16.99,1.31,0.0
20230407:0403,0.0,0.0,0.0,0.0,16.58,1.52,0.0
20230407:0503,0.0,49.65,1.87,11.85,17.69,1.24,0.0
20230407:0603,31.54,53.93,11.13,24.48,21.56,1.31,0.0
20230407:0703,84.07,62.24,17.05,36.26,24.15,1.86,0.0
20230407:0803,130.69,62.32,21.76,46.42,26.03,1.17,0.0
20230407:0903,155.48,69.77,24.34,53.55,27.57,0.48,0.0
20230407:1003,160.77,74.15,24.95,55.66,28.93,0.48,0.0
20230407:1103,145.11,76.44,23.46,51.92,29.93,0.69,0.0
20230407:1203,114.16,70.15,20.24,43.72,30.57,0.9,0.0
20230407:1303,66.29,66.75,15.17,32.97,30.68,1.1,0.0
20230407:1403,16.12,54.09,9.11,20.89,30.27,1.52,0.0
20230407:1503,0.0,38.01,1.44,8.09,29.11,2.07,0.0
20230407:1603,0.0,0.0,0.0,0.0,26.72,2.21,0.0
20230407:1703,0.0,0.0,0.0,0.0,24.85,1.86,0.0
20230407:1803,0.0,0.0,0.0,0.0,23.51,1.52,0.0
20230407:1903,0.0,0.0,0.0,0.0,22.36,1.45,0.0
20230407:2003,0.0,0.0,0.0,0.0,21.2,1.59,0.0
20230407:2103,0.0,0.0,0.0,0.0,20.4,1.66,0.0
20230407:2203,0.0,0.0,0.0,0.0,19.83,1.72,0.0
20230407:2303,0.0,0.0,0.0,0.0,19.42,1.59,0.0
20230408:0003,0.0,0.0,0.0,0.0,20.19,1.1,0.0
20230408:0103,0.0,0.0,0.0,0.0,20.87,0.41,0.0
20230408:0203,0.0,0.0,0.0,0.0,18.86,1.24,0.0
20230408:0303,0.0,0.0,0.0,0.0,17.42,1.86,0.0
20230408:0403,0.0,0.0,0.0,0.0,17.44,2.07,0.0
20230408:0503,0.0,57.41,2.17,11.72,19.08,2.21,0.0
20230408:0603,10.69,133.52,8.46,24.33,22.21,3.93,0.0
20230408:0703,27.73,203.54,12.65,36.06,24.72,3.93,0.0
20230408:0803,49.54,238.6,16.64,46.17,26.42,3.17,0.0
20230408:0903,99.83,176.89,21.47,53.22,27.87,2.69,0.0
20230408:1003,78.17,241.58,20.41,55.28,29.43,2.34,0.0
20230408:1103,95.54,173.78,20.91,51.54,30.27,2.34,0.0
20230408:1203,104.98,76.83,19.86,43.38,30.62,2.48,0.0
20230408:1303,58.96,72.3,14.85,32.68,30.36,2.83,0.0
20230408:1403,4.25,117.1,6.74,20.62,29.21,3.24,0.0
20230408:1503,0.0,40.34,1.52,7.85,27.2,3.59,0.0
20230408:1603,0.0,0.0,0.0,0.0,25.09,3.31,0.0
20230408:1703,0.0,0.0,0.0,0.0,23.8,2.76,0.0
20230408:1803,0.0,0.0,0.0,0.0,22.98,1.79,0.0
20230408:1903,0.0,0.0,0.0,0.0,22.97,1.24,0.0
20230408:2003,0.0,0.0,0.0,0.0,22.74,0.83,0.0
20230408:2103,0.0,0.0,0.0,0.0,22.19,0.76,0.0
20230408:2203,0.0,0.0,0.0,0.0,21.9,0.76,0.0
20230408:2303,0.0,0.0,0.0,0.0,21.6,0.76,0.0
20230409:0003,0.0,0.0,0.0,0.0,21.95,0.48,0.0
20230409:0103,0.0,0.0,0.0,0.0,21.78,0.55,0.0
20230409:0203,0.0,0.0,0.0,0.0,21.16,0.83,0.0
20230409:0303,0.0,0.0,0.0,0.0,20.52,1.1,0.0
20230409:0403,0.0,0.0,0.0,0.0,20.11,1.24,0.0
20230409:0503,0.0,56.63,2.14,11.6,21.02,0.97,0.0
20230409:0603,7.07,139.79,7.82,24.17,23.95,1.72,0.0
20230409:0703,53.13,117.85,15.08,35.87,25.65,1.79,0.0
20230409:0803,103.0,93.01,20.3,45.91,27.87,2.76,0.0
20230409:0903,102.62,155.84,21.59,52.89,29.14,3.24,0.0
20230409:1003,119.5,131.69,22.87,54.91,30.68,3.38,0.0
20230409:1103,108.47,127.79,21.62,51.18,32.15,3.38,0.0
20230409:1203,79.04,124.72,18.28,43.05,32.96,3.38,0.0
20230409:1303,2.01,184.69,6.82,32.38,33.23,3.52,0.0
20230409:1403,0.0,46.9,1.61,20.36,32.59,3.72,0.0
20230409:1503,0.0,38.79,1.46,7.6,31.28,3.45,0.0
20230409:1603,0.0,0.0,0.0,0.0,29.37,3.1,0.0
20230409:1703,0.0,0.0,0.0,0.0,27.85,3.17,0.0
20230409:1803,0.0,0.0,0.0,0.0,26.46,3.24,0.0
20230409:1903,0.0,0.0,0.0,0.0,25.41,3.31,0.0
20230409:2003,0.0,0.0,0.0,0.0,24.64,3.24,0.0
20230409:2103,0.0,0.0,0.0,0.0,24.16,3.17,0.0
20230409:2203,0.0,0.0,0.0,0.0,23.82,2.97,0.0
20230409:2303,0.0,0.0,0.0,0.0,23.62,2.9,0.0
20230410:0003,0.0,0.0,0.0,0.0,23.46,3.1,0.0
20230410:0103,0.0,0.0,0.0,0.0,23.46,3.17,0.0
20230410:0203,0.0,0.0,0.0,0.0,23.42,3.03,0.0
20230410:0303,0.0,0.0,0.0,0.0,23.43,2.76,0.0
20230410:0403,0.0,0.0,0.0,0.0,23.33,2.48,0.0
20230410:0503,0.0,62.06,2.34,11.47,23.62,2.41,0.0
20230410:0603,1.52,145.31,5.77,24.02,24.94,2.62,0.0
20230410:0703,8.0,224.81,9.58,35.67,26.49,3.1,0.0
20230410:0803,2.23,246.54,8.87,45.65,28.8,3.52,0.0
20230410:0903,1.01,250.97,8.79,52.56,30.5,3.86,0.0
20230410:1003,0.2,232.69,8.03,54.53,31.35,3.86,0.0
20230410:1103,23.93,306.53,14.73,50.81,31.43,3.72,0.0
20230410:1203,13.67,267.19,11.86,42.72,30.7,2.41,0.0
20230410:1303,0.0,129.62,4.45,32.09,29.53,0.14,0.0
20230410:1403,2.39,88.76,7.5,20.1,28.06,2.34,0.0
20230410:1503,0.0,28.7,1.08,7.36,25.84,3.52,0.0
20230410:1603,0.0,0.0,0.0,0.0,23.77,3.59,0.0
20230410:1703,0.0,0.0,0.0,0.0,22.87,3.31,0.0
20230410:1803,0.0,0.0,0.0,0.0,22.6,3.1,0.0
20230410:1903,0.0,0.0,0.0,0.0,22.53,3.1,0.0
20230410:2003,0.0,0.0,0.0,0.0,22.25,2.9,0.0
20230410:2103,0.0,0.0,0.0,0.0,22.05,2.97,0.0
20230410:2203,0.0,0.0,0.0,0.0,21.91,3.17,0.0
20230410:2303,0.0,0.0,0.0,0.0,21.58,3.38,0.0
20230411:0003,0.0,0.0,0.0,0.0,21.19,3.52,0.0
20230411:0103,0.0,0.0,0.0,0.0,20.85,3.79,0.0
20230411:0203,0.0,0.0,0.0,0.0,20.42,3.52,0.0
20230411:0303,0.0,0.0,0.0,0.0,20.21,3.31,0.0
20230411:0403,0.0,0.0,0.0,0.0,20.1,2.97,0.0
20230411:0503,0.0,59.73,2.26,11.35,20.27,3.31,0.0
20230411:0603,11.03,86.38,9.9,23.87,21.15,4.76,0.0
20230411:0703,36.16,156.27,14.18,35.47,22.19,4.0,0.0
20230411:0803,40.41,242.23,16.2,45.4,23.04,3.93,0.0
20230411:0903,101.91,141.42,22.14,52.23,23.42,3.86,0.0
20230411:1003,16.21,332.21,14.26,54.16,23.75,4.0,0.0
20230411:1103,20.37,311.62,14.44,50.44,24.29,4.0,0.0
20230411:1203,18.75,264.31,12.98,42.4,24.16,3.93,0.0
20230411:1303,0.97,175.34,6.3,31.8,23.47,3.93,0.0
20230411:1403,0.0,112.49,4.25,19.83,22.82,4.0,0.0
20230411:1503,0.0,33.36,1.26,7.12,21.76,3.59,0.0
20230411:1603,0.0,0.0,0.0,0.0,21.05,3.31,0.0
20230411:1703,0.0,0.0,0.0,0.0,20.77,2.83,0.0
20230411:1803,0.0,0.0,0.0,0.0,20.66,2.21,0.0
20230411:1903,0.0,0.0,0.0,0.0,20.49,2.0,0.0
20230411:2003,0.0,0.0,0.0,0.0,20.29,1.72,0.0
20230411:2103,0.0,0.0,0.0,0.0,20.41,1.72,0.0
20230411:2203,0.0,0.0,0.0,0.0,20.32,1.79,0.0
20230411:2303,0.0,0.0,0.0,0.0,20.06,2.0,0.0
20230412:0003,0.0,0.0,0.0,0.0,19.52,2.07,0.0
20230412:0103,0.0,0.0,0.0,0.0,19.0,1.79,0.0
20230412:0203,0.0,0.0,0.0,0.0,18.61,1.45,0.0
20230412:0303,0.0,0.0,0.0,0.0,18.26,1.1,0.0
20230412:0403,0.0,0.0,0.0,0.0,17.62,0.97,0.0
20230412:0503,0.0,62.84,2.37,11.22,18.22,0.55,0.0
20230412:0603,9.91,64.22,10.46,23.71,19.95,0.41,0.0
20230412:0703,47.36,102.78,15.55,35.28,21.91,1.79,0.0
20230412:0803,101.08,65.95,21.15,45.14,23.89,3.72,0.0
20230412:0903,1.5,265.02,9.37,51.91,24.98,4.21,0.0
20230412:1003,13.74,329.46,13.82,53.79,25.4,4.14,0.0
20230412:1103,73.22,190.15,20.06,50.08,26.14,4.14,0.0
20230412:1203,61.09,144.28,17.78,42.07,27.13,4.34,0.0
20230412:1303,31.7,106.81,13.47,31.52,27.9,4.28,0.0
20230412:1403,0.0,79.9,3.02,19.58,27.8,3.79,0.0
20230412:1503,0.0,34.91,1.32,6.88,26.98,3.52,0.0
20230412:1603,0.0,0.0,0.0,0.0,25.18,3.24,0.0
20230412:1703,0.0,0.0,0.0,0.0,23.64,3.38,0.0
20230412:1803,0.0,0.0,0.0,0.0,22.47,3.38,0.0
20230412:1903,0.0,0.0,0.0,0.0,21.45,3.38,0.0
20230412:2003,0.0,0.0,0.0,0.0,20.81,3.1,0.0
20230412:2103,0.0,0.0,0.0,0.0,20.41,2.9,0.0
20230412:2203,0.0,0.0,0.0,0.0,20.08,2.76,0.0
20230412:2303,0.0,0.0,0.0,0.0,19.85,2.83,0.0
20230413:0003,0.0,0.0,0.0,0.0,19.65,2.97,0.0
20230413:0103,0.0,0.0,0.0,0.0,19.51,3.17,0.0
20230413:0203,0.0,0.0,0.0,0.0,19.41,3.31,0.0
20230413:0303,0.0,0.0,0.0,0.0,19.28,3.17,0.0
20230413:0403,0.0,0.0,0.0,0.0,19.07,2.97,0.0
20230413:0503,0.0,53.53,2.02,11.1,19.54,2.48,0.0
20230413:0603,6.43,60.85,10.37,23.56,22.08,3.1,0.0
20230413:0703,52.51,66.62,16.28,35.08,24.55,3.24,0.0
20230413:0803,97.88,60.16,21.18,44.88,27.36,3.38,0.0
20230413:0903,121.5,67.67,23.67,51.58,29.86,3.45,0.0
20230413:1003,124.31,76.14,24.08,53.42,31.88,3.52,0.0
20230413:1103,108.92,79.72,22.55,49.72,33.31,3.45,0.0
20230413:1203,81.17,67.34,19.45,41.75,34.17,3.38,0.0
20230413:1303,34.65,72.34,14.15,31.23,34.49,3.24,0.0
20230413:1403,0.0,69.04,2.61,19.32,34.16,3.03,0.0
20230413:1503,0.0,31.03,1.17,6.64,32.76,2.55,0.0
20230413:1603,0.0,0.0,0.0,0.0,30.29,2.62,0.0
20230413:1703,0.0,0.0,0.0,0.0,28.28,2.48,0.0
20230413:1803,0.0,0.0,0.0,0.0,26.69,2.62,0.0
20230413:1903,0.0,0.0,0.0,0.0,25.17,2.69,0.0
20230413:2003,0.0,0.0,0.0,0.0,24.28,2.55,0.0
20230413:2103,0.0,0.0,0.0,0.0,23.59,2.62,0.0
20230413:2203,0.0,0.0,0.0,0.0,23.13,2.9,0.0
20230413:2303,0.0,0.0,0.0,0.0,22.87,2.97,0.0
20230414:0003,0.0,0.0,0.0,0.0,22.53,2.62,0.0
20230414:0103,0.0,0.0,0.0,0.0,21.78,2.07,0.0
20230414:0203,0.0,0.0,0.0,0.0,20.9,1.59,0.0
20230414:0303,0.0,0.0,0.0,0.0,20.5,1.1,0.0
20230414:0403,0.0,0.0,0.0,0.0,20.39,0.69,0.0
20230414:0503,0.0,48.1,1.82,10.97,20.35,0.76,0.0
20230414:0603,2.96,55.72,10.37,23.4,22.57,1.59,0.0
20230414:0703,48.64,62.71,16.23,34.88,24.66,3.03,0.0
20230414:0803,90.97,62.6,20.88,44.62,26.4,3.45,0.0
20230414:0903,115.51,67.9,23.49,51.26,27.85,3.66,0.0
20230414:1003,84.58,166.35,21.7,53.06,28.86,3.79,0.0
20230414:1103,48.29,238.46,18.13,49.37,28.43,4.55,0.0
20230414:1203,1.43,226.23,8.11,41.43,27.37,5.66,0.0
20230414:1303,5.54,195.0,8.99,30.95,25.73,5.86,0.0
20230414:1403,0.0,104.73,3.95,19.07,24.73,5.59,0.0
20230414:1503,0.0,22.5,0.85,6.41,23.62,5.31,0.0
20230414:1603,0.0,0.0,0.0,0.0,22.58,5.03,0.0
20230414:1703,0.0,0.0,0.0,0.0,22.0,4.83,0.0
20230414:1803,0.0,0.0,0.0,0.0,21.52,5.03,0.0
20230414:1903,0.0,0.0,0.0,0.0,21.08,5.17,0.0
20230414:2003,0.0,0.0,0.0,0.0,20.65,4.9,0.0
20230414:2103,0.0,0.0,0.0,0.0,20.35,4.62,0.0
20230414:2203,0.0,0.0,0.0,0.0,20.09,4.55,0.0
20230414:2303,0.0,0.0,0.0,0.0,19.64,4.28,0.0
20230415:0003,0.0,0.0,0.0,0.0,19.28,4.0,0.0
20230415:0103,0.0,0.0,0.0,0.0,18.82,3.59,0.0
20230415:0203,0.0,0.0,0.0,0.0,18.52,3.24,0.0
20230415:0303,0.0,0.0,0.0,0.0,18.25,2.83,0.0
20230415:0403,0.0,0.0,0.0,0.0,18.0,2.69,0.0
20230415:0503,0.0,55.86,2.11,10.84,18.26,2.28,0.0
20230415:0603,0.0,135.76,5.13,23.25,19.43,3.17,0.0
20230415:0703,32.32,119.04,14.88,34.68,21.05,3.79,0.0
20230415:0803,58.63,150.73,18.72,44.36,22.15,3.45,0.0
20230415:0903,110.77,67.99,23.55,50.94,23.61,2.97,0.0
20230415:1003,115.24,73.49,24.11,52.7,24.74,2.55,0.0
20230415:1103,97.95,81.93,22.41,49.01,25.43,2.48,0.0
20230415:1203,69.3,72.45,19.18,41.11,25.83,2.55,0.0
20230415:1303,27.38,62.41,14.21,30.67,25.73,2.62,0.0
20230415:1403,0.0,70.6,2.67,18.81,25.2,2.83,0.0
20230415:1503,0.0,28.7,1.08,6.18,23.81,2.9,0.0
20230415:1603,0.0,0.0,0.0,0.0,21.95,2.55,0.0
20230415:1703,0.0,0.0,0.0,0.0,20.47,2.34,0.0
20230415:1803,0.0,0.0,0.0,0.0,19.46,1.86,0.0
20230415:1903,0.0,0.0,0.0,0.0,18.61,1.52,0.0
20230415:2003,0.0,0.0,0.0,0.0,17.49,1.17,0.0
20230415:2103,0.0,0.0,0.0,0.0,16.67,1.31,0.0
20230415:2203,0.0,0.0,0.0,0.0,15.96,1.38,0.0
20230415:2303,0.0,0.0,0.0,0.0,15.65,1.31,0.0
20230416:0003,0.0,0.0,0.0,0.0,15.28,1.31,0.0
20230416:0103,0.0,0.0,0.0,0.0,14.94,1.38,0.0
20230416:0203,0.0,0.0,0.0,0.0,14.8,1.31,0.0
20230416:0303,0.0,0.0,0.0,0.0,14.72,1.31,0.0
20230416:0403,0.0,0.0,0.0,0.0,14.64,1.31,0.0
20230416:0503,0.0,44.22,1.67,10.72,15.7,0.97,0.0
20230416:0603,0.0,76.8,2.9,23.09,19.37,0.9,0.0
20230416:0703,39.48,62.67,16.08,34.48,21.73,0.83,0.0
20230416:0803,80.57,63.07,20.74,44.11,23.51,1.38,0.0
20230416:0903,104.43,68.5,23.29,50.62,25.02,1.52,0.0
20230416:1003,106.93,78.25,23.67,52.34,26.28,1.59,0.0
20230416:1103,86.66,97.62,21.76,48.66,27.28,1.52,0.0
20230416:1203,62.52,76.02,18.8,40.8,27.85,1.66,0.0
20230416:1303,21.66,68.95,13.82,30.39,27.77,1.79,0.0
20230416:1403,0.0,66.72,2.52,18.57,27.38,2.14,0.0
20230416:1503,0.0,27.93,1.05,5.95,26.0,2.83,0.0
20230416:1603,0.0,0.0,0.0,0.0,23.59,3.1,0.0
20230416:1703,0.0,0.0,0.0,0.0,21.89,2.83,0.0
20230416:1803,0.0,0.0,0.0,0.0,20.82,2.34,0.0
20230416:1903,0.0,0.0,0.0,0.0,19.9,1.79,0.0
20230416:2003,0.0,0.0,0.0,0.0,19.2,1.38,0.0
20230416:2103,0.0,0.0,0.0,0.0,18.27,1.31,0.0
20230416:2203,0.0,0.0,0.0,0.0,17.55,1.45,0.0
20230416:2303,0.0,0.0,0.0,0.0,17.0,1.59,0.0
20230417:0003,0.0,0.0,0.0,0.0,16.61,1.66,0.0
20230417:0103,0.0,0.0,0.0,0.0,16.34,1.72,0.0
20230417:0203,0.0,0.0,0.0,0.0,16.12,1.79,0.0
20230417:0303,0.0,0.0,0.0,0.0,15.97,1.86,0.0
20230417:0403,0.0,0.0,0.0,0.0,15.87,1.93,0.0
20230417:0503,0.0,48.1,1.82,10.59,16.63,1.79,0.0
20230417:0603,0.0,84.56,3.19,22.93,19.91,2.76,0.0
20230417:0703,34.45,65.49,15.93,34.28,22.27,3.24,0.0
20230417:0803,75.71,61.85,20.65,43.85,24.77,3.38,0.0
20230417:0903,97.93,71.23,23.08,50.3,27.12,3.38,0.0
20230417:1003,103.9,72.19,23.72,51.98,29.05,3.38,0.0
20230417:1103,92.07,66.37,22.41,48.32,30.43,3.24,0.0
20230417:1203,61.98,60.07,19.13,40.49,31.28,3.1,0.0
20230417:1303,18.48,58.05,13.94,30.11,31.57,2.97,0.0
20230417:1403,0.0,67.49,2.55,18.32,31.25,2.9,0.0
20230417:1503,0.0,27.15,1.03,5.72,29.95,2.48,0.0
20230417:1603,0.0,0.0,0.0,0.0,27.54,2.55,0.0
20230417:1703,0.0,0.0,0.0,0.0,25.5,2.9,0.0
20230417:1803,0.0,0.0,0.0,0.0,23.82,2.83,0.0
20230417:1903,0.0,0.0,0.0,0.0,22.17,2.55,0.0
20230417:2003,0.0,0.0,0.0,0.0,21.26,2.34,0.0
20230417:2103,0.0,0.0,0.0,0.0,20.58,2.21,0.0
20230417:2203,0.0,0.0,0.0,0.0,20.0,2.14,0.0
20230417:2303,0.0,0.0,0.0,0.0,19.47,2.07,0.0
20230418:0003,0.0,0.0,0.0,0.0,18.93,2.07,0.0
20230418:0103,0.0,0.0,0.0,0.0,18.36,2.0,0.0
20230418:0203,0.0,0.0,0.0,0.0,17.75,1.93,0.0
20230418:0303,0.0,0.0,0.0,0.0,17.19,1.79,0.0
20230418:0403,0.0,0.0,0.0,0.0,16.7,1.79,0.0
20230418:0503,0.0,46.55,1.76,10.46,17.18,1.59,0.0
20230418:0603,0.0,79.9,3.02,22.77,21.23,2.0,0.0
20230418:0703,31.64,57.3,16.17,34.08,23.94,2.07,0.0
20230418:0803,71.61,60.04,20.74,43.59,26.56,2.28,0.0
20230418:0903,93.76,69.96,23.17,49.98,28.8,2.34,0.0
20230418:1003,99.68,70.4,23.78,51.63,30.51,2.28,0.0
20230418:1103,87.76,64.58,22.46,47.97,31.63,2.0,0.0
20230418:1203,57.5,58.33,19.16,40.18,32.21,1.79,0.0
20230418:1303,14.4,54.01,14.03,29.84,32.27,1.72,0.0
20230418:1403,0.0,68.27,2.58,18.07,31.73,1.86,0.0
20230418:1503,0.0,25.6,0.97,5.5,30.08,2.14,0.0
20230418:1603,0.0,0.0,0.0,0.0,27.41,2.34,0.0
20230418:1703,0.0,0.0,0.0,0.0,25.3,2.41,0.0
20230418:1803,0.0,0.0,0.0,0.0,23.69,2.28,0.0
20230418:1903,0.0,0.0,0.0,0.0,22.21,2.21,0.0
20230418:2003,0.0,0.0,0.0,0.0,21.15,2.07,0.0
20230418:2103,0.0,0.0,0.0,0.0,20.28,2.0,0.0
20230418:2203,0.0,0.0,0.0,0.0,19.49,1.86,0.0
20230418:2303,0.0,0.0,0.0,0.0,18.78,1.79,0.0
20230419:0003,0.0,0.0,0.0,0.0,18.12,1.79,0.0
20230419:0103,0.0,0.0,0.0,0.0,17.68,1.72,0.0
20230419:0203,0.0,0.0,0.0,0.0,17.28,1.66,0.0
20230419:0303,0.0,0.0,0.0,0.0,16.97,1.52,0.0
20230419:0403,0.0,0.0,0.0,0.0,16.87,1.45,0.0
20230419:0503,0.0,46.55,1.76,10.33,17.39,1.24,0.0
20230419:0603,0.0,76.8,2.9,22.62,20.77,1.52,0.0
20230419:0703,27.21,56.09,16.08,33.88,23.31,2.0,0.0
20230419:0803,66.63,58.93,20.62,43.34,25.57,2.28,0.0
20230419:0903,88.72,68.8,23.05,49.66,27.5,2.28,0.0
20230419:1003,94.57,69.22,23.67,51.28,29.06,2.21,0.0
20230419:1103,82.47,63.98,22.35,47.63,30.08,2.07,0.0
20230419:1203,51.68,59.91,18.92,39.87,30.55,2.14,0.0
20230419:1303,9.67,55.65,13.82,29.57,30.52,2.41,0.0
20230419:1403,0.0,65.94,2.49,17.83,29.83,2.69,0.0
20230419:1503,0.0,24.05,0.91,5.28,28.17,2.62,0.0
20230419:1603,0.0,0.0,0.0,0.0,25.63,3.03,0.0
20230419:1703,0.0,0.0,0.0,0.0,23.69,3.31,0.0
20230419:1803,0.0,0.0,0.0,0.0,22.26,3.1,0.0
20230419:1903,0.0,0.0,0.0,0.0,21.38,2.76,0.0
20230419:2003,0.0,0.0,0.0,0.0,20.59,2.48,0.0
20230419:2103,0.0,0.0,0.0,0.0,19.92,2.34,0.0
20230419:2203,0.0,0.0,0.0,0.0,19.38,2.21,0.0
20230419:2303,0.0,0.0,0.0,0.0,18.95,2.21,0.0
20230420:0003,0.0,0.0,0.0,0.0,18.6,2.14,0.0
20230420:0103,0.0,0.0,0.0,0.0,18.33,2.14,0.0
20230420:0203,0.0,0.0,0.0,0.0,18.08,2.21,0.0
20230420:0303,0.0,0.0,0.0,0.0,17.85,2.21,0.0
20230420:0403,0.0,0.0,0.0,0.0,17.62,2.28,0.0
20230420:0503,0.0,45.77,1.73,10.2,17.96,2.21,0.0
20230420:0603,0.0,74.47,2.81,22.46,20.25,3.1,0.0
20230420:0703,22.54,56.47,15.9,33.68,22.57,3.79,0.0
20230420:0803,62.03,56.13,20.5,43.08,24.93,4.21,0.0
20230420:0903,82.93,68.76,22.79,49.35,27.08,4.41,0.0
20230420:1003,88.68,69.14,23.4,50.93,28.89,4.48,0.0
20230420:1103,76.63,63.89,22.08,47.3,30.23,4.62,0.0
20230420:1203,46.85,57.64,18.77,39.57,31.06,4.62,0.0
20230420:1303,5.19,55.44,13.62,29.31,31.28,4.69,0.0
20230420:1403,0.0,66.72,2.52,17.6,30.73,4.62,0.0
20230420:1503,0.0,24.05,0.91,5.06,29.16,3.93,0.0
20230420:1603,0.0,0.0,0.0,0.0,26.85,3.86,0.0
20230420:1703,0.0,0.0,0.0,0.0,25.1,3.86,0.0
20230420:1803,0.0,0.0,0.0,0.0,23.9,3.72,0.0
20230420:1903,0.0,0.0,0.0,0.0,23.2,3.31,0.0
20230420:2003,0.0,0.0,0.0,0.0,22.59,3.17,0.0
20230420:2103,0.0,0.0,0.0,0.0,22.16,3.17,0.0
20230420:2203,0.0,0.0,0.0,0.0,21.87,3.17,0.0
20230420:2303,0.0,0.0,0.0,0.0,21.49,3.17,0.0
20230421:0003,0.0,0.0,0.0,0.0,20.94,3.03,0.0
20230421:0103,0.0,0.0,0.0,0.0,20.19,2.62,0.0
20230421:0203,0.0,0.0,0.0,0.0,18.83,1.38,0.0
20230421:0303,0.0,0.0,0.0,0.0,18.69,3.03,0.0
20230421:0403,0.0,0.0,0.0,0.0,20.21,4.62,0.0
20230421:0503,0.0,51.98,1.96,10.07,20.88,4.62,0.0
20230421:0603,0.0,130.33,4.92,22.3,22.07,5.31,0.0
20230421:0703,6.83,179.0,11.89,33.48,23.0,5.66,0.0
20230421:0803,43.85,109.49,18.6,42.82,24.03,5.59,0.0
20230421:0903,42.45,201.48,18.89,49.03,25.55,5.45,0.0
20230421:1003,28.66,268.65,17.16,50.58,26.59,5.03,0.0
20230421:1103,53.18,129.81,19.89,46.96,26.97,4.55,0.0
20230421:1203,10.96,230.96,12.8,39.27,26.54,4.48,0.0
20230421:1303,0.19,177.14,8.85,29.04,25.25,4.97,0.0
20230421:1403,0.0,100.85,3.81,17.36,23.73,4.83,0.0
20230421:1503,0.0,20.17,0.76,4.85,22.42,4.21,0.0
20230421:1603,0.0,0.0,0.0,0.0,21.17,4.0,0.0
20230421:1703,0.0,0.0,0.0,0.0,20.3,3.66,0.0
20230421:1803,0.0,0.0,0.0,0.0,19.67,3.17,0.0
20230421:1903,0.0,0.0,0.0,0.0,19.72,2.41,0.0
20230421:2003,0.0,0.0,0.0,0.0,19.51,2.48,0.0
20230421:2103,0.0,0.0,0.0,0.0,19.28,2.21,0.0
20230421:2203,0.0,0.0,0.0,0.0,18.95,2.14,0.0
20230421:2303,0.0,0.0,0.0,0.0,18.83,1.79,0.0
20230422:0003,0.0,0.0,0.0,0.0,18.38,1.66,0.0
20230422:0103,0.0,0.0,0.0,0.0,18.43,1.38,0.0
20230422:0203,0.0,0.0,0.0,0.0,18.14,1.03,0.0
20230422:0303,0.0,0.0,0.0,0.0,18.24,0.69,0.0
20230422:0403,0.0,0.0,0.0,0.0,18.22,0.83,0.0
20230422:0503,0.0,52.75,1.99,9.94,18.75,0.9,0.0
20230422:0603,0.0,91.54,3.46,22.14,20.06,1.1,0.0
20230422:0703,0.99,202.97,8.05,33.28,21.95,2.07,0.0
20230422:0803,3.0,257.45,10.02,42.57,24.58,3.86,0.0
20230422:0903,0.0,185.9,6.39,48.72,26.17,4.34,0.0
20230422:1003,57.44,140.92,20.82,50.24,26.99,3.86,0.0
20230422:1103,43.87,152.05,19.04,46.63,27.73,3.79,0.0
20230422:1203,4.48,243.53,10.6,38.97,29.03,3.93,0.0
20230422:1303,0.0,72.92,2.75,28.78,29.65,3.79,0.0
20230422:1403,0.0,75.25,2.84,17.13,29.29,3.45,0.0
20230422:1503,0.0,21.72,0.82,4.64,28.29,2.62,0.0
20230422:1603,0.0,0.0,0.0,0.0,26.52,2.28,0.0
20230422:1703,0.0,0.0,0.0,0.0,25.03,2.14,0.0
20230422:1803,0.0,0.0,0.0,0.0,23.8,2.0,0.0
20230422:1903,0.0,0.0,0.0,0.0,22.52,1.38,0.0
20230422:2003,0.0,0.0,0.0,0.0,21.29,1.59,0.0
20230422:2103,0.0,0.0,0.0,0.0,20.29,1.45,0.0
20230422:2203,0.0,0.0,0.0,0.0,19.83,1.72,0.0
20230422:2303,0.0,0.0,0.0,0.0,19.65,2.21,0.0
20230423:0003,0.0,0.0,0.0,0.0,19.68,2.48,0.0
20230423:0103,0.0,0.0,0.0,0.0,19.83,2.83,0.0
20230423:0203,0.0,0.0,0.0,0.0,20.27,3.1,0.0
20230423:0303,0.0,0.0,0.0,0.0,20.5,3.17,0.0
20230423:0403,0.0,0.0,0.0,0.0,20.65,3.03,0.0
20230423:0503,0.0,42.67,1.61,9.81,20.77,2.55,0.0
20230423:0603,0.0,115.59,4.36,21.98,22.03,3.17,0.0
20230423:0703,8.78,65.86,14.97,33.07,23.44,3.17,0.0
20230423:0803,44.61,62.2,19.51,42.32,25.01,2.9,0.0
20230423:0903,67.22,64.97,22.05,48.42,26.63,2.41,0.0
20230423:1003,58.78,119.34,21.29,49.91,27.59,2.21,0.0
20230423:1103,58.46,68.61,21.09,46.31,28.21,2.21,0.0
20230423:1203,30.61,60.52,17.84,38.68,28.48,2.34,0.0
20230423:1303,0.0,86.89,3.28,28.52,28.24,2.76,0.0
20230423:1403,0.0,64.39,2.43,16.9,27.27,3.03,0.0
20230423:1503,0.0,20.95,0.79,4.43,25.55,2.76,0.0
20230423:1603,0.0,0.0,0.0,0.0,23.52,2.69,0.0
20230423:1703,0.0,0.0,0.0,0.0,22.1,2.14,0.0
20230423:1803,0.0,0.0,0.0,0.0,21.14,1.52,0.0
20230423:1903,0.0,0.0,0.0,0.0,20.59,0.69,0.0
20230423:2003,0.0,0.0,0.0,0.0,19.61,0.97,0.0
20230423:2103,0.0,0.0,0.0,0.0,18.64,1.17,0.0
20230423:2203,0.0,0.0,0.0,0.0,18.35,1.1,0.0
20230423:2303,0.0,0.0,0.0,0.0,18.89,0.83,0.0
20230424:0003,0.0,0.0,0.0,0.0,18.85,0.62,0.0
20230424:0103,0.0,0.0,0.0,0.0,18.73,0.62,0.0
20230424:0203,0.0,0.0,0.0,0.0,18.52,0.62,0.0
20230424:0303,0.0,0.0,0.0,0.0,18.07,0.9,0.0
20230424:0403,0.0,0.0,0.0,0.0,17.34,1.03,0.0
20230424:0503,0.0,41.89,1.58,9.68,17.93,0.83,0.0
20230424:0603,0.0,73.7,2.78,21.82,20.82,0.76,0.0
20230424:0703,5.19,56.19,15.08,32.87,23.19,1.66,0.0
20230424:0803,40.42,59.74,19.45,42.06,25.27,2.07,0.0
20230424:0903,62.21,64.67,21.88,48.11,27.13,2.28,0.0
20230424:1003,66.17,69.68,22.32,49.57,28.77,2.69,0.0
20230424:1103,53.53,67.78,20.88,45.98,29.92,3.1,0.0
20230424:1203,25.94,60.19,17.66,38.39,30.47,3.38,0.0
20230424:1303,0.0,123.35,4.66,28.27,30.43,3.38,0.0
20230424:1403,0.0,65.94,2.49,16.67,29.58,3.31,0.0
20230424:1503,0.0,19.39,0.73,4.23,27.85,2.83,0.0
20230424:1603,0.0,0.0,0.0,0.0,25.57,2.83,0.0
20230424:1703,0.0,0.0,0.0,0.0,24.06,2.76,0.0
20230424:1803,0.0,0.0,0.0,0.0,22.98,2.48,0.0
20230424:1903,0.0,0.0,0.0,0.0,22.03,2.55,0.0
20230424:2003,0.0,0.0,0.0,0.0,21.29,2.34,0.0
20230424:2103,0.0,0.0,0.0,0.0,20.66,2.14,0.0
20230424:2203,0.0,0.0,0.0,0.0,20.15,2.0,0.0
20230424:2303,0.0,0.0,0.0,0.0,19.82,2.07,0.0
20230425:0003,0.0,0.0,0.0,0.0,19.75,2.14,0.0
20230425:0103,0.0,0.0,0.0,0.0,19.67,2.14,0.0
20230425:0203,0.0,0.0,0.0,0.0,19.41,1.93,0.0
20230425:0303,0.0,0.0,0.0,0.0,18.75,1.38,0.0
20230425:0403,0.0,0.0,0.0,0.0,19.54,0.28,0.0
20230425:0503,0.0,49.65,1.87,9.55,19.54,0.21,0.0
20230425:0603,0.0,58.18,2.2,21.66,21.3,0.62,0.0
20230425:0703,0.31,192.28,10.4,32.67,23.51,0.83,0.0
20230425:0803,24.58,134.81,17.22,41.81,25.84,1.03,0.0
20230425:0903,24.39,229.96,17.05,47.81,27.98,2.34,0.0
20230425:1003,16.38,279.67,15.49,49.24,29.25,2.76,0.0
20230425:1103,0.0,96.36,3.31,45.66,29.93,2.69,0.0
20230425:1203,20.41,67.36,17.16,38.11,29.83,2.69,0.0
20230425:1303,0.0,159.03,6.0,28.02,29.5,2.83,0.0
20230425:1403,0.0,91.54,3.46,16.45,28.5,2.97,0.0
20230425:1503,0.0,2.33,0.09,4.03,26.75,2.83,0.0
20230425:1603,0.0,0.0,0.0,0.0,24.92,3.03,0.0
20230425:1703,0.0,0.0,0.0,0.0,23.61,2.48,0.0
20230425:1803,0.0,0.0,0.0,0.0,22.86,1.52,0.0
20230425:1903,0.0,0.0,0.0,0.0,22.87,1.1,0.0
20230425:2003,0.0,0.0,0.0,0.0,22.57,0.76,0.0
20230425:2103,0.0,0.0,0.0,0.0,22.34,0.34,0.0
20230425:2203,0.0,0.0,0.0,0.0,22.23,0.07,0.0
20230425:2303,0.0,0.0,0.0,0.0,22.15,0.14,0.0
20230426:0003,0.0,0.0,0.0,0.0,22.05,0.21,0.0
20230426:0103,0.0,0.0,0.0,0.0,21.83,0.07,0.0
20230426:0203,0.0,0.0,0.0,0.0,21.52,0.07,0.0
20230426:0303,0.0,0.0,0.0,0.0,21.3,0.28,0.0
20230426:0403,0.0,0.0,0.0,0.0,20.67,0.76,0.0
20230426:0503,0.0,49.65,1.87,9.42,20.76,0.83,0.0
20230426:0603,0.0,126.45,4.77,21.5,22.95,1.31,0.0
20230426:0703,0.0,194.72,7.35,32.47,24.59,1.03,0.0
20230426:0803,7.11,247.29,12.86,41.56,26.17,1.31,0.0
20230426:0903,20.71,237.45,16.61,47.51,27.44,1.93,0.0
20230426:1003,3.53,288.89,11.28,48.92,28.43,2.41,0.0
20230426:1103,12.9,254.81,14.7,45.35,28.84,2.76,0.0
20230426:1203,0.04,171.26,5.92,37.83,28.91,2.97,0.0
20230426:1303,0.0,148.17,5.59,27.77,28.75,3.17,0.0
20230426:1403,0.0,90.77,3.43,16.23,27.92,3.17,0.0
20230426:1503,0.0,14.74,0.56,3.83,26.86,2.9,0.0
20230426:1603,0.0,0.0,0.0,0.0,25.24,3.24,0.0
20230426:1703,0.0,0.0,0.0,0.0,23.96,3.31,0.0
20230426:1803,0.0,0.0,0.0,0.0,23.04,3.17,0.0
20230426:1903,0.0,0.0,0.0,0.0,22.35,3.03,0.0
20230426:2003,0.0,0.0,0.0,0.0,21.89,2.83,0.0
20230426:2103,0.0,0.0,0.0,0.0,21.48,2.62,0.0
20230426:2203,0.0,0.0,0.0,0.0,21.08,2.55,0.0
20230426:2303,0.0,0.0,0.0,0.0,20.97,2.55,0.0
20230427:0003,0.0,0.0,0.0,0.0,20.69,2.55,0.0
20230427:0103,0.0,0.0,0.0,0.0,20.47,2.69,0.0
20230427:0203,0.0,0.0,0.0,0.0,20.42,2.76,0.0
20230427:0303,0.0,0.0,0.0,0.0,20.34,2.97,0.0
20230427:0403,0.0,0.0,0.0,0.0,20.28,3.03,0.0
20230427:0503,0.0,45.77,1.73,9.29,20.63,3.03,0.0
20230427:0603,0.0,84.56,3.19,21.33,22.31,4.14,0.0
20230427:0703,0.0,96.2,3.63,32.27,24.42,4.55,0.0
20230427:0803,26.41,61.0,18.86,41.31,26.86,4.83,0.0
20230427:0903,44.32,81.39,20.88,47.21,29.13,4.97,0.0
20230427:1003,50.68,72.89,21.64,48.59,31.04,4.97,0.0
20230427:1103,34.41,96.98,19.57,45.04,32.5,5.1,0.0
20230427:1203,12.56,58.7,17.13,37.55,33.3,5.03,0.0
20230427:1303,0.0,161.36,6.09,27.53,33.51,5.03,0.0
20230427:1403,0.0,79.9,3.02,16.02,32.93,4.76,0.0
20230427:1503,0.0,13.19,0.5,3.64,31.56,4.07,0.0
20230427:1603,0.0,0.0,0.0,0.0,29.62,3.59,0.0
20230427:1703,0.0,0.0,0.0,0.0,28.11,3.17,0.0
20230427:1803,0.0,0.0,0.0,0.0,26.95,2.55,0.0
20230427:1903,0.0,0.0,0.0,0.0,25.79,2.48,0.0
20230427:2003,0.0,0.0,0.0,0.0,24.98,2.21,0.0
20230427:2103,0.0,0.0,0.0,0.0,24.25,2.14,0.0
20230427:2203,0.0,0.0,0.0,0.0,23.68,2.14,0.0
20230427:2303,0.0,0.0,0.0,0.0,23.11,2.0,0.0
20230428:0003,0.0,0.0,0.0,0.0,22.39,1.59,0.0
20230428:0103,0.0,0.0,0.0,0.0,22.7,0.55,0.0
20230428:0203,0.0,0.0,0.0,0.0,21.41,2.48,0.0
20230428:0303,0.0,0.0,0.0,0.0,21.58,3.03,0.0
20230428:0403,0.0,0.0,0.0,0.0,21.82,3.31,0.0
20230428:0503,0.0,48.87,1.85,9.16,22.05,2.76,0.0
20230428:0603,0.0,118.69,4.48,21.17,22.81,3.38,0.0
20230428:0703,0.0,187.74,7.09,32.07,23.88,3.31,0.0
20230428:0803,18.3,99.59,17.69,41.06,25.24,3.03,0.0
20230428:0903,27.74,161.65,18.69,46.92,26.09,2.48,0.0
20230428:1003,15.15,261.6,15.9,48.28,27.2,1.86,0.0
20230428:1103,2.08,264.86,10.28,44.73,27.75,1.24,0.0
20230428:1203,3.96,173.96,13.8,37.27,28.61,1.1,0.0
20230428:1303,0.0,119.47,4.51,27.29,28.67,1.93,0.0
20230428:1403,0.0,67.49,2.55,15.81,28.15,2.48,0.0
20230428:1503,0.0,11.64,0.44,3.45,26.84,2.76,0.0
20230428:1603,0.0,0.0,0.0,0.0,25.07,2.69,0.0
20230428:1703,0.0,0.0,0.0,0.0,23.81,2.28,0.0
20230428:1803,0.0,0.0,0.0,0.0,22.91,1.86,0.0
20230428:1903,0.0,0.0,0.0,0.0,22.34,2.0,0.0
20230428:2003,0.0,0.0,0.0,0.0,22.0,2.07,0.0
20230428:2103,0.0,0.0,0.0,0.0,21.75,2.14,0.0
20230428:2203,0.0,0.0,0.0,0.0,21.58,2.21,0.0
20230428:2303,0.0,0.0,0.0,0.0,21.39,2.28,0.0
20230429:0003,0.0,0.0,0.0,0.0,21.15,2.34,0.0
20230429:0103,0.0,0.0,0.0,0.0,20.91,2.28,0.0
20230429:0203,0.0,0.0,0.0,0.0,20.79,2.21,0.0
20230429:0303,0.0,0.0,0.0,0.0,20.78,2.28,0.0
20230429:0403,0.0,0.0,0.0,0.0,20.73,2.34,0.0
20230429:0503,0.0,46.55,1.76,9.02,21.08,2.55,0.0
20230429:0603,0.0,115.59,4.36,21.01,22.64,4.07,0.0
20230429:0703,0.0,176.1,6.65,31.87,25.22,4.14,0.0
20230429:0803,0.71,234.97,8.79,40.82,27.53,3.17,0.0
20230429:0903,32.93,98.93,20.0,46.62,29.13,1.93,0.0
20230429:1003,42.18,67.57,21.29,47.96,30.66,0.41,0.0
20230429:1103,30.61,62.26,19.98,44.43,31.6,1.52,0.0
20230429:1203,2.43,146.49,14.38,37.01,31.97,2.9,0.0
20230429:1303,0.0,87.66,3.31,27.06,31.12,4.28,0.0
20230429:1403,0.0,83.78,3.16,15.6,28.71,5.03,0.0
20230429:1503,0.0,8.53,0.32,3.26,26.4,4.76,0.0
20230429:1603,0.0,0.0,0.0,0.0,24.66,3.93,0.0
20230429:1703,0.0,0.0,0.0,0.0,23.82,3.66,0.0
20230429:1803,0.0,0.0,0.0,0.0,23.16,3.79,0.0
20230429:1903,0.0,0.0,0.0,0.0,22.81,3.1,0.0
20230429:2003,0.0,0.0,0.0,0.0,22.43,3.24,0.0
20230429:2103,0.0,0.0,0.0,0.0,22.16,3.52,0.0
20230429:2203,0.0,0.0,0.0,0.0,21.84,3.66,0.0
20230429:2303,0.0,0.0,0.0,0.0,21.55,3.59,0.0
20230430:0003,0.0,0.0,0.0,0.0,21.19,3.38,0.0
20230430:0103,0.0,0.0,0.0,0.0,21.05,3.38,0.0
20230430:0203,0.0,0.0,0.0,0.0,20.85,3.31,0.0
20230430:0303,0.0,0.0,0.0,0.0,20.51,3.31,0.0
20230430:0403,0.0,0.0,0.0,0.0,20.41,3.38,0.0
20230430:0503,0.0,41.89,1.58,8.89,20.44,2.97,0.0
20230430:0603,0.0,93.09,3.51,20.85,21.0,3.86,0.0
20230430:0703,0.0,190.84,7.21,31.67,21.82,4.55,0.0
20230430:0803,0.0,153.49,5.27,40.57,22.83,4.69,0.0
20230430:0903,0.3,226.9,7.97,46.33,23.33,4.55,0.0
20230430:1003,0.0,94.65,3.25,47.65,23.64,4.83,0.0
20230430:1103,9.25,233.89,15.0,44.14,23.06,4.83,0.0
20230430:1203,0.01,223.64,8.96,36.74,22.72,4.48,0.0
20230430:1303,0.0,135.76,5.13,26.82,22.39,4.07,0.0
20230430:1403,0.0,84.56,3.19,15.4,22.2,3.79,0.0
20230430:1503,0.0,6.21,0.23,3.08,21.53,3.17,0.0
20230430:1603,0.0,0.0,0.0,0.0,20.79,2.62,0.0
20230430:1703,0.0,0.0,0.0,0.0,20.28,2.41,0.0
20230430:1803,0.0,0.0,0.0,0.0,19.79,2.14,0.0
20230430:1903,0.0,0.0,0.0,0.0,19.56,2.0,0.0
20230430:2003,0.0,0.0,0.0,0.0,19.55,2.14,0.0
20230430:2103,0.0,0.0,0.0,0.0,19.37,1.79,0.0
20230430:2203,0.0,0.0,0.0,0.0,19.44,1.66,0.0
20230430:2303,0.0,0.0,0.0,0.0,19.39,1.38,0.0
20230501:0003,0.0,0.0,0.0,0.0,19.52,1.17,0.0
20230501:0103,0.0,0.0,0.0,0.0,19.2,0.9,0.0
20230501:0203,0.0,0.0,0.0,0.0,19.22,0.48,0.0
20230501:0303,0.0,0.0,0.0,0.0,19.31,0.34,0.0
20230501:0403,0.0,0.0,0.0,0.0,18.94,0.55,0.0
20230501:0503,0.0,40.34,1.52,8.76,18.35,0.83,0.0
20230501:0603,0.0,121.8,4.6,20.69,20.58,1.24,0.0
20230501:0703,0.0,112.49,4.25,31.48,22.25,1.59,0.0
20230501:0803,4.05,201.49,14.41,40.33,24.34,2.62,0.0
20230501:0903,19.16,159.83,18.34,46.05,26.02,4.0,0.0
20230501:1003,31.22,86.35,20.74,47.35,27.0,4.41,0.0
20230501:1103,19.87,86.26,19.24,43.84,27.11,4.21,0.0
20230501:1203,0.0,106.28,4.01,36.48,27.36,3.93,0.0
20230501:1303,0.0,90.77,3.43,26.6,27.5,4.14,0.0
20230501:1403,0.0,50.43,1.9,15.2,27.29,4.0,0.0
20230501:1503,0.0,9.31,0.35,2.9,26.15,3.17,0.0
20230501:1603,0.0,0.0,0.0,0.0,24.61,3.03,0.0
20230501:1703,0.0,0.0,0.0,0.0,23.52,3.1,0.0
20230501:1803,0.0,0.0,0.0,0.0,22.59,2.97,0.0
20230501:1903,0.0,0.0,0.0,0.0,22.18,2.83,0.0
20230501:2003,0.0,0.0,0.0,0.0,21.56,2.76,0.0
20230501:2103,0.0,0.0,0.0,0.0,21.07,2.69,0.0
20230501:2203,0.0,0.0,0.0,0.0,20.71,2.69,0.0
20230501:2303,0.0,0.0,0.0,0.0,20.54,2.69,0.0
20230502:0003,0.0,0.0,0.0,0.0,20.36,2.48,0.0
20230502:0103,0.0,0.0,0.0,0.0,20.08,2.28,0.0
20230502:0203,0.0,0.0,0.0,0.0,19.73,2.14,0.0
20230502:0303,0.0,0.0,0.0,0.0,19.31,1.93,0.0
20230502:0403,0.0,0.0,0.0,0.0,18.8,1.79,0.0
20230502:0503,0.0,34.91,1.32,8.63,18.76,1.52,0.0
20230502:0603,0.0,79.9,3.02,20.53,21.17,2.0,0.0
20230502:0703,0.0,0.0,0.0,0.0,23.54,1.79,0.0
20230502:0803,6.02,53.08,18.42,40.09,26.0,1.24,0.0
20230502:0903,26.4,56.07,20.85,45.77,28.22,0.62,0.0
20230502:1003,31.37,53.37,21.5,47.04,29.79,0.34,0.0
20230502:1103,19.35,46.41,20.24,43.55,30.8,0.9,0.0
20230502:1203,0.0,80.68,3.05,36.22,31.28,1.45,0.0
20230502:1303,0.0,72.92,2.75,26.37,31.14,2.14,0.0
20230502:1403,0.0,52.75,1.99,15.01,30.08,2.69,0.0
20230502:1503,0.0,10.09,0.38,2.73,28.18,2.9,0.0
20230502:1603,0.0,0.0,0.0,0.0,25.87,2.83,0.0
20230502:1703,0.0,0.0,0.0,0.0,24.36,2.41,0.0
20230502:1803,0.0,0.0,0.0,0.0,23.2,2.0,0.0
20230502:1903,0.0,0.0,0.0,0.0,22.38,1.72,0.0
20230502:2003,0.0,0.0,0.0,0.0,21.73,1.72,0.0
20230502:2103,0.0,0.0,0.0,0.0,21.32,1.66,0.0
20230502:2203,0.0,0.0,0.0,0.0,20.81,1.52,0.0
20230502:2303,0.0,0.0,0.0,0.0,20.56,1.45,0.0
20230503:0003,0.0,0.0,0.0,0.0,20.56,1.52,0.0
20230503:0103,0.0,0.0,0.0,0.0,20.62,1.59,0.0
20230503:0203,0.0,0.0,0.0,0.0,21.07,1.59,0.0
20230503:0303,0.0,0.0,0.0,0.0,21.21,1.59,0.0
20230503:0403,0.0,0.0,0.0,0.0,21.2,1.72,0.0
20230503:0503,0.0,34.13,1.29,8.5,21.48,1.93,0.0
20230503:0603,0.0,69.82,2.64,20.37,21.84,2.28,0.0
20230503:0703,0.0,176.1,6.65,31.08,23.12,2.07,0.0
20230503:0803,0.0,179.77,6.21,39.85,24.51,2.0,0.0
20230503:0903,0.38,239.57,8.58,45.49,25.51,1.52,0.0
20230503:1003,0.27,233.51,8.23,46.75,25.66,1.72,0.0
20230503:1103,2.88,255.56,12.86,43.27,26.0,1.93,0.0
20230503:1203,0.0,142.74,5.39,35.97,25.98,2.14,0.0
20230503:1303,0.0,44.99,1.7,26.15,25.83,2.83,0.0
20230503:1403,0.0,29.48,1.11,14.81,24.99,2.97,0.0
20230503:1503,0.0,7.76,0.29,2.56,23.98,2.55,0.0
20230503:1603,0.0,0.0,0.0,0.0,23.22,2.21,0.0
20230503:1703,0.0,0.0,0.0,0.0,22.67,2.14,0.0
20230503:1803,0.0,0.0,0.0,0.0,22.07,1.86,0.0
20230503:1903,0.0,0.0,0.0,0.0,20.78,0.48,0.0
20230503:2003,0.0,0.0,0.0,0.0,20.71,0.28,0.0
20230503:2103,0.0,0.0,0.0,0.0,20.57,0.34,0.0
20230503:2203,0.0,0.0,0.0,0.0,20.67,0.48,0.0
20230503:2303,0.0,0.0,0.0,0.0,20.78,0.41,0.0
20230504:0003,0.0,0.0,0.0,0.0,20.8,0.41,0.0
20230504:0103,0.0,0.0,0.0,0.0,20.86,0.76,0.0
20230504:0203,0.0,0.0,0.0,0.0,20.72,1.1,0.0
20230504:0303,0.0,0.0,0.0,0.0,20.66,1.31,0.0
20230504:0403,0.0,0.0,0.0,0.0,20.43,1.45,0.0
20230504:0503,0.0,35.69,1.35,8.36,20.37,1.45,0.0
20230504:0603,0.0,69.82,2.64,20.21,21.64,2.97,0.0
20230504:0703,0.0,89.99,3.4,30.89,23.4,2.83,0.0
20230504:0803,0.0,89.99,3.4,39.61,25.5,3.59,0.0
20230504:0903,18.07,52.81,20.53,45.21,27.31,4.0,0.0
20230504:1003,22.74,50.24,21.15,46.45,28.82,4.21,0.0
20230504:1103,10.49,46.79,19.8,42.99,29.96,4.28,0.0
20230504:1203,0.0,83.78,3.16,35.72,30.42,4.0,0.0
20230504:1303,0.0,127.23,4.8,25.94,30.7,3.86,0.0
20230504:1403,0.0,80.68,3.05,14.63,30.19,3.66,0.0
20230504:1503,0.0,6.21,0.23,2.39,28.72,3.66,0.0
20230504:1603,0.0,0.0,0.0,0.0,26.65,3.45,0.0
20230504:1703,0.0,0.0,0.0,0.0,25.06,3.1,0.0
20230504:1803,0.0,0.0,0.0,0.0,23.89,2.83,0.0
20230504:1903,0.0,0.0,0.0,0.0,22.47,2.41,0.0
20230504:2003,0.0,0.0,0.0,0.0,21.74,2.07,0.0
20230504:2103,0.0,0.0,0.0,0.0,21.11,1.79,0.0
20230504:2203,0.0,0.0,0.0,0.0,20.33,1.52,0.0
20230504:2303,0.0,0.0,0.0,0.0,19.6,1.24,0.0
20230505:0003,0.0,0.0,0.0,0.0,20.03,0.9,0.0
20230505:0103,0.0,0.0,0.0,0.0,20.29,0.48,0.0
20230505:0203,0.0,0.0,0.0,0.0,18.89,1.03,0.0
20230505:0303,0.0,0.0,0.0,0.0,17.46,1.52,0.0
20230505:0403,0.0,0.0,0.0,0.0,17.43,1.66,0.0
20230505:0503,0.0,22.5,0.85,8.23,18.33,1.79,0.0
20230505:0603,0.0,98.52,3.72,20.05,21.04,2.55,0.0
20230505:0703,0.0,184.63,6.97,30.69,22.7,3.93,0.0
20230505:0803,0.0,138.09,5.21,39.38,23.95,3.79,0.0
20230505:0903,0.02,200.24,6.91,44.94,24.68,3.38,0.0
20230505:1003,1.2,275.88,10.9,46.17,25.05,2.83,0.0
20230505:1103,1.44,248.52,13.27,42.72,24.99,2.55,0.0
20230505:1203,0.0,182.31,6.88,35.48,25.05,2.41,0.0
20230505:1303,0.0,107.83,4.07,25.73,24.92,2.28,0.0
20230505:1403,0.0,74.47,2.81,14.45,24.58,1.86,0.0
20230505:1503,0.0,6.98,0.26,2.23,23.96,1.59,0.0
20230505:1603,0.0,0.0,0.0,0.0,23.03,1.59,0.0
20230505:1703,0.0,0.0,0.0,0.0,22.47,1.31,0.0
20230505:1803,0.0,0.0,0.0,0.0,21.47,0.76,0.0
20230505:1903,0.0,0.0,0.0,0.0,21.22,0.62,0.0
20230505:2003,0.0,0.0,0.0,0.0,19.99,1.1,0.0
20230505:2103,0.0,0.0,0.0,0.0,19.61,1.45,0.0
20230505:2203,0.0,0.0,0.0,0.0,19.73,1.59,0.0
20230505:2303,0.0,0.0,0.0,0.0,19.74,1.59,0.0
20230506:0003,0.0,0.0,0.0,0.0,19.74,1.52,0.0
20230506:0103,0.0,0.0,0.0,0.0,19.49,1.52,0.0
20230506:0203,0.0,0.0,0.0,0.0,19.06,1.66,0.0
20230506:0303,0.0,0.0,0.0,0.0,18.83,1.72,0.0
20230506:0403,0.0,0.0,0.0,0.0,18.44,1.86,0.0
20230506:0503,0.0,38.01,1.44,8.1,18.56,1.79,0.0
20230506:0603,0.0,98.52,3.72,19.89,20.71,2.28,0.0
20230506:0703,0.0,179.98,6.8,30.5,23.11,3.38,0.0
20230506:0803,0.0,137.31,5.18,39.14,25.22,3.72,0.0
20230506:0903,9.81,54.64,20.18,44.67,27.25,3.79,0.0
20230506:1003,14.38,49.43,20.91,45.88,29.0,3.79,0.0
20230506:1103,2.22,45.97,19.57,42.45,30.27,3.79,0.0
20230506:1203,0.0,83.01,3.13,35.24,31.08,3.79,0.0
20230506:1303,0.0,80.68,3.05,25.52,31.29,3.72,0.0
20230506:1403,0.0,78.35,2.96,14.27,30.83,3.31,0.0
20230506:1503,0.0,7.76,0.29,2.08,29.23,2.62,0.0
20230506:1603,0.0,0.0,0.0,0.0,27.36,2.41,0.0
20230506:1703,0.0,0.0,0.0,0.0,26.11,2.55,0.0
20230506:1803,0.0,0.0,0.0,0.0,24.89,2.69,0.0
20230506:1903,0.0,0.0,0.0,0.0,24.27,2.62,0.0
20230506:2003,0.0,0.0,0.0,0.0,23.46,2.48,0.0
20230506:2103,0.0,0.0,0.0,0.0,22.76,2.28,0.0
20230506:2203,0.0,0.0,0.0,0.0,22.31,2.0,0.0
20230506:2303,0.0,0.0,0.0,0.0,21.9,1.66,0.0
20230507:0003,0.0,0.0,0.0,0.0,21.49,1.1,0.0
20230507:0103,0.0,0.0,0.0,0.0,21.07,0.76,0.0
20230507:0203,0.0,0.0,0.0,0.0,20.46,0.9,0.0
20230507:0303,0.0,0.0,0.0,0.0,20.42,0.76,0.0
20230507:0403,0.0,0.0,0.0,0.0,20.42,0.83,0.0
20230507:0503,0.0,38.79,1.46,7.97,19.42,1.31,0.0
20230507:0603,0.0,92.32,3.49,19.74,22.85,1.52,0.0
20230507:0703,0.0,153.6,5.8,30.31,24.91,3.79,0.0
20230507:0803,0.0,114.04,4.31,38.91,26.42,4.0,0.0
20230507:0903,2.5,209.13,15.76,44.4,27.72,3.93,0.0
20230507:1003,0.0,167.14,5.74,45.6,28.59,3.66,0.0
20230507:1103,0.0,52.75,1.99,42.19,28.97,3.38,0.0
20230507:1203,0.0,86.89,3.28,35.01,28.87,3.17,0.0
20230507:1303,0.0,54.3,2.05,25.32,27.16,3.03,0.0
20230507:1403,0.0,77.58,2.93,14.09,26.16,3.03,0.0
20230507:1503,0.0,4.65,0.18,1.92,24.25,2.9,0.0
20230507:1603,0.0,0.0,0.0,0.0,22.55,3.24,0.0
20230507:1703,0.0,0.0,0.0,0.0,21.62,3.38,0.0
20230507:1803,0.0,0.0,0.0,0.0,20.93,3.03,0.0
20230507:1903,0.0,0.0,0.0,0.0,20.87,2.48,0.0
20230507:2003,0.0,0.0,0.0,0.0,20.54,2.21,0.0
20230507:2103,0.0,0.0,0.0,0.0,20.33,1.93,0.0
20230507:2203,0.0,0.0,0.0,0.0,20.09,1.72,0.0
20230507:2303,0.0,0.0,0.0,0.0,20.02,1.52,0.0
20230508:0003,0.0,0.0,0.0,0.0,19.86,1.66,0.0
20230508:0103,0.0,0.0,0.0,0.0,19.71,1.66,0.0
20230508:0203,0.0,0.0,0.0,0.0,19.85,1.52,0.0
20230508:0303,0.0,0.0,0.0,0.0,19.95,1.72,0.0
20230508:0403,0.0,0.0,0.0,0.0,20.2,1.59,0.0
20230508:0503,0.0,31.81,1.2,7.84,20.2,1.66,0.0
20230508:0603,0.0,63.61,2.4,19.58,19.99,1.59,0.0
20230508:0703,0.0,55.08,2.08,30.12,19.56,1.1,0.0
20230508:0803,0.0,60.51,2.28,38.68,19.69,0.76,0.0
20230508:0903,0.0,52.02,1.79,44.14,20.12,0.62,0.0
20230508:1003,0.0,62.25,2.14,45.33,20.92,0.83,0.0
20230508:1103,0.0,81.46,3.08,41.93,21.48,0.55,0.0
20230508:1203,0.0,162.91,6.15,34.78,21.5,0.62,0.0
20230508:1303,0.0,48.87,1.85,25.13,20.92,1.1,0.0
20230508:1403,0.0,13.19,0.5,13.92,20.07,2.0,0.0
20230508:1503,0.0,0.78,0.03,1.78,19.29,2.48,0.0
20230508:1603,0.0,0.0,0.0,0.0,18.78,2.41,0.0
20230508:1703,0.0,0.0,0.0,0.0,18.57,2.21,0.0
20230508:1803,0.0,0.0,0.0,0.0,18.3,2.07,0.0
20230508:1903,0.0,0.0,0.0,0.0,17.94,2.62,0.0
20230508:2003,0.0,0.0,0.0,0.0,17.78,2.76,0.0
20230508:2103,0.0,0.0,0.0,0.0,17.64,2.62,0.0
20230508:2203,0.0,0.0,0.0,0.0,17.37,2.48,0.0
20230508:2303,0.0,0.0,0.0,0.0,17.06,2.41,0.0
20230509:0003,0.0,0.0,0.0,0.0,16.98,2.48,0.0
20230509:0103,0.0,0.0,0.0,0.0,16.79,2.55,0.0
20230509:0203,0.0,0.0,0.0,0.0,16.6,2.83,0.0
20230509:0303,0.0,0.0,0.0,0.0,16.43,2.69,0.0
20230509:0403,0.0,0.0,0.0,0.0,16.23,2.21,0.0
20230509:0503,0.0,37.24,1.41,7.71,16.3,1.72,0.0
20230509:0603,0.0,103.95,3.92,19.42,17.89,1.66,0.0
20230509:0703,0.0,97.75,3.69,29.93,19.79,3.24,0.0
20230509:0803,0.0,92.32,3.49,38.46,21.11,3.52,0.0
20230509:0903,0.0,247.47,9.34,43.88,22.39,3.72,0.0
20230509:1003,0.34,271.62,12.33,45.06,22.8,3.93,0.0
20230509:1103,0.0,245.92,9.28,41.68,22.9,4.07,0.0
20230509:1203,0.0,79.9,3.02,34.56,22.77,4.34,0.0
20230509:1303,0.0,146.62,5.54,24.94,22.02,4.14,0.0
20230509:1403,0.0,44.99,1.7,13.76,21.2,3.52,0.0
20230509:1503,0.0,0.78,0.03,1.63,20.23,2.69,0.0
20230509:1603,0.0,0.0,0.0,0.0,19.39,2.41,0.0
20230509:1703,0.0,0.0,0.0,0.0,18.9,2.34,0.0
20230509:1803,0.0,0.0,0.0,0.0,18.61,2.28,0.0
20230509:1903,0.0,0.0,0.0,0.0,18.62,2.0,0.0
20230509:2003,0.0,0.0,0.0,0.0,18.37,2.07,0.0
20230509:2103,0.0,0.0,0.0,0.0,18.13,2.07,0.0
20230509:2203,0.0,0.0,0.0,0.0,18.1,2.21,0.0
20230509:2303,0.0,0.0,0.0,0.0,18.05,2.34,0.0
20230510:0003,0.0,0.0,0.0,0.0,18.13,2.41,0.0
20230510:0103,0.0,0.0,0.0,0.0,18.13,2.48,0.0
20230510:0203,0.0,0.0,0.0,0.0,18.18,2.41,0.0
20230510:0303,0.0,0.0,0.0,0.0,18.17,2.28,0.0
20230510:0403,0.0,0.0,0.0,0.0,18.07,2.28,0.0
20230510:0503,0.0,20.95,0.79,7.58,18.13,2.34,0.0
20230510:0603,0.0,77.58,2.93,19.27,18.96,1.93,0.0
20230510:0703,0.0,54.3,2.05,29.74,19.24,2.14,0.0
20230510:0803,0.0,228.08,8.61,38.24,20.02,2.83,0.0
20230510:0903,0.0,256.0,9.67,43.63,21.29,4.14,0.0
20230510:1003,0.0,254.45,9.61,44.8,22.07,4.34,0.0
20230510:1103,0.0,245.14,9.26,41.43,22.28,4.21,0.0
20230510:1203,0.0,128.78,4.86,34.34,22.23,4.28,0.0
20230510:1303,0.0,127.23,4.8,24.75,22.56,3.66,0.0
20230510:1403,0.0,73.7,2.78,13.6,22.11,3.17,0.0
20230510:1503,0.0,0.78,0.03,1.49,21.21,2.28,0.0
20230510:1603,0.0,0.0,0.0,0.0,20.12,2.07,0.0
20230510:1703,0.0,0.0,0.0,0.0,19.35,1.86,0.0
20230510:1803,0.0,0.0,0.0,0.0,18.87,1.66,0.0
20230510:1903,0.0,0.0,0.0,0.0,18.29,1.24,0.0
20230510:2003,0.0,0.0,0.0,0.0,17.4,1.24,0.0
20230510:2103,0.0,0.0,0.0,0.0,16.83,1.24,0.0
20230510:2203,0.0,0.0,0.0,0.0,16.49,1.17,0.0
20230510:2303,0.0,0.0,0.0,0.0,16.41,1.1,0.0
20230511:0003,0.0,0.0,0.0,0.0,16.41,1.03,0.0
20230511:0103,0.0,0.0,0.0,0.0,15.81,1.17,0.0
20230511:0203,0.0,0.0,0.0,0.0,15.51,1.17,0.0
20230511:0303,0.0,0.0,0.0,0.0,15.3,1.17,0.0
20230511:0403,0.0,0.0,0.0,0.0,15.06,1.17,0.0
20230511:0503,0.0,30.26,1.14,7.45,15.06,1.24,0.0
20230511:0603,0.0,53.53,2.02,19.11,18.22,1.17,0.0
20230511:0703,0.0,69.82,2.64,29.56,20.96,1.79,0.0
20230511:0803,0.0,78.35,2.96,38.02,22.98,2.62,0.0
20230511:0903,0.0,84.56,3.19,43.38,24.53,3.03,0.0
20230511:1003,0.0,96.2,3.63,44.54,25.73,3.17,0.0
20230511:1103,0.0,86.89,3.28,41.18,26.54,3.17,0.0
20230511:1203,0.0,82.23,3.1,34.13,27.0,3.03,0.0
20230511:1303,0.0,67.49,2.55,24.57,27.12,2.83,0.0
20230511:1403,0.0,50.43,1.9,13.44,26.63,2.34,0.0
20230511:1503,0.0,0.0,0.0,0.0,25.15,1.79,0.0
20230511:1603,0.0,0.0,0.0,0.0,23.53,1.79,0.0
20230511:1703,0.0,0.0,0.0,0.0,22.06,1.86,0.0
20230511:1803,0.0,0.0,0.0,0.0,20.76,2.0,0.0
20230511:1903,0.0,0.0,0.0,0.0,19.73,2.07,0.0
20230511:2003,0.0,0.0,0.0,0.0,18.85,1.86,0.0
20230511:2103,0.0,0.0,0.0,0.0,18.15,1.79,0.0
20230511:2203,0.0,0.0,0.0,0.0,17.82,1.52,0.0
20230511:2303,0.0,0.0,0.0,0.0,18.02,1.24,0.0
20230512:0003,0.0,0.0,0.0,0.0,18.79,0.9,0.0
20230512:0103,0.0,0.0,0.0,0.0,19.1,0.69,0.0
20230512:0203,0.0,0.0,0.0,0.0,18.76,0.76,0.0
20230512:0303,0.0,0.0,0.0,0.0,16.84,1.17,0.0
20230512:0403,0.0,0.0,0.0,0.0,15.83,1.45,0.0
20230512:0503,0.0,30.26,1.14,7.32,15.96,1.38,0.0
20230512:0603,0.0,110.16,4.16,18.96,19.32,1.52,0.0
20230512:0703,0.0,175.32,6.62,29.37,21.95,2.76,0.0
20230512:0803,0.0,226.53,8.55,37.8,23.73,3.1,0.0
20230512:0903,0.0,256.78,9.69,43.14,24.74,2.34,0.0
20230512:1003,0.0,257.56,9.72,44.29,25.35,2.0,0.0
20230512:1103,0.0,121.02,4.57,40.95,25.51,2.34,0.0
20230512:1203,0.0,204.8,7.73,33.92,25.45,2.62,0.0
20230512:1303,0.0,131.11,4.95,24.39,25.21,2.76,0.0
20230512:1403,0.0,54.3,2.05,13.29,24.53,2.9,0.0
20230512:1503,0.0,0.0,0.0,0.0,23.37,2.48,0.0
20230512:1603,0.0,0.0,0.0,0.0,22.19,2.21,0.0
20230512:1703,0.0,0.0,0.0,0.0,21.38,2.14,0.0
20230512:1803,0.0,0.0,0.0,0.0,20.53,2.21,0.0
20230512:1903,0.0,0.0,0.0,0.0,20.22,2.41,0.0
20230512:2003,0.0,0.0,0.0,0.0,19.69,2.41,0.0
20230512:2103,0.0,0.0,0.0,0.0,19.28,2.41,0.0
20230512:2203,0.0,0.0,0.0,0.0,19.3,2.48,0.0
20230512:2303,0.0,0.0,0.0,0.0,18.86,2.34,0.0
20230513:0003,0.0,0.0,0.0,0.0,18.7,2.28,0.0
20230513:0103,0.0,0.0,0.0,0.0,18.82,2.21,0.0
20230513:0203,0.0,0.0,0.0,0.0,18.65,2.07,0.0
20230513:0303,0.0,0.0,0.0,0.0,18.5,2.0,0.0
20230513:0403,0.0,0.0,0.0,0.0,18.09,1.93,0.0
20230513:0503,0.0,31.81,1.2,7.19,18.1,1.72,0.0
20230513:0603,0.0,65.94,2.49,18.81,19.67,1.72,0.0
20230513:0703,0.0,79.9,3.02,29.19,21.44,1.86,0.0
20230513:0803,0.0,89.99,3.4,37.58,23.1,2.0,0.0
20230513:0903,0.0,110.16,4.16,42.9,24.12,1.72,0.0
20230513:1003,0.0,245.14,9.26,44.04,24.95,1.24,0.0
20230513:1103,0.0,234.28,8.85,40.72,25.25,0.97,0.0
20230513:1203,0.0,198.6,7.5,33.72,25.64,0.62,0.0
20230513:1303,0.0,131.11,4.95,24.22,25.45,1.24,0.0
20230513:1403,0.0,69.82,2.64,13.15,24.9,2.0,0.0
20230513:1503,0.0,0.0,0.0,0.0,23.79,2.21,0.0
20230513:1603,0.0,0.0,0.0,0.0,22.39,2.07,0.0
20230513:1703,0.0,0.0,0.0,0.0,21.25,1.93,0.0
20230513:1803,0.0,0.0,0.0,0.0,20.56,1.86,0.0
20230513:1903,0.0,0.0,0.0,0.0,19.52,1.31,0.0
20230513:2003,0.0,0.0,0.0,0.0,18.68,1.1,0.0
20230513:2103,0.0,0.0,0.0,0.0,18.61,0.9,0.0
20230513:2203,0.0,0.0,0.0,0.0,18.06,1.03,0.0
20230513:2303,0.0,0.0,0.0,0.0,17.75,1.03,0.0
20230514:0003,0.0,0.0,0.0,0.0,17.98,0.9,0.0
20230514:0103,0.0,0.0,0.0,0.0,18.05,0.76,0.0
20230514:0203,0.0,0.0,0.0,0.0,17.86,0.76,0.0
20230514:0303,0.0,0.0,0.0,0.0,16.98,1.03,0.0
20230514:0403,0.0,0.0,0.0,0.0,17.0,0.97,0.0
20230514:0503,0.0,34.91,1.32,7.06,17.23,0.9,0.0
20230514:0603,0.0,41.12,1.55,18.66,19.29,0.69,0.0
20230514:0703,0.0,80.68,3.05,29.01,21.49,1.45,0.0
20230514:0803,0.0,193.17,7.29,37.37,22.62,2.0,0.0
20230514:0903,0.0,206.36,7.79,42.66,23.54,2.41,0.0
20230514:1003,0.0,92.32,3.49,43.79,24.28,2.62,0.0
20230514:1103,0.0,112.49,4.25,40.49,24.99,3.03,0.0
20230514:1203,0.0,155.93,5.89,33.52,24.87,2.76,0.0
20230514:1303,0.0,139.64,5.27,24.05,24.71,2.48,0.0
20230514:1403,0.0,27.93,1.05,13.0,24.32,1.86,0.0
20230514:1503,0.0,0.0,0.0,0.0,23.4,1.31,0.0
20230514:1603,0.0,0.0,0.0,0.0,22.39,0.9,0.0
20230514:1703,0.0,0.0,0.0,0.0,20.9,1.59,0.0
20230514:1803,0.0,0.0,0.0,0.0,19.49,2.14,0.0
20230514:1903,0.0,0.0,0.0,0.0,19.15,2.41,0.0
20230514:2003,0.0,0.0,0.0,0.0,18.93,2.28,0.0
20230514:2103,0.0,0.0,0.0,0.0,18.6,2.34,0.0
20230514:2203,0.0,0.0,0.0,0.0,18.37,1.86,0.0
20230514:2303,0.0,0.0,0.0,0.0,18.19,1.45,0.0
20230515:0003,0.0,0.0,0.0,0.0,17.73,1.24,0.0
20230515:0103,0.0,0.0,0.0,0.0,17.44,1.38,0.0
20230515:0203,0.0,0.0,0.0,0.0,17.6,2.28,0.0
20230515:0303,0.0,0.0,0.0,0.0,17.91,3.24,0.0
20230515:0403,0.0,0.0,0.0,0.0,18.21,3.59,0.0
20230515:0503,0.0,34.13,1.29,6.93,18.51,3.52,0.0
20230515:0603,0.0,102.4,3.87,18.51,18.79,3.72,0.0
20230515:0703,0.0,62.06,2.34,28.83,19.23,4.69,0.0
20230515:0803,0.0,218.77,8.26,37.17,20.11,5.52,0.0
20230515:0903,0.0,249.8,9.43,42.43,20.9,6.0,0.0
20230515:1003,0.0,242.82,9.17,43.56,21.35,6.21,0.0
20230515:1103,0.0,210.23,7.94,40.27,20.8,5.1,0.0
20230515:1203,0.0,200.15,7.56,33.33,20.78,4.9,0.0
20230515:1303,0.0,125.67,4.74,23.89,20.58,4.62,0.0
20230515:1403,0.0,65.94,2.49,12.87,19.82,3.86,0.0
20230515:1503,0.0,0.0,0.0,0.0,18.95,3.59,0.0
20230515:1603,0.0,0.0,0.0,0.0,18.17,3.59,0.0
20230515:1703,0.0,0.0,0.0,0.0,17.49,3.45,0.0
20230515:1803,0.0,0.0,0.0,0.0,16.82,2.97,0.0
20230515:1903,0.0,0.0,0.0,0.0,17.02,2.76,0.0
20230515:2003,0.0,0.0,0.0,0.0,16.59,2.76,0.0
20230515:2103,0.0,0.0,0.0,0.0,16.15,2.62,0.0
20230515:2203,0.0,0.0,0.0,0.0,15.91,2.48,0.0
20230515:2303,0.0,0.0,0.0,0.0,15.79,2.28,0.0
20230516:0003,0.0,0.0,0.0,0.0,15.27,1.93,0.0
20230516:0103,0.0,0.0,0.0,0.0,14.37,1.59,0.0
20230516:0203,0.0,0.0,0.0,0.0,13.97,1.38,0.0
20230516:0303,0.0,0.0,0.0,0.0,14.01,1.24,0.0
20230516:0403,0.0,0.0,0.0,0.0,13.72,1.31,0.0
20230516:0503,0.0,27.15,1.03,6.81,13.51,1.31,0.0
20230516:0603,0.0,55.86,2.11,18.36,16.29,0.97,0.0
20230516:0703,0.0,72.92,2.75,28.66,18.79,1.03,0.0
20230516:0803,0.0,80.68,3.05,36.96,20.04,0.9,0.0
20230516:0903,0.0,86.89,3.28,42.2,21.33,0.14,0.0
20230516:1003,0.0,124.9,4.72,43.32,22.27,0.76,0.0
20230516:1103,0.0,219.54,8.29,40.05,22.81,1.31,0.0
20230516:1203,0.0,169.12,6.39,33.14,22.85,1.79,0.0
20230516:1303,0.0,107.06,4.04,23.73,22.93,1.93,0.0
20230516:1403,0.0,48.1,1.82,12.73,22.64,2.21,0.0
20230516:1503,0.0,0.0,0.0,0.0,21.22,2.21,0.0
20230516:1603,0.0,0.0,0.0,0.0,19.95,1.72,0.0
20230516:1703,0.0,0.0,0.0,0.0,18.83,1.66,0.0
20230516:1803,0.0,0.0,0.0,0.0,17.77,1.79,0.0
20230516:1903,0.0,0.0,0.0,0.0,16.91,2.0,0.0
20230516:2003,0.0,0.0,0.0,0.0,16.3,2.14,0.0
20230516:2103,0.0,0.0,0.0,0.0,15.98,2.21,0.0
20230516:2203,0.0,0.0,0.0,0.0,15.8,2.21,0.0
20230516:2303,0.0,0.0,0.0,0.0,15.6,2.21,0.0
20230517:0003,0.0,0.0,0.0,0.0,15.32,2.14,0.0
20230517:0103,0.0,0.0,0.0,0.0,14.97,2.07,0.0
20230517:0203,0.0,0.0,0.0,0.0,14.58,2.07,0.0
20230517:0303,0.0,0.0,0.0,0.0,14.1,1.93,0.0
20230517:0403,0.0,0.0,0.0,0.0,13.58,1.86,0.0
20230517:0503,0.0,30.26,1.14,6.68,13.31,1.79,0.0
20230517:0603,0.0,58.96,2.23,18.21,16.08,1.72,0.0
20230517:0703,0.0,75.25,2.84,28.49,18.94,1.86,0.0
20230517:0803,0.0,81.46,3.08,36.76,21.79,1.86,0.0
20230517:0903,0.0,85.33,3.22,41.98,23.92,2.0,0.0
20230517:1003,0.0,79.13,2.99,43.1,25.37,1.52,0.0
20230517:1103,0.0,78.35,2.96,39.84,26.24,0.97,0.0
20230517:1203,0.0,75.25,2.84,32.96,26.67,0.76,0.0
20230517:1303,0.0,65.16,2.46,23.58,26.67,0.9,0.0
20230517:1403,0.0,48.1,1.82,12.61,26.11,1.03,0.0
20230517:1503,0.0,0.0,0.0,0.0,24.57,1.59,0.0
20230517:1603,0.0,0.0,0.0,0.0,21.98,1.24,0.0
20230517:1703,0.0,0.0,0.0,0.0,21.82,0.69,0.0
20230517:1803,0.0,0.0,0.0,0.0,20.98,0.21,0.0
20230517:1903,0.0,0.0,0.0,0.0,20.35,0.55,0.0
20230517:2003,0.0,0.0,0.0,0.0,18.83,1.1,0.0
20230517:2103,0.0,0.0,0.0,0.0,18.32,1.1,0.0
20230517:2203,0.0,0.0,0.0,0.0,17.92,1.03,0.0
20230517:2303,0.0,0.0,0.0,0.0,17.69,1.03,0.0
20230518:0003,0.0,0.0,0.0,0.0,17.77,0.9,0.0
20230518:0103,0.0,0.0,0.0,0.0,16.56,1.24,0.0
20230518:0203,0.0,0.0,0.0,0.0,15.71,1.45,0.0
20230518:0303,0.0,0.0,0.0,0.0,15.28,1.38,0.0
20230518:0403,0.0,0.0,0.0,0.0,14.62,1.52,0.0
20230518:0503,0.0,31.81,1.2,6.56,14.25,1.59,0.0
20230518:0603,0.0,52.75,1.99,18.06,17.53,1.38,0.0
20230518:0703,0.0,124.12,4.69,28.31,20.6,1.79,0.0
20230518:0803,0.0,214.11,8.08,36.56,22.34,1.93,0.0
20230518:0903,0.0,94.64,3.57,41.76,23.56,1.52,0.0
20230518:1003,0.0,96.97,3.66,42.88,24.49,1.17,0.0
20230518:1103,0.0,96.97,3.66,39.64,25.01,1.03,0.0
20230518:1203,0.0,180.75,6.82,32.79,25.34,1.24,0.0
20230518:1303,0.0,118.69,4.48,23.43,25.2,1.31,0.0
20230518:1403,0.0,45.77,1.73,12.48,24.53,1.52,0.0
20230518:1503,0.0,0.0,0.0,0.0,23.52,2.0,0.0
20230518:1603,0.0,0.0,0.0,0.0,21.9,2.34,0.0
20230518:1703,0.0,0.0,0.0,0.0,20.64,2.62,0.0
20230518:1803,0.0,0.0,0.0,0.0,19.58,2.9,0.0
20230518:1903,0.0,0.0,0.0,0.0,19.65,2.69,0.0
20230518:2003,0.0,0.0,0.0,0.0,19.17,2.83,0.0
20230518:2103,0.0,0.0,0.0,0.0,18.76,3.03,0.0
20230518:2203,0.0,0.0,0.0,0.0,18.49,3.17,0.0
20230518:2303,0.0,0.0,0.0,0.0,18.03,3.03,0.0
20230519:0003,0.0,0.0,0.0,0.0,17.56,2.83,0.0
20230519:0103,0.0,0.0,0.0,0.0,17.43,3.03,0.0
20230519:0203,0.0,0.0,0.0,0.0,17.51,3.31,0.0
20230519:0303,0.0,0.0,0.0,0.0,17.49,3.66,0.0
20230519:0403,0.0,0.0,0.0,0.0,17.47,3.86,0.0
20230519:0503,0.0,31.03,1.17,6.43,17.23,3.59,0.0
20230519:0603,0.0,96.2,3.63,17.92,17.7,4.14,0.0
20230519:0703,0.0,62.84,2.37,28.15,18.43,4.9,0.0
20230519:0803,0.0,214.11,8.08,36.37,19.36,4.97,0.0
20230519:0903,0.0,156.71,5.92,41.55,19.49,4.55,0.0
20230519:1003,0.0,252.13,9.52,42.66,19.3,4.07,0.0
20230519:1103,0.0,118.69,4.48,39.44,19.0,4.0,0.0
20230519:1203,0.0,179.98,6.8,32.62,18.7,3.86,0.0
20230519:1303,0.0,115.59,4.36,23.29,18.44,4.14,0.0
20230519:1403,0.0,16.29,0.62,12.37,16.93,4.76,0.0
20230519:1503,0.0,0.0,0.0,0.0,15.8,4.07,0.0
20230519:1603,0.0,0.0,0.0,0.0,15.21,3.72,0.0
20230519:1703,0.0,0.0,0.0,0.0,14.88,3.66,0.0
20230519:1803,0.0,0.0,0.0,0.0,14.62,3.59,0.0
20230519:1903,0.0,0.0,0.0,0.0,14.97,3.1,0.0
20230519:2003,0.0,0.0,0.0,0.0,14.89,2.83,0.0
20230519:2103,0.0,0.0,0.0,0.0,14.49,2.48,0.0
20230519:2203,0.0,0.0,0.0,0.0,14.13,2.14,0.0
20230519:2303,0.0,0.0,0.0,0.0,13.57,1.93,0.0
20230520:0003,0.0,0.0,0.0,0.0,12.89,1.72,0.0
20230520:0103,0.0,0.0,0.0,0.0,12.08,1.59,0.0
20230520:0203,0.0,0.0,0.0,0.0,11.8,1.45,0.0
20230520:0303,0.0,0.0,0.0,0.0,11.33,1.38,0.0
20230520:0403,0.0,0.0,0.0,0.0,10.79,1.45,0.0
20230520:0503,0.0,26.38,1.0,6.31,10.61,1.38,0.0
20230520:0603,0.0,55.08,2.08,17.78,13.39,0.97,0.0
20230520:0703,0.0,72.15,2.72,27.98,17.1,0.97,0.0
20230520:0803,0.0,78.35,2.96,36.18,19.35,1.1,0.0
20230520:0903,0.0,82.23,3.1,41.34,20.61,0.83,0.0
20230520:1003,0.0,82.23,3.1,42.45,21.48,0.28,0.0
20230520:1103,0.0,79.9,3.02,39.25,22.06,0.41,0.0
20230520:1203,0.0,74.47,2.81,32.45,22.33,0.9,0.0
20230520:1303,0.0,65.94,2.49,23.15,22.22,1.17,0.0
20230520:1403,0.0,44.99,1.7,12.25,21.75,1.52,0.0
20230520:1503,0.0,0.0,0.0,0.0,20.28,1.72,0.0
20230520:1603,0.0,0.0,0.0,0.0,18.62,1.59,0.0
20230520:1703,0.0,0.0,0.0,0.0,16.85,1.24,0.0
20230520:1803,0.0,0.0,0.0,0.0,16.62,0.97,0.0
20230520:1903,0.0,0.0,0.0,0.0,16.84,0.9,0.0
20230520:2003,0.0,0.0,0.0,0.0,16.37,0.9,0.0
20230520:2103,0.0,0.0,0.0,0.0,15.47,1.1,0.0
20230520:2203,0.0,0.0,0.0,0.0,14.85,1.24,0.0
20230520:2303,0.0,0.0,0.0,0.0,14.0,1.52,0.0
20230521:0003,0.0,0.0,0.0,0.0,13.27,1.72,0.0
20230521:0103,0.0,0.0,0.0,0.0,12.79,1.86,0.0
20230521:0203,0.0,0.0,0.0,0.0,12.49,1.86,0.0
20230521:0303,0.0,0.0,0.0,0.0,12.08,1.93,0.0
20230521:0403,0.0,0.0,0.0,0.0,11.62,2.0,0.0
20230521:0503,0.0,30.26,1.14,6.19,11.46,1.93,0.0
20230521:0603,0.0,56.63,2.14,17.64,14.85,1.66,0.0
20230521:0703,0.0,73.7,2.78,27.82,18.23,2.34,0.0
20230521:0803,0.0,80.68,3.05,35.99,20.48,2.9,0.0
20230521:0903,0.0,84.56,3.19,41.14,22.34,3.1,0.0
20230521:1003,0.0,84.56,3.19,42.25,23.75,3.03,0.0
20230521:1103,0.0,76.8,2.9,39.06,24.82,2.9,0.0
20230521:1203,0.0,74.47,2.81,32.29,25.49,2.48,0.0
20230521:1303,0.0,63.61,2.4,23.02,25.78,1.72,0.0
20230521:1403,0.0,45.77,1.73,12.15,25.37,0.41,0.0
20230521:1503,0.0,0.0,0.0,0.0,23.47,1.03,0.0
20230521:1603,0.0,0.0,0.0,0.0,21.86,0.83,0.0
20230521:1703,0.0,0.0,0.0,0.0,19.18,1.31,0.0
20230521:1803,0.0,0.0,0.0,0.0,16.69,1.86,0.0
20230521:1903,0.0,0.0,0.0,0.0,15.46,2.28,0.0
20230521:2003,0.0,0.0,0.0,0.0,14.78,2.48,0.0
20230521:2103,0.0,0.0,0.0,0.0,15.23,3.31,0.0
20230521:2203,0.0,0.0,0.0,0.0,16.61,4.62,0.0
20230521:2303,0.0,0.0,0.0,0.0,16.82,4.48,0.0
20230522:0003,0.0,0.0,0.0,0.0,16.57,4.41,0.0
20230522:0103,0.0,0.0,0.0,0.0,16.5,4.48,0.0
20230522:0203,0.0,0.0,0.0,0.0,16.3,4.28,0.0
20230522:0303,0.0,0.0,0.0,0.0,15.96,4.0,0.0
20230522:0403,0.0,0.0,0.0,0.0,15.68,3.72,0.0
20230522:0503,0.0,26.38,1.0,6.07,15.64,3.66,0.0
20230522:0603,0.0,56.63,2.14,17.5,16.42,3.03,0.0
20230522:0703,0.0,76.8,2.9,27.66,17.77,4.28,0.0
20230522:0803,0.0,83.78,3.16,35.81,19.05,4.83,0.0
20230522:0903,0.0,87.66,3.31,40.94,19.73,4.55,0.0
20230522:1003,0.0,228.08,8.61,42.05,20.64,4.55,0.0
20230522:1103,0.0,175.32,6.62,38.88,20.87,4.34,0.0
20230522:1203,0.0,163.69,6.18,32.14,20.78,4.07,0.0
20230522:1303,0.0,76.03,2.87,22.89,20.49,3.79,0.0
20230522:1403,0.0,59.73,2.26,12.04,19.6,3.17,0.0
20230522:1503,0.0,0.0,0.0,0.0,18.38,2.76,0.0
20230522:1603,0.0,0.0,0.0,0.0,17.11,2.62,0.0
20230522:1703,0.0,0.0,0.0,0.0,15.98,2.62,0.0
20230522:1803,0.0,0.0,0.0,0.0,15.31,2.07,0.0
20230522:1903,0.0,0.0,0.0,0.0,14.68,1.59,0.0
20230522:2003,0.0,0.0,0.0,0.0,13.65,1.52,0.0
20230522:2103,0.0,0.0,0.0,0.0,13.17,1.38,0.0
20230522:2203,0.0,0.0,0.0,0.0,12.84,1.31,0.0
20230522:2303,0.0,0.0,0.0,0.0,12.91,1.17,0.0
20230523:0003,0.0,0.0,0.0,0.0,12.65,1.24,0.0
20230523:0103,0.0,0.0,0.0,0.0,12.79,1.17,0.0
20230523:0203,0.0,0.0,0.0,0.0,12.65,1.17,0.0
20230523:0303,0.0,0.0,0.0,0.0,12.75,1.1,0.0
20230523:0403,0.0,0.0,0.0,0.0,12.36,1.17,0.0
20230523:0503,0.0,26.38,1.0,5.95,12.42,1.17,0.0
20230523:0603,0.0,96.97,3.66,17.36,14.42,0.83,0.0
20230523:0703,0.0,164.46,6.21,27.5,16.87,1.17,0.0
20230523:0803,0.0,214.11,8.08,35.63,18.48,2.0,0.0
20230523:0903,0.0,187.74,7.09,40.75,19.69,3.03,0.0
20230523:1003,0.0,103.18,3.9,41.86,21.16,4.48,0.0
20230523:1103,0.0,83.78,3.16,38.71,21.52,4.28,0.0
20230523:1203,0.0,83.01,3.13,31.99,21.48,3.24,0.0
20230523:1303,0.0,71.37,2.69,22.77,22.04,3.59,0.0
20230523:1403,0.0,55.08,2.08,11.94,21.91,3.38,0.0
20230523:1503,0.0,0.0,0.0,0.0,20.46,2.48,0.0
20230523:1603,0.0,0.0,0.0,0.0,19.04,2.14,0.0
20230523:1703,0.0,0.0,0.0,0.0,17.89,2.07,0.0
20230523:1803,0.0,0.0,0.0,0.0,16.91,2.14,0.0
20230523:1903,0.0,0.0,0.0,0.0,16.28,2.07,0.0
20230523:2003,0.0,0.0,0.0,0.0,15.5,1.79,0.0
20230523:2103,0.0,0.0,0.0,0.0,14.88,1.72,0.0
20230523:2203,0.0,0.0,0.0,0.0,14.39,1.72,0.0
20230523:2303,0.0,0.0,0.0,0.0,14.13,1.59,0.0
20230524:0003,0.0,0.0,0.0,0.0,14.24,1.45,0.0
20230524:0103,0.0,0.0,0.0,0.0,14.46,1.24,0.0
20230524:0203,0.0,0.0,0.0,0.0,14.84,1.03,0.0
20230524:0303,0.0,0.0,0.0,0.0,14.84,0.55,0.0
20230524:0403,0.0,0.0,0.0,0.0,14.27,0.21,0.0
20230524:0503,0.0,27.15,1.03,5.83,13.97,0.21,0.0
20230524:0603,0.0,78.35,2.96,17.23,14.69,0.41,0.0
20230524:0703,0.0,84.56,3.19,27.35,18.0,0.55,0.0
20230524:0803,0.0,83.78,3.16,35.46,20.09,1.03,0.0
20230524:0903,0.0,84.56,3.19,40.56,21.79,1.1,0.0
20230524:1003,0.0,88.44,3.34,41.67,23.17,0.9,0.0
20230524:1103,0.0,83.01,3.13,38.54,24.19,0.55,0.0
20230524:1203,0.0,79.9,3.02,31.85,24.73,0.62,0.0
20230524:1303,0.0,65.16,2.46,22.66,24.85,0.97,0.0
20230524:1403,0.0,47.32,1.79,11.85,24.37,1.38,0.0
20230524:1503,0.0,0.0,0.0,0.0,22.92,1.45,0.0
20230524:1603,0.0,0.0,0.0,0.0,21.05,1.24,0.0
20230524:1703,0.0,0.0,0.0,0.0,19.45,1.1,0.0
20230524:1803,0.0,0.0,0.0,0.0,18.5,1.24,0.0
20230524:1903,0.0,0.0,0.0,0.0,16.61,2.0,0.0
20230524:2003,0.0,0.0,0.0,0.0,15.94,2.14,0.0
20230524:2103,0.0,0.0,0.0,0.0,15.62,2.21,0.0
20230524:2203,0.0,0.0,0.0,0.0,15.55,2.21,0.0
20230524:2303,0.0,0.0,0.0,0.0,15.6,2.21,0.0
20230525:0003,0.0,0.0,0.0,0.0,15.7,2.28,0.0
20230525:0103,0.0,0.0,0.0,0.0,15.8,2.34,0.0
20230525:0203,0.0,0.0,0.0,0.0,15.88,2.41,0.0
20230525:0303,0.0,0.0,0.0,0.0,15.87,2.48,0.0
20230525:0403,0.0,0.0,0.0,0.0,15.75,2.55,0.0
20230525:0503,0.0,25.6,0.97,5.72,15.7,2.55,0.0
20230525:0603,0.0,93.09,3.51,17.1,17.35,2.48,0.0
20230525:0703,0.0,152.05,5.74,27.2,19.72,3.59,0.0
20230525:0803,0.0,200.92,7.59,35.29,21.86,4.28,0.0
20230525:0903,0.0,84.56,3.19,40.38,23.85,4.69,0.0
20230525:1003,0.0,86.11,3.25,41.49,25.46,4.97,0.0
20230525:1103,0.0,80.68,3.05,38.38,26.62,5.24,0.0
20230525:1203,0.0,79.9,3.02,31.71,27.31,5.24,0.0
20230525:1303,0.0,69.04,2.61,22.55,27.4,5.17,0.0
20230525:1403,0.0,47.32,1.79,11.76,26.78,4.34,0.0
20230525:1503,0.0,0.0,0.0,0.0,25.13,3.79,0.0
20230525:1603,0.0,0.0,0.0,0.0,23.54,3.59,0.0
20230525:1703,0.0,0.0,0.0,0.0,22.43,3.66,0.0
20230525:1803,0.0,0.0,0.0,0.0,21.71,3.79,0.0
20230525:1903,0.0,0.0,0.0,0.0,21.79,4.34,0.0
20230525:2003,0.0,0.0,0.0,0.0,21.56,4.41,0.0
20230525:2103,0.0,0.0,0.0,0.0,21.28,4.41,0.0
20230525:2203,0.0,0.0,0.0,0.0,21.01,4.41,0.0
20230525:2303,0.0,0.0,0.0,0.0,20.72,4.34,0.0
20230526:0003,0.0,0.0,0.0,0.0,20.44,4.21,0.0
20230526:0103,0.0,0.0,0.0,0.0,20.13,4.0,0.0
20230526:0203,0.0,0.0,0.0,0.0,19.79,3.86,0.0
20230526:0303,0.0,0.0,0.0,0.0,19.38,3.52,0.0
20230526:0403,0.0,0.0,0.0,0.0,18.82,3.03,0.0
20230526:0503,0.0,25.6,0.97,5.61,18.3,2.48,0.0
20230526:0603,0.0,55.08,2.08,16.97,19.91,2.28,0.0
20230526:0703,0.0,85.33,3.22,27.05,22.45,2.55,0.0
20230526:0803,0.0,94.64,3.57,35.13,24.69,1.31,0.0
20230526:0903,0.0,88.44,3.34,40.2,26.34,2.21,0.0
20230526:1003,0.0,89.21,3.37,41.32,27.01,4.28,0.0
20230526:1103,0.0,220.32,8.32,38.22,25.81,5.59,0.0
20230526:1203,0.0,185.41,7.0,31.58,24.07,6.07,0.0
20230526:1303,0.0,118.69,4.48,22.44,22.74,5.59,0.0
20230526:1403,0.0,58.96,2.23,11.68,21.7,4.55,0.0
20230526:1503,0.0,0.0,0.0,0.0,20.61,4.41,0.0
20230526:1603,0.0,0.0,0.0,0.0,19.36,3.79,0.0
20230526:1703,0.0,0.0,0.0,0.0,18.44,3.24,0.0
20230526:1803,0.0,0.0,0.0,0.0,17.93,2.97,0.0
20230526:1903,0.0,0.0,0.0,0.0,17.91,2.55,0.0
20230526:2003,0.0,0.0,0.0,0.0,17.51,2.21,0.0
20230526:2103,0.0,0.0,0.0,0.0,17.37,2.0,0.0
20230526:2203,0.0,0.0,0.0,0.0,17.32,1.86,0.0
20230526:2303,0.0,0.0,0.0,0.0,17.18,1.72,0.0
20230527:0003,0.0,0.0,0.0,0.0,17.44,1.66,0.0
20230527:0103,0.0,0.0,0.0,0.0,17.52,1.66,0.0
20230527:0203,0.0,0.0,0.0,0.0,17.49,1.59,0.0
20230527:0303,0.0,0.0,0.0,0.0,17.27,1.52,0.0
20230527:0403,0.0,0.0,0.0,0.0,17.3,1.38,0.0
20230527:0503,0.0,26.38,1.0,5.49,17.23,1.17,0.0
20230527:0603,0.0,78.35,2.96,16.84,17.85,1.03,0.0
20230527:0703,0.0,79.13,2.99,26.9,18.39,0.97,0.0
20230527:0803,0.0,86.89,3.28,34.96,19.02,0.55,0.0
20230527:0903,0.0,104.73,3.95,40.03,19.76,0.97,0.0
20230527:1003,0.0,168.34,6.36,41.15,20.35,0.76,0.0
20230527:1103,0.0,124.9,4.72,38.07,20.53,0.34,0.0
20230527:1203,0.0,81.46,3.08,31.46,20.65,0.41,0.0
20230527:1303,0.0,84.56,3.19,22.34,20.86,0.9,0.0
20230527:1403,0.0,49.65,1.87,11.6,20.42,1.1,0.0
20230527:1503,0.0,0.0,0.0,0.0,19.79,1.03,0.0
20230527:1603,0.0,0.0,0.0,0.0,19.07,0.83,0.0
20230527:1703,0.0,0.0,0.0,0.0,18.19,0.97,0.0
20230527:1803,0.0,0.0,0.0,0.0,17.52,1.31,0.0
20230527:1903,0.0,0.0,0.0,0.0,17.55,1.38,0.0
20230527:2003,0.0,0.0,0.0,0.0,17.33,1.66,0.0
20230527:2103,0.0,0.0,0.0,0.0,17.29,1.79,0.0
20230527:2203,0.0,0.0,0.0,0.0,17.16,1.86,0.0
20230527:2303,0.0,0.0,0.0,0.0,17.09,1.86,0.0
20230528:0003,0.0,0.0,0.0,0.0,16.87,2.0,0.0
20230528:0103,0.0,0.0,0.0,0.0,16.65,2.07,0.0
20230528:0203,0.0,0.0,0.0,0.0,16.58,2.21,0.0
20230528:0303,0.0,0.0,0.0,0.0,16.51,2.21,0.0
20230528:0403,0.0,0.0,0.0,0.0,16.41,2.28,0.0
20230528:0503,0.0,23.27,0.88,5.38,16.3,2.34,0.0
20230528:0603,0.0,94.64,3.57,16.71,18.21,2.28,0.0
20230528:0703,0.0,107.83,4.07,26.76,20.74,3.31,0.0
20230528:0803,0.0,94.64,3.57,34.81,22.74,4.34,0.0
20230528:0903,0.0,96.97,3.66,39.86,24.24,4.62,0.0
20230528:1003,0.0,93.09,3.51,40.99,25.48,4.41,0.0
20230528:1103,0.0,94.64,3.57,37.93,26.4,4.21,0.0
20230528:1203,0.0,78.35,2.96,31.34,26.87,4.07,0.0
20230528:1303,0.0,67.49,2.55,22.25,26.9,4.0,0.0
20230528:1403,0.0,45.77,1.73,11.52,26.27,3.31,0.0
20230528:1503,0.0,0.0,0.0,0.0,24.45,2.69,0.0
20230528:1603,0.0,0.0,0.0,0.0,22.62,2.41,0.0
20230528:1703,0.0,0.0,0.0,0.0,21.3,2.41,0.0
20230528:1803,0.0,0.0,0.0,0.0,20.16,2.48,0.0
20230528:1903,0.0,0.0,0.0,0.0,19.38,2.55,0.0
20230528:2003,0.0,0.0,0.0,0.0,18.63,2.55,0.0
20230528:2103,0.0,0.0,0.0,0.0,18.0,2.48,0.0
20230528:2203,0.0,0.0,0.0,0.0,17.49,2.41,0.0
20230528:2303,0.0,0.0,0.0,0.0,17.0,2.34,0.0
20230529:0003,0.0,0.0,0.0,0.0,16.51,2.41,0.0
20230529:0103,0.0,0.0,0.0,0.0,16.04,2.41,0.0
20230529:0203,0.0,0.0,0.0,0.0,15.59,2.34,0.0
20230529:0303,0.0,0.0,0.0,0.0,15.11,2.28,0.0
20230529:0403,0.0,0.0,0.0,0.0,14.63,2.14,0.0
20230529:0503,0.0,24.82,0.94,5.27,14.44,2.07,0.0
20230529:0603,0.0,62.06,2.34,16.59,16.75,1.79,0.0
20230529:0703,0.0,77.58,2.93,26.63,20.1,0.97,0.0
20230529:0803,0.0,97.75,3.69,34.66,22.42,0.83,0.0
20230529:0903,0.0,114.04,4.31,39.7,24.03,1.03,0.0
20230529:1003,0.0,165.24,6.24,40.84,25.37,1.66,0.0
20230529:1103,0.0,214.89,8.11,37.79,26.32,2.28,0.0
20230529:1203,0.0,172.22,6.5,31.23,26.46,2.76,0.0
20230529:1303,0.0,96.97,3.66,22.16,25.58,3.17,0.0
20230529:1403,0.0,59.73,2.26,11.46,24.32,3.03,0.0
20230529:1503,0.0,0.0,0.0,0.0,22.89,2.48,0.0
20230529:1603,0.0,0.0,0.0,0.0,21.92,2.0,0.0
20230529:1703,0.0,0.0,0.0,0.0,21.26,1.93,0.0
20230529:1803,0.0,0.0,0.0,0.0,20.88,1.79,0.0
20230529:1903,0.0,0.0,0.0,0.0,20.55,1.79,0.0
20230529:2003,0.0,0.0,0.0,0.0,20.22,1.59,0.0
20230529:2103,0.0,0.0,0.0,0.0,19.93,1.38,0.0
20230529:2203,0.0,0.0,0.0,0.0,19.3,1.17,0.0
20230529:2303,0.0,0.0,0.0,0.0,18.85,0.9,0.0
20230530:0003,0.0,0.0,0.0,0.0,18.61,0.97,0.0
20230530:0103,0.0,0.0,0.0,0.0,18.61,0.83,0.0
20230530:0203,0.0,0.0,0.0,0.0,18.64,0.76,0.0
20230530:0303,0.0,0.0,0.0,0.0,18.68,0.62,0.0
20230530:0403,0.0,0.0,0.0,0.0,18.77,0.55,0.0
20230530:0503,0.0,24.05,0.91,5.17,18.49,0.69,0.0
20230530:0603,0.0,93.09,3.51,16.47,19.51,0.69,0.0
20230530:0703,0.0,154.38,5.83,26.49,21.22,1.17,0.0
20230530:0803,0.0,174.55,6.59,34.51,22.97,2.34,0.0
20230530:0903,0.0,196.27,7.41,39.55,24.36,2.83,0.0
20230530:1003,0.0,234.28,8.85,40.69,25.13,3.1,0.0
20230530:1103,0.0,186.19,7.03,37.66,26.09,3.59,0.0
20230530:1203,0.0,156.71,5.92,31.12,26.19,3.79,0.0
20230530:1303,0.0,88.44,3.34,22.07,26.06,3.66,0.0
20230530:1403,0.0,60.51,2.28,11.39,25.52,2.97,0.0
20230530:1503,0.0,0.0,0.0,0.0,24.34,2.76,0.0
20230530:1603,0.0,0.0,0.0,0.0,22.73,2.55,0.0
20230530:1703,0.0,0.0,0.0,0.0,21.58,2.55,0.0
20230530:1803,0.0,0.0,0.0,0.0,20.72,2.48,0.0
20230530:1903,0.0,0.0,0.0,0.0,20.39,2.69,0.0
20230530:2003,0.0,0.0,0.0,0.0,19.95,2.69,0.0
20230530:2103,0.0,0.0,0.0,0.0,19.53,2.69,0.0
20230530:2203,0.0,0.0,0.0,0.0,19.31,2.76,0.0
20230530:2303,0.0,0.0,0.0,0.0,19.3,2.76,0.0
20230531:0003,0.0,0.0,0.0,0.0,19.38,2.9,0.0
20230531:0103,0.0,0.0,0.0,0.0,19.54,2.97,0.0
20230531:0203,0.0,0.0,0.0,0.0,19.73,3.24,0.0
20230531:0303,0.0,0.0,0.0,0.0,19.57,3.17,0.0
20230531:0403,0.0,0.0,0.0,0.0,19.38,2.97,0.0
20230531:0503,0.0,3.88,0.15,5.06,19.07,2.62,0.0
20230531:0603,0.0,67.49,2.55,16.36,19.92,2.55,0.0
20230531:0703,0.0,86.89,3.28,26.36,20.52,2.83,0.0
20230531:0803,0.0,86.89,3.28,34.37,21.63,3.24,0.0
20230531:0903,0.0,169.12,6.39,39.4,22.6,3.72,0.0
20230531:1003,0.0,173.77,6.56,40.54,24.25,4.9,0.0
20230531:1103,0.0,167.57,6.33,37.54,25.71,5.24,0.0
20230531:1203,0.0,150.5,5.68,31.02,26.27,5.1,0.0
20230531:1303,0.0,74.47,2.81,22.0,26.11,4.34,0.0
20230531:1403,0.0,54.3,2.05,11.33,25.68,3.79,0.0
20230531:1503,0.0,0.0,0.0,0.0,24.65,3.31,0.0
20230531:1603,0.0,0.0,0.0,0.0,23.56,2.9,0.0
20230531:1703,0.0,0.0,0.0,0.0,22.44,2.69,0.0
20230531:1803,0.0,0.0,0.0,0.0,21.36,2.83,0.0
20230531:1903,0.0,0.0,0.0,0.0,21.04,2.07,0.0
20230531:2003,0.0,0.0,0.0,0.0,20.24,1.86,0.0
20230531:2103,0.0,0.0,0.0,0.0,19.44,1.38,0.0
20230531:2203,0.0,0.0,0.0,0.0,18.63,1.17,0.0
20230531:2303,0.0,0.0,0.0,0.0,17.43,1.52,0.0
20230601:0003,0.0,0.0,0.0,0.0,16.97,1.03,0.0
20230601:0103,0.0,0.0,0.0,0.0,16.72,1.17,0.0
20230601:0203,0.0,0.0,0.0,0.0,16.87,1.03,0.0
20230601:0303,0.0,0.0,0.0,0.0,16.6,0.97,0.0
20230601:0403,0.0,0.0,0.0,0.0,15.6,1.03,0.0
20230601:0503,0.0,22.5,0.85,4.96,15.52,1.03,0.0
20230601:0603,0.0,57.41,2.17,16.24,16.95,1.17,0.0
20230601:0703,0.0,75.25,2.84,26.23,18.01,2.34,0.0
20230601:0803,0.0,79.9,3.02,34.23,19.24,2.14,0.0
20230601:0903,0.0,81.46,3.08,39.26,20.6,1.38,0.0
20230601:1003,0.0,82.23,3.1,40.41,21.61,0.9,0.0
20230601:1103,0.0,79.9,3.02,37.42,22.37,0.9,0.0
20230601:1203,0.0,74.47,2.81,30.93,22.66,1.03,0.0
20230601:1303,0.0,64.39,2.43,21.92,22.52,1.24,0.0
20230601:1403,0.0,43.44,1.64,11.28,21.89,2.14,0.0
20230601:1503,0.0,0.0,0.0,0.0,20.16,2.62,0.0
20230601:1603,0.0,0.0,0.0,0.0,18.61,2.41,0.0
20230601:1703,0.0,0.0,0.0,0.0,17.64,1.66,0.0
20230601:1803,0.0,0.0,0.0,0.0,16.88,1.66,0.0
20230601:1903,0.0,0.0,0.0,0.0,16.48,1.24,0.0
20230601:2003,0.0,0.0,0.0,0.0,16.05,1.31,0.0
20230601:2103,0.0,0.0,0.0,0.0,15.71,1.31,0.0
20230601:2203,0.0,0.0,0.0,0.0,15.28,1.17,0.0
20230601:2303,0.0,0.0,0.0,0.0,14.82,1.17,0.0
20230602:0003,0.0,0.0,0.0,0.0,14.4,1.17,0.0
20230602:0103,0.0,0.0,0.0,0.0,14.09,1.24,0.0
20230602:0203,0.0,0.0,0.0,0.0,13.68,1.31,0.0
20230602:0303,0.0,0.0,0.0,0.0,13.29,1.38,0.0
20230602:0403,0.0,0.0,0.0,0.0,13.22,1.31,0.0
20230602:0503,0.0,20.95,0.79,4.86,13.18,1.31,0.0
20230602:0603,0.0,52.75,1.99,16.13,15.08,0.9,0.0
20230602:0703,0.0,69.04,2.61,26.11,18.43,1.24,0.0
20230602:0803,0.0,78.35,2.96,34.1,20.17,1.45,0.0
20230602:0903,0.0,86.11,3.25,39.12,21.53,1.38,0.0
20230602:1003,0.0,83.78,3.16,40.28,22.47,0.97,0.0
20230602:1103,0.0,80.68,3.05,37.31,23.12,0.62,0.0
20230602:1203,0.0,76.8,2.9,30.84,23.42,0.34,0.0
20230602:1303,0.0,62.84,2.37,21.86,23.4,0.0,0.0
20230602:1403,0.0,42.67,1.61,11.23,22.9,0.69,0.0
20230602:1503,0.0,0.0,0.0,0.0,21.45,1.38,0.0
20230602:1603,0.0,0.0,0.0,0.0,19.0,1.31,0.0
20230602:1703,0.0,0.0,0.0,0.0,17.49,0.97,0.0
20230602:1803,0.0,0.0,0.0,0.0,17.57,0.76,0.0
20230602:1903,0.0,0.0,0.0,0.0,16.88,0.9,0.0
20230602:2003,0.0,0.0,0.0,0.0,15.57,1.17,0.0
20230602:2103,0.0,0.0,0.0,0.0,14.24,1.59,0.0
20230602:2203,0.0,0.0,0.0,0.0,13.55,1.86,0.0
20230602:2303,0.0,0.0,0.0,0.0,13.1,2.07,0.0
20230603:0003,0.0,0.0,0.0,0.0,12.9,2.14,0.0
20230603:0103,0.0,0.0,0.0,0.0,12.74,2.28,0.0
20230603:0203,0.0,0.0,0.0,0.0,12.53,2.28,0.0
20230603:0303,0.0,0.0,0.0,0.0,12.11,2.21,0.0
20230603:0403,0.0,0.0,0.0,0.0,11.64,2.14,0.0
20230603:0503,0.0,21.72,0.82,4.76,11.27,2.07,0.0
20230603:0603,0.0,89.99,3.4,16.02,13.79,1.72,0.0
20230603:0703,0.0,89.21,3.37,25.99,17.79,2.0,0.0
20230603:0803,0.0,147.4,5.56,33.97,21.05,2.21,0.0
20230603:0903,0.0,79.13,2.99,38.99,23.82,2.34,0.0
20230603:1003,0.0,83.78,3.16,40.16,25.79,2.62,0.0
20230603:1103,0.0,96.97,3.66,37.2,27.04,2.69,0.0
20230603:1203,0.0,132.66,5.01,30.75,27.94,2.62,0.0
20230603:1303,0.0,106.28,4.01,21.79,28.05,2.41,0.0
20230603:1403,0.0,53.53,2.02,11.18,26.94,2.28,0.0
20230603:1503,0.0,0.0,0.0,0.0,25.03,2.62,0.0
20230603:1603,0.0,0.0,0.0,0.0,23.36,2.76,0.0
20230603:1703,0.0,0.0,0.0,0.0,22.42,2.9,0.0
20230603:1803,0.0,0.0,0.0,0.0,21.81,3.1,0.0
20230603:1903,0.0,0.0,0.0,0.0,21.07,2.97,0.0
20230603:2003,0.0,0.0,0.0,0.0,20.24,2.9,0.0
20230603:2103,0.0,0.0,0.0,0.0,19.15,2.69,0.0
20230603:2203,0.0,0.0,0.0,0.0,18.09,2.55,0.0
20230603:2303,0.0,0.0,0.0,0.0,17.04,2.34,0.0
20230604:0003,0.0,0.0,0.0,0.0,15.99,2.21,0.0
20230604:0103,0.0,0.0,0.0,0.0,15.09,2.14,0.0
20230604:0203,0.0,0.0,0.0,0.0,14.36,2.14,0.0
20230604:0303,0.0,0.0,0.0,0.0,13.87,1.86,0.0
20230604:0403,0.0,0.0,0.0,0.0,13.8,1.72,0.0
20230604:0503,0.0,20.95,0.79,4.67,14.78,2.48,0.0
20230604:0603,0.0,65.94,2.49,15.92,17.29,2.34,0.0
20230604:0703,0.0,62.84,2.37,25.88,19.8,2.9,0.0
20230604:0803,0.0,201.7,7.62,33.84,21.55,3.59,0.0
20230604:0903,0.0,152.05,5.74,38.87,22.73,3.38,0.0
20230604:1003,0.0,152.05,5.74,40.04,23.48,2.9,0.0
20230604:1103,0.0,134.21,5.07,37.11,23.8,2.69,0.0
20230604:1203,0.0,179.2,6.77,30.68,23.82,2.62,0.0
20230604:1303,0.0,100.85,3.81,21.74,23.42,2.62,0.0
20230604:1403,0.0,57.41,2.17,11.14,22.59,2.21,0.0
20230604:1503,0.0,0.0,0.0,0.0,21.13,1.79,0.0
20230604:1603,0.0,0.0,0.0,0.0,20.0,1.24,0.0
20230604:1703,0.0,0.0,0.0,0.0,19.32,0.55,0.0
20230604:1803,0.0,0.0,0.0,0.0,19.06,0.07,0.0
20230604:1903,0.0,0.0,0.0,0.0,18.54,0.55,0.0
20230604:2003,0.0,0.0,0.0,0.0,17.1,1.03,0.0
20230604:2103,0.0,0.0,0.0,0.0,15.95,1.17,0.0
20230604:2203,0.0,0.0,0.0,0.0,15.68,1.17,0.0
20230604:2303,0.0,0.0,0.0,0.0,15.38,1.17,0.0
20230605:0003,0.0,0.0,0.0,0.0,14.86,1.24,0.0
20230605:0103,0.0,0.0,0.0,0.0,14.33,1.24,0.0
20230605:0203,0.0,0.0,0.0,0.0,13.82,1.38,0.0
20230605:0303,0.0,0.0,0.0,0.0,13.33,1.52,0.0
20230605:0403,0.0,0.0,0.0,0.0,12.9,1.66,0.0
20230605:0503,0.0,20.95,0.79,4.57,12.64,1.72,0.0
20230605:0603,0.0,59.73,2.26,15.82,15.37,1.45,0.0
20230605:0703,0.0,79.9,3.02,25.77,19.2,1.45,0.0
20230605:0803,0.0,81.46,3.08,33.73,21.95,2.76,0.0
20230605:0903,0.0,83.78,3.16,38.75,23.12,4.07,0.0
20230605:1003,0.0,84.56,3.19,39.93,23.72,4.83,0.0
20230605:1103,0.0,96.97,3.66,37.01,23.81,5.38,0.0
20230605:1203,0.0,178.43,6.74,30.61,23.0,5.31,0.0
20230605:1303,0.0,85.33,3.22,21.68,22.1,4.76,0.0
20230605:1403,0.0,42.67,1.61,11.11,21.22,4.0,0.0
20230605:1503,0.0,0.0,0.0,0.0,19.99,3.66,0.0
20230605:1603,0.0,0.0,0.0,0.0,18.8,3.45,0.0
20230605:1703,0.0,0.0,0.0,0.0,17.8,3.17,0.0
20230605:1803,0.0,0.0,0.0,0.0,17.05,2.76,0.0
20230605:1903,0.0,0.0,0.0,0.0,16.35,2.14,0.0
20230605:2003,0.0,0.0,0.0,0.0,15.15,1.79,0.0
20230605:2103,0.0,0.0,0.0,0.0,14.07,1.72,0.0
20230605:2203,0.0,0.0,0.0,0.0,13.03,1.59,0.0
20230605:2303,0.0,0.0,0.0,0.0,12.62,1.52,0.0
20230606:0003,0.0,0.0,0.0,0.0,12.19,1.45,0.0
20230606:0103,0.0,0.0,0.0,0.0,11.84,1.45,0.0
20230606:0203,0.0,0.0,0.0,0.0,11.76,1.38,0.0
20230606:0303,0.0,0.0,0.0,0.0,11.7,1.38,0.0
20230606:0403,0.0,0.0,0.0,0.0,11.41,1.38,0.0
20230606:0503,0.0,3.1,0.12,4.48,11.47,1.31,0.0
20230606:0603,0.0,54.3,2.05,15.72,13.84,0.97,0.0
20230606:0703,0.0,0.0,0.0,0.0,17.8,1.17,0.0
20230606:0803,0.0,155.93,5.89,33.61,19.77,1.52,0.0
20230606:0903,0.0,204.03,7.7,38.63,20.91,2.07,0.0
20230606:1003,0.0,229.63,8.67,39.82,21.83,2.62,0.0
20230606:1103,0.0,220.32,8.32,36.93,22.42,3.24,0.0
20230606:1203,0.0,166.79,6.3,30.54,22.75,3.52,0.0
20230606:1303,0.0,72.92,2.75,21.64,22.76,3.59,0.0
20230606:1403,0.0,46.55,1.76,11.08,22.36,3.03,0.0
20230606:1503,0.0,0.0,0.0,0.0,20.87,2.41,0.0
20230606:1603,0.0,0.0,0.0,0.0,19.49,1.93,0.0
20230606:1703,0.0,0.0,0.0,0.0,18.42,2.0,0.0
20230606:1803,0.0,0.0,0.0,0.0,17.51,2.34,0.0
20230606:1903,0.0,0.0,0.0,0.0,16.95,2.69,0.0
20230606:2003,0.0,0.0,0.0,0.0,16.53,2.55,0.0
20230606:2103,0.0,0.0,0.0,0.0,16.18,2.48,0.0
20230606:2203,0.0,0.0,0.0,0.0,15.84,2.48,0.0
20230606:2303,0.0,0.0,0.0,0.0,15.53,2.34,0.0
20230607:0003,0.0,0.0,0.0,0.0,15.17,2.28,0.0
20230607:0103,0.0,0.0,0.0,0.0,14.77,2.21,0.0
20230607:0203,0.0,0.0,0.0,0.0,14.41,2.21,0.0
20230607:0303,0.0,0.0,0.0,0.0,14.15,2.28,0.0
20230607:0403,0.0,0.0,0.0,0.0,14.01,2.41,0.0
20230607:0503,0.0,19.39,0.73,4.4,13.98,2.41,0.0
20230607:0603,0.0,58.96,2.23,15.62,15.81,2.21,0.0
20230607:0703,0.0,76.03,2.87,25.56,19.13,2.55,0.0
20230607:0803,0.0,84.56,3.19,33.51,22.15,2.97,0.0
20230607:0903,0.0,89.99,3.4,38.53,24.59,3.24,0.0
20230607:1003,0.0,90.77,3.43,39.73,26.4,3.38,0.0
20230607:1103,0.0,84.56,3.19,36.85,27.63,3.52,0.0
20230607:1203,0.0,86.89,3.28,30.48,28.3,3.52,0.0
20230607:1303,0.0,68.27,2.58,21.6,28.37,3.38,0.0
20230607:1403,0.0,43.44,1.64,11.05,27.37,2.9,0.0
20230607:1503,0.0,0.0,0.0,0.0,25.14,2.83,0.0
20230607:1603,0.0,0.0,0.0,0.0,23.29,2.9,0.0
20230607:1703,0.0,0.0,0.0,0.0,22.1,2.9,0.0
20230607:1803,0.0,0.0,0.0,0.0,21.26,2.83,0.0
20230607:1903,0.0,0.0,0.0,0.0,20.96,2.9,0.0
20230607:2003,0.0,0.0,0.0,0.0,20.47,2.97,0.0
20230607:2103,0.0,0.0,0.0,0.0,19.92,2.9,0.0
20230607:2203,0.0,0.0,0.0,0.0,19.29,2.83,0.0
20230607:2303,0.0,0.0,0.0,0.0,18.67,2.83,0.0
20230608:0003,0.0,0.0,0.0,0.0,18.03,2.76,0.0
20230608:0103,0.0,0.0,0.0,0.0,17.43,2.69,0.0
20230608:0203,0.0,0.0,0.0,0.0,16.86,2.55,0.0
20230608:0303,0.0,0.0,0.0,0.0,16.4,2.55,0.0
20230608:0403,0.0,0.0,0.0,0.0,16.01,2.55,0.0
20230608:0503,0.0,19.39,0.73,4.31,15.74,2.48,0.0
20230608:0603,0.0,88.44,3.34,15.53,17.92,2.21,0.0
20230608:0703,0.0,110.16,4.16,25.46,22.29,2.21,0.0
20230608:0803,0.0,63.61,2.4,33.4,25.92,2.76,0.0
20230608:0903,0.0,228.85,8.64,38.43,28.47,3.38,0.0
20230608:1003,0.0,95.42,3.6,39.64,30.12,3.66,0.0
20230608:1103,0.0,81.46,3.08,36.78,31.34,3.86,0.0
20230608:1203,0.0,77.58,2.93,30.43,31.88,3.93,0.0
20230608:1303,0.0,65.16,2.46,21.56,31.64,3.66,0.0
20230608:1403,0.0,49.65,1.87,11.03,30.26,3.17,0.0
20230608:1503,0.0,0.0,0.0,0.0,28.14,3.1,0.0
20230608:1603,0.0,0.0,0.0,0.0,26.43,3.03,0.0
20230608:1703,0.0,0.0,0.0,0.0,25.13,1.79,0.0
20230608:1803,0.0,0.0,0.0,0.0,23.64,0.76,0.0
20230608:1903,0.0,0.0,0.0,0.0,21.76,2.9,0.0
20230608:2003,0.0,0.0,0.0,0.0,20.31,3.03,0.0
20230608:2103,0.0,0.0,0.0,0.0,19.04,2.76,0.0
20230608:2203,0.0,0.0,0.0,0.0,18.39,2.34,0.0
20230608:2303,0.0,0.0,0.0,0.0,18.01,2.28,0.0
20230609:0003,0.0,0.0,0.0,0.0,17.57,2.0,0.0
20230609:0103,0.0,0.0,0.0,0.0,17.13,2.0,0.0
20230609:0203,0.0,0.0,0.0,0.0,16.47,1.86,0.0
20230609:0303,0.0,0.0,0.0,0.0,15.79,1.86,0.0
20230609:0403,0.0,0.0,0.0,0.0,15.06,1.79,0.0
20230609:0503,0.0,18.62,0.7,4.23,14.59,1.72,0.0
20230609:0603,0.0,58.18,2.2,15.44,16.74,1.38,0.0
20230609:0703,0.0,75.25,2.84,25.37,19.99,2.0,0.0
20230609:0803,0.0,83.78,3.16,33.31,21.7,2.21,0.0
20230609:0903,0.0,89.21,3.37,38.33,22.94,2.0,0.0
20230609:1003,0.0,94.64,3.57,39.55,23.78,1.72,0.0
20230609:1103,0.0,80.68,3.05,36.71,24.39,1.59,0.0
20230609:1203,0.0,79.9,3.02,30.38,24.54,1.59,0.0
20230609:1303,0.0,67.49,2.55,21.53,24.4,1.93,0.0
20230609:1403,0.0,44.22,1.67,11.01,23.6,2.48,0.0
20230609:1503,0.0,0.0,0.0,0.0,21.79,2.28,0.0
20230609:1603,0.0,0.0,0.0,0.0,20.13,2.0,0.0
20230609:1703,0.0,0.0,0.0,0.0,19.05,1.86,0.0
20230609:1803,0.0,0.0,0.0,0.0,18.19,2.14,0.0
20230609:1903,0.0,0.0,0.0,0.0,17.76,2.14,0.0
20230609:2003,0.0,0.0,0.0,0.0,17.36,2.14,0.0
20230609:2103,0.0,0.0,0.0,0.0,17.15,2.0,0.0
20230609:2203,0.0,0.0,0.0,0.0,16.67,1.86,0.0
20230609:2303,0.0,0.0,0.0,0.0,16.38,1.72,0.0
20230610:0003,0.0,0.0,0.0,0.0,15.66,1.72,0.0
20230610:0103,0.0,0.0,0.0,0.0,14.87,1.72,0.0
20230610:0203,0.0,0.0,0.0,0.0,14.67,1.86,0.0
20230610:0303,0.0,0.0,0.0,0.0,14.34,2.0,0.0
20230610:0403,0.0,0.0,0.0,0.0,14.19,2.14,0.0
20230610:0503,0.0,17.84,0.67,4.15,14.06,2.14,0.0
20230610:0603,0.0,51.98,1.96,15.36,16.0,1.79,0.0
20230610:0703,0.0,72.15,2.72,25.28,18.68,3.17,0.0
20230610:0803,0.0,173.0,6.53,33.22,20.19,3.45,0.0
20230610:0903,0.0,222.65,8.41,38.24,21.02,2.9,0.0
20230610:1003,0.0,170.67,6.44,39.48,21.96,2.48,0.0
20230610:1103,0.0,213.34,8.05,36.65,22.48,2.21,0.0
20230610:1203,0.0,38.01,1.44,30.34,22.57,2.14,0.0
20230610:1303,0.0,74.47,2.81,21.51,22.27,2.14,0.0
20230610:1403,0.0,44.99,1.7,11.0,21.38,2.14,0.0
20230610:1503,0.0,0.0,0.0,0.0,20.4,2.41,0.0
20230610:1603,0.0,0.0,0.0,0.0,18.95,2.34,0.0
20230610:1703,0.0,0.0,0.0,0.0,17.66,2.0,0.0
20230610:1803,0.0,0.0,0.0,0.0,16.87,1.59,0.0
20230610:1903,0.0,0.0,0.0,0.0,15.67,1.38,0.0
20230610:2003,0.0,0.0,0.0,0.0,14.87,1.31,0.0
20230610:2103,0.0,0.0,0.0,0.0,14.23,1.38,0.0
20230610:2203,0.0,0.0,0.0,0.0,13.96,1.24,0.0
20230610:2303,0.0,0.0,0.0,0.0,13.98,1.1,0.0
20230611:0003,0.0,0.0,0.0,0.0,14.32,0.9,0.0
20230611:0103,0.0,0.0,0.0,0.0,14.61,0.83,0.0
20230611:0203,0.0,0.0,0.0,0.0,13.78,1.03,0.0
20230611:0303,0.0,0.0,0.0,0.0,13.53,1.17,0.0
20230611:0403,0.0,0.0,0.0,0.0,13.42,1.17,0.0
20230611:0503,0.0,17.84,0.67,4.07,13.06,1.38,0.0
20230611:0603,0.0,55.86,2.11,15.28,14.67,1.31,0.0
20230611:0703,0.0,72.15,2.72,25.19,18.4,2.41,0.0
20230611:0803,0.0,143.52,5.42,33.13,20.23,3.59,0.0
20230611:0903,0.0,192.39,7.26,38.16,21.59,3.59,0.0
20230611:1003,0.0,89.99,3.4,39.41,22.83,3.38,0.0
20230611:1103,0.0,83.78,3.16,36.6,23.81,3.24,0.0
20230611:1203,0.0,82.23,3.1,30.3,24.43,3.24,0.0
20230611:1303,0.0,68.27,2.58,21.49,24.56,3.1,0.0
20230611:1403,0.0,43.44,1.64,11.0,24.04,2.55,0.0
20230611:1503,0.0,0.0,0.0,0.0,22.23,2.14,0.0
20230611:1603,0.0,0.0,0.0,0.0,20.52,2.21,0.0
20230611:1703,0.0,0.0,0.0,0.0,19.17,2.28,0.0
20230611:1803,0.0,0.0,0.0,0.0,18.03,2.41,0.0
20230611:1903,0.0,0.0,0.0,0.0,17.2,2.34,0.0
20230611:2003,0.0,0.0,0.0,0.0,16.27,2.28,0.0
20230611:2103,0.0,0.0,0.0,0.0,15.5,2.28,0.0
20230611:2203,0.0,0.0,0.0,0.0,14.87,2.28,0.0
20230611:2303,0.0,0.0,0.0,0.0,14.28,2.28,0.0
20230612:0003,0.0,0.0,0.0,0.0,13.73,2.28,0.0
20230612:0103,0.0,0.0,0.0,0.0,13.15,2.34,0.0
20230612:0203,0.0,0.0,0.0,0.0,12.56,2.34,0.0
20230612:0303,0.0,0.0,0.0,0.0,11.98,2.34,0.0
20230612:0403,0.0,0.0,0.0,0.0,11.37,2.28,0.0
20230612:0503,0.0,17.84,0.67,4.0,10.77,2.07,0.0
20230612:0603,0.0,58.18,2.2,15.2,12.71,1.52,0.0
20230612:0703,0.0,79.9,3.02,25.11,17.1,1.66,0.0
20230612:0803,0.0,86.89,3.28,33.05,20.35,2.07,0.0
20230612:0903,0.0,0.0,0.0,0.0,23.28,2.34,0.0
20230612:1003,0.0,85.33,3.22,39.34,25.62,2.41,0.0
20230612:1103,0.0,80.68,3.05,36.55,27.26,2.41,0.0
20230612:1203,0.0,83.01,3.13,30.27,28.2,2.48,0.0
20230612:1303,0.0,59.73,2.26,21.47,28.44,2.62,0.0
20230612:1403,0.0,22.5,0.85,10.99,27.47,2.14,0.0
20230612:1503,0.0,0.0,0.0,0.0,25.16,2.21,0.0
20230612:1603,0.0,0.0,0.0,0.0,23.78,0.76,0.0
20230612:1703,0.0,0.0,0.0,0.0,21.31,1.86,0.0
20230612:1803,0.0,0.0,0.0,0.0,19.87,2.41,0.0
20230612:1903,0.0,0.0,0.0,0.0,19.16,1.59,0.0
20230612:2003,0.0,0.0,0.0,0.0,18.44,1.79,0.0
20230612:2103,0.0,0.0,0.0,0.0,17.3,2.07,0.0
20230612:2203,0.0,0.0,0.0,0.0,16.55,2.0,0.0
20230612:2303,0.0,0.0,0.0,0.0,16.08,2.28,0.0
20230613:0003,0.0,0.0,0.0,0.0,15.43,2.07,0.0
20230613:0103,0.0,0.0,0.0,0.0,14.59,1.79,0.0
20230613:0203,0.0,0.0,0.0,0.0,13.94,1.59,0.0
20230613:0303,0.0,0.0,0.0,0.0,13.48,1.52,0.0
20230613:0403,0.0,0.0,0.0,0.0,13.65,1.17,0.0
20230613:0503,0.0,17.07,0.64,3.93,13.21,1.1,0.0
20230613:0603,0.0,53.53,2.02,15.12,14.86,0.83,0.0
20230613:0703,0.0,69.82,2.64,25.04,18.41,0.9,0.0
20230613:0803,0.0,123.35,4.66,32.98,20.43,0.9,0.0
20230613:0903,0.0,140.41,5.3,38.02,21.84,1.38,0.0
20230613:1003,0.0,89.99,3.4,39.29,22.77,1.59,0.0
20230613:1103,0.0,83.01,3.13,36.51,23.23,1.45,0.0
20230613:1203,0.0,79.9,3.02,30.25,23.49,1.24,0.0
20230613:1303,0.0,63.61,2.4,21.46,23.44,1.1,0.0
20230613:1403,0.0,41.12,1.55,10.99,22.92,0.83,0.0
20230613:1503,0.0,0.0,0.0,0.0,21.72,1.24,0.0
20230613:1603,0.0,0.0,0.0,0.0,19.79,1.38,0.0
20230613:1703,0.0,0.0,0.0,0.0,17.62,1.31,0.0
20230613:1803,0.0,0.0,0.0,0.0,17.27,0.9,0.0
20230613:1903,0.0,0.0,0.0,0.0,15.12,1.52,0.0
20230613:2003,0.0,0.0,0.0,0.0,14.38,1.66,0.0
20230613:2103,0.0,0.0,0.0,0.0,13.84,1.86,0.0
20230613:2203,0.0,0.0,0.0,0.0,13.26,2.0,0.0
20230613:2303,0.0,0.0,0.0,0.0,12.65,2.14,0.0
20230614:0003,0.0,0.0,0.0,0.0,12.16,2.28,0.0
20230614:0103,0.0,0.0,0.0,0.0,11.68,2.28,0.0
20230614:0203,0.0,0.0,0.0,0.0,11.24,2.28,0.0
20230614:0303,0.0,0.0,0.0,0.0,11.14,2.48,0.0
20230614:0403,0.0,0.0,0.0,0.0,11.24,2.69,0.0
20230614:0503,0.0,17.07,0.64,3.86,11.57,2.76,0.0
20230614:0603,0.0,50.43,1.9,15.05,14.15,2.62,0.0
20230614:0703,0.0,69.04,2.61,24.97,18.36,2.83,0.0
20230614:0803,0.0,79.13,2.99,32.91,21.48,3.45,0.0
20230614:0903,0.0,84.56,3.19,37.96,23.7,3.72,0.0
20230614:1003,0.0,84.56,3.19,39.24,25.52,3.86,0.0
20230614:1103,0.0,82.23,3.1,36.47,27.16,4.0,0.0
20230614:1203,0.0,76.03,2.87,30.23,28.53,4.0,0.0
20230614:1303,0.0,65.16,2.46,21.46,29.21,3.66,0.0
20230614:1403,0.0,43.44,1.64,11.0,28.23,3.03,0.0
20230614:1503,0.0,0.0,0.0,0.0,25.48,3.17,0.0
20230614:1603,0.0,0.0,0.0,0.0,23.36,3.24,0.0
20230614:1703,0.0,0.0,0.0,0.0,22.13,3.31,0.0
20230614:1803,0.0,0.0,0.0,0.0,21.48,3.59,0.0
20230614:1903,0.0,0.0,0.0,0.0,21.46,4.41,0.0
20230614:2003,0.0,0.0,0.0,0.0,21.38,4.55,0.0
20230614:2103,0.0,0.0,0.0,0.0,20.92,4.07,0.0
20230614:2203,0.0,0.0,0.0,0.0,19.99,3.1,0.0
20230614:2303,0.0,0.0,0.0,0.0,18.35,2.34,0.0
20230615:0003,0.0,0.0,0.0,0.0,16.17,2.0,0.0
20230615:0103,0.0,0.0,0.0,0.0,14.59,2.0,0.0
20230615:0203,0.0,0.0,0.0,0.0,13.71,2.07,0.0
20230615:0303,0.0,0.0,0.0,0.0,13.03,2.14,0.0
20230615:0403,0.0,0.0,0.0,0.0,12.71,2.07,0.0
20230615:0503,0.0,16.29,0.62,3.79,12.99,1.79,0.0
20230615:0603,0.0,56.63,2.14,14.99,15.24,1.38,0.0
20230615:0703,0.0,76.8,2.9,24.9,18.77,1.31,0.0
20230615:0803,0.0,137.31,5.18,32.84,20.55,0.9,0.0
20230615:0903,0.0,162.91,6.15,37.9,21.71,1.03,0.0
20230615:1003,0.0,103.18,3.9,39.19,22.86,1.93,0.0
20230615:1103,0.0,95.42,3.6,36.45,24.19,2.55,0.0
20230615:1203,0.0,86.11,3.25,30.22,24.86,3.03,0.0
20230615:1303,0.0,73.7,2.78,21.46,25.27,3.31,0.0
20230615:1403,0.0,45.77,1.73,11.01,25.16,2.97,0.0
20230615:1503,0.0,0.0,0.0,0.0,23.31,2.55,0.0
20230615:1603,0.0,0.0,0.0,0.0,21.59,2.34,0.0
20230615:1703,0.0,0.0,0.0,0.0,20.35,2.41,0.0
20230615:1803,0.0,0.0,0.0,0.0,19.16,2.41,0.0
20230615:1903,0.0,0.0,0.0,0.0,18.15,2.62,0.0
20230615:2003,0.0,0.0,0.0,0.0,17.35,2.69,0.0
20230615:2103,0.0,0.0,0.0,0.0,16.55,2.55,0.0
20230615:2203,0.0,0.0,0.0,0.0,16.01,2.48,0.0
20230615:2303,0.0,0.0,0.0,0.0,15.36,2.34,0.0
20230616:0003,0.0,0.0,0.0,0.0,14.76,2.34,0.0
20230616:0103,0.0,0.0,0.0,0.0,14.98,3.1,0.0
20230616:0203,0.0,0.0,0.0,0.0,15.7,3.86,0.0
20230616:0303,0.0,0.0,0.0,0.0,16.12,3.86,0.0
20230616:0403,0.0,0.0,0.0,0.0,16.36,3.52,0.0
20230616:0503,0.0,15.52,0.59,3.73,16.68,3.24,0.0
20230616:0603,0.0,50.43,1.9,14.93,17.24,2.55,0.0
20230616:0703,0.0,72.15,2.72,24.84,18.67,4.07,0.0
20230616:0803,0.0,107.06,4.04,32.79,19.92,4.41,0.0
20230616:0903,0.0,227.3,8.58,37.85,20.94,4.14,0.0
20230616:1003,0.0,172.22,6.5,39.16,21.45,3.59,0.0
20230616:1103,0.0,192.39,7.26,36.43,21.97,3.1,0.0
20230616:1203,0.0,175.32,6.62,30.21,22.0,2.62,0.0
20230616:1303,0.0,109.38,4.13,21.47,21.91,2.21,0.0
20230616:1403,0.0,44.22,1.67,11.03,21.19,1.59,0.0
20230616:1503,0.0,0.0,0.0,0.0,20.32,1.24,0.0
20230616:1603,0.0,0.0,0.0,0.0,19.01,1.31,0.0
20230616:1703,0.0,0.0,0.0,0.0,17.43,1.38,0.0
20230616:1803,0.0,0.0,0.0,0.0,15.73,1.38,0.0
20230616:1903,0.0,0.0,0.0,0.0,16.23,0.97,0.0
20230616:2003,0.0,0.0,0.0,0.0,15.12,1.17,0.0
20230616:2103,0.0,0.0,0.0,0.0,13.55,1.59,0.0
20230616:2203,0.0,0.0,0.0,0.0,12.58,1.86,0.0
20230616:2303,0.0,0.0,0.0,0.0,12.24,2.0,0.0
20230617:0003,0.0,0.0,0.0,0.0,12.04,2.14,0.0
20230617:0103,0.0,0.0,0.0,0.0,11.97,2.28,0.0
20230617:0203,0.0,0.0,0.0,0.0,12.06,2.48,0.0
20230617:0303,0.0,0.0,0.0,0.0,12.23,2.62,0.0
20230617:0403,0.0,0.0,0.0,0.0,12.42,2.76,0.0
20230617:0503,0.0,15.52,0.59,3.67,12.65,2.83,0.0
20230617:0603,0.0,51.98,1.96,14.87,14.41,2.69,0.0
20230617:0703,0.0,72.92,2.75,24.78,17.32,3.52,0.0
20230617:0803,0.0,81.46,3.08,32.74,20.08,4.14,0.0
20230617:0903,0.0,83.78,3.16,37.81,22.43,4.41,0.0
20230617:1003,0.0,84.56,3.19,39.13,24.34,4.48,0.0
20230617:1103,0.0,90.77,3.43,36.41,25.71,4.48,0.0
20230617:1203,0.0,82.23,3.1,30.21,26.46,4.41,0.0
20230617:1303,0.0,69.04,2.61,21.48,26.6,4.34,0.0
20230617:1403,0.0,42.67,1.61,11.05,25.91,3.66,0.0
20230617:1503,0.0,0.0,0.0,0.0,23.83,3.24,0.0
20230617:1603,0.0,0.0,0.0,0.0,21.85,3.1,0.0
20230617:1703,0.0,0.0,0.0,0.0,20.51,3.03,0.0
20230617:1803,0.0,0.0,0.0,0.0,19.45,2.97,0.0
20230617:1903,0.0,0.0,0.0,0.0,18.56,2.76,0.0
20230617:2003,0.0,0.0,0.0,0.0,17.74,2.69,0.0
20230617:2103,0.0,0.0,0.0,0.0,17.0,2.62,0.0
20230617:2203,0.0,0.0,0.0,0.0,16.24,2.69,0.0
20230617:2303,0.0,0.0,0.0,0.0,15.46,2.62,0.0
20230618:0003,0.0,0.0,0.0,0.0,14.62,2.55,0.0
20230618:0103,0.0,0.0,0.0,0.0,13.72,2.41,0.0
20230618:0203,0.0,0.0,0.0,0.0,12.79,2.28,0.0
20230618:0303,0.0,0.0,0.0,0.0,11.84,2.21,0.0
20230618:0403,0.0,0.0,0.0,0.0,10.88,2.07,0.0
20230618:0503,0.0,15.52,0.59,3.62,10.04,1.93,0.0
20230618:0603,0.0,51.98,1.96,14.82,12.25,1.38,0.0
20230618:0703,0.0,72.92,2.75,24.73,17.34,1.31,0.0
20230618:0803,0.0,82.23,3.1,32.69,21.27,2.34,0.0
20230618:0903,0.0,92.32,3.49,37.77,23.02,3.86,0.0
20230618:1003,0.0,116.37,4.39,39.1,24.12,3.86,0.0
20230618:1103,0.0,155.15,5.86,36.4,24.35,3.66,0.0
20230618:1203,0.0,98.52,3.72,30.22,24.37,3.17,0.0
20230618:1303,0.0,83.78,3.16,21.49,24.04,2.76,0.0
20230618:1403,0.0,60.51,2.28,11.07,23.18,2.28,0.0
20230618:1503,0.0,0.0,0.0,0.0,21.56,1.79,0.0
20230618:1603,0.0,0.0,0.0,0.0,19.85,1.66,0.0
20230618:1703,0.0,0.0,0.0,0.0,18.2,1.17,0.0
20230618:1803,0.0,0.0,0.0,0.0,18.08,0.62,0.0
20230618:1903,0.0,0.0,0.0,0.0,17.75,0.28,0.0
20230618:2003,0.0,0.0,0.0,0.0,16.01,1.1,0.0
20230618:2103,0.0,0.0,0.0,0.0,14.45,1.52,0.0
20230618:2203,0.0,0.0,0.0,0.0,13.79,1.72,0.0
20230618:2303,0.0,0.0,0.0,0.0,13.48,1.93,0.0
20230619:0003,0.0,0.0,0.0,0.0,13.48,2.0,0.0
20230619:0103,0.0,0.0,0.0,0.0,13.33,2.14,0.0
20230619:0203,0.0,0.0,0.0,0.0,13.23,2.21,0.0
20230619:0303,0.0,0.0,0.0,0.0,13.36,2.28,0.0
20230619:0403,0.0,0.0,0.0,0.0,13.23,2.41,0.0
20230619:0503,0.0,14.74,0.56,3.57,13.15,2.41,0.0
20230619:0603,0.0,62.06,2.34,14.77,14.95,2.21,0.0
20230619:0703,0.0,80.68,3.05,24.69,18.17,2.9,0.0
20230619:0803,0.0,86.11,3.25,32.65,21.55,3.66,0.0
20230619:0903,0.0,92.32,3.49,37.74,24.33,4.14,0.0
20230619:1003,0.0,89.21,3.37,39.09,26.6,4.34,0.0
20230619:1103,0.0,86.11,3.25,36.4,28.28,4.34,0.0
20230619:1203,0.0,85.33,3.22,30.23,29.25,4.41,0.0
20230619:1303,0.0,66.72,2.52,21.51,29.44,4.41,0.0
20230619:1403,0.0,44.99,1.7,11.1,28.52,3.72,0.0
20230619:1503,0.0,0.0,0.0,0.0,26.26,3.59,0.0
20230619:1603,0.0,0.0,0.0,0.0,24.18,3.24,0.0
20230619:1703,0.0,0.0,0.0,0.0,22.74,3.1,0.0
20230619:1803,0.0,0.0,0.0,0.0,21.65,3.03,0.0
20230619:1903,0.0,0.0,0.0,0.0,21.1,3.03,0.0
20230619:2003,0.0,0.0,0.0,0.0,19.75,2.62,0.0
20230619:2103,0.0,0.0,0.0,0.0,17.9,2.21,0.0
20230619:2203,0.0,0.0,0.0,0.0,15.86,2.07,0.0
20230619:2303,0.0,0.0,0.0,0.0,14.56,2.21,0.0
20230620:0003,0.0,0.0,0.0,0.0,15.09,3.31,0.0
20230620:0103,0.0,0.0,0.0,0.0,15.35,3.38,0.0
20230620:0203,0.0,0.0,0.0,0.0,15.4,3.17,0.0
20230620:0303,0.0,0.0,0.0,0.0,15.31,2.76,0.0
20230620:0403,0.0,0.0,0.0,0.0,15.18,2.34,0.0
20230620:0503,0.0,14.74,0.56,3.52,14.74,2.0,0.0
20230620:0603,0.0,81.46,3.08,14.72,16.08,1.59,0.0
20230620:0703,0.0,146.62,5.54,24.65,18.52,2.34,0.0
20230620:0803,0.0,186.19,7.03,32.62,20.26,3.03,0.0
20230620:0903,0.0,197.05,7.44,37.72,20.93,2.41,0.0
20230620:1003,0.0,152.83,5.77,39.08,21.6,2.28,0.0
20230620:1103,0.0,153.6,5.8,36.41,21.76,2.69,0.0
20230620:1203,0.0,165.24,6.24,30.25,21.22,3.1,0.0
20230620:1303,0.0,93.09,3.51,21.54,20.74,3.38,0.0
20230620:1403,0.0,56.63,2.14,11.13,19.89,3.45,0.0
20230620:1503,0.0,0.0,0.0,0.0,19.1,3.1,0.0
20230620:1603,0.0,0.0,0.0,0.0,18.47,2.9,0.0
20230620:1703,0.0,0.0,0.0,0.0,18.18,2.62,0.0
20230620:1803,0.0,0.0,0.0,0.0,17.78,2.21,0.0
20230620:1903,0.0,0.0,0.0,0.0,17.94,1.52,0.0
20230620:2003,0.0,0.0,0.0,0.0,17.83,0.97,0.0
20230620:2103,0.0,0.0,0.0,0.0,17.56,0.69,0.0
20230620:2203,0.0,0.0,0.0,0.0,17.24,0.76,0.0
20230620:2303,0.0,0.0,0.0,0.0,17.12,1.03,0.0
20230621:0003,0.0,0.0,0.0,0.0,16.94,0.9,0.0
20230621:0103,0.0,0.0,0.0,0.0,16.69,0.83,0.0
20230621:0203,0.0,0.0,0.0,0.0,16.6,0.9,0.0
20230621:0303,0.0,0.0,0.0,0.0,16.63,0.83,0.0
20230621:0403,0.0,0.0,0.0,0.0,16.68,0.69,0.0
20230621:0503,0.0,14.74,0.56,3.48,16.55,0.97,0.0
20230621:0603,0.0,62.06,2.34,14.68,17.16,1.17,0.0
20230621:0703,0.0,97.75,3.69,24.61,18.9,2.76,0.0
20230621:0803,0.0,188.51,7.12,32.59,20.11,4.14,0.0
20230621:0903,0.0,131.88,4.98,37.7,21.94,6.48,0.0
20230621:1003,0.0,99.3,3.75,39.07,22.9,5.86,0.0
20230621:1103,0.0,86.89,3.28,36.42,23.93,5.59,0.0
20230621:1203,0.0,89.99,3.4,30.27,24.58,5.17,0.0
20230621:1303,0.0,97.75,3.69,21.57,24.72,4.34,0.0
20230621:1403,0.0,56.63,2.14,11.17,24.3,3.38,0.0
20230621:1503,0.0,0.0,0.0,0.0,22.75,2.34,0.0
20230621:1603,0.0,0.0,0.0,0.0,21.21,1.31,0.0
20230621:1703,0.0,0.0,0.0,0.0,19.63,1.1,0.0
20230621:1803,0.0,0.0,0.0,0.0,17.36,1.79,0.0
20230621:1903,0.0,0.0,0.0,0.0,17.02,2.69,0.0
20230621:2003,0.0,0.0,0.0,0.0,17.27,3.59,0.0
20230621:2103,0.0,0.0,0.0,0.0,17.19,4.21,0.0
20230621:2203,0.0,0.0,0.0,0.0,16.8,4.07,0.0
20230621:2303,0.0,0.0,0.0,0.0,16.46,3.86,0.0
20230622:0003,0.0,0.0,0.0,0.0,16.1,3.79,0.0
20230622:0103,0.0,0.0,0.0,0.0,15.59,3.79,0.0
20230622:0203,0.0,0.0,0.0,0.0,15.21,3.66,0.0
20230622:0303,0.0,0.0,0.0,0.0,14.98,3.59,0.0
20230622:0403,0.0,0.0,0.0,0.0,14.81,3.52,0.0
20230622:0503,0.0,14.74,0.56,3.44,14.63,3.45,0.0
20230622:0603,0.0,72.92,2.75,14.64,15.4,3.31,0.0
20230622:0703,0.0,134.21,5.07,24.58,16.9,4.83,0.0
20230622:0803,0.0,173.77,6.56,32.57,18.19,5.59,0.0
20230622:0903,0.0,200.15,7.56,37.69,18.82,5.17,0.0
20230622:1003,0.0,227.3,8.58,39.08,19.46,4.62,0.0
20230622:1103,0.0,142.74,5.39,36.44,19.53,4.21,0.0
20230622:1203,0.0,172.22,6.5,30.3,19.32,3.93,0.0
20230622:1303,0.0,49.65,1.87,21.6,18.72,3.52,0.0
20230622:1403,0.0,58.18,2.2,11.21,18.25,3.24,0.0
20230622:1503,0.0,0.0,0.0,0.0,17.45,2.41,0.0
20230622:1603,0.0,0.0,0.0,0.0,16.64,2.14,0.0
20230622:1703,0.0,0.0,0.0,0.0,15.73,2.0,0.0
20230622:1803,0.0,0.0,0.0,0.0,15.15,1.93,0.0
20230622:1903,0.0,0.0,0.0,0.0,14.84,1.66,0.0
20230622:2003,0.0,0.0,0.0,0.0,14.01,1.59,0.0
20230622:2103,0.0,0.0,0.0,0.0,13.48,1.45,0.0
20230622:2203,0.0,0.0,0.0,0.0,12.82,1.38,0.0
20230622:2303,0.0,0.0,0.0,0.0,12.92,1.24,0.0
20230623:0003,0.0,0.0,0.0,0.0,12.46,1.24,0.0
20230623:0103,0.0,0.0,0.0,0.0,12.39,1.17,0.0
20230623:0203,0.0,0.0,0.0,0.0,12.46,1.1,0.0
20230623:0303,0.0,0.0,0.0,0.0,12.7,0.9,0.0
20230623:0403,0.0,0.0,0.0,0.0,12.64,0.9,0.0
20230623:0503,0.0,10.86,0.41,3.4,12.69,0.9,0.0
20230623:0603,0.0,81.46,3.08,14.61,14.08,0.55,0.0
20230623:0703,0.0,83.78,3.16,24.55,16.54,0.48,0.0
20230623:0803,0.0,155.93,5.89,32.55,18.3,1.1,0.0
20230623:0903,0.0,180.75,6.82,37.69,19.77,1.93,0.0
20230623:1003,0.0,165.24,6.24,39.09,21.39,2.83,0.0
20230623:1103,0.0,210.23,7.94,36.46,22.0,2.9,0.0
20230623:1203,0.0,162.14,6.12,30.33,22.39,2.83,0.0
20230623:1303,0.0,84.56,3.19,21.64,22.43,2.9,0.0
20230623:1403,0.0,42.67,1.61,11.25,22.02,2.9,0.0
20230623:1503,0.0,0.0,0.0,0.0,20.45,2.62,0.0
20230623:1603,0.0,0.0,0.0,0.0,18.67,2.34,0.0
20230623:1703,0.0,0.0,0.0,0.0,17.52,2.34,0.0
20230623:1803,0.0,0.0,0.0,0.0,16.64,2.28,0.0
20230623:1903,0.0,0.0,0.0,0.0,16.03,2.28,0.0
20230623:2003,0.0,0.0,0.0,0.0,15.29,2.14,0.0
20230623:2103,0.0,0.0,0.0,0.0,14.76,2.0,0.0
20230623:2203,0.0,0.0,0.0,0.0,14.34,2.07,0.0
20230623:2303,0.0,0.0,0.0,0.0,14.09,2.14,0.0
20230624:0003,0.0,0.0,0.0,0.0,13.94,2.21,0.0
20230624:0103,0.0,0.0,0.0,0.0,13.8,2.28,0.0
20230624:0203,0.0,0.0,0.0,0.0,13.69,2.34,0.0
20230624:0303,0.0,0.0,0.0,0.0,13.52,2.41,0.0
20230624:0403,0.0,0.0,0.0,0.0,13.29,2.34,0.0
20230624:0503,0.0,14.74,0.56,3.37,13.01,2.34,0.0
20230624:0603,0.0,61.29,2.31,14.58,14.22,2.07,0.0
20230624:0703,0.0,80.68,3.05,24.53,16.77,2.76,0.0
20230624:0803,0.0,89.21,3.37,32.54,19.3,3.1,0.0
20230624:0903,0.0,87.66,3.31,37.69,21.83,3.17,0.0
20230624:1003,0.0,89.21,3.37,39.11,24.06,3.17,0.0
20230624:1103,0.0,86.11,3.25,36.49,25.71,3.03,0.0
20230624:1203,0.0,79.13,2.99,30.37,26.68,2.97,0.0
20230624:1303,0.0,67.49,2.55,21.69,26.9,2.9,0.0
20230624:1403,0.0,42.67,1.61,11.3,26.24,2.41,0.0
20230624:1503,0.0,0.0,0.0,0.0,24.15,2.21,0.0
20230624:1603,0.0,0.0,0.0,0.0,22.14,2.21,0.0
20230624:1703,0.0,0.0,0.0,0.0,20.37,2.07,0.0
20230624:1803,0.0,0.0,0.0,0.0,18.58,1.86,0.0
20230624:1903,0.0,0.0,0.0,0.0,18.9,0.48,0.0
20230624:2003,0.0,0.0,0.0,0.0,18.05,0.07,0.0
20230624:2103,0.0,0.0,0.0,0.0,17.16,0.48,0.0
20230624:2203,0.0,0.0,0.0,0.0,15.83,0.97,0.0
20230624:2303,0.0,0.0,0.0,0.0,13.84,1.31,0.0
20230625:0003,0.0,0.0,0.0,0.0,12.71,1.52,0.0
20230625:0103,0.0,0.0,0.0,0.0,12.23,1.66,0.0
20230625:0203,0.0,0.0,0.0,0.0,11.99,1.66,0.0
20230625:0303,0.0,0.0,0.0,0.0,11.89,1.59,0.0
20230625:0403,0.0,0.0,0.0,0.0,11.7,1.52,0.0
20230625:0503,0.0,13.96,0.53,3.34,11.54,1.45,0.0
20230625:0603,0.0,73.7,2.78,14.56,14.1,0.76,0.0
20230625:0703,0.0,93.09,3.51,24.52,17.83,0.62,0.0
20230625:0803,0.0,89.21,3.37,32.54,20.03,0.34,0.0
20230625:0903,0.0,92.32,3.49,37.7,21.84,0.41,0.0
20230625:1003,0.0,89.21,3.37,39.13,23.41,0.69,0.0
20230625:1103,0.0,86.89,3.28,36.53,24.66,1.17,0.0
20230625:1203,0.0,79.9,3.02,30.42,25.5,1.79,0.0
20230625:1303,0.0,65.94,2.49,21.74,25.74,2.28,0.0
20230625:1403,0.0,41.89,1.58,11.35,25.18,2.28,0.0
20230625:1503,0.0,0.0,0.0,0.0,23.22,2.0,0.0
20230625:1603,0.0,0.0,0.0,0.0,21.27,1.72,0.0
20230625:1703,0.0,0.0,0.0,0.0,19.38,1.52,0.0
20230625:1803,0.0,0.0,0.0,0.0,17.71,1.59,0.0
20230625:1903,0.0,0.0,0.0,0.0,17.8,1.03,0.0
20230625:2003,0.0,0.0,0.0,0.0,17.53,0.83,0.0
20230625:2103,0.0,0.0,0.0,0.0,17.44,0.55,0.0
20230625:2203,0.0,0.0,0.0,0.0,16.69,0.41,0.0
20230625:2303,0.0,0.0,0.0,0.0,15.96,0.55,0.0
20230626:0003,0.0,0.0,0.0,0.0,15.28,0.69,0.0
20230626:0103,0.0,0.0,0.0,0.0,14.19,0.97,0.0
20230626:0203,0.0,0.0,0.0,0.0,12.39,1.24,0.0
20230626:0303,0.0,0.0,0.0,0.0,11.12,1.38,0.0
20230626:0403,0.0,0.0,0.0,0.0,11.14,1.38,0.0
20230626:0503,0.0,13.19,0.5,3.31,11.65,1.31,0.0
20230626:0603,0.0,69.82,2.64,14.54,13.4,0.97,0.0
20230626:0703,0.0,97.75,3.69,24.51,15.91,1.03,0.0
20230626:0803,0.0,106.28,4.01,32.54,18.81,0.76,0.0
20230626:0903,0.0,105.5,3.98,37.72,21.63,0.76,0.0
20230626:1003,0.0,103.18,3.9,39.16,23.77,0.83,0.0
20230626:1103,0.0,100.07,3.78,36.57,25.24,0.97,0.0
20230626:1203,0.0,86.11,3.25,30.47,26.0,1.17,0.0
20230626:1303,0.0,72.15,2.72,21.79,26.08,1.59,0.0
20230626:1403,0.0,45.77,1.73,11.4,25.22,2.14,0.0
20230626:1503,0.0,0.0,0.0,0.0,22.64,2.48,0.0
20230626:1603,0.0,0.0,0.0,0.0,20.01,2.41,0.0
20230626:1703,0.0,0.0,0.0,0.0,18.29,2.21,0.0
20230626:1803,0.0,0.0,0.0,0.0,17.13,2.0,0.0
20230626:1903,0.0,0.0,0.0,0.0,16.6,1.93,0.0
20230626:2003,0.0,0.0,0.0,0.0,15.72,1.72,0.0
20230626:2103,0.0,0.0,0.0,0.0,15.06,1.66,0.0
20230626:2203,0.0,0.0,0.0,0.0,14.43,1.66,0.0
20230626:2303,0.0,0.0,0.0,0.0,13.9,1.59,0.0
20230627:0003,0.0,0.0,0.0,0.0,13.52,1.59,0.0
20230627:0103,0.0,0.0,0.0,0.0,13.13,1.59,0.0
20230627:0203,0.0,0.0,0.0,0.0,12.98,1.52,0.0
20230627:0303,0.0,0.0,0.0,0.0,12.93,1.45,0.0
20230627:0403,0.0,0.0,0.0,0.0,13.14,1.38,0.0
20230627:0503,0.0,12.41,0.47,3.29,13.62,1.31,0.0
20230627:0603,0.0,70.6,2.67,14.53,15.03,1.79,0.0
20230627:0703,0.0,91.54,3.46,24.51,17.56,1.66,0.0
20230627:0803,0.0,118.69,4.48,32.55,19.98,1.52,0.0
20230627:0903,0.0,160.58,6.06,37.74,21.56,1.1,0.0
20230627:1003,0.0,208.68,7.88,39.2,22.73,0.97,0.0
20230627:1103,0.0,121.8,4.6,36.62,23.63,1.24,0.0
20230627:1203,0.0,86.89,3.28,30.52,23.7,1.66,0.0
20230627:1303,0.0,81.46,3.08,21.85,23.79,2.07,0.0
20230627:1403,0.0,46.55,1.76,11.46,23.04,2.34,0.0
20230627:1503,0.0,0.0,0.0,0.0,21.37,2.34,0.0
20230627:1603,0.0,0.0,0.0,0.0,19.76,2.14,0.0
20230627:1703,0.0,0.0,0.0,0.0,18.58,1.72,0.0
20230627:1803,0.0,0.0,0.0,0.0,17.93,1.24,0.0
20230627:1903,0.0,0.0,0.0,0.0,17.62,0.41,0.0
20230627:2003,0.0,0.0,0.0,0.0,17.15,0.21,0.0
20230627:2103,0.0,0.0,0.0,0.0,16.7,0.69,0.0
20230627:2203,0.0,0.0,0.0,0.0,16.15,0.83,0.0
20230627:2303,0.0,0.0,0.0,0.0,15.61,0.9,0.0
20230628:0003,0.0,0.0,0.0,0.0,14.26,1.03,0.0
20230628:0103,0.0,0.0,0.0,0.0,13.72,1.03,0.0
20230628:0203,0.0,0.0,0.0,0.0,13.24,1.03,0.0
20230628:0303,0.0,0.0,0.0,0.0,13.23,0.97,0.0
20230628:0403,0.0,0.0,0.0,0.0,13.14,0.97,0.0
20230628:0503,0.0,13.19,0.5,3.28,12.92,1.03,0.0
20230628:0603,0.0,58.96,2.23,14.52,13.66,1.03,0.0
20230628:0703,0.0,80.68,3.05,24.51,15.61,0.76,0.0
20230628:0803,0.0,89.99,3.4,32.56,18.63,1.03,0.0
20230628:0903,0.0,96.97,3.66,37.77,21.39,2.48,0.0
20230628:1003,0.0,94.64,3.57,39.25,22.94,3.1,0.0
20230628:1103,0.0,87.66,3.31,36.68,23.82,3.52,0.0
20230628:1203,0.0,102.4,3.87,30.58,24.39,3.72,0.0
20230628:1303,0.0,128.0,4.83,21.92,24.39,3.93,0.0
20230628:1403,0.0,40.34,1.52,11.53,23.56,3.72,0.0
20230628:1503,0.0,0.0,0.0,0.0,22.2,3.38,0.0
20230628:1603,0.0,0.0,0.0,0.0,20.68,3.24,0.0
20230628:1703,0.0,0.0,0.0,0.0,19.51,3.1,0.0
20230628:1803,0.0,0.0,0.0,0.0,18.43,2.83,0.0
20230628:1903,0.0,0.0,0.0,0.0,17.81,2.48,0.0
20230628:2003,0.0,0.0,0.0,0.0,16.99,2.07,0.0
20230628:2103,0.0,0.0,0.0,0.0,16.43,1.93,0.0
20230628:2203,0.0,0.0,0.0,0.0,16.42,2.0,0.0
20230628:2303,0.0,0.0,0.0,0.0,16.43,1.93,0.0
20230629:0003,0.0,0.0,0.0,0.0,16.17,2.21,0.0
20230629:0103,0.0,0.0,0.0,0.0,16.19,2.55,0.0
20230629:0203,0.0,0.0,0.0,0.0,16.2,2.34,0.0
20230629:0303,0.0,0.0,0.0,0.0,15.9,2.14,0.0
20230629:0403,0.0,0.0,0.0,0.0,15.32,2.14,0.0
20230629:0503,0.0,13.19,0.5,3.26,14.98,2.14,0.0
20230629:0603,0.0,58.96,2.23,14.52,16.1,2.0,0.0
20230629:0703,0.0,79.13,2.99,24.51,18.89,2.41,0.0
20230629:0803,0.0,79.9,3.02,32.58,21.37,3.17,0.0
20230629:0903,0.0,89.21,3.37,37.81,23.42,3.86,0.0
20230629:1003,0.0,86.89,3.28,39.3,24.95,4.21,0.0
20230629:1103,0.0,81.46,3.08,36.74,26.07,4.34,0.0
20230629:1203,0.0,77.58,2.93,30.65,26.66,4.34,0.0
20230629:1303,0.0,118.69,4.48,21.98,26.79,3.93,0.0
20230629:1403,0.0,24.82,0.94,11.59,26.41,2.9,0.0
20230629:1503,0.0,0.0,0.0,0.0,24.55,2.0,0.0
20230629:1603,0.0,0.0,0.0,0.0,22.75,2.0,0.0
20230629:1703,0.0,0.0,0.0,0.0,21.08,2.0,0.0
20230629:1803,0.0,0.0,0.0,0.0,19.45,2.07,0.0
20230629:1903,0.0,0.0,0.0,0.0,18.28,2.28,0.0
20230629:2003,0.0,0.0,0.0,0.0,16.99,2.28,0.0
20230629:2103,0.0,0.0,0.0,0.0,15.65,2.07,0.0
20230629:2203,0.0,0.0,0.0,0.0,14.19,1.72,0.0
20230629:2303,0.0,0.0,0.0,0.0,12.96,1.72,0.0
20230630:0003,0.0,0.0,0.0,0.0,12.01,1.79,0.0
20230630:0103,0.0,0.0,0.0,0.0,11.35,1.79,0.0
20230630:0203,0.0,0.0,0.0,0.0,11.05,1.86,0.0
20230630:0303,0.0,0.0,0.0,0.0,10.96,1.86,0.0
20230630:0403,0.0,0.0,0.0,0.0,10.99,1.86,0.0
20230630:0503,0.0,13.19,0.5,3.25,11.18,1.93,0.0
20230630:0603,0.0,49.65,1.87,14.52,13.8,1.59,0.0
20230630:0703,0.0,65.16,2.46,24.52,18.62,1.45,0.0
20230630:0803,0.0,162.91,6.15,32.61,20.84,1.86,0.0
20230630:0903,0.0,188.51,7.12,37.85,22.12,2.14,0.0
20230630:1003,0.0,150.5,5.68,39.36,22.96,2.0,0.0
20230630:1103,0.0,0.0,0.0,0.0,23.2,1.79,0.0
20230630:1203,0.0,166.79,6.3,30.72,23.47,1.72,0.0
20230630:1303,0.0,93.87,3.54,22.05,23.48,1.72,0.0
20230630:1403,0.0,41.12,1.55,11.66,22.89,2.0,0.0
20230630:1503,0.0,0.0,0.0,0.0,21.56,1.93,0.0
20230630:1603,0.0,0.0,0.0,0.0,19.78,1.79,0.0
20230630:1703,0.0,0.0,0.0,0.0,18.37,1.38,0.0
20230630:1803,0.0,0.0,0.0,0.0,17.08,1.1,0.0
20230630:1903,0.0,0.0,0.0,0.0,17.54,0.55,0.0
20230630:2003,0.0,0.0,0.0,0.0,16.68,0.97,0.0
20230630:2103,0.0,0.0,0.0,0.0,14.36,1.52,0.0
20230630:2203,0.0,0.0,0.0,0.0,13.56,1.52,0.0
20230630:2303,0.0,0.0,0.0,0.0,13.48,1.38,0.0
20230701:0003,0.0,0.0,0.0,0.0,13.43,1.38,0.0
20230701:0103,0.0,0.0,0.0,0.0,13.5,1.31,0.0
20230701:0203,0.0,0.0,0.0,0.0,13.37,1.31,0.0
20230701:0303,0.0,0.0,0.0,0.0,12.99,1.38,0.0
20230701:0403,0.0,0.0,0.0,0.0,12.32,1.52,0.0
20230701:0503,0.0,13.19,0.5,3.25,11.95,1.66,0.0
20230701:0603,0.0,49.65,1.87,14.52,13.95,1.17,0.0
20230701:0703,0.0,67.49,2.55,24.54,17.63,1.45,0.0
20230701:0803,0.0,74.47,2.81,32.64,20.1,2.41,0.0
20230701:0903,0.0,82.23,3.1,37.9,21.84,3.03,0.0
20230701:1003,0.0,83.01,3.13,39.42,23.16,3.1,0.0
20230701:1103,0.0,83.78,3.16,36.88,24.19,3.03,0.0
20230701:1203,0.0,76.8,2.9,30.8,24.84,3.1,0.0
20230701:1303,0.0,63.61,2.4,22.13,25.01,3.17,0.0
20230701:1403,0.0,41.12,1.55,11.74,24.56,2.76,0.0
20230701:1503,0.0,0.0,0.0,0.0,22.74,2.07,0.0
20230701:1603,0.0,0.0,0.0,0.0,20.91,2.0,0.0
20230701:1703,0.0,0.0,0.0,0.0,19.27,2.28,0.0
20230701:1803,0.0,0.0,0.0,0.0,17.8,2.48,0.0
20230701:1903,0.0,0.0,0.0,0.0,16.65,2.41,0.0
20230701:2003,0.0,0.0,0.0,0.0,15.55,2.28,0.0
20230701:2103,0.0,0.0,0.0,0.0,14.68,2.21,0.0
20230701:2203,0.0,0.0,0.0,0.0,14.19,2.21,0.0
20230701:2303,0.0,0.0,0.0,0.0,13.82,2.21,0.0
20230702:0003,0.0,0.0,0.0,0.0,13.51,2.21,0.0
20230702:0103,0.0,0.0,0.0,0.0,13.26,2.28,0.0
20230702:0203,0.0,0.0,0.0,0.0,13.02,2.28,0.0
20230702:0303,0.0,0.0,0.0,0.0,12.73,2.28,0.0
20230702:0403,0.0,0.0,0.0,0.0,12.35,2.21,0.0
20230702:0503,0.0,12.41,0.47,3.25,11.97,2.21,0.0
20230702:0603,0.0,65.94,2.49,14.53,13.44,1.86,0.0
20230702:0703,0.0,125.67,4.74,24.57,16.8,2.41,0.0
20230702:0803,0.0,82.23,3.1,32.68,19.65,2.97,0.0
20230702:0903,0.0,88.44,3.34,37.96,22.23,3.31,0.0
20230702:1003,0.0,85.33,3.22,39.49,24.37,3.38,0.0
20230702:1103,0.0,86.89,3.28,36.96,25.91,3.17,0.0
20230702:1203,0.0,77.58,2.93,30.88,26.8,2.83,0.0
20230702:1303,0.0,64.39,2.43,22.21,27.0,2.41,0.0
20230702:1403,0.0,43.44,1.64,11.81,26.5,1.45,0.0
20230702:1503,0.0,0.0,0.0,0.0,25.1,0.55,0.0
20230702:1603,0.0,0.0,0.0,0.0,21.76,1.24,0.0
20230702:1703,0.0,0.0,0.0,0.0,18.98,1.93,0.0
20230702:1803,0.0,0.0,0.0,0.0,17.25,2.14,0.0
20230702:1903,0.0,0.0,0.0,0.0,16.15,2.21,0.0
20230702:2003,0.0,0.0,0.0,0.0,15.08,2.0,0.0
20230702:2103,0.0,0.0,0.0,0.0,14.28,1.66,0.0
20230702:2203,0.0,0.0,0.0,0.0,14.12,1.45,0.0
20230702:2303,0.0,0.0,0.0,0.0,14.14,1.24,0.0
20230703:0003,0.0,0.0,0.0,0.0,13.93,1.24,0.0
20230703:0103,0.0,0.0,0.0,0.0,13.34,1.31,0.0
20230703:0203,0.0,0.0,0.0,0.0,12.76,1.31,0.0
20230703:0303,0.0,0.0,0.0,0.0,12.18,1.38,0.0
20230703:0403,0.0,0.0,0.0,0.0,12.0,1.31,0.0
20230703:0503,0.0,11.64,0.44,3.25,11.68,1.38,0.0
20230703:0603,0.0,64.39,2.43,14.55,13.81,0.9,0.0
20230703:0703,0.0,73.7,2.78,24.59,18.46,0.9,0.0
20230703:0803,0.0,93.87,3.54,32.72,20.94,1.66,0.0
20230703:0903,0.0,152.83,5.77,38.02,22.64,2.28,0.0
20230703:1003,0.0,124.9,4.72,39.57,24.04,2.62,0.0
20230703:1103,0.0,92.32,3.49,37.05,25.03,2.97,0.0
20230703:1203,0.0,80.68,3.05,30.97,25.55,3.1,0.0
20230703:1303,0.0,64.39,2.43,22.3,25.56,3.1,0.0
20230703:1403,0.0,41.89,1.58,11.89,25.03,2.83,0.0
20230703:1503,0.0,0.0,0.0,0.0,23.22,2.14,0.0
20230703:1603,0.0,0.0,0.0,0.0,21.41,2.14,0.0
20230703:1703,0.0,0.0,0.0,0.0,19.89,2.28,0.0
20230703:1803,0.0,0.0,0.0,0.0,18.51,2.41,0.0
20230703:1903,0.0,0.0,0.0,0.0,17.47,2.55,0.0
20230703:2003,0.0,0.0,0.0,0.0,16.55,2.48,0.0
20230703:2103,0.0,0.0,0.0,0.0,15.84,2.41,0.0
20230703:2203,0.0,0.0,0.0,0.0,15.28,2.41,0.0
20230703:2303,0.0,0.0,0.0,0.0,14.86,2.34,0.0
20230704:0003,0.0,0.0,0.0,0.0,14.47,2.34,0.0
20230704:0103,0.0,0.0,0.0,0.0,14.07,2.34,0.0
20230704:0203,0.0,0.0,0.0,0.0,13.63,2.21,0.0
20230704:0303,0.0,0.0,0.0,0.0,13.11,2.14,0.0
20230704:0403,0.0,0.0,0.0,0.0,12.55,2.0,0.0
20230704:0503,0.0,13.19,0.5,3.26,12.0,1.93,0.0
20230704:0603,0.0,60.51,2.28,14.57,13.44,1.59,0.0
20230704:0703,0.0,76.03,2.87,24.63,17.11,1.93,0.0
20230704:0803,0.0,86.89,3.28,32.78,20.01,2.28,0.0
20230704:0903,0.0,93.09,3.51,38.09,22.67,2.28,0.0
20230704:1003,0.0,89.99,3.4,39.65,24.83,2.0,0.0
20230704:1103,0.0,91.54,3.46,37.14,26.36,1.52,0.0
20230704:1203,0.0,80.68,3.05,31.06,27.13,0.76,0.0
20230704:1303,0.0,67.49,2.55,22.38,27.25,0.69,0.0
20230704:1403,0.0,45.77,1.73,11.98,26.66,1.38,0.0
20230704:1503,0.0,0.0,0.0,0.0,24.49,2.21,0.0
20230704:1603,0.0,0.0,0.0,0.0,21.65,2.34,0.0
20230704:1703,0.0,0.0,0.0,0.0,19.67,2.34,0.0
20230704:1803,0.0,0.0,0.0,0.0,18.24,2.83,0.0
20230704:1903,0.0,0.0,0.0,0.0,17.22,2.69,0.0
20230704:2003,0.0,0.0,0.0,0.0,16.54,2.48,0.0
20230704:2103,0.0,0.0,0.0,0.0,16.05,2.28,0.0
20230704:2203,0.0,0.0,0.0,0.0,15.85,2.34,0.0
20230704:2303,0.0,0.0,0.0,0.0,15.75,2.55,0.0
20230705:0003,0.0,0.0,0.0,0.0,15.83,3.03,0.0
20230705:0103,0.0,0.0,0.0,0.0,15.77,3.45,0.0
20230705:0203,0.0,0.0,0.0,0.0,15.67,3.66,0.0
20230705:0303,0.0,0.0,0.0,0.0,15.39,3.59,0.0
20230705:0403,0.0,0.0,0.0,0.0,15.13,3.59,0.0
20230705:0503,0.0,13.19,0.5,3.27,14.96,3.45,0.0
20230705:0603,0.0,62.06,2.34,14.59,16.01,2.97,0.0
20230705:0703,0.0,0.0,0.0,0.0,17.87,4.07,0.0
20230705:0803,0.0,86.89,3.28,32.83,19.33,4.21,0.0
20230705:0903,0.0,110.94,4.19,38.16,20.43,3.72,0.0
20230705:1003,0.0,230.4,8.7,39.74,21.7,3.45,0.0
20230705:1103,0.0,143.52,5.42,37.23,22.06,3.1,0.0
20230705:1203,0.0,148.17,5.59,31.16,22.06,3.1,0.0
20230705:1303,0.0,84.56,3.19,22.48,21.32,3.59,0.0
20230705:1403,0.0,62.06,2.34,12.06,20.14,3.86,0.0
20230705:1503,0.0,0.0,0.0,0.0,18.94,3.66,0.0
20230705:1603,0.0,0.0,0.0,0.0,17.77,3.72,0.0
20230705:1703,0.0,0.0,0.0,0.0,17.05,3.45,0.0
20230705:1803,0.0,0.0,0.0,0.0,16.35,2.9,0.0
20230705:1903,0.0,0.0,0.0,0.0,16.48,2.69,0.0
20230705:2003,0.0,0.0,0.0,0.0,16.01,2.55,0.0
20230705:2103,0.0,0.0,0.0,0.0,15.64,2.48,0.0
20230705:2203,0.0,0.0,0.0,0.0,15.6,2.28,0.0
20230705:2303,0.0,0.0,0.0,0.0,15.61,2.21,0.0
20230706:0003,0.0,0.0,0.0,0.0,15.47,2.14,0.0
20230706:0103,0.0,0.0,0.0,0.0,15.43,1.86,0.0
20230706:0203,0.0,0.0,0.0,0.0,15.28,1.59,0.0
20230706:0303,0.0,0.0,0.0,0.0,15.08,1.31,0.0
20230706:0403,0.0,0.0,0.0,0.0,14.96,1.03,0.0
20230706:0503,0.0,11.64,0.44,3.29,14.3,0.97,0.0
20230706:0603,0.0,81.46,3.08,14.62,15.4,0.83,0.0
20230706:0703,0.0,145.84,5.51,24.71,17.63,0.69,0.0
20230706:0803,0.0,86.89,3.28,32.9,18.85,0.07,0.0
20230706:0903,0.0,187.74,7.09,38.25,20.12,1.1,0.0
20230706:1003,0.0,184.63,6.97,39.84,21.52,2.55,0.0
20230706:1103,0.0,211.01,7.97,37.34,22.31,3.38,0.0
20230706:1203,0.0,179.2,6.77,31.26,22.36,3.38,0.0
20230706:1303,0.0,112.49,4.25,22.57,22.66,3.52,0.0
20230706:1403,0.0,44.99,1.7,12.15,22.45,3.17,0.0
20230706:1503,0.0,0.0,0.0,0.0,21.23,2.14,0.0
20230706:1603,0.0,0.0,0.0,0.0,19.69,1.86,0.0
20230706:1703,0.0,0.0,0.0,0.0,18.21,1.66,0.0
20230706:1803,0.0,0.0,0.0,0.0,16.76,1.93,0.0
20230706:1903,0.0,0.0,0.0,0.0,15.95,2.28,0.0
20230706:2003,0.0,0.0,0.0,0.0,15.24,2.34,0.0
20230706:2103,0.0,0.0,0.0,0.0,14.7,2.41,0.0
20230706:2203,0.0,0.0,0.0,0.0,14.51,2.41,0.0
20230706:2303,0.0,0.0,0.0,0.0,14.41,2.48,0.0
20230707:0003,0.0,0.0,0.0,0.0,14.43,2.62,0.0
20230707:0103,0.0,0.0,0.0,0.0,14.36,2.69,0.0
20230707:0203,0.0,0.0,0.0,0.0,14.23,2.76,0.0
20230707:0303,0.0,0.0,0.0,0.0,14.01,2.83,0.0
20230707:0403,0.0,0.0,0.0,0.0,13.71,2.76,0.0
20230707:0503,0.0,13.19,0.5,3.31,13.41,2.76,0.0
20230707:0603,0.0,58.18,2.2,14.65,14.44,2.55,0.0
20230707:0703,0.0,81.46,3.08,24.76,17.35,3.1,0.0
20230707:0803,0.0,83.01,3.13,32.97,20.3,3.59,0.0
20230707:0903,0.0,93.09,3.51,38.34,23.02,3.93,0.0
20230707:1003,0.0,89.99,3.4,39.95,25.27,4.21,0.0
20230707:1103,0.0,92.32,3.49,37.45,26.93,4.55,0.0
20230707:1203,0.0,98.52,3.72,31.37,27.9,4.9,0.0
20230707:1303,0.0,84.56,3.19,22.67,28.2,5.03,0.0
20230707:1403,0.0,65.94,2.49,12.24,27.62,4.41,0.0
20230707:1503,0.0,0.0,0.0,0.0,25.75,3.86,0.0
20230707:1603,0.0,0.0,0.0,0.0,23.78,3.59,0.0
20230707:1703,0.0,0.0,0.0,0.0,22.3,3.45,0.0
20230707:1803,0.0,0.0,0.0,0.0,21.2,3.52,0.0
20230707:1903,0.0,0.0,0.0,0.0,20.68,4.0,0.0
20230707:2003,0.0,0.0,0.0,0.0,20.2,4.07,0.0
20230707:2103,0.0,0.0,0.0,0.0,19.67,4.0,0.0
20230707:2203,0.0,0.0,0.0,0.0,19.01,3.72,0.0
20230707:2303,0.0,0.0,0.0,0.0,18.17,3.45,0.0
20230708:0003,0.0,0.0,0.0,0.0,17.3,3.24,0.0
20230708:0103,0.0,0.0,0.0,0.0,16.51,3.17,0.0
20230708:0203,0.0,0.0,0.0,0.0,15.82,3.03,0.0
20230708:0303,0.0,0.0,0.0,0.0,15.14,2.97,0.0
20230708:0403,0.0,0.0,0.0,0.0,14.46,2.83,0.0
20230708:0503,0.0,13.96,0.53,3.34,13.85,2.76,0.0
20230708:0603,0.0,55.08,2.08,14.69,15.49,2.48,0.0
20230708:0703,0.0,75.25,2.84,24.82,19.73,3.03,0.0
20230708:0803,0.0,78.35,2.96,33.04,23.05,3.93,0.0
20230708:0903,0.0,87.66,3.31,38.43,25.45,4.28,0.0
20230708:1003,0.0,89.21,3.37,40.06,27.42,4.28,0.0
20230708:1103,0.0,86.89,3.28,37.56,28.86,4.14,0.0
20230708:1203,0.0,83.78,3.16,31.48,29.68,4.07,0.0
20230708:1303,0.0,66.72,2.52,22.78,29.91,3.93,0.0
20230708:1403,0.0,42.67,1.61,12.34,29.2,3.17,0.0
20230708:1503,0.0,0.0,0.0,0.0,26.64,2.97,0.0
20230708:1603,0.0,0.0,0.0,0.0,24.26,3.03,0.0
20230708:1703,0.0,0.0,0.0,0.0,22.8,3.1,0.0
20230708:1803,0.0,0.0,0.0,0.0,21.54,3.1,0.0
20230708:1903,0.0,0.0,0.0,0.0,20.51,3.03,0.0
20230708:2003,0.0,0.0,0.0,0.0,19.35,2.9,0.0
20230708:2103,0.0,0.0,0.0,0.0,18.15,2.83,0.0
20230708:2203,0.0,0.0,0.0,0.0,16.81,2.48,0.0
20230708:2303,0.0,0.0,0.0,0.0,15.07,1.93,0.0
20230709:0003,0.0,0.0,0.0,0.0,14.23,2.48,0.0
20230709:0103,0.0,0.0,0.0,0.0,15.54,3.17,0.0
20230709:0203,0.0,0.0,0.0,0.0,16.34,3.45,0.0
20230709:0303,0.0,0.0,0.0,0.0,16.49,3.24,0.0
20230709:0403,0.0,0.0,0.0,0.0,16.39,2.97,0.0
20230709:0503,0.0,13.19,0.5,3.37,16.43,2.69,0.0
20230709:0603,0.0,68.27,2.58,14.74,17.3,2.28,0.0
20230709:0703,0.0,144.29,5.45,24.88,19.1,3.45,0.0
20230709:0803,0.0,197.05,7.44,33.12,20.24,3.38,0.0
20230709:0903,0.0,211.79,8.0,38.53,20.94,3.45,0.0
20230709:1003,0.0,237.39,8.96,40.17,21.24,3.59,0.0
20230709:1103,0.0,183.08,6.91,37.68,21.28,3.72,0.0
20230709:1203,0.0,117.14,4.42,31.59,20.61,4.28,0.0
20230709:1303,0.0,82.23,3.1,22.88,19.28,4.97,0.0
20230709:1403,0.0,65.16,2.46,12.44,17.51,5.1,0.0
20230709:1503,0.0,0.0,0.0,0.0,16.22,4.83,0.0
20230709:1603,0.0,0.0,0.0,0.0,15.32,4.83,0.0
20230709:1703,0.0,0.0,0.0,0.0,14.41,5.03,0.0
20230709:1803,0.0,0.0,0.0,0.0,13.3,5.31,0.0
20230709:1903,0.0,0.0,0.0,0.0,11.79,5.93,0.0
20230709:2003,0.0,0.0,0.0,0.0,11.15,5.66,0.0
20230709:2103,0.0,0.0,0.0,0.0,10.77,5.1,0.0
20230709:2203,0.0,0.0,0.0,0.0,10.84,4.34,0.0
20230709:2303,0.0,0.0,0.0,0.0,10.94,3.79,0.0
20230710:0003,0.0,0.0,0.0,0.0,10.88,3.66,0.0
20230710:0103,0.0,0.0,0.0,0.0,10.58,3.66,0.0
20230710:0203,0.0,0.0,0.0,0.0,10.16,3.93,0.0
20230710:0303,0.0,0.0,0.0,0.0,9.89,4.41,0.0
20230710:0403,0.0,0.0,0.0,0.0,9.91,4.76,0.0
20230710:0503,0.0,6.98,0.26,3.4,9.95,4.9,0.0
20230710:0603,0.0,71.37,2.69,14.79,10.55,5.38,0.0
20230710:0703,0.0,43.44,1.64,24.95,11.1,5.03,0.0
20230710:0803,0.0,61.29,2.31,33.21,11.26,5.52,0.0
20230710:0903,0.0,47.32,1.79,38.64,12.42,5.31,0.0
20230710:1003,0.0,203.25,7.67,40.3,12.52,5.03,0.0
20230710:1103,0.0,124.9,4.72,37.81,13.12,5.45,0.0
20230710:1203,0.0,51.98,1.96,31.72,13.12,4.83,0.0
20230710:1303,0.0,34.91,1.32,22.99,12.92,4.0,0.0
20230710:1403,0.0,27.93,1.05,12.54,12.72,5.66,0.0
20230710:1503,0.0,0.0,0.0,0.0,12.3,5.38,0.0
20230710:1603,0.0,0.0,0.0,0.0,12.05,5.17,0.0
20230710:1703,0.0,0.0,0.0,0.0,11.9,4.76,0.0
20230710:1803,0.0,0.0,0.0,0.0,11.73,4.69,0.0
20230710:1903,0.0,0.0,0.0,0.0,12.39,5.17,0.0
20230710:2003,0.0,0.0,0.0,0.0,12.21,5.1,0.0
20230710:2103,0.0,0.0,0.0,0.0,12.03,5.1,0.0
20230710:2203,0.0,0.0,0.0,0.0,11.87,5.03,0.0
20230710:2303,0.0,0.0,0.0,0.0,11.69,4.76,0.0
20230711:0003,0.0,0.0,0.0,0.0,11.82,5.03,0.0
20230711:0103,0.0,0.0,0.0,0.0,11.7,5.31,0.0
20230711:0203,0.0,0.0,0.0,0.0,11.76,5.17,0.0
20230711:0303,0.0,0.0,0.0,0.0,11.9,5.1,0.0
20230711:0403,0.0,0.0,0.0,0.0,11.91,4.76,0.0
20230711:0503,0.0,6.98,0.26,3.44,12.16,4.41,0.0
20230711:0603,0.0,52.75,1.99,14.84,12.99,3.79,0.0
20230711:0703,0.0,65.94,2.49,25.02,14.47,4.07,0.0
20230711:0803,0.0,73.7,2.78,33.31,15.59,4.55,0.0
20230711:0903,0.0,225.75,8.52,38.76,17.2,5.24,0.0
20230711:1003,0.0,227.3,8.58,40.43,18.11,5.17,0.0
20230711:1103,0.0,226.53,8.55,37.94,18.82,5.1,0.0
20230711:1203,0.0,96.2,3.63,31.84,18.87,4.62,0.0
20230711:1303,0.0,79.9,3.02,23.11,18.82,4.34,0.0
20230711:1403,0.0,61.29,2.31,12.64,18.27,3.59,0.0
20230711:1503,0.0,0.0,0.0,0.0,16.93,3.03,0.0
20230711:1603,0.0,0.0,0.0,0.0,15.86,2.97,0.0
20230711:1703,0.0,0.0,0.0,0.0,15.11,2.83,0.0
20230711:1803,0.0,0.0,0.0,0.0,15.05,2.76,0.0
20230711:1903,0.0,0.0,0.0,0.0,14.34,2.41,0.0
20230711:2003,0.0,0.0,0.0,0.0,13.76,2.41,0.0
20230711:2103,0.0,0.0,0.0,0.0,13.43,2.41,0.0
20230711:2203,0.0,0.0,0.0,0.0,13.13,2.48,0.0
20230711:2303,0.0,0.0,0.0,0.0,13.27,2.55,0.0
20230712:0003,0.0,0.0,0.0,0.0,13.1,2.55,0.0
20230712:0103,0.0,0.0,0.0,0.0,12.97,2.62,0.0
20230712:0203,0.0,0.0,0.0,0.0,13.0,2.55,0.0
20230712:0303,0.0,0.0,0.0,0.0,12.89,2.48,0.0
20230712:0403,0.0,0.0,0.0,0.0,12.72,2.34,0.0
20230712:0503,0.0,6.98,0.26,3.49,12.71,2.14,0.0
20230712:0603,0.0,55.86,2.11,14.9,13.49,1.86,0.0
20230712:0703,0.0,139.64,5.27,25.1,16.0,2.55,0.0
20230712:0803,0.0,172.22,6.5,33.41,17.64,3.24,0.0
20230712:0903,0.0,207.13,7.82,38.88,18.28,3.17,0.0
20230712:1003,0.0,218.77,8.26,40.56,19.58,3.38,0.0
20230712:1103,0.0,169.89,6.41,38.08,19.75,2.83,0.0
20230712:1203,0.0,190.06,7.18,31.97,19.67,2.48,0.0
20230712:1303,0.0,132.66,5.01,23.23,19.09,2.41,0.0
20230712:1403,0.0,65.16,2.46,12.75,18.52,2.14,0.0
20230712:1503,0.0,0.0,0.0,0.0,17.69,1.86,0.0
20230712:1603,0.0,0.0,0.0,0.0,16.76,1.52,0.0
20230712:1703,0.0,0.0,0.0,0.0,16.09,1.24,0.0
20230712:1803,0.0,0.0,0.0,0.0,15.83,0.48,0.0
20230712:1903,0.0,0.0,0.0,0.0,14.67,0.76,0.0
20230712:2003,0.0,0.0,0.0,0.0,12.96,1.17,0.0
20230712:2103,0.0,0.0,0.0,0.0,12.0,1.31,0.0
20230712:2203,0.0,0.0,0.0,0.0,11.69,1.24,0.0
20230712:2303,0.0,0.0,0.0,0.0,11.44,1.17,0.0
20230713:0003,0.0,0.0,0.0,0.0,11.31,1.17,0.0
20230713:0103,0.0,0.0,0.0,0.0,10.88,1.17,0.0
20230713:0203,0.0,0.0,0.0,0.0,10.53,1.24,0.0
20230713:0303,0.0,0.0,0.0,0.0,9.92,1.31,0.0
20230713:0403,0.0,0.0,0.0,0.0,9.46,1.38,0.0
20230713:0503,0.0,13.19,0.5,3.54,9.12,1.45,0.0
20230713:0603,0.0,44.22,1.67,14.97,11.39,0.97,0.0
20230713:0703,0.0,63.61,2.4,25.18,14.83,0.9,0.0
20230713:0803,0.0,70.6,2.67,33.51,17.23,1.1,0.0
20230713:0903,0.0,80.68,3.05,39.01,18.83,0.97,0.0
20230713:1003,0.0,81.46,3.08,40.7,19.96,0.69,0.0
20230713:1103,0.0,85.33,3.22,38.22,20.76,0.9,0.0
20230713:1203,0.0,76.8,2.9,32.1,21.17,1.38,0.0
20230713:1303,0.0,64.39,2.43,23.35,21.09,1.79,0.0
20230713:1403,0.0,44.99,1.7,12.85,20.37,2.14,0.0
20230713:1503,0.0,0.0,0.0,0.0,18.74,2.14,0.0
20230713:1603,0.0,0.0,0.0,0.0,16.99,2.0,0.0
20230713:1703,0.0,0.0,0.0,0.0,15.81,1.59,0.0
20230713:1803,0.0,0.0,0.0,0.0,14.68,1.03,0.0
20230713:1903,0.0,0.0,0.0,0.0,15.16,0.62,0.0
20230713:2003,0.0,0.0,0.0,0.0,14.86,0.55,0.0
20230713:2103,0.0,0.0,0.0,0.0,13.88,1.03,0.0
20230713:2203,0.0,0.0,0.0,0.0,12.58,1.24,0.0
20230713:2303,0.0,0.0,0.0,0.0,12.14,1.24,0.0
20230714:0003,0.0,0.0,0.0,0.0,11.74,1.31,0.0
20230714:0103,0.0,0.0,0.0,0.0,12.23,1.1,0.0
20230714:0203,0.0,0.0,0.0,0.0,12.07,1.17,0.0
20230714:0303,0.0,0.0,0.0,0.0,12.3,1.1,0.0
20230714:0403,0.0,0.0,0.0,0.0,11.93,1.17,0.0
20230714:0503,0.0,13.19,0.5,3.59,11.93,1.1,0.0
20230714:0603,0.0,45.77,1.73,15.04,13.54,0.76,0.0
20230714:0703,0.0,65.94,2.49,25.27,16.78,1.03,0.0
20230714:0803,0.0,78.35,2.96,33.63,17.94,1.24,0.0
20230714:0903,0.0,186.19,7.03,39.14,18.7,1.66,0.0
20230714:1003,0.0,232.73,8.79,40.85,19.34,2.0,0.0
20230714:1103,0.0,230.4,8.7,38.37,19.85,2.28,0.0
20230714:1203,0.0,138.86,5.24,32.24,20.07,2.34,0.0
20230714:1303,0.0,80.68,3.05,23.47,20.26,2.55,0.0
20230714:1403,0.0,41.12,1.55,12.96,19.9,2.34,0.0
20230714:1503,0.0,0.0,0.0,0.0,18.58,1.72,0.0
20230714:1603,0.0,0.0,0.0,0.0,17.16,1.66,0.0
20230714:1703,0.0,0.0,0.0,0.0,15.54,1.66,0.0
20230714:1803,0.0,0.0,0.0,0.0,13.89,1.93,0.0
20230714:1903,0.0,0.0,0.0,0.0,12.89,2.07,0.0
20230714:2003,0.0,0.0,0.0,0.0,12.06,2.14,0.0
20230714:2103,0.0,0.0,0.0,0.0,11.46,2.14,0.0
20230714:2203,0.0,0.0,0.0,0.0,11.16,2.14,0.0
20230714:2303,0.0,0.0,0.0,0.0,10.74,2.21,0.0
20230715:0003,0.0,0.0,0.0,0.0,10.63,2.21,0.0
20230715:0103,0.0,0.0,0.0,0.0,10.73,2.21,0.0
20230715:0203,0.0,0.0,0.0,0.0,10.38,2.28,0.0
20230715:0303,0.0,0.0,0.0,0.0,10.24,2.34,0.0
20230715:0403,0.0,0.0,0.0,0.0,10.29,2.48,0.0
20230715:0503,0.0,13.96,0.53,3.65,10.36,2.48,0.0
20230715:0603,0.0,45.77,1.73,15.11,12.39,2.21,0.0
20230715:0703,0.0,65.16,2.46,25.37,16.23,2.9,0.0
20230715:0803,0.0,72.92,2.75,33.74,18.35,4.07,0.0
20230715:0903,0.0,79.9,3.02,39.28,19.79,4.69,0.0
20230715:1003,0.0,83.78,3.16,41.0,20.84,4.41,0.0
20230715:1103,0.0,89.21,3.37,38.52,21.65,4.14,0.0
20230715:1203,0.0,79.13,2.99,32.39,22.08,3.79,0.0
20230715:1303,0.0,65.94,2.49,23.6,22.07,3.59,0.0
20230715:1403,0.0,50.43,1.9,13.08,21.58,3.31,0.0
20230715:1503,0.0,0.0,0.0,0.0,19.91,2.69,0.0
20230715:1603,0.0,0.0,0.0,0.0,18.12,2.41,0.0
20230715:1703,0.0,0.0,0.0,0.0,16.88,2.28,0.0
20230715:1803,0.0,0.0,0.0,0.0,15.72,2.0,0.0
20230715:1903,0.0,0.0,0.0,0.0,14.67,1.79,0.0
20230715:2003,0.0,0.0,0.0,0.0,13.97,1.59,0.0
20230715:2103,0.0,0.0,0.0,0.0,13.48,1.45,0.0
20230715:2203,0.0,0.0,0.0,0.0,12.8,1.38,0.0
20230715:2303,0.0,0.0,0.0,0.0,11.56,1.45,0.0
20230716:0003,0.0,0.0,0.0,0.0,10.19,1.59,0.0
20230716:0103,0.0,0.0,0.0,0.0,9.21,1.72,0.0
20230716:0203,0.0,0.0,0.0,0.0,8.71,1.86,0.0
20230716:0303,0.0,0.0,0.0,0.0,8.39,1.93,0.0
20230716:0403,0.0,0.0,0.0,0.0,8.13,2.0,0.0
20230716:0503,0.0,14.74,0.56,3.71,7.93,2.0,0.0
20230716:0603,0.0,49.65,1.87,15.19,10.44,1.72,0.0
20230716:0703,0.0,68.27,2.58,25.47,15.71,1.79,0.0
20230716:0803,0.0,75.25,2.84,33.87,19.88,1.79,0.0
20230716:0903,0.0,79.9,3.02,39.43,23.21,1.79,0.0
20230716:1003,0.0,83.78,3.16,41.16,25.46,2.28,0.0
20230716:1103,0.0,84.56,3.19,38.68,26.49,2.41,0.0
20230716:1203,0.0,76.8,2.9,32.53,26.77,1.93,0.0
20230716:1303,0.0,62.84,2.37,23.73,26.64,1.45,0.0
20230716:1403,0.0,43.44,1.64,13.19,26.06,0.9,0.0
20230716:1503,0.0,1.55,0.06,1.55,24.53,1.24,0.0
20230716:1603,0.0,0.0,0.0,0.0,21.22,1.31,0.0
20230716:1703,0.0,0.0,0.0,0.0,19.84,1.31,0.0
20230716:1803,0.0,0.0,0.0,0.0,19.82,1.24,0.0
20230716:1903,0.0,0.0,0.0,0.0,17.39,1.52,0.0
20230716:2003,0.0,0.0,0.0,0.0,15.37,1.59,0.0
20230716:2103,0.0,0.0,0.0,0.0,12.89,1.86,0.0
20230716:2203,0.0,0.0,0.0,0.0,11.66,2.14,0.0
20230716:2303,0.0,0.0,0.0,0.0,11.46,2.21,0.0
20230717:0003,0.0,0.0,0.0,0.0,11.22,2.07,0.0
20230717:0103,0.0,0.0,0.0,0.0,11.1,1.93,0.0
20230717:0203,0.0,0.0,0.0,0.0,11.09,1.72,0.0
20230717:0303,0.0,0.0,0.0,0.0,10.7,1.66,0.0
20230717:0403,0.0,0.0,0.0,0.0,10.11,1.59,0.0
20230717:0503,0.0,14.74,0.56,3.78,9.58,1.52,0.0
20230717:0603,0.0,50.43,1.9,15.28,12.36,0.97,0.0
20230717:0703,0.0,69.04,2.61,25.58,17.5,0.76,0.0
20230717:0803,0.0,76.03,2.87,34.0,20.4,0.48,0.0
20230717:0903,0.0,83.01,3.13,39.58,22.25,0.9,0.0
20230717:1003,0.0,81.46,3.08,41.33,23.86,1.66,0.0
20230717:1103,0.0,83.01,3.13,38.85,25.01,2.14,0.0
20230717:1203,0.0,76.8,2.9,32.68,25.67,2.55,0.0
20230717:1303,0.0,63.61,2.4,23.86,25.73,2.76,0.0
20230717:1403,0.0,44.22,1.67,13.31,25.03,2.41,0.0
20230717:1503,0.0,1.55,0.06,1.65,22.92,2.07,0.0
20230717:1603,0.0,0.0,0.0,0.0,20.86,1.79,0.0
20230717:1703,0.0,0.0,0.0,0.0,18.86,1.72,0.0
20230717:1803,0.0,0.0,0.0,0.0,16.93,1.93,0.0
20230717:1903,0.0,0.0,0.0,0.0,15.61,2.0,0.0
20230717:2003,0.0,0.0,0.0,0.0,14.51,2.0,0.0
20230717:2103,0.0,0.0,0.0,0.0,13.69,2.0,0.0
20230717:2203,0.0,0.0,0.0,0.0,13.03,2.07,0.0
20230717:2303,0.0,0.0,0.0,0.0,12.43,2.14,0.0
20230718:0003,0.0,0.0,0.0,0.0,11.95,2.14,0.0
20230718:0103,0.0,0.0,0.0,0.0,11.47,2.14,0.0
20230718:0203,0.0,0.0,0.0,0.0,10.98,2.07,0.0
20230718:0303,0.0,0.0,0.0,0.0,10.49,2.07,0.0
20230718:0403,0.0,0.0,0.0,0.0,10.02,2.07,0.0
20230718:0503,0.0,14.74,0.56,3.85,9.68,2.07,0.0
20230718:0603,0.0,49.65,1.87,15.37,12.11,1.79,0.0
20230718:0703,0.0,68.27,2.58,25.69,17.73,2.28,0.0
20230718:0803,0.0,78.35,2.96,34.14,21.06,3.03,0.0
20230718:0903,0.0,85.33,3.22,39.74,23.69,3.79,0.0
20230718:1003,0.0,86.89,3.28,41.5,25.63,4.34,0.0
20230718:1103,0.0,88.44,3.34,39.02,26.95,4.55,0.0
20230718:1203,0.0,78.35,2.96,32.84,27.62,4.69,0.0
20230718:1303,0.0,65.94,2.49,24.0,27.66,4.55,0.0
20230718:1403,0.0,44.22,1.67,13.43,26.82,3.72,0.0
20230718:1503,0.0,1.55,0.06,1.75,24.52,3.38,0.0
20230718:1603,0.0,0.0,0.0,0.0,22.04,3.17,0.0
20230718:1703,0.0,0.0,0.0,0.0,20.39,3.17,0.0
20230718:1803,0.0,0.0,0.0,0.0,19.17,3.1,0.0
20230718:1903,0.0,0.0,0.0,0.0,18.29,3.17,0.0
20230718:2003,0.0,0.0,0.0,0.0,17.5,3.03,0.0
20230718:2103,0.0,0.0,0.0,0.0,16.7,2.97,0.0
20230718:2203,0.0,0.0,0.0,0.0,15.83,2.83,0.0
20230718:2303,0.0,0.0,0.0,0.0,14.88,2.69,0.0
20230719:0003,0.0,0.0,0.0,0.0,13.92,2.55,0.0
20230719:0103,0.0,0.0,0.0,0.0,12.99,2.48,0.0
20230719:0203,0.0,0.0,0.0,0.0,12.1,2.34,0.0
20230719:0303,0.0,0.0,0.0,0.0,11.22,2.21,0.0
20230719:0403,0.0,0.0,0.0,0.0,10.29,2.07,0.0
20230719:0503,0.0,14.74,0.56,3.93,9.62,2.0,0.0
20230719:0603,0.0,51.2,1.93,15.46,12.17,1.79,0.0
20230719:0703,0.0,70.6,2.67,25.81,17.13,1.79,0.0
20230719:0803,0.0,81.46,3.08,34.28,21.44,1.45,0.0
20230719:0903,0.0,86.11,3.25,39.91,24.28,4.34,0.0
20230719:1003,0.0,192.39,7.26,41.68,24.63,6.69,0.0
20230719:1103,0.0,235.06,8.87,39.19,23.48,6.83,0.0
20230719:1203,0.0,182.31,6.88,32.99,22.36,6.07,0.0
20230719:1303,0.0,55.08,2.08,24.14,21.4,5.45,0.0
20230719:1403,0.0,24.82,0.94,13.55,19.96,5.1,0.0
20230719:1503,0.0,0.78,0.03,1.86,18.7,4.55,0.0
20230719:1603,0.0,0.0,0.0,0.0,17.85,5.1,0.0
20230719:1703,0.0,0.0,0.0,0.0,17.42,5.1,0.0
20230719:1803,0.0,0.0,0.0,0.0,17.06,5.1,0.0
20230719:1903,0.0,0.0,0.0,0.0,16.7,5.1,0.0
20230719:2003,0.0,0.0,0.0,0.0,16.42,5.1,0.0
20230719:2103,0.0,0.0,0.0,0.0,15.99,4.9,0.0
20230719:2203,0.0,0.0,0.0,0.0,15.57,4.83,0.0
20230719:2303,0.0,0.0,0.0,0.0,15.0,4.76,0.0
20230720:0003,0.0,0.0,0.0,0.0,14.59,4.76,0.0
20230720:0103,0.0,0.0,0.0,0.0,14.24,4.83,0.0
20230720:0203,0.0,0.0,0.0,0.0,13.97,4.69,0.0
20230720:0303,0.0,0.0,0.0,0.0,13.68,4.48,0.0
20230720:0403,0.0,0.0,0.0,0.0,13.48,4.34,0.0
20230720:0503,0.0,6.21,0.23,4.01,13.29,3.79,0.0
20230720:0603,0.0,31.81,1.2,15.56,13.28,3.52,0.0
20230720:0703,0.0,103.18,3.9,25.93,13.68,4.07,0.0
20230720:0803,0.0,55.08,2.08,34.43,13.77,4.21,0.0
20230720:0903,0.0,120.24,4.54,40.08,13.87,4.34,0.0
20230720:1003,0.0,92.32,3.49,41.86,14.12,4.55,0.0
20230720:1103,0.0,42.67,1.61,39.37,13.92,4.34,0.0
20230720:1203,0.0,61.29,2.31,33.16,13.82,4.21,0.0
20230720:1303,0.0,50.43,1.9,24.28,13.7,4.14,0.0
20230720:1403,0.0,27.93,1.05,13.67,13.22,3.52,0.0
20230720:1503,0.0,0.78,0.03,1.96,12.83,3.1,0.0
20230720:1603,0.0,0.0,0.0,0.0,12.55,3.59,0.0
20230720:1703,0.0,0.0,0.0,0.0,12.41,3.52,0.0
20230720:1803,0.0,0.0,0.0,0.0,12.31,3.45,0.0
20230720:1903,0.0,0.0,0.0,0.0,12.28,3.1,0.0
20230720:2003,0.0,0.0,0.0,0.0,12.18,2.9,0.0
20230720:2103,0.0,0.0,0.0,0.0,12.17,2.69,0.0
20230720:2203,0.0,0.0,0.0,0.0,12.13,2.34,0.0
20230720:2303,0.0,0.0,0.0,0.0,12.17,2.34,0.0
20230721:0003,0.0,0.0,0.0,0.0,12.21,2.21,0.0
20230721:0103,0.0,0.0,0.0,0.0,12.23,2.34,0.0
20230721:0203,0.0,0.0,0.0,0.0,12.02,2.48,0.0
20230721:0303,0.0,0.0,0.0,0.0,11.95,2.41,0.0
20230721:0403,0.0,0.0,0.0,0.0,11.85,2.28,0.0
20230721:0503,0.0,13.19,0.5,4.1,11.93,2.07,0.0
20230721:0603,0.0,59.73,2.26,15.67,12.67,2.07,0.0
20230721:0703,0.0,109.38,4.13,26.06,13.88,2.28,0.0
20230721:0803,0.0,143.52,5.42,34.58,15.33,2.69,0.0
20230721:0903,0.0,176.1,6.65,40.26,16.03,2.41,0.0
20230721:1003,0.0,156.71,5.92,42.05,16.19,2.14,0.0
20230721:1103,0.0,51.98,1.96,39.55,16.15,2.0,0.0
20230721:1203,0.0,125.67,4.74,33.32,16.2,2.0,0.0
20230721:1303,0.0,103.18,3.9,24.42,16.08,2.07,0.0
20230721:1403,0.0,13.19,0.5,13.79,15.98,1.86,0.0
20230721:1503,0.0,0.78,0.03,2.07,15.54,1.1,0.0
20230721:1603,0.0,0.0,0.0,0.0,15.16,0.62,0.0
20230721:1703,0.0,0.0,0.0,0.0,14.8,0.41,0.0
20230721:1803,0.0,0.0,0.0,0.0,14.15,0.76,0.0
20230721:1903,0.0,0.0,0.0,0.0,13.8,0.97,0.0
20230721:2003,0.0,0.0,0.0,0.0,13.64,1.1,0.0
20230721:2103,0.0,0.0,0.0,0.0,13.39,1.1,0.0
20230721:2203,0.0,0.0,0.0,0.0,13.3,1.03,0.0
20230721:2303,0.0,0.0,0.0,0.0,13.31,1.24,0.0
20230722:0003,0.0,0.0,0.0,0.0,13.03,1.59,0.0
20230722:0103,0.0,0.0,0.0,0.0,12.45,1.86,0.0
20230722:0203,0.0,0.0,0.0,0.0,12.08,2.07,0.0
20230722:0303,0.0,0.0,0.0,0.0,11.69,2.21,0.0
20230722:0403,0.0,0.0,0.0,0.0,11.34,2.21,0.0
20230722:0503,0.0,17.07,0.64,4.19,10.98,2.21,0.0
20230722:0603,0.0,55.08,2.08,15.78,12.55,2.07,0.0
20230722:0703,0.0,70.6,2.67,26.19,15.22,2.83,0.0
20230722:0803,0.0,77.58,2.93,34.74,17.63,4.0,0.0
20230722:0903,0.0,81.46,3.08,40.44,19.65,4.62,0.0
20230722:1003,0.0,86.11,3.25,42.25,21.27,4.76,0.0
20230722:1103,0.0,83.78,3.16,39.74,22.42,4.76,0.0
20230722:1203,0.0,79.13,2.99,33.49,23.15,4.62,0.0
20230722:1303,0.0,63.61,2.4,24.57,23.38,4.41,0.0
20230722:1403,0.0,46.55,1.76,13.92,23.08,4.0,0.0
20230722:1503,0.0,3.88,0.15,2.18,21.59,3.24,0.0
20230722:1603,0.0,0.0,0.0,0.0,19.7,3.03,0.0
20230722:1703,0.0,0.0,0.0,0.0,18.43,3.1,0.0
20230722:1803,0.0,0.0,0.0,0.0,17.56,3.24,0.0
20230722:1903,0.0,0.0,0.0,0.0,17.02,3.1,0.0
20230722:2003,0.0,0.0,0.0,0.0,16.38,3.03,0.0
20230722:2103,0.0,0.0,0.0,0.0,15.76,2.9,0.0
20230722:2203,0.0,0.0,0.0,0.0,15.05,2.76,0.0
20230722:2303,0.0,0.0,0.0,0.0,14.3,2.62,0.0
20230723:0003,0.0,0.0,0.0,0.0,13.56,2.48,0.0
20230723:0103,0.0,0.0,0.0,0.0,12.93,2.41,0.0
20230723:0203,0.0,0.0,0.0,0.0,12.33,2.34,0.0
20230723:0303,0.0,0.0,0.0,0.0,11.68,2.21,0.0
20230723:0403,0.0,0.0,0.0,0.0,11.01,2.14,0.0
20230723:0503,0.0,13.19,0.5,4.28,10.51,2.07,0.0
20230723:0603,0.0,52.75,1.99,15.89,12.85,1.72,0.0
20230723:0703,0.0,117.92,4.45,26.33,18.21,1.72,0.0
20230723:0803,0.0,140.41,5.3,34.91,22.25,1.86,0.0
20230723:0903,0.0,135.76,5.13,40.63,24.77,1.86,0.0
20230723:1003,0.0,155.15,5.86,42.45,26.52,1.38,0.0
20230723:1103,0.0,104.73,3.95,39.93,27.58,1.17,0.0
20230723:1203,0.0,99.3,3.75,33.66,28.18,1.52,0.0
20230723:1303,0.0,62.84,2.37,24.72,28.28,2.14,0.0
20230723:1403,0.0,76.03,2.87,14.05,27.67,2.41,0.0
20230723:1503,0.0,1.55,0.06,2.29,25.45,2.21,0.0
20230723:1603,0.0,0.0,0.0,0.0,23.2,2.07,0.0
20230723:1703,0.0,0.0,0.0,0.0,21.45,2.21,0.0
20230723:1803,0.0,0.0,0.0,0.0,19.97,2.41,0.0
20230723:1903,0.0,0.0,0.0,0.0,19.06,2.55,0.0
20230723:2003,0.0,0.0,0.0,0.0,18.25,2.48,0.0
20230723:2103,0.0,0.0,0.0,0.0,17.34,1.66,0.0
20230723:2203,0.0,0.0,0.0,0.0,16.12,1.38,0.0
20230723:2303,0.0,0.0,0.0,0.0,15.36,2.76,0.0
20230724:0003,0.0,0.0,0.0,0.0,15.65,3.1,0.0
20230724:0103,0.0,0.0,0.0,0.0,15.88,3.17,0.0
20230724:0203,0.0,0.0,0.0,0.0,16.2,3.31,0.0
20230724:0303,0.0,0.0,0.0,0.0,16.4,3.45,0.0
20230724:0403,0.0,0.0,0.0,0.0,16.36,3.45,0.0
20230724:0503,0.0,18.62,0.7,4.38,16.62,3.52,0.0
20230724:0603,0.0,49.65,1.87,16.01,17.22,3.66,0.0
20230724:0703,0.0,125.67,4.74,26.48,18.27,4.62,0.0
20230724:0803,0.0,162.91,6.15,35.08,19.17,5.03,0.0
20230724:0903,0.0,146.62,5.54,40.83,19.63,5.38,0.0
20230724:1003,0.0,158.26,5.98,42.65,19.58,5.59,0.0
20230724:1103,0.0,114.81,4.33,40.13,19.78,5.66,0.0
20230724:1203,0.0,190.84,7.21,33.84,19.36,5.52,0.0
20230724:1303,0.0,144.29,5.45,24.87,18.74,5.45,0.0
20230724:1403,0.0,77.58,2.93,14.17,17.92,5.24,0.0
20230724:1503,0.0,3.1,0.12,2.4,16.8,3.93,0.0
20230724:1603,0.0,0.0,0.0,0.0,15.87,3.38,0.0
20230724:1703,0.0,0.0,0.0,0.0,15.36,2.9,0.0
20230724:1803,0.0,0.0,0.0,0.0,15.11,2.69,0.0
20230724:1903,0.0,0.0,0.0,0.0,15.14,2.69,0.0
20230724:2003,0.0,0.0,0.0,0.0,15.15,2.69,0.0
20230724:2103,0.0,0.0,0.0,0.0,14.75,2.34,0.0
20230724:2203,0.0,0.0,0.0,0.0,14.73,2.07,0.0
20230724:2303,0.0,0.0,0.0,0.0,14.62,1.79,0.0
20230725:0003,0.0,0.0,0.0,0.0,14.2,1.59,0.0
20230725:0103,0.0,0.0,0.0,0.0,13.75,1.52,0.0
20230725:0203,0.0,0.0,0.0,0.0,13.45,1.45,0.0
20230725:0303,0.0,0.0,0.0,0.0,13.26,1.38,0.0
20230725:0403,0.0,0.0,0.0,0.0,12.89,1.31,0.0
20230725:0503,0.0,17.07,0.64,4.49,12.51,1.24,0.0
20230725:0603,0.0,78.35,2.96,16.14,14.02,0.9,0.0
20230725:0703,0.0,74.47,2.81,26.63,17.27,0.97,0.0
20230725:0803,0.0,90.77,3.43,35.26,18.57,0.69,0.0
20230725:0903,0.0,234.28,8.85,41.03,20.25,1.03,0.0
20230725:1003,0.0,218.77,8.26,42.87,20.54,1.45,0.0
20230725:1103,0.0,178.43,6.74,40.33,20.74,2.0,0.0
20230725:1203,0.0,144.29,5.45,34.02,20.89,2.48,0.0
20230725:1303,0.0,141.19,5.33,25.02,20.81,2.76,0.0
20230725:1403,0.0,52.75,1.99,14.3,20.34,2.9,0.0
20230725:1503,0.0,3.1,0.12,2.51,19.58,2.62,0.0
20230725:1603,0.0,0.0,0.0,0.0,18.59,2.62,0.0
20230725:1703,0.0,0.0,0.0,0.0,17.77,2.69,0.0
20230725:1803,0.0,0.0,0.0,0.0,16.72,2.41,0.0
20230725:1903,0.0,0.0,0.0,0.0,16.2,2.28,0.0
20230725:2003,0.0,0.0,0.0,0.0,15.52,2.21,0.0
20230725:2103,0.0,0.0,0.0,0.0,15.25,2.21,0.0
20230725:2203,0.0,0.0,0.0,0.0,15.16,2.28,0.0
20230725:2303,0.0,0.0,0.0,0.0,15.39,2.41,0.0
20230726:0003,0.0,0.0,0.0,0.0,15.18,2.48,0.0
20230726:0103,0.0,0.0,0.0,0.0,15.24,2.62,0.0
20230726:0203,0.0,0.0,0.0,0.0,15.45,2.76,0.0
20230726:0303,0.0,0.0,0.0,0.0,15.06,2.76,0.0
20230726:0403,0.0,0.0,0.0,0.0,14.9,2.76,0.0
20230726:0503,0.0,20.17,0.76,4.6,14.54,2.76,0.0
20230726:0603,0.0,88.44,3.34,16.27,15.76,2.76,0.0
20230726:0703,0.0,77.58,2.93,26.78,17.71,4.07,0.0
20230726:0803,0.0,86.11,3.25,35.44,20.02,5.72,0.0
20230726:0903,0.0,87.66,3.31,41.24,21.96,5.72,0.0
20230726:1003,0.0,93.87,3.54,43.08,22.77,5.1,0.0
20230726:1103,0.0,87.66,3.31,40.54,24.02,5.1,0.0
20230726:1203,0.0,81.46,3.08,34.2,24.52,5.1,0.0
20230726:1303,0.0,69.04,2.61,25.18,24.46,5.17,0.0
20230726:1403,0.0,49.65,1.87,14.44,23.65,4.9,0.0
20230726:1503,0.0,6.98,0.26,2.62,22.12,4.14,0.0
20230726:1603,0.0,0.0,0.0,0.0,20.31,3.86,0.0
20230726:1703,0.0,0.0,0.0,0.0,19.03,3.86,0.0
20230726:1803,0.0,0.0,0.0,0.0,18.04,3.79,0.0
20230726:1903,0.0,0.0,0.0,0.0,17.51,3.79,0.0
20230726:2003,0.0,0.0,0.0,0.0,16.96,3.72,0.0
20230726:2103,0.0,0.0,0.0,0.0,16.54,3.66,0.0
20230726:2203,0.0,0.0,0.0,0.0,16.22,3.66,0.0
20230726:2303,0.0,0.0,0.0,0.0,15.91,3.72,0.0
20230727:0003,0.0,0.0,0.0,0.0,15.61,3.66,0.0
20230727:0103,0.0,0.0,0.0,0.0,15.24,3.52,0.0
20230727:0203,0.0,0.0,0.0,0.0,14.86,3.45,0.0
20230727:0303,0.0,0.0,0.0,0.0,14.45,3.31,0.0
20230727:0403,0.0,0.0,0.0,0.0,14.02,3.24,0.0
20230727:0503,0.0,18.62,0.7,4.71,13.66,3.1,0.0
20230727:0603,0.0,58.96,2.23,16.41,15.09,3.03,0.0
20230727:0703,0.0,77.58,2.93,26.94,17.61,3.86,0.0
20230727:0803,0.0,83.01,3.13,35.63,20.13,4.0,0.0
20230727:0903,0.0,92.32,3.49,41.45,22.43,3.93,0.0
20230727:1003,0.0,89.99,3.4,43.3,24.31,3.79,0.0
20230727:1103,0.0,84.56,3.19,40.75,25.65,3.66,0.0
20230727:1203,0.0,76.8,2.9,34.38,26.44,3.93,0.0
20230727:1303,0.0,65.16,2.46,25.33,26.6,4.14,0.0
20230727:1403,0.0,46.55,1.76,14.57,25.9,4.0,0.0
20230727:1503,0.0,7.76,0.29,2.73,24.09,3.24,0.0
20230727:1603,0.0,0.0,0.0,0.0,22.04,2.62,0.0
20230727:1703,0.0,0.0,0.0,0.0,20.6,1.93,0.0
20230727:1803,0.0,0.0,0.0,0.0,19.0,1.79,0.0
20230727:1903,0.0,0.0,0.0,0.0,17.8,2.07,0.0
20230727:2003,0.0,0.0,0.0,0.0,16.87,1.59,0.0
20230727:2103,0.0,0.0,0.0,0.0,17.07,1.1,0.0
20230727:2203,0.0,0.0,0.0,0.0,17.33,0.9,0.0
20230727:2303,0.0,0.0,0.0,0.0,16.78,0.69,0.0
20230728:0003,0.0,0.0,0.0,0.0,16.07,0.48,0.0
20230728:0103,0.0,0.0,0.0,0.0,15.09,0.62,0.0
20230728:0203,0.0,0.0,0.0,0.0,14.27,0.76,0.0
20230728:0303,0.0,0.0,0.0,0.0,13.51,0.9,0.0
20230728:0403,0.0,0.0,0.0,0.0,12.81,1.03,0.0
20230728:0503,0.0,20.17,0.76,4.83,12.48,1.03,0.0
20230728:0603,0.0,93.87,3.54,16.55,14.13,0.69,0.0
20230728:0703,0.0,127.23,4.8,27.11,18.4,1.17,0.0
20230728:0803,0.0,83.78,3.16,35.83,20.94,1.79,0.0
20230728:0903,0.0,86.11,3.25,41.67,23.2,2.21,0.0
20230728:1003,0.0,86.89,3.28,43.53,25.17,2.48,0.0
20230728:1103,0.0,82.23,3.1,40.96,26.66,2.76,0.0
20230728:1203,0.0,75.25,2.84,34.57,27.52,2.97,0.0
20230728:1303,0.0,65.16,2.46,25.49,27.72,3.1,0.0
20230728:1403,0.0,45.77,1.73,14.7,27.08,2.97,0.0
20230728:1503,0.0,8.53,0.32,2.85,25.16,2.62,0.0
20230728:1603,0.0,0.0,0.0,0.0,22.75,2.69,0.0
20230728:1703,0.0,0.0,0.0,0.0,21.07,2.76,0.0
20230728:1803,0.0,0.0,0.0,0.0,19.78,2.76,0.0
20230728:1903,0.0,0.0,0.0,0.0,18.84,2.69,0.0
20230728:2003,0.0,0.0,0.0,0.0,18.12,2.55,0.0
20230728:2103,0.0,0.0,0.0,0.0,17.53,2.48,0.0
20230728:2203,0.0,0.0,0.0,0.0,17.01,2.48,0.0
20230728:2303,0.0,0.0,0.0,0.0,16.48,2.41,0.0
20230729:0003,0.0,0.0,0.0,0.0,15.98,2.41,0.0
20230729:0103,0.0,0.0,0.0,0.0,15.44,2.34,0.0
20230729:0203,0.0,0.0,0.0,0.0,14.87,2.28,0.0
20230729:0303,0.0,0.0,0.0,0.0,14.32,2.28,0.0
20230729:0403,0.0,0.0,0.0,0.0,13.91,2.28,0.0
20230729:0503,0.0,21.72,0.82,4.96,13.66,2.28,0.0
20230729:0603,0.0,59.73,2.26,16.69,15.89,2.21,0.0
20230729:0703,0.0,79.13,2.99,27.28,20.16,3.03,0.0
20230729:0803,0.0,81.46,3.08,36.03,23.06,3.66,0.0
20230729:0903,0.0,85.33,3.22,41.89,25.46,4.14,0.0
20230729:1003,0.0,110.16,4.16,43.76,27.38,4.69,0.0
20230729:1103,0.0,85.33,3.22,41.18,28.62,5.31,0.0
20230729:1203,0.0,82.23,3.1,34.76,29.04,5.72,0.0
20230729:1303,0.0,65.94,2.49,25.65,28.54,5.72,0.0
20230729:1403,0.0,48.1,1.82,14.84,27.28,5.03,0.0
20230729:1503,0.0,8.53,0.32,2.96,25.27,4.62,0.0
20230729:1603,0.0,0.0,0.0,0.0,23.2,4.41,0.0
20230729:1703,0.0,0.0,0.0,0.0,21.92,4.28,0.0
20230729:1803,0.0,0.0,0.0,0.0,21.11,4.07,0.0
20230729:1903,0.0,0.0,0.0,0.0,20.67,4.0,0.0
20230729:2003,0.0,0.0,0.0,0.0,20.35,3.79,0.0
20230729:2103,0.0,0.0,0.0,0.0,20.1,3.79,0.0
20230729:2203,0.0,0.0,0.0,0.0,19.91,3.52,0.0
20230729:2303,0.0,0.0,0.0,0.0,19.6,3.03,0.0
20230730:0003,0.0,0.0,0.0,0.0,18.99,2.62,0.0
20230730:0103,0.0,0.0,0.0,0.0,17.8,2.14,0.0
20230730:0203,0.0,0.0,0.0,0.0,16.37,2.0,0.0
20230730:0303,0.0,0.0,0.0,0.0,15.09,1.79,0.0
20230730:0403,0.0,0.0,0.0,0.0,14.34,1.66,0.0
20230730:0503,0.0,21.72,0.82,5.09,13.49,1.93,0.0
20230730:0603,0.0,55.08,2.08,16.84,16.66,2.21,0.0
20230730:0703,0.0,70.6,2.67,27.46,20.66,4.62,0.0
20230730:0803,0.0,80.68,3.05,36.23,21.91,5.03,0.0
20230730:0903,0.0,92.32,3.49,42.12,23.29,4.62,0.0
20230730:1003,0.0,93.87,3.54,44.0,24.52,4.14,0.0
20230730:1103,0.0,87.66,3.31,41.4,25.23,4.21,0.0
20230730:1203,0.0,85.33,3.22,34.95,25.1,4.62,0.0
20230730:1303,0.0,86.11,3.25,25.81,24.07,4.83,0.0
20230730:1403,0.0,51.98,1.96,14.97,22.4,4.48,0.0
20230730:1503,0.0,10.86,0.41,3.07,20.67,3.72,0.0
20230730:1603,0.0,0.0,0.0,0.0,18.91,2.69,0.0
20230730:1703,0.0,0.0,0.0,0.0,17.59,2.21,0.0
20230730:1803,0.0,0.0,0.0,0.0,16.52,1.59,0.0
20230730:1903,0.0,0.0,0.0,0.0,15.38,1.24,0.0
20230730:2003,0.0,0.0,0.0,0.0,14.73,1.24,0.0
20230730:2103,0.0,0.0,0.0,0.0,13.68,1.38,0.0
20230730:2203,0.0,0.0,0.0,0.0,12.81,1.45,0.0
20230730:2303,0.0,0.0,0.0,0.0,12.38,1.38,0.0
20230731:0003,0.0,0.0,0.0,0.0,11.96,1.38,0.0
20230731:0103,0.0,0.0,0.0,0.0,11.62,1.31,0.0
20230731:0203,0.0,0.0,0.0,0.0,11.65,1.17,0.0
20230731:0303,0.0,0.0,0.0,0.0,11.69,1.17,0.0
20230731:0403,0.0,0.0,0.0,0.0,11.38,1.31,0.0
20230731:0503,0.0,18.62,0.7,5.22,11.17,1.45,0.0
20230731:0603,0.0,48.1,1.82,17.0,13.74,1.1,0.0
20230731:0703,0.0,69.04,2.61,27.64,17.51,2.14,0.0
20230731:0803,0.0,77.58,2.93,36.44,19.35,2.62,0.0
20230731:0903,0.0,84.56,3.19,42.36,20.29,2.41,0.0
20230731:1003,0.0,89.21,3.37,44.24,21.56,2.14,0.0
20230731:1103,0.0,87.66,3.31,41.63,22.53,1.72,0.0
20230731:1203,0.0,85.33,3.22,35.15,23.11,1.17,0.0
20230731:1303,0.0,68.27,2.58,25.98,23.17,0.34,0.0
20230731:1403,0.0,49.65,1.87,15.11,22.84,0.97,0.0
20230731:1503,0.0,10.86,0.41,3.19,21.55,1.86,0.0
20230731:1603,0.0,0.0,0.0,0.0,19.21,2.48,0.0
20230731:1703,0.0,0.0,0.0,0.0,17.49,2.21,0.0
20230731:1803,0.0,0.0,0.0,0.0,16.28,1.79,0.0
20230731:1903,0.0,0.0,0.0,0.0,15.06,1.52,0.0
20230731:2003,0.0,0.0,0.0,0.0,13.92,1.52,0.0
20230731:2103,0.0,0.0,0.0,0.0,13.18,1.86,0.0
20230731:2203,0.0,0.0,0.0,0.0,12.95,1.93,0.0
20230731:2303,0.0,0.0,0.0,0.0,13.23,2.21,0.0
20230801:0003,0.0,0.0,0.0,0.0,13.42,2.34,0.0
20230801:0103,0.0,0.0,0.0,0.0,13.43,2.21,0.0
20230801:0203,0.0,0.0,0.0,0.0,13.44,2.0,0.0
20230801:0303,0.0,0.0,0.0,0.0,13.38,2.0,0.0
20230801:0403,0.0,0.0,0.0,0.0,13.17,2.14,0.0
20230801:0503,0.0,17.07,0.64,5.36,13.21,2.34,0.0
20230801:0603,0.0,86.11,3.25,17.16,14.65,2.0,0.0
20230801:0703,0.0,166.01,6.27,27.83,16.69,2.41,0.0
20230801:0803,0.0,218.77,8.26,36.66,18.69,4.34,0.0
20230801:0903,0.0,249.02,9.4,42.6,20.0,4.0,0.0
20230801:1003,0.0,256.0,9.67,44.49,20.87,3.66,0.0
20230801:1103,0.0,128.0,4.83,41.86,21.46,3.45,0.0
20230801:1203,0.0,98.52,3.72,35.35,21.65,3.38,0.0
20230801:1303,0.0,138.86,5.24,26.14,21.35,3.45,0.0
20230801:1403,0.0,59.73,2.26,15.24,20.67,3.66,0.0
20230801:1503,0.0,13.19,0.5,3.3,19.12,3.24,0.0
20230801:1603,0.0,0.0,0.0,0.0,17.23,3.03,0.0
20230801:1703,0.0,0.0,0.0,0.0,15.96,2.62,0.0
20230801:1803,0.0,0.0,0.0,0.0,14.98,2.28,0.0
20230801:1903,0.0,0.0,0.0,0.0,14.22,2.14,0.0
20230801:2003,0.0,0.0,0.0,0.0,13.42,1.86,0.0
20230801:2103,0.0,0.0,0.0,0.0,12.49,1.86,0.0
20230801:2203,0.0,0.0,0.0,0.0,11.49,1.72,0.0
20230801:2303,0.0,0.0,0.0,0.0,10.92,1.59,0.0
20230802:0003,0.0,0.0,0.0,0.0,10.42,1.59,0.0
20230802:0103,0.0,0.0,0.0,0.0,10.2,1.52,0.0
20230802:0203,0.0,0.0,0.0,0.0,9.76,1.52,0.0
20230802:0303,0.0,0.0,0.0,0.0,9.79,1.45,0.0
20230802:0403,0.0,0.0,0.0,0.0,9.26,1.45,0.0
20230802:0503,0.0,23.27,0.88,5.5,9.05,1.38,0.0
20230802:0603,0.0,62.06,2.34,17.32,11.87,0.97,0.0
20230802:0703,0.0,86.11,3.25,28.02,16.2,1.52,0.0
20230802:0803,0.0,123.35,4.66,36.88,18.03,1.86,0.0
20230802:0903,0.0,191.62,7.23,42.84,19.4,1.59,0.0
20230802:1003,0.0,232.73,8.79,44.74,20.21,1.31,0.0
20230802:1103,0.0,243.59,9.2,42.09,20.94,1.17,0.0
20230802:1203,0.0,168.34,6.36,35.55,21.22,1.31,0.0
20230802:1303,0.0,128.78,4.86,26.31,21.05,1.79,0.0
20230802:1403,0.0,86.89,3.28,15.38,20.36,2.41,0.0
20230802:1503,0.0,1.55,0.06,3.42,19.03,2.55,0.0
20230802:1603,0.0,0.0,0.0,0.0,17.33,2.41,0.0
20230802:1703,0.0,0.0,0.0,0.0,16.01,1.79,0.0
20230802:1803,0.0,0.0,0.0,0.0,14.9,1.24,0.0
20230802:1903,0.0,0.0,0.0,0.0,15.43,0.69,0.0
20230802:2003,0.0,0.0,0.0,0.0,15.15,0.48,0.0
20230802:2103,0.0,0.0,0.0,0.0,14.13,1.03,0.0
20230802:2203,0.0,0.0,0.0,0.0,12.68,1.31,0.0
20230802:2303,0.0,0.0,0.0,0.0,12.08,1.38,0.0
20230803:0003,0.0,0.0,0.0,0.0,11.84,1.31,0.0
20230803:0103,0.0,0.0,0.0,0.0,11.81,1.24,0.0
20230803:0203,0.0,0.0,0.0,0.0,11.59,1.24,0.0
20230803:0303,0.0,0.0,0.0,0.0,11.68,1.24,0.0
20230803:0403,0.0,0.0,0.0,0.0,11.71,1.31,0.0
20230803:0503,0.0,24.05,0.91,5.65,12.07,1.31,0.0
20230803:0603,0.0,64.39,2.43,17.49,14.14,1.03,0.0
20230803:0703,0.0,88.44,3.34,28.22,17.5,2.0,0.0
20230803:0803,0.0,139.64,5.27,37.11,18.93,2.69,0.0
20230803:0903,0.0,189.29,7.15,43.1,19.9,2.9,0.0
20230803:1003,0.12,160.65,17.95,45.0,20.87,3.1,0.0
20230803:1103,0.0,114.81,4.33,42.33,21.65,3.1,0.0
20230803:1203,0.0,106.28,4.01,35.75,22.3,3.31,0.0
20230803:1303,0.0,88.44,3.34,26.48,22.4,3.31,0.0
20230803:1403,0.0,61.29,2.31,15.52,22.02,3.24,0.0
20230803:1503,0.0,13.96,0.53,3.53,20.84,2.28,0.0
20230803:1603,0.0,0.0,0.0,0.0,19.03,2.0,0.0
20230803:1703,0.0,0.0,0.0,0.0,17.53,2.21,0.0
20230803:1803,0.0,0.0,0.0,0.0,16.23,2.62,0.0
20230803:1903,0.0,0.0,0.0,0.0,15.38,2.48,0.0
20230803:2003,0.0,0.0,0.0,0.0,14.53,2.14,0.0
20230803:2103,0.0,0.0,0.0,0.0,13.7,2.0,0.0
20230803:2203,0.0,0.0,0.0,0.0,13.11,2.0,0.0
20230803:2303,0.0,0.0,0.0,0.0,12.69,2.07,0.0
20230804:0003,0.0,0.0,0.0,0.0,12.39,2.07,0.0
20230804:0103,0.0,0.0,0.0,0.0,12.04,2.07,0.0
20230804:0203,0.0,0.0,0.0,0.0,11.87,2.07,0.0
20230804:0303,0.0,0.0,0.0,0.0,11.51,2.07,0.0
20230804:0403,0.0,0.0,0.0,0.0,11.09,2.0,0.0
20230804:0503,0.0,25.6,0.97,5.8,10.94,1.93,0.0
20230804:0603,0.0,63.61,2.4,17.67,14.17,1.79,0.0
20230804:0703,0.0,86.89,3.28,28.42,17.67,2.76,0.0
20230804:0803,0.0,97.75,3.69,37.34,19.82,3.72,0.0
20230804:0903,0.0,109.38,4.13,43.35,21.63,3.86,0.0
20230804:1003,3.84,61.1,20.8,45.26,23.17,3.79,0.0
20230804:1103,0.0,110.94,4.19,42.57,24.24,3.79,0.0
20230804:1203,0.0,107.06,4.04,35.95,24.8,3.72,0.0
20230804:1303,0.0,88.44,3.34,26.64,24.83,3.59,0.0
20230804:1403,0.0,57.41,2.17,15.66,24.29,3.45,0.0
20230804:1503,0.0,14.74,0.56,3.65,22.74,2.83,0.0
20230804:1603,0.0,0.0,0.0,0.0,20.42,2.69,0.0
20230804:1703,0.0,0.0,0.0,0.0,18.69,2.97,0.0
20230804:1803,0.0,0.0,0.0,0.0,17.32,2.97,0.0
20230804:1903,0.0,0.0,0.0,0.0,16.5,2.55,0.0
20230804:2003,0.0,0.0,0.0,0.0,15.6,2.28,0.0
20230804:2103,0.0,0.0,0.0,0.0,14.65,1.93,0.0
20230804:2203,0.0,0.0,0.0,0.0,13.69,1.86,0.0
20230804:2303,0.0,0.0,0.0,0.0,13.03,1.79,0.0
20230805:0003,0.0,0.0,0.0,0.0,12.59,1.79,0.0
20230805:0103,0.0,0.0,0.0,0.0,12.26,1.79,0.0
20230805:0203,0.0,0.0,0.0,0.0,11.99,1.79,0.0
20230805:0303,0.0,0.0,0.0,0.0,11.81,1.79,0.0
20230805:0403,0.0,0.0,0.0,0.0,11.72,1.72,0.0
20230805:0503,0.0,25.6,0.97,5.96,11.83,1.59,0.0
20230805:0603,0.0,62.84,2.37,17.85,14.25,1.38,0.0
20230805:0703,0.0,93.09,3.51,28.62,18.28,1.93,0.0
20230805:0803,0.0,217.99,8.23,37.58,20.49,2.83,0.0
20230805:0903,0.03,244.1,8.96,43.61,22.11,3.03,0.0
20230805:1003,2.71,236.55,15.64,45.53,23.25,2.97,0.0
20230805:1103,0.0,256.0,9.67,42.81,24.08,2.9,0.0
20230805:1203,0.0,207.91,7.85,36.16,24.51,2.76,0.0
20230805:1303,0.0,156.71,5.92,26.81,24.36,2.62,0.0
20230805:1403,0.0,63.61,2.4,15.8,23.66,2.69,0.0
20230805:1503,0.0,15.52,0.59,3.76,22.15,2.48,0.0
20230805:1603,0.0,0.0,0.0,0.0,19.88,2.48,0.0
20230805:1703,0.0,0.0,0.0,0.0,18.31,2.28,0.0
20230805:1803,0.0,0.0,0.0,0.0,17.17,1.86,0.0
20230805:1903,0.0,0.0,0.0,0.0,16.23,1.59,0.0
20230805:2003,0.0,0.0,0.0,0.0,15.49,1.24,0.0
20230805:2103,0.0,0.0,0.0,0.0,15.59,1.1,0.0
20230805:2203,0.0,0.0,0.0,0.0,14.88,1.17,0.0
20230805:2303,0.0,0.0,0.0,0.0,14.1,1.38,0.0
20230806:0003,0.0,0.0,0.0,0.0,13.83,1.38,0.0
20230806:0103,0.0,0.0,0.0,0.0,13.74,1.31,0.0
20230806:0203,0.0,0.0,0.0,0.0,13.59,1.31,0.0
20230806:0303,0.0,0.0,0.0,0.0,13.2,1.38,0.0
20230806:0403,0.0,0.0,0.0,0.0,12.82,1.38,0.0
20230806:0503,0.0,25.6,0.97,6.12,12.28,1.52,0.0
20230806:0603,0.0,63.61,2.4,18.03,14.82,1.1,0.0
20230806:0703,0.0,87.66,3.31,28.84,18.68,2.07,0.0
20230806:0803,0.0,117.14,4.42,37.82,20.82,2.97,0.0
20230806:0903,3.88,109.26,18.89,43.88,22.55,2.97,0.0
20230806:1003,10.02,91.18,20.24,45.8,23.82,2.9,0.0
20230806:1103,2.01,63.22,19.77,43.06,24.72,2.76,0.0
20230806:1203,0.0,107.83,4.07,36.37,25.15,2.76,0.0
20230806:1303,0.0,89.21,3.37,26.98,25.34,2.69,0.0
20230806:1403,0.0,62.06,2.34,15.94,24.93,2.55,0.0
20230806:1503,0.0,16.29,0.62,3.88,23.48,2.07,0.0
20230806:1603,0.0,0.0,0.0,0.0,21.29,2.21,0.0
20230806:1703,0.0,0.0,0.0,0.0,19.44,2.28,0.0
20230806:1803,0.0,0.0,0.0,0.0,17.94,2.28,0.0
20230806:1903,0.0,0.0,0.0,0.0,16.72,1.79,0.0
20230806:2003,0.0,0.0,0.0,0.0,15.3,1.52,0.0
20230806:2103,0.0,0.0,0.0,0.0,14.35,1.52,0.0
20230806:2203,0.0,0.0,0.0,0.0,13.79,1.52,0.0
20230806:2303,0.0,0.0,0.0,0.0,13.31,1.52,0.0
20230807:0003,0.0,0.0,0.0,0.0,13.13,1.45,0.0
20230807:0103,0.0,0.0,0.0,0.0,12.78,1.52,0.0
20230807:0203,0.0,0.0,0.0,0.0,12.3,1.59,0.0
20230807:0303,0.0,0.0,0.0,0.0,11.74,1.66,0.0
20230807:0403,0.0,0.0,0.0,0.0,11.32,1.66,0.0
20230807:0503,0.0,27.15,1.03,6.29,11.08,1.59,0.0
20230807:0603,0.0,68.27,2.58,18.22,13.98,1.1,0.0
20230807:0703,0.0,93.09,3.51,29.05,18.44,1.24,0.0
20230807:0803,0.0,103.95,3.92,38.07,21.13,1.38,0.0
20230807:0903,8.61,64.01,20.27,44.15,23.26,0.76,0.0
20230807:1003,15.31,62.64,21.21,46.07,24.88,0.41,0.0
20230807:1103,5.73,63.49,19.92,43.31,26.09,1.79,0.0
20230807:1203,0.0,107.83,4.07,36.58,26.47,2.62,0.0
20230807:1303,0.0,88.44,3.34,27.16,25.98,3.03,0.0
20230807:1403,0.0,63.61,2.4,16.08,24.69,3.24,0.0
20230807:1503,0.0,17.07,0.64,3.99,22.62,2.69,0.0
20230807:1603,0.0,0.0,0.0,0.0,20.07,2.28,0.0
20230807:1703,0.0,0.0,0.0,0.0,18.5,1.72,0.0
20230807:1803,0.0,0.0,0.0,0.0,17.21,1.17,0.0
20230807:1903,0.0,0.0,0.0,0.0,16.78,0.76,0.0
20230807:2003,0.0,0.0,0.0,0.0,16.27,0.9,0.0
20230807:2103,0.0,0.0,0.0,0.0,14.74,1.17,0.0
20230807:2203,0.0,0.0,0.0,0.0,14.15,1.17,0.0
20230807:2303,0.0,0.0,0.0,0.0,13.97,1.1,0.0
20230808:0003,0.0,0.0,0.0,0.0,13.97,1.03,0.0
20230808:0103,0.0,0.0,0.0,0.0,14.19,0.97,0.0
20230808:0203,0.0,0.0,0.0,0.0,13.63,1.03,0.0
20230808:0303,0.0,0.0,0.0,0.0,13.32,1.1,0.0
20230808:0403,0.0,0.0,0.0,0.0,12.72,1.17,0.0
20230808:0503,0.0,31.03,1.17,6.46,12.23,1.24,0.0
20230808:0603,0.0,76.8,2.9,18.41,15.01,0.76,0.0
20230808:0703,0.0,98.52,3.72,29.27,18.33,1.31,0.0
20230808:0803,0.0,110.16,4.16,38.32,20.54,1.59,0.0
20230808:0903,12.21,69.35,20.21,44.43,22.72,1.72,0.0
20230808:1003,18.93,66.71,21.15,46.35,24.6,1.79,0.0
20230808:1103,9.61,62.05,20.06,43.56,26.06,1.86,0.0
20230808:1203,0.0,104.73,3.95,36.79,26.98,2.07,0.0
20230808:1303,0.0,89.21,3.37,27.33,27.17,2.28,0.0
20230808:1403,0.0,64.39,2.43,16.22,26.49,2.55,0.0
20230808:1503,0.0,17.07,0.64,4.11,24.59,2.41,0.0
20230808:1603,0.0,0.0,0.0,0.0,21.85,2.21,0.0
20230808:1703,0.0,0.0,0.0,0.0,19.99,1.79,0.0
20230808:1803,0.0,0.0,0.0,0.0,18.37,1.52,0.0
20230808:1903,0.0,0.0,0.0,0.0,16.69,1.24,0.0
20230808:2003,0.0,0.0,0.0,0.0,15.84,1.24,0.0
20230808:2103,0.0,0.0,0.0,0.0,15.04,1.31,0.0
20230808:2203,0.0,0.0,0.0,0.0,15.8,0.76,0.0
20230808:2303,0.0,0.0,0.0,0.0,13.16,1.66,0.0
20230809:0003,0.0,0.0,0.0,0.0,12.59,1.79,0.0
20230809:0103,0.0,0.0,0.0,0.0,12.87,1.66,0.0
20230809:0203,0.0,0.0,0.0,0.0,13.02,1.66,0.0
20230809:0303,0.0,0.0,0.0,0.0,13.57,1.72,0.0
20230809:0403,0.0,0.0,0.0,0.0,14.5,1.86,0.0
20230809:0503,0.0,20.17,0.76,6.63,15.6,2.14,0.0
20230809:0603,0.0,76.8,2.9,18.61,16.98,2.07,0.0
20230809:0703,0.0,96.97,3.66,29.5,18.33,3.03,0.0
20230809:0803,0.0,166.01,6.27,38.57,19.17,4.0,0.0
20230809:0903,0.0,126.21,4.33,44.71,20.35,4.83,0.0
20230809:1003,0.64,254.56,9.31,46.64,21.4,4.69,0.0
20230809:1103,0.49,246.82,9.2,43.81,21.65,4.48,0.0
20230809:1203,0.0,104.73,3.95,37.0,22.01,4.28,0.0
20230809:1303,0.0,155.93,5.89,27.5,22.14,3.93,0.0
20230809:1403,0.0,75.25,2.84,16.36,21.95,3.72,0.0
20230809:1503,0.0,17.07,0.64,4.22,21.1,3.24,0.0
20230809:1603,0.0,0.0,0.0,0.0,20.2,3.03,0.0
20230809:1703,0.0,0.0,0.0,0.0,19.54,3.1,0.0
20230809:1803,0.0,0.0,0.0,0.0,19.03,3.03,0.0
20230809:1903,0.0,0.0,0.0,0.0,18.73,2.83,0.0
20230809:2003,0.0,0.0,0.0,0.0,18.1,2.48,0.0
20230809:2103,0.0,0.0,0.0,0.0,17.64,2.34,0.0
20230809:2203,0.0,0.0,0.0,0.0,17.31,2.21,0.0
20230809:2303,0.0,0.0,0.0,0.0,17.02,2.0,0.0
20230810:0003,0.0,0.0,0.0,0.0,16.4,1.86,0.0
20230810:0103,0.0,0.0,0.0,0.0,16.04,1.79,0.0
20230810:0203,0.0,0.0,0.0,0.0,16.11,1.79,0.0
20230810:0303,0.0,0.0,0.0,0.0,15.55,1.79,0.0
20230810:0403,0.0,0.0,0.0,0.0,15.8,1.66,0.0
20230810:0503,0.0,29.48,1.11,6.81,15.92,1.59,0.0
20230810:0603,0.0,105.5,3.98,18.81,17.35,1.93,0.0
20230810:0703,0.0,108.61,4.1,29.73,18.87,2.97,0.0
20230810:0803,0.0,214.11,8.08,38.84,19.64,2.55,0.0
20230810:0903,0.0,179.08,6.15,45.0,20.72,2.28,0.0
20230810:1003,0.0,192.72,6.62,46.92,21.59,2.0,0.0
20230810:1103,0.48,243.62,8.9,44.07,22.12,1.86,0.0
20230810:1203,0.0,113.26,4.28,37.22,22.34,2.07,0.0
20230810:1303,0.0,132.66,5.01,27.67,22.44,2.21,0.0
20230810:1403,0.0,78.35,2.96,16.5,21.63,2.83,0.0
20230810:1503,0.0,19.39,0.73,4.34,20.11,2.76,0.0
20230810:1603,0.0,0.0,0.0,0.0,18.23,2.55,0.0
20230810:1703,0.0,0.0,0.0,0.0,16.92,2.07,0.0
20230810:1803,0.0,0.0,0.0,0.0,16.06,1.52,0.0
20230810:1903,0.0,0.0,0.0,0.0,15.66,1.31,0.0
20230810:2003,0.0,0.0,0.0,0.0,15.72,0.76,0.0
20230810:2103,0.0,0.0,0.0,0.0,15.86,0.55,0.0
20230810:2203,0.0,0.0,0.0,0.0,15.84,0.83,0.0
20230810:2303,0.0,0.0,0.0,0.0,16.14,1.03,0.0
20230811:0003,0.0,0.0,0.0,0.0,16.09,1.1,0.0
20230811:0103,0.0,0.0,0.0,0.0,16.0,1.31,0.0
20230811:0203,0.0,0.0,0.0,0.0,15.97,1.31,0.0
20230811:0303,0.0,0.0,0.0,0.0,15.92,1.38,0.0
20230811:0403,0.0,0.0,0.0,0.0,15.85,1.38,0.0
20230811:0503,0.0,34.13,1.29,6.99,15.74,1.38,0.0
20230811:0603,0.0,110.16,4.16,19.02,16.39,2.07,0.0
20230811:0703,0.0,179.98,6.8,29.96,17.52,2.48,0.0
20230811:0803,1.66,163.14,15.26,39.1,18.8,2.34,0.0
20230811:0903,17.99,136.34,18.95,45.29,20.13,2.34,0.0
20230811:1003,31.2,67.84,21.56,47.22,21.49,2.41,0.0
20230811:1103,20.93,70.45,20.27,44.33,22.58,2.76,0.0
20230811:1203,0.0,112.49,4.25,37.43,23.23,2.97,0.0
20230811:1303,0.0,93.87,3.54,27.85,23.18,3.24,0.0
20230811:1403,0.0,65.16,2.46,16.64,22.48,3.38,0.0
20230811:1503,0.0,18.62,0.7,4.45,21.02,2.97,0.0
20230811:1603,0.0,0.0,0.0,0.0,18.83,2.83,0.0
20230811:1703,0.0,0.0,0.0,0.0,17.3,2.76,0.0
20230811:1803,0.0,0.0,0.0,0.0,16.19,2.48,0.0
20230811:1903,0.0,0.0,0.0,0.0,15.51,2.14,0.0
20230811:2003,0.0,0.0,0.0,0.0,14.52,1.86,0.0
20230811:2103,0.0,0.0,0.0,0.0,13.41,1.79,0.0
20230811:2203,0.0,0.0,0.0,0.0,12.45,1.79,0.0
20230811:2303,0.0,0.0,0.0,0.0,11.79,1.79,0.0
20230812:0003,0.0,0.0,0.0,0.0,11.36,1.86,0.0
20230812:0103,0.0,0.0,0.0,0.0,11.05,1.86,0.0
20230812:0203,0.0,0.0,0.0,0.0,10.8,1.79,0.0
20230812:0303,0.0,0.0,0.0,0.0,10.66,1.72,0.0
20230812:0403,0.0,0.0,0.0,0.0,10.44,1.79,0.0
20230812:0503,0.0,31.03,1.17,7.18,10.53,1.79,0.0
20230812:0603,0.0,69.04,2.61,19.23,14.31,1.79,0.0
20230812:0703,0.0,93.87,3.54,30.2,17.76,2.55,0.0
20230812:0803,6.96,62.56,18.16,39.37,20.17,3.31,0.0
20230812:0903,28.58,68.39,20.8,45.59,22.01,3.52,0.0
20230812:1003,35.71,66.34,21.73,47.51,23.47,3.38,0.0
20230812:1103,25.21,67.8,20.41,44.6,24.58,3.24,0.0
20230812:1203,0.84,66.62,17.22,37.65,25.29,3.1,0.0
20230812:1303,0.0,93.87,3.54,28.02,25.41,3.03,0.0
20230812:1403,0.0,65.16,2.46,16.78,24.9,3.03,0.0
20230812:1503,0.0,19.39,0.73,4.57,23.39,2.69,0.0
20230812:1603,0.0,0.0,0.0,0.0,20.87,2.69,0.0
20230812:1703,0.0,0.0,0.0,0.0,19.06,2.62,0.0
20230812:1803,0.0,0.0,0.0,0.0,17.69,2.34,0.0
20230812:1903,0.0,0.0,0.0,0.0,16.68,2.28,0.0
20230812:2003,0.0,0.0,0.0,0.0,15.61,2.14,0.0
20230812:2103,0.0,0.0,0.0,0.0,14.7,2.07,0.0
20230812:2203,0.0,0.0,0.0,0.0,13.9,2.07,0.0
20230812:2303,0.0,0.0,0.0,0.0,13.24,2.0,0.0
20230813:0003,0.0,0.0,0.0,0.0,12.67,1.93,0.0
20230813:0103,0.0,0.0,0.0,0.0,12.27,1.93,0.0
20230813:0203,0.0,0.0,0.0,0.0,12.0,2.0,0.0
20230813:0303,0.0,0.0,0.0,0.0,11.8,2.07,0.0
20230813:0403,0.0,0.0,0.0,0.0,11.65,2.07,0.0
20230813:0503,0.0,32.58,1.23,7.37,11.78,2.0,0.0
20230813:0603,0.0,72.15,2.72,19.44,15.2,2.07,0.0
20230813:0703,0.0,96.2,3.63,30.45,18.14,3.24,0.0
20230813:0803,10.98,63.34,18.22,39.65,20.76,3.52,0.0
20230813:0903,32.69,69.15,20.85,45.89,23.17,3.72,0.0
20230813:1003,39.83,67.65,21.79,47.81,25.13,3.59,0.0
20230813:1103,29.18,69.11,20.47,44.86,26.62,3.45,0.0
20230813:1203,4.61,64.45,17.37,37.87,27.51,3.45,0.0
20230813:1303,0.0,92.32,3.49,28.2,27.74,3.52,0.0
20230813:1403,0.0,64.39,2.43,16.91,27.17,3.52,0.0
20230813:1503,0.0,20.17,0.76,4.68,25.5,2.97,0.0
20230813:1603,0.0,0.0,0.0,0.0,22.84,2.83,0.0
20230813:1703,0.0,0.0,0.0,0.0,20.89,2.83,0.0
20230813:1803,0.0,0.0,0.0,0.0,19.37,2.62,0.0
20230813:1903,0.0,0.0,0.0,0.0,18.38,2.62,0.0
20230813:2003,0.0,0.0,0.0,0.0,17.44,2.48,0.0
20230813:2103,0.0,0.0,0.0,0.0,16.68,2.34,0.0
20230813:2203,0.0,0.0,0.0,0.0,16.05,2.28,0.0
20230813:2303,0.0,0.0,0.0,0.0,15.57,2.21,0.0
20230814:0003,0.0,0.0,0.0,0.0,15.08,2.07,0.0
20230814:0103,0.0,0.0,0.0,0.0,14.6,2.07,0.0
20230814:0203,0.0,0.0,0.0,0.0,14.18,2.14,0.0
20230814:0303,0.0,0.0,0.0,0.0,13.84,2.21,0.0
20230814:0403,0.0,0.0,0.0,0.0,13.52,2.28,0.0
20230814:0503,0.0,36.46,1.38,7.57,13.53,2.21,0.0
20230814:0603,0.0,81.46,3.08,19.66,16.58,2.34,0.0
20230814:0703,0.0,105.5,3.98,30.69,20.07,3.24,0.0
20230814:0803,14.43,71.09,17.95,39.93,23.14,3.79,0.0
20230814:0903,35.87,75.13,20.68,46.19,25.95,4.0,0.0
20230814:1003,43.6,69.57,21.7,48.11,28.34,4.21,0.0
20230814:1103,33.77,65.45,20.59,45.13,30.11,4.14,0.0
20230814:1203,8.65,59.67,17.57,38.09,31.21,4.07,0.0
20230814:1303,0.0,90.77,3.43,28.37,31.55,4.0,0.0
20230814:1403,0.0,66.72,2.52,17.05,31.03,3.93,0.0
20230814:1503,0.0,20.95,0.79,4.79,29.14,3.38,0.0
20230814:1603,0.0,0.0,0.0,0.0,26.47,3.1,0.0
20230814:1703,0.0,0.0,0.0,0.0,24.68,2.21,0.0
20230814:1803,0.0,0.0,0.0,0.0,23.06,0.34,0.0
20230814:1903,0.0,0.0,0.0,0.0,20.68,2.55,0.0
20230814:2003,0.0,0.0,0.0,0.0,19.23,3.03,0.0
20230814:2103,0.0,0.0,0.0,0.0,18.35,3.1,0.0
20230814:2203,0.0,0.0,0.0,0.0,17.8,3.17,0.0
20230814:2303,0.0,0.0,0.0,0.0,17.68,3.45,0.0
20230815:0003,0.0,0.0,0.0,0.0,18.01,3.24,0.0
20230815:0103,0.0,0.0,0.0,0.0,18.24,3.38,0.0
20230815:0203,0.0,0.0,0.0,0.0,18.38,3.38,0.0
20230815:0303,0.0,0.0,0.0,0.0,18.33,3.24,0.0
20230815:0403,0.0,0.0,0.0,0.0,18.27,3.03,0.0
20230815:0503,0.0,27.93,1.05,7.77,18.34,2.97,0.0
20230815:0603,0.0,98.52,3.72,19.88,19.09,4.48,0.0
20230815:0703,0.0,183.08,6.91,30.94,20.12,4.55,0.0
20230815:0803,0.2,198.73,7.0,40.21,20.98,4.76,0.0
20230815:0903,0.43,231.85,8.17,46.5,20.63,4.55,0.0
20230815:1003,0.08,201.97,6.97,48.42,20.17,4.62,0.0
20230815:1103,0.67,237.94,8.52,45.4,19.86,4.62,0.0
20230815:1203,0.0,103.18,3.54,38.31,19.7,4.76,0.0
20230815:1303,0.0,68.27,2.58,28.55,19.39,4.83,0.0
20230815:1403,0.0,53.53,2.02,17.19,18.76,4.55,0.0
20230815:1503,0.0,14.74,0.56,4.91,18.15,4.07,0.0
20230815:1603,0.0,0.0,0.0,0.0,17.57,3.59,0.0
20230815:1703,0.0,0.0,0.0,0.0,17.01,3.38,0.0
20230815:1803,0.0,0.0,0.0,0.0,16.66,3.38,0.0
20230815:1903,0.0,0.0,0.0,0.0,16.56,3.59,0.0
20230815:2003,0.0,0.0,0.0,0.0,16.29,3.17,0.0
20230815:2103,0.0,0.0,0.0,0.0,16.02,2.9,0.0
20230815:2203,0.0,0.0,0.0,0.0,15.65,2.62,0.0
20230815:2303,0.0,0.0,0.0,0.0,15.7,2.62,0.0
20230816:0003,0.0,0.0,0.0,0.0,15.4,2.41,0.0
20230816:0103,0.0,0.0,0.0,0.0,15.12,2.21,0.0
20230816:0203,0.0,0.0,0.0,0.0,14.75,1.86,0.0
20230816:0303,0.0,0.0,0.0,0.0,14.28,1.59,0.0
20230816:0403,0.0,0.0,0.0,0.0,13.71,1.31,0.0
20230816:0503,0.0,31.81,1.2,7.97,13.63,1.1,0.0
20230816:0603,0.0,89.21,3.37,20.11,15.62,1.24,0.0
20230816:0703,0.0,173.77,6.56,31.2,17.64,1.38,0.0
20230816:0803,2.89,248.28,10.75,40.5,18.45,0.83,0.0
20230816:0903,15.88,247.51,15.7,46.81,19.82,1.17,0.0
20230816:1003,2.09,274.57,10.28,48.73,20.61,1.93,0.0
20230816:1103,5.06,277.16,11.98,45.68,20.95,2.55,0.0
20230816:1203,1.96,236.38,10.16,38.53,21.45,2.9,0.0
20230816:1303,0.0,137.31,5.18,28.72,21.51,3.17,0.0
20230816:1403,0.0,67.49,2.55,17.33,21.62,3.38,0.0
20230816:1503,0.0,22.5,0.85,5.02,20.88,2.9,0.0
20230816:1603,0.0,0.0,0.0,0.0,19.4,2.69,0.0
20230816:1703,0.0,0.0,0.0,0.0,18.15,2.76,0.0
20230816:1803,0.0,0.0,0.0,0.0,17.25,2.76,0.0
20230816:1903,0.0,0.0,0.0,0.0,16.91,2.69,0.0
20230816:2003,0.0,0.0,0.0,0.0,16.27,2.76,0.0
20230816:2103,0.0,0.0,0.0,0.0,15.9,2.76,0.0
20230816:2203,0.0,0.0,0.0,0.0,15.41,2.69,0.0
20230816:2303,0.0,0.0,0.0,0.0,15.24,2.62,0.0
20230817:0003,0.0,0.0,0.0,0.0,14.98,2.55,0.0
20230817:0103,0.0,0.0,0.0,0.0,14.76,2.69,0.0
20230817:0203,0.0,0.0,0.0,0.0,14.69,2.76,0.0
20230817:0303,0.0,0.0,0.0,0.0,14.63,2.76,0.0
20230817:0403,0.0,0.0,0.0,0.0,14.48,2.76,0.0
20230817:0503,0.0,38.01,1.44,8.18,14.73,2.83,0.0
20230817:0603,0.0,89.99,3.4,20.34,16.25,3.59,0.0
20230817:0703,0.0,125.67,4.74,31.46,18.37,4.55,0.0
20230817:0803,23.68,95.31,17.57,40.79,21.41,5.24,0.0
20230817:0903,39.31,124.41,19.62,47.13,22.52,4.69,0.0
20230817:1003,30.2,203.33,18.25,49.05,24.79,4.83,0.0
20230817:1103,29.95,160.28,18.22,45.95,26.34,4.97,0.0
20230817:1203,18.05,85.29,16.93,38.75,27.32,4.97,0.0
20230817:1303,0.0,167.57,6.33,28.9,27.56,4.97,0.0
20230817:1403,0.0,98.52,3.72,17.47,27.2,4.76,0.0
20230817:1503,0.0,16.29,0.62,5.13,25.89,4.0,0.0
20230817:1603,0.0,0.0,0.0,0.0,24.06,3.86,0.0
20230817:1703,0.0,0.0,0.0,0.0,22.7,3.93,0.0
20230817:1803,0.0,0.0,0.0,0.0,21.57,3.86,0.0
20230817:1903,0.0,0.0,0.0,0.0,20.88,3.86,0.0
20230817:2003,0.0,0.0,0.0,0.0,20.5,3.93,0.0
20230817:2103,0.0,0.0,0.0,0.0,20.25,3.86,0.0
20230817:2203,0.0,0.0,0.0,0.0,19.98,3.66,0.0
20230817:2303,0.0,0.0,0.0,0.0,19.49,3.45,0.0
20230818:0003,0.0,0.0,0.0,0.0,18.85,3.17,0.0
20230818:0103,0.0,0.0,0.0,0.0,18.12,2.9,0.0
20230818:0203,0.0,0.0,0.0,0.0,17.39,2.83,0.0
20230818:0303,0.0,0.0,0.0,0.0,16.59,2.21,0.0
20230818:0403,0.0,0.0,0.0,0.0,16.47,0.55,0.0
20230818:0503,0.0,41.12,1.55,8.39,14.62,1.45,0.0
20230818:0603,0.0,89.21,3.37,20.57,18.27,1.72,0.0
20230818:0703,0.0,138.09,5.21,31.72,21.15,3.24,0.0
20230818:0803,29.31,83.71,18.1,41.09,22.94,3.45,0.0
20230818:0903,47.55,103.24,20.41,47.45,24.34,3.38,0.0
20230818:1003,59.87,76.35,21.88,49.36,25.31,3.38,0.0
20230818:1103,43.87,101.55,19.95,46.23,25.71,3.45,0.0
20230818:1203,8.62,210.22,13.27,38.98,25.48,3.86,0.0
20230818:1303,0.0,159.81,6.03,29.07,24.45,4.34,0.0
20230818:1403,0.0,87.66,3.31,17.61,22.73,4.62,0.0
20230818:1503,0.0,24.05,0.91,5.24,21.1,4.69,0.0
20230818:1603,0.0,0.0,0.0,0.0,19.91,4.0,0.0
20230818:1703,0.0,0.0,0.0,0.0,19.12,3.17,0.0
20230818:1803,0.0,0.0,0.0,0.0,18.64,3.1,0.0
20230818:1903,0.0,0.0,0.0,0.0,18.46,3.31,0.0
20230818:2003,0.0,0.0,0.0,0.0,18.35,2.62,0.0
20230818:2103,0.0,0.0,0.0,0.0,18.02,2.41,0.0
20230818:2203,0.0,0.0,0.0,0.0,17.6,2.0,0.0
20230818:2303,0.0,0.0,0.0,0.0,17.17,1.66,0.0
20230819:0003,0.0,0.0,0.0,0.0,16.86,1.45,0.0
20230819:0103,0.0,0.0,0.0,0.0,16.7,1.38,0.0
20230819:0203,0.0,0.0,0.0,0.0,16.18,1.38,0.0
20230819:0303,0.0,0.0,0.0,0.0,15.84,1.31,0.0
20230819:0403,0.0,0.0,0.0,0.0,15.42,1.17,0.0
20230819:0503,0.0,31.81,1.2,8.6,15.46,1.03,0.0
20230819:0603,0.0,92.32,3.49,20.81,17.77,1.03,0.0
20230819:0703,0.13,187.47,7.23,31.99,19.32,1.45,0.0
20230819:0803,1.66,237.19,8.96,41.39,20.7,1.79,0.0
20230819:0903,3.03,274.4,10.49,47.78,22.02,2.0,0.0
20230819:1003,2.8,279.49,10.51,49.68,22.93,2.41,0.0
20230819:1103,2.5,265.74,10.05,46.51,23.26,2.76,0.0
20230819:1203,0.9,219.06,8.05,39.2,23.56,3.24,0.0
20230819:1303,0.0,173.77,6.56,29.25,23.53,3.59,0.0
20230819:1403,0.0,88.44,3.34,17.75,23.44,3.86,0.0
20230819:1503,0.0,4.65,0.18,5.35,22.28,3.52,0.0
20230819:1603,0.0,0.0,0.0,0.0,20.36,3.86,0.0
20230819:1703,0.0,0.0,0.0,0.0,18.93,3.79,0.0
20230819:1803,0.0,0.0,0.0,0.0,18.08,3.66,0.0
20230819:1903,0.0,0.0,0.0,0.0,17.4,3.17,0.0
20230819:2003,0.0,0.0,0.0,0.0,16.91,2.76,0.0
20230819:2103,0.0,0.0,0.0,0.0,16.44,2.07,0.0
20230819:2203,0.0,0.0,0.0,0.0,16.08,1.31,0.0
20230819:2303,0.0,0.0,0.0,0.0,16.26,0.62,0.0
20230820:0003,0.0,0.0,0.0,0.0,16.76,0.34,0.0
20230820:0103,0.0,0.0,0.0,0.0,16.44,1.24,0.0
20230820:0203,0.0,0.0,0.0,0.0,16.34,1.93,0.0
20230820:0303,0.0,0.0,0.0,0.0,16.26,1.52,0.0
20230820:0403,0.0,0.0,0.0,0.0,16.37,1.17,0.0
20230820:0503,0.0,42.67,1.61,8.82,16.45,0.48,0.0
20230820:0603,0.0,76.8,2.9,21.05,17.63,0.48,0.0
20230820:0703,6.14,63.76,14.53,32.26,19.78,0.97,0.0
20230820:0803,41.23,67.76,19.04,41.69,22.27,1.31,0.0
20230820:0903,64.03,72.9,21.67,48.11,24.48,2.14,0.0
20230820:1003,67.24,85.74,22.05,50.01,25.94,2.76,0.0
20230820:1103,46.55,129.15,19.68,46.79,26.6,3.24,0.0
20230820:1203,10.17,223.37,13.06,39.42,26.42,3.45,0.0
20230820:1303,0.0,117.92,4.45,29.42,25.55,3.59,0.0
20230820:1403,0.0,92.32,3.49,17.88,24.36,3.52,0.0
20230820:1503,0.0,24.05,0.91,5.46,22.66,3.24,0.0
20230820:1603,0.0,0.0,0.0,0.0,21.01,2.97,0.0
20230820:1703,0.0,0.0,0.0,0.0,19.45,2.48,0.0
20230820:1803,0.0,0.0,0.0,0.0,18.54,1.38,0.0
20230820:1903,0.0,0.0,0.0,0.0,18.38,0.97,0.0
20230820:2003,0.0,0.0,0.0,0.0,18.31,1.31,0.0
20230820:2103,0.0,0.0,0.0,0.0,17.69,1.45,0.0
20230820:2203,0.0,0.0,0.0,0.0,17.76,1.66,0.0
20230820:2303,0.0,0.0,0.0,0.0,17.85,1.86,0.0
20230821:0003,0.0,0.0,0.0,0.0,18.05,2.14,0.0
20230821:0103,0.0,0.0,0.0,0.0,18.24,2.55,0.0
20230821:0203,0.0,0.0,0.0,0.0,18.34,2.83,0.0
20230821:0303,0.0,0.0,0.0,0.0,18.15,2.83,0.0
20230821:0403,0.0,0.0,0.0,0.0,17.74,2.83,0.0
20230821:0503,0.0,41.89,1.58,9.04,17.72,2.76,0.0
20230821:0603,0.0,93.09,3.51,21.3,19.12,3.79,0.0
20230821:0703,9.46,77.27,14.32,32.53,21.42,4.83,0.0
20230821:0803,45.01,72.41,19.07,42.0,23.88,5.1,0.0
20230821:0903,69.21,73.01,21.91,48.44,26.44,5.17,0.0
20230821:1003,75.9,73.82,22.67,50.33,29.01,5.03,0.0
20230821:1103,65.26,69.69,21.5,47.07,31.07,5.03,0.0
20230821:1203,37.43,66.27,18.28,39.65,32.26,5.17,0.0
20230821:1303,0.0,89.99,3.4,29.59,32.67,5.1,0.0
20230821:1403,0.0,71.37,2.69,18.02,32.31,4.55,0.0
20230821:1503,0.0,24.82,0.94,5.57,30.98,3.59,0.0
20230821:1603,0.0,0.0,0.0,0.0,28.59,2.97,0.0
20230821:1703,0.0,0.0,0.0,0.0,26.75,2.76,0.0
20230821:1803,0.0,0.0,0.0,0.0,25.18,2.55,0.0
20230821:1903,0.0,0.0,0.0,0.0,24.01,2.41,0.0
20230821:2003,0.0,0.0,0.0,0.0,23.52,0.55,0.0
20230821:2103,0.0,0.0,0.0,0.0,21.76,3.1,0.0
20230821:2203,0.0,0.0,0.0,0.0,20.79,3.72,0.0
20230821:2303,0.0,0.0,0.0,0.0,19.84,3.38,0.0
20230822:0003,0.0,0.0,0.0,0.0,19.12,2.76,0.0
20230822:0103,0.0,0.0,0.0,0.0,18.4,2.55,0.0
20230822:0203,0.0,0.0,0.0,0.0,17.65,2.69,0.0
20230822:0303,0.0,0.0,0.0,0.0,17.09,2.83,0.0
20230822:0403,0.0,0.0,0.0,0.0,16.44,2.69,0.0
20230822:0503,0.0,39.56,1.49,9.27,16.44,2.41,0.0
20230822:0603,0.0,85.33,3.22,21.54,18.74,2.76,0.0
20230822:0703,14.03,71.32,14.79,32.81,21.19,2.76,0.0
20230822:0803,50.94,69.82,19.51,42.31,23.32,2.07,0.0
20230822:0903,74.02,75.57,22.14,48.78,25.24,1.03,0.0
20230822:1003,80.72,76.35,22.9,50.66,26.86,1.03,0.0
20230822:1103,69.99,71.67,21.7,47.35,28.12,1.86,0.0
20230822:1203,41.75,68.34,18.45,39.87,28.69,2.62,0.0
20230822:1303,3.66,58.73,13.68,29.77,28.35,2.9,0.0
20230822:1403,0.0,69.82,2.64,18.16,27.3,3.45,0.0
20230822:1503,0.0,25.6,0.97,5.68,25.32,3.1,0.0
20230822:1603,0.0,0.0,0.0,0.0,22.83,2.9,0.0
20230822:1703,0.0,0.0,0.0,0.0,21.14,2.28,0.0
20230822:1803,0.0,0.0,0.0,0.0,20.17,1.45,0.0
20230822:1903,0.0,0.0,0.0,0.0,19.19,0.69,0.0
20230822:2003,0.0,0.0,0.0,0.0,19.31,0.14,0.0
20230822:2103,0.0,0.0,0.0,0.0,18.98,0.34,0.0
20230822:2203,0.0,0.0,0.0,0.0,18.3,0.9,0.0
20230822:2303,0.0,0.0,0.0,0.0,17.15,1.31,0.0
20230823:0003,0.0,0.0,0.0,0.0,16.42,1.45,0.0
20230823:0103,0.0,0.0,0.0,0.0,15.89,1.52,0.0
20230823:0203,0.0,0.0,0.0,0.0,15.61,1.45,0.0
20230823:0303,0.0,0.0,0.0,0.0,15.49,1.52,0.0
20230823:0403,0.0,0.0,0.0,0.0,15.22,1.45,0.0
20230823:0503,0.0,48.87,1.85,9.5,15.85,1.52,0.0
20230823:0603,0.0,124.9,4.72,21.79,18.5,1.52,0.0
20230823:0703,8.49,169.01,12.07,33.09,22.08,1.79,0.0
20230823:0803,33.89,168.86,16.99,42.63,26.36,1.72,0.0
20230823:0903,77.58,80.32,22.14,49.12,29.96,1.66,0.0
20230823:1003,86.67,74.06,23.14,51.0,32.66,1.31,0.0
20230823:1103,76.65,67.13,22.05,47.64,34.3,0.83,0.0
20230823:1203,46.76,66.6,18.66,40.1,34.98,1.45,0.0
20230823:1303,7.71,56.03,13.91,29.94,33.81,3.66,0.0
20230823:1403,0.0,69.04,2.61,18.29,28.98,6.14,0.0
20230823:1503,0.0,25.6,0.97,5.79,24.09,5.79,0.0
20230823:1603,0.0,0.0,0.0,0.0,22.39,4.83,0.0
20230823:1703,0.0,0.0,0.0,0.0,21.28,4.48,0.0
20230823:1803,0.0,0.0,0.0,0.0,20.42,4.34,0.0
20230823:1903,0.0,0.0,0.0,0.0,19.65,4.14,0.0
20230823:2003,0.0,0.0,0.0,0.0,19.07,4.48,0.0
20230823:2103,0.0,0.0,0.0,0.0,18.65,4.28,0.0
20230823:2203,0.0,0.0,0.0,0.0,18.3,4.07,0.0
20230823:2303,0.0,0.0,0.0,0.0,18.1,3.93,0.0
20230824:0003,0.0,0.0,0.0,0.0,17.9,3.79,0.0
20230824:0103,0.0,0.0,0.0,0.0,17.69,3.52,0.0
20230824:0203,0.0,0.0,0.0,0.0,17.44,3.03,0.0
20230824:0303,0.0,0.0,0.0,0.0,17.44,2.76,0.0
20230824:0403,0.0,0.0,0.0,0.0,17.25,2.48,0.0
20230824:0503,0.0,48.87,1.85,9.73,17.64,2.07,0.0
20230824:0603,0.0,104.73,3.95,22.05,18.66,3.17,0.0
20230824:0703,15.8,121.16,13.39,33.38,19.98,3.59,0.0
20230824:0803,11.68,257.92,12.54,42.95,20.6,3.24,0.0
20230824:0903,0.0,193.57,6.65,49.46,20.38,3.03,0.0
20230824:1003,5.69,298.54,11.66,51.33,20.61,3.17,0.0
20230824:1103,37.63,218.71,17.46,47.92,20.88,3.03,0.0
20230824:1203,0.3,187.2,6.53,40.32,20.55,2.9,0.0
20230824:1303,0.03,135.44,4.69,30.11,21.1,2.62,0.0
20230824:1403,0.0,86.11,3.25,18.43,21.07,2.34,0.0
20230824:1503,0.0,27.93,1.05,5.9,20.52,2.07,0.0
20230824:1603,0.0,0.0,0.0,0.0,19.9,2.28,0.0
20230824:1703,0.0,0.0,0.0,0.0,19.32,2.55,0.0
20230824:1803,0.0,0.0,0.0,0.0,18.65,2.48,0.0
20230824:1903,0.0,0.0,0.0,0.0,18.33,2.07,0.0
20230824:2003,0.0,0.0,0.0,0.0,18.37,2.0,0.0
20230824:2103,0.0,0.0,0.0,0.0,18.26,1.59,0.0
20230824:2203,0.0,0.0,0.0,0.0,18.09,1.52,0.0
20230824:2303,0.0,0.0,0.0,0.0,18.05,1.66,0.0
20230825:0003,0.0,0.0,0.0,0.0,18.01,1.86,0.0
20230825:0103,0.0,0.0,0.0,0.0,18.11,1.93,0.0
20230825:0203,0.0,0.0,0.0,0.0,18.1,2.07,0.0
20230825:0303,0.0,0.0,0.0,0.0,17.75,2.21,0.0
20230825:0403,0.0,0.0,0.0,0.0,17.24,2.34,0.0
20230825:0503,0.0,42.67,1.61,9.96,17.42,2.41,0.0
20230825:0603,0.0,129.55,4.89,22.31,19.77,3.31,0.0
20230825:0703,19.87,116.71,13.8,33.66,22.32,4.62,0.0
20230825:0803,41.23,162.33,17.22,43.27,24.66,5.45,0.0
20230825:0903,40.05,235.92,17.81,49.81,27.08,6.07,0.0
20230825:1003,34.91,267.91,17.43,51.67,29.14,6.55,0.0
20230825:1103,21.45,278.42,15.03,48.21,30.72,6.9,0.0
20230825:1203,46.09,103.39,17.57,40.55,31.65,7.17,0.0
20230825:1303,16.19,52.02,14.12,30.29,31.89,7.17,0.0
20230825:1403,0.0,105.5,3.98,18.56,31.54,6.69,0.0
20230825:1503,0.0,23.27,0.88,6.01,30.41,5.79,0.0
20230825:1603,0.0,0.0,0.0,0.0,28.75,5.45,0.0
20230825:1703,0.0,0.0,0.0,0.0,27.68,5.52,0.0
20230825:1803,0.0,0.0,0.0,0.0,27.0,5.38,0.0
20230825:1903,0.0,0.0,0.0,0.0,26.3,5.45,0.0
20230825:2003,0.0,0.0,0.0,0.0,25.98,5.31,0.0
20230825:2103,0.0,0.0,0.0,0.0,25.79,5.24,0.0
20230825:2203,0.0,0.0,0.0,0.0,25.37,5.31,0.0
20230825:2303,0.0,0.0,0.0,0.0,25.09,5.03,0.0
20230826:0003,0.0,0.0,0.0,0.0,24.65,4.0,0.0
20230826:0103,0.0,0.0,0.0,0.0,23.8,2.9,0.0
20230826:0203,0.0,0.0,0.0,0.0,22.38,1.93,0.0
20230826:0303,0.0,0.0,0.0,0.0,20.26,1.38,0.0
20230826:0403,0.0,0.0,0.0,0.0,19.15,3.59,0.0
20230826:0503,0.0,44.22,1.67,10.2,18.39,3.86,0.0
20230826:0603,0.0,89.99,3.4,22.57,19.51,3.86,0.0
20230826:0703,30.97,73.06,15.26,33.95,21.81,4.07,0.0
20230826:0803,63.59,93.79,19.33,43.59,23.81,4.21,0.0
20230826:0903,89.37,89.52,22.23,50.16,25.1,4.14,0.0
20230826:1003,72.73,160.55,21.21,52.01,25.79,4.0,0.0
20230826:1103,82.31,92.92,21.5,48.5,25.95,4.14,0.0
20230826:1203,5.78,252.08,10.4,40.77,24.55,4.9,0.0
20230826:1303,1.94,187.41,7.73,30.46,22.8,6.0,0.0
20230826:1403,0.0,43.44,1.64,18.69,20.95,6.28,0.0
20230826:1503,0.0,10.86,0.41,6.12,19.8,6.07,0.0
20230826:1603,0.0,0.0,0.0,0.0,18.78,5.59,0.0
20230826:1703,0.0,0.0,0.0,0.0,18.22,5.24,0.0
20230826:1803,0.0,0.0,0.0,0.0,17.99,4.9,0.0
20230826:1903,0.0,0.0,0.0,0.0,17.83,3.72,0.0
20230826:2003,0.0,0.0,0.0,0.0,17.71,2.55,0.0
20230826:2103,0.0,0.0,0.0,0.0,17.56,2.62,0.0
20230826:2203,0.0,0.0,0.0,0.0,17.16,2.97,0.0
20230826:2303,0.0,0.0,0.0,0.0,16.71,3.31,0.0
20230827:0003,0.0,0.0,0.0,0.0,16.23,3.45,0.0
20230827:0103,0.0,0.0,0.0,0.0,15.84,3.31,0.0
20230827:0203,0.0,0.0,0.0,0.0,15.37,3.1,0.0
20230827:0303,0.0,0.0,0.0,0.0,15.06,3.1,0.0
20230827:0403,0.0,0.0,0.0,0.0,14.89,3.1,0.0
20230827:0503,0.0,41.89,1.58,10.44,14.97,2.69,0.0
20230827:0603,0.0,72.15,2.72,22.83,16.38,4.07,0.0
20230827:0703,39.07,60.19,16.11,34.25,18.54,4.76,0.0
20230827:0803,78.32,67.32,20.59,43.92,20.22,4.69,0.0
20230827:0903,102.77,72.38,23.26,50.52,21.76,4.55,0.0
20230827:1003,109.5,73.18,23.99,52.35,22.7,4.41,0.0
20230827:1103,93.88,77.81,22.35,48.79,23.0,4.21,0.0
20230827:1203,58.34,94.06,18.51,40.99,23.0,4.28,0.0
20230827:1303,22.67,67.92,14.0,30.63,22.71,4.34,0.0
20230827:1403,0.0,77.58,2.93,18.83,21.63,4.55,0.0
20230827:1503,0.0,27.15,1.03,6.22,19.93,4.21,0.0
20230827:1603,0.0,0.0,0.0,0.0,18.2,3.72,0.0
20230827:1703,0.0,0.0,0.0,0.0,17.0,3.17,0.0
20230827:1803,0.0,0.0,0.0,0.0,16.37,2.55,0.0
20230827:1903,0.0,0.0,0.0,0.0,15.8,2.0,0.0
20230827:2003,0.0,0.0,0.0,0.0,15.12,1.72,0.0
20230827:2103,0.0,0.0,0.0,0.0,14.4,1.59,0.0
20230827:2203,0.0,0.0,0.0,0.0,13.55,1.52,0.0
20230827:2303,0.0,0.0,0.0,0.0,12.88,1.38,0.0
20230828:0003,0.0,0.0,0.0,0.0,12.58,1.31,0.0
20230828:0103,0.0,0.0,0.0,0.0,12.31,1.31,0.0
20230828:0203,0.0,0.0,0.0,0.0,11.96,1.24,0.0
20230828:0303,0.0,0.0,0.0,0.0,11.94,1.17,0.0
20230828:0403,0.0,0.0,0.0,0.0,11.46,1.24,0.0
20230828:0503,0.0,45.77,1.73,10.68,11.88,1.1,0.0
20230828:0603,0.0,72.92,2.75,23.09,15.82,0.97,0.0
20230828:0703,42.71,64.31,15.99,34.54,18.45,1.31,0.0
20230828:0803,83.5,66.95,20.65,44.25,20.17,1.31,0.0
20230828:0903,94.49,106.1,22.29,50.87,21.38,1.66,0.0
20230828:1003,39.39,280.25,17.75,52.7,21.74,2.07,0.0
20230828:1103,32.81,271.24,16.49,49.08,22.26,2.48,0.0
20230828:1203,42.64,165.07,16.58,41.22,22.31,2.69,0.0
20230828:1303,8.46,180.26,10.22,30.8,22.12,2.62,0.0
20230828:1403,0.0,103.18,3.9,18.96,21.67,2.62,0.0
20230828:1503,0.0,27.93,1.05,6.33,20.56,2.83,0.0
20230828:1603,0.0,0.0,0.0,0.0,19.08,2.62,0.0
20230828:1703,0.0,0.0,0.0,0.0,17.91,2.14,0.0
20230828:1803,0.0,0.0,0.0,0.0,16.92,1.52,0.0
20230828:1903,0.0,0.0,0.0,0.0,15.65,1.17,0.0
20230828:2003,0.0,0.0,0.0,0.0,16.24,0.69,0.0
20230828:2103,0.0,0.0,0.0,0.0,15.97,0.48,0.0
20230828:2203,0.0,0.0,0.0,0.0,15.51,0.83,0.0
20230828:2303,0.0,0.0,0.0,0.0,14.55,0.97,0.0
20230829:0003,0.0,0.0,0.0,0.0,13.89,1.1,0.0
20230829:0103,0.0,0.0,0.0,0.0,13.4,1.17,0.0
20230829:0203,0.0,0.0,0.0,0.0,13.03,1.17,0.0
20230829:0303,0.0,0.0,0.0,0.0,12.8,1.17,0.0
20230829:0403,0.0,0.0,0.0,0.0,12.89,1.1,0.0
20230829:0503,0.0,53.53,2.02,10.93,13.03,1.1,0.0
20230829:0603,2.67,55.39,10.31,23.36,16.69,0.9,0.0
20230829:0703,42.25,85.63,15.52,34.84,18.97,1.17,0.0
20230829:0803,76.4,100.94,19.74,44.59,20.45,1.45,0.0
20230829:0903,113.38,72.08,23.4,51.23,22.04,1.79,0.0
20230829:1003,118.53,75.74,23.99,53.05,23.09,2.14,0.0
20230829:1103,103.65,78.09,22.46,49.37,23.59,2.48,0.0
20230829:1203,66.95,92.98,18.6,41.44,24.11,2.76,0.0
20230829:1303,30.97,66.49,14.15,30.97,23.78,2.97,0.0
20230829:1403,0.0,69.82,2.64,19.09,23.24,3.24,0.0
20230829:1503,0.0,28.7,1.08,6.44,21.74,3.31,0.0
20230829:1603,0.0,0.0,0.0,0.0,19.96,3.1,0.0
20230829:1703,0.0,0.0,0.0,0.0,18.61,2.69,0.0
20230829:1803,0.0,0.0,0.0,0.0,17.57,2.14,0.0
20230829:1903,0.0,0.0,0.0,0.0,16.98,2.07,0.0
20230829:2003,0.0,0.0,0.0,0.0,16.19,1.86,0.0
20230829:2103,0.0,0.0,0.0,0.0,15.32,1.79,0.0
20230829:2203,0.0,0.0,0.0,0.0,14.72,1.72,0.0
20230829:2303,0.0,0.0,0.0,0.0,14.18,1.72,0.0
20230830:0003,0.0,0.0,0.0,0.0,13.7,1.72,0.0
20230830:0103,0.0,0.0,0.0,0.0,13.43,1.79,0.0
20230830:0203,0.0,0.0,0.0,0.0,13.0,1.86,0.0
20230830:0303,0.0,0.0,0.0,0.0,12.63,1.86,0.0
20230830:0403,0.0,0.0,0.0,0.0,12.36,1.93,0.0
20230830:0503,0.0,48.1,1.82,11.18,13.17,1.66,0.0
20230830:0603,6.8,54.86,10.51,23.63,17.56,2.21,0.0
20230830:0703,53.78,62.12,16.46,35.14,20.15,3.1,0.0
20230830:0803,94.15,68.09,20.91,44.92,22.36,4.0,0.0
20230830:0903,117.31,76.04,23.43,51.6,23.87,4.28,0.0
20230830:1003,122.19,79.79,23.99,53.39,24.9,4.41,0.0
20230830:1103,97.73,106.41,21.85,49.66,25.96,4.41,0.0
20230830:1203,59.78,130.51,17.78,41.67,26.67,4.48,0.0
20230830:1303,34.61,69.32,14.18,31.14,26.81,4.55,0.0
20230830:1403,0.0,69.82,2.64,19.22,26.28,4.41,0.0
20230830:1503,0.0,29.48,1.11,6.54,25.04,3.66,0.0
20230830:1603,0.0,0.0,0.0,0.0,22.93,3.17,0.0
20230830:1703,0.0,0.0,0.0,0.0,21.16,3.24,0.0
20230830:1803,0.0,0.0,0.0,0.0,19.68,3.31,0.0
20230830:1903,0.0,0.0,0.0,0.0,18.63,3.03,0.0
20230830:2003,0.0,0.0,0.0,0.0,17.69,2.76,0.0
20230830:2103,0.0,0.0,0.0,0.0,16.89,2.62,0.0
20230830:2203,0.0,0.0,0.0,0.0,16.28,2.55,0.0
20230830:2303,0.0,0.0,0.0,0.0,15.96,2.48,0.0
20230831:0003,0.0,0.0,0.0,0.0,15.73,2.55,0.0
20230831:0103,0.0,0.0,0.0,0.0,15.71,2.62,0.0
20230831:0203,0.0,0.0,0.0,0.0,15.63,2.69,0.0
20230831:0303,0.0,0.0,0.0,0.0,15.47,2.76,0.0
20230831:0403,0.0,0.0,0.0,0.0,15.32,2.69,0.0
20230831:0503,0.0,56.63,2.14,11.43,15.64,2.48,0.0
20230831:0603,9.78,67.44,10.22,23.91,17.53,3.72,0.0
20230831:0703,55.48,72.04,16.2,35.45,20.28,4.55,0.0
20230831:0803,96.58,74.62,20.77,45.26,22.66,4.62,0.0
20230831:0903,120.61,80.35,23.37,51.96,25.06,4.55,0.0
20230831:1003,125.4,84.11,23.93,53.75,27.1,4.55,0.0
20230831:1103,111.92,82.97,22.52,49.95,28.62,4.48,0.0
20230831:1203,76.71,91.13,18.86,41.89,29.54,4.48,0.0
20230831:1303,37.87,72.57,14.12,31.3,29.81,4.62,0.0
20230831:1403,0.0,74.47,2.81,19.35,29.23,4.69,0.0
20230831:1503,0.0,31.03,1.17,6.64,27.7,3.93,0.0
20230831:1603,0.0,0.0,0.0,0.0,25.13,3.79,0.0
20230831:1703,0.0,0.0,0.0,0.0,23.09,3.66,0.0
20230831:1803,0.0,0.0,0.0,0.0,21.58,3.38,0.0
20230831:1903,0.0,0.0,0.0,0.0,20.31,3.03,0.0
20230831:2003,0.0,0.0,0.0,0.0,19.46,2.76,0.0
20230831:2103,0.0,0.0,0.0,0.0,18.82,2.48,0.0
20230831:2203,0.0,0.0,0.0,0.0,18.21,2.28,0.0
20230831:2303,0.0,0.0,0.0,0.0,17.61,2.28,0.0
20230901:0003,0.0,0.0,0.0,0.0,17.04,2.28,0.0
20230901:0103,0.0,0.0,0.0,0.0,16.56,2.28,0.0
20230901:0203,0.0,0.0,0.0,0.0,15.97,2.21,0.0
20230901:0303,0.0,0.0,0.0,0.0,15.18,2.07,0.0
20230901:0403,0.0,0.0,0.0,0.0,14.21,1.93,0.0
20230901:0503,0.0,53.53,2.02,11.68,14.54,1.59,0.0
20230901:0603,8.59,111.22,9.11,24.18,19.3,1.72,0.0
20230901:0703,57.3,83.04,16.11,35.75,23.65,1.59,0.0
20230901:0803,97.35,87.13,20.65,45.61,27.74,2.21,0.0
20230901:0903,122.44,89.79,23.34,52.33,28.67,5.79,0.0
20230901:1003,126.53,94.99,23.87,54.1,27.71,5.86,0.0
20230901:1103,115.16,88.9,22.58,50.24,27.12,5.31,0.0
20230901:1203,84.17,84.63,19.21,42.11,26.84,5.03,0.0
20230901:1303,42.2,73.42,14.29,31.47,26.08,5.03,0.0
20230901:1403,0.0,76.8,2.9,19.48,24.63,4.97,0.0
20230901:1503,0.0,31.03,1.17,6.75,22.61,4.14,0.0
20230901:1603,0.0,0.0,0.0,0.0,20.91,4.0,0.0
20230901:1703,0.0,0.0,0.0,0.0,19.95,3.72,0.0
20230901:1803,0.0,0.0,0.0,0.0,19.31,3.79,0.0
20230901:1903,0.0,0.0,0.0,0.0,18.59,3.24,0.0
20230901:2003,0.0,0.0,0.0,0.0,18.24,2.76,0.0
20230901:2103,0.0,0.0,0.0,0.0,17.6,2.21,0.0
20230901:2203,0.0,0.0,0.0,0.0,16.99,2.07,0.0
20230901:2303,0.0,0.0,0.0,0.0,16.43,1.72,0.0
20230902:0003,0.0,0.0,0.0,0.0,15.87,1.31,0.0
20230902:0103,0.0,0.0,0.0,0.0,16.37,0.62,0.0
20230902:0203,0.0,0.0,0.0,0.0,16.16,0.69,0.0
20230902:0303,0.0,0.0,0.0,0.0,14.67,1.1,0.0
20230902:0403,0.0,0.0,0.0,0.0,13.91,1.38,0.0
20230902:0503,0.0,62.06,2.34,11.94,14.51,1.31,0.0
20230902:0603,15.49,81.09,10.08,24.46,18.44,2.14,0.0
20230902:0703,60.71,85.23,16.02,36.06,20.84,3.17,0.0
20230902:0803,102.04,86.33,20.62,45.95,23.13,3.86,0.0
20230902:0903,127.07,89.08,23.29,52.7,25.27,4.34,0.0
20230902:1003,135.16,86.21,24.08,54.46,27.28,4.69,0.0
20230902:1103,122.82,82.15,22.76,50.54,29.01,4.83,0.0
20230902:1203,90.55,79.18,19.33,42.33,30.28,4.83,0.0
20230902:1303,47.64,68.83,14.47,31.64,30.95,4.83,0.0
20230902:1403,1.81,56.19,8.29,19.61,30.8,4.69,0.0
20230902:1503,0.0,32.58,1.23,6.85,29.69,3.93,0.0
20230902:1603,0.0,0.0,0.0,0.0,27.57,3.38,0.0
20230902:1703,0.0,0.0,0.0,0.0,25.83,2.55,0.0
20230902:1803,0.0,0.0,0.0,0.0,23.8,0.97,0.0
20230902:1903,0.0,0.0,0.0,0.0,22.0,2.62,0.0
20230902:2003,0.0,0.0,0.0,0.0,20.87,3.1,0.0
20230902:2103,0.0,0.0,0.0,0.0,20.06,3.24,0.0
20230902:2203,0.0,0.0,0.0,0.0,19.48,3.31,0.0
20230902:2303,0.0,0.0,0.0,0.0,19.19,3.17,0.0
20230903:0003,0.0,0.0,0.0,0.0,19.19,2.9,0.0
20230903:0103,0.0,0.0,0.0,0.0,19.1,2.76,0.0
20230903:0203,0.0,0.0,0.0,0.0,19.12,2.34,0.0
20230903:0303,0.0,0.0,0.0,0.0,19.21,2.14,0.0
20230903:0403,0.0,0.0,0.0,0.0,19.24,1.52,0.0
20230903:0503,0.0,52.75,1.99,12.2,19.48,1.03,0.0
20230903:0603,8.55,136.88,8.17,24.74,20.32,0.41,0.0
20230903:0703,50.11,130.48,14.91,36.37,23.08,2.0,0.0
20230903:0803,70.32,177.23,18.31,46.3,25.27,3.38,0.0
20230903:0903,120.06,114.79,22.64,53.07,27.1,3.72,0.0
20230903:1003,137.32,91.01,23.9,54.81,29.16,4.28,0.0
20230903:1103,125.01,86.91,22.58,50.83,30.63,4.69,0.0
20230903:1203,96.95,75.55,19.51,42.55,31.56,4.83,0.0
20230903:1303,51.26,70.54,14.44,31.8,31.89,4.83,0.0
20230903:1403,5.04,56.6,8.38,19.73,31.44,4.69,0.0
20230903:1503,0.0,33.36,1.26,6.96,29.88,4.07,0.0
20230903:1603,0.0,0.0,0.0,0.0,27.09,4.21,0.0
20230903:1703,0.0,0.0,0.0,0.0,24.69,4.21,0.0
20230903:1803,0.0,0.0,0.0,0.0,22.95,3.86,0.0
20230903:1903,0.0,0.0,0.0,0.0,21.58,3.31,0.0
20230903:2003,0.0,0.0,0.0,0.0,20.7,3.1,0.0
20230903:2103,0.0,0.0,0.0,0.0,20.05,3.17,0.0
20230903:2203,0.0,0.0,0.0,0.0,19.58,3.1,0.0
20230903:2303,0.0,0.0,0.0,0.0,19.19,3.1,0.0
20230904:0003,0.0,0.0,0.0,0.0,18.81,2.97,0.0
20230904:0103,0.0,0.0,0.0,0.0,18.47,2.9,0.0
20230904:0203,0.0,0.0,0.0,0.0,18.14,2.69,0.0
20230904:0303,0.0,0.0,0.0,0.0,17.83,2.48,0.0
20230904:0403,0.0,0.0,0.0,0.0,17.46,2.14,0.0
20230904:0503,0.0,65.94,2.49,12.46,17.97,1.66,0.0
20230904:0603,19.15,99.62,9.87,25.02,21.21,2.48,0.0
20230904:0703,62.05,109.15,15.73,36.68,24.22,3.17,0.0
20230904:0803,104.59,104.98,20.41,46.64,27.12,3.1,0.0
20230904:0903,133.31,98.5,23.26,53.45,29.71,2.41,0.0
20230904:1003,141.49,94.87,24.02,55.17,31.79,1.1,0.0
20230904:1103,129.35,90.09,22.7,51.12,33.02,1.59,0.0
20230904:1203,98.54,83.48,19.39,42.77,32.87,3.66,0.0
20230904:1303,53.77,76.54,14.38,31.97,30.48,5.03,0.0
20230904:1403,7.96,60.77,8.32,19.86,27.02,5.24,0.0
20230904:1503,0.0,33.36,1.26,7.06,24.06,4.41,0.0
20230904:1603,0.0,0.0,0.0,0.0,22.16,3.31,0.0
20230904:1703,0.0,0.0,0.0,0.0,21.22,2.62,0.0
20230904:1803,0.0,0.0,0.0,0.0,20.9,2.0,0.0
20230904:1903,0.0,0.0,0.0,0.0,20.64,2.07,0.0
20230904:2003,0.0,0.0,0.0,0.0,20.31,1.45,0.0
20230904:2103,0.0,0.0,0.0,0.0,20.15,1.31,0.0
20230904:2203,0.0,0.0,0.0,0.0,19.75,0.9,0.0
20230904:2303,0.0,0.0,0.0,0.0,19.71,0.48,0.0
20230905:0003,0.0,0.0,0.0,0.0,19.45,0.0,0.0
20230905:0103,0.0,0.0,0.0,0.0,19.18,0.55,0.0
20230905:0203,0.0,0.0,0.0,0.0,19.16,0.83,0.0
20230905:0303,0.0,0.0,0.0,0.0,19.04,0.9,0.0
20230905:0403,0.0,0.0,0.0,0.0,18.98,1.03,0.0
20230905:0503,0.0,61.29,2.31,12.72,19.55,1.72,0.0
20230905:0603,15.35,128.67,9.02,25.3,20.8,2.83,0.0
20230905:0703,65.38,112.92,15.82,36.99,22.65,4.14,0.0
20230905:0803,109.66,106.11,20.59,46.99,25.33,4.21,0.0
20230905:0903,138.72,99.6,23.43,53.83,27.95,4.55,0.0
20230905:1003,149.0,92.24,24.31,55.53,30.32,4.76,0.0
20230905:1103,138.46,83.88,23.08,51.41,32.39,4.9,0.0
20230905:1203,106.29,79.17,19.74,42.99,33.9,5.03,0.0
20230905:1303,60.56,70.62,14.7,32.13,34.55,5.17,0.0
20230905:1403,11.98,55.68,8.61,19.98,34.18,5.03,0.0
20230905:1503,0.0,33.36,1.26,7.16,32.73,4.41,0.0
20230905:1603,0.0,0.0,0.0,0.0,30.41,3.79,0.0
20230905:1703,0.0,0.0,0.0,0.0,28.8,2.21,0.0
20230905:1803,0.0,0.0,0.0,0.0,25.9,4.9,0.0
20230905:1903,0.0,0.0,0.0,0.0,21.67,6.55,0.0
20230905:2003,0.0,0.0,0.0,0.0,20.78,6.14,0.0
20230905:2103,0.0,0.0,0.0,0.0,19.86,6.41,0.0
20230905:2203,0.0,0.0,0.0,0.0,19.13,6.14,0.0
20230905:2303,0.0,0.0,0.0,0.0,18.76,5.52,0.0
20230906:0003,0.0,0.0,0.0,0.0,18.44,4.97,0.0
20230906:0103,0.0,0.0,0.0,0.0,18.14,4.55,0.0
20230906:0203,0.0,0.0,0.0,0.0,17.91,4.48,0.0
20230906:0303,0.0,0.0,0.0,0.0,17.63,4.48,0.0
20230906:0403,0.0,0.0,0.0,0.0,17.26,4.0,0.0
20230906:0503,0.0,37.24,1.41,12.98,17.16,3.86,0.0
20230906:0603,0.13,114.15,3.95,25.58,17.86,4.07,0.0
20230906:0703,6.29,227.07,8.93,37.31,18.81,3.93,0.0
20230906:0803,27.56,287.56,14.26,47.35,19.67,3.52,0.0
20230906:0903,117.44,158.33,22.32,54.21,21.14,2.83,0.0
20230906:1003,151.14,100.42,24.34,55.89,22.13,1.72,0.0
20230906:1103,17.98,315.52,13.59,51.71,22.72,1.17,0.0
20230906:1203,0.0,157.76,5.42,43.21,23.37,1.38,0.0
20230906:1303,1.54,175.32,6.33,32.29,23.36,1.93,0.0
20230906:1403,0.08,90.26,3.13,20.11,22.94,2.34,0.0
20230906:1503,0.0,24.05,0.91,7.26,21.66,3.03,0.0
20230906:1603,0.0,0.0,0.0,0.0,20.04,3.03,0.0
20230906:1703,0.0,0.0,0.0,0.0,18.81,2.69,0.0
20230906:1803,0.0,0.0,0.0,0.0,18.0,2.21,0.0
20230906:1903,0.0,0.0,0.0,0.0,17.47,1.59,0.0
20230906:2003,0.0,0.0,0.0,0.0,16.79,1.03,0.0
20230906:2103,0.0,0.0,0.0,0.0,16.73,0.69,0.0
20230906:2203,0.0,0.0,0.0,0.0,16.49,0.69,0.0
20230906:2303,0.0,0.0,0.0,0.0,16.48,0.69,0.0
20230907:0003,0.0,0.0,0.0,0.0,16.14,0.83,0.0
20230907:0103,0.0,0.0,0.0,0.0,15.02,1.38,0.0
20230907:0203,0.0,0.0,0.0,0.0,14.28,1.66,0.0
20230907:0303,0.0,0.0,0.0,0.0,14.2,1.66,0.0
20230907:0403,0.0,0.0,0.0,0.0,13.72,1.79,0.0
20230907:0503,0.0,72.15,2.72,13.24,14.89,1.52,0.0
20230907:0603,28.88,106.31,10.46,25.87,19.0,2.62,0.0
20230907:0703,20.82,234.44,11.66,37.62,21.16,3.38,0.0
20230907:0803,78.85,203.29,18.8,47.7,23.03,3.31,0.0
20230907:0903,154.38,98.1,24.28,54.59,24.81,2.97,0.0
20230907:1003,160.01,98.98,24.87,56.26,26.37,2.69,0.0
20230907:1103,145.3,97.33,23.37,52.0,27.64,2.48,0.0
20230907:1203,103.84,110.56,19.45,43.42,28.43,2.28,0.0
20230907:1303,65.15,85.11,14.7,32.45,28.69,2.21,0.0
20230907:1403,18.17,62.2,8.7,20.23,28.37,2.34,0.0
20230907:1503,0.0,34.13,1.29,7.36,27.26,2.28,0.0
20230907:1603,0.0,0.0,0.0,0.0,24.9,2.41,0.0
20230907:1703,0.0,0.0,0.0,0.0,22.77,2.48,0.0
20230907:1803,0.0,0.0,0.0,0.0,21.17,2.34,0.0
20230907:1903,0.0,0.0,0.0,0.0,19.77,1.93,0.0
20230907:2003,0.0,0.0,0.0,0.0,18.71,2.0,0.0
20230907:2103,0.0,0.0,0.0,0.0,17.78,2.0,0.0
20230907:2203,0.0,0.0,0.0,0.0,17.08,2.0,0.0
20230907:2303,0.0,0.0,0.0,0.0,16.46,1.93,0.0
20230908:0003,0.0,0.0,0.0,0.0,15.98,1.93,0.0
20230908:0103,0.0,0.0,0.0,0.0,15.49,1.79,0.0
20230908:0203,0.0,0.0,0.0,0.0,15.08,1.66,0.0
20230908:0303,0.0,0.0,0.0,0.0,14.66,1.66,0.0
20230908:0403,0.0,0.0,0.0,0.0,14.29,1.72,0.0
20230908:0503,0.0,74.47,2.81,13.51,15.46,1.52,0.0
20230908:0603,2.37,152.17,5.74,26.16,19.55,2.14,0.0
20230908:0703,84.28,108.09,16.87,37.94,22.07,2.55,0.0
20230908:0803,140.52,85.32,22.17,48.06,24.89,2.83,0.0
20230908:0903,93.71,232.82,21.0,54.98,27.4,2.9,0.0
20230908:1003,175.96,83.31,25.6,56.62,29.6,3.1,0.0
20230908:1103,127.0,145.61,22.38,52.29,31.03,3.45,0.0
20230908:1203,53.95,229.42,16.11,43.64,31.74,3.59,0.0
20230908:1303,38.64,164.5,12.57,32.61,31.63,3.45,0.0
20230908:1403,22.01,61.62,8.85,20.36,30.68,3.79,0.0
20230908:1503,0.0,34.13,1.29,7.46,28.46,3.93,0.0
20230908:1603,0.0,0.0,0.0,0.0,25.27,3.72,0.0
20230908:1703,0.0,0.0,0.0,0.0,23.05,3.31,0.0
20230908:1803,0.0,0.0,0.0,0.0,21.54,2.83,0.0
20230908:1903,0.0,0.0,0.0,0.0,20.5,2.83,0.0
20230908:2003,0.0,0.0,0.0,0.0,19.71,2.69,0.0
20230908:2103,0.0,0.0,0.0,0.0,19.09,2.55,0.0
20230908:2203,0.0,0.0,0.0,0.0,18.56,2.55,0.0
20230908:2303,0.0,0.0,0.0,0.0,18.35,2.55,0.0
20230909:0003,0.0,0.0,0.0,0.0,17.91,2.55,0.0
20230909:0103,0.0,0.0,0.0,0.0,17.63,2.62,0.0
20230909:0203,0.0,0.0,0.0,0.0,17.62,2.62,0.0
20230909:0303,0.0,0.0,0.0,0.0,17.75,2.69,0.0
20230909:0403,0.0,0.0,0.0,0.0,17.97,2.76,0.0
20230909:0503,1.06,74.94,4.07,13.78,18.99,3.93,0.0
20230909:0603,16.83,155.26,8.73,26.44,20.36,4.41,0.0
20230909:0703,77.52,131.92,16.23,38.26,22.71,4.69,0.0
20230909:0803,122.31,128.01,20.94,48.41,25.22,4.55,0.0
20230909:0903,168.03,93.21,24.57,55.36,27.11,4.62,0.0
20230909:1003,173.7,93.49,25.13,56.99,29.14,4.62,0.0
20230909:1103,160.42,88.79,23.72,52.58,30.7,4.55,0.0
20230909:1203,125.2,86.01,20.18,43.85,31.71,4.48,0.0
20230909:1303,77.79,76.23,15.08,32.77,31.99,4.48,0.0
20230909:1403,26.03,59.84,8.93,20.48,31.48,4.48,0.0
20230909:1503,0.0,34.91,1.32,7.56,29.92,3.86,0.0
20230909:1603,0.0,0.0,0.0,0.0,27.2,3.59,0.0
20230909:1703,0.0,0.0,0.0,0.0,24.98,3.52,0.0
20230909:1803,0.0,0.0,0.0,0.0,23.29,3.31,0.0
20230909:1903,0.0,0.0,0.0,0.0,22.1,3.31,0.0
20230909:2003,0.0,0.0,0.0,0.0,21.13,3.1,0.0
20230909:2103,0.0,0.0,0.0,0.0,20.43,3.03,0.0
20230909:2203,0.0,0.0,0.0,0.0,19.88,2.9,0.0
20230909:2303,0.0,0.0,0.0,0.0,19.39,2.76,0.0
20230910:0003,0.0,0.0,0.0,0.0,18.96,2.76,0.0
20230910:0103,0.0,0.0,0.0,0.0,18.57,2.76,0.0
20230910:0203,0.0,0.0,0.0,0.0,18.26,2.76,0.0
20230910:0303,0.0,0.0,0.0,0.0,18.01,2.76,0.0
20230910:0403,0.0,0.0,0.0,0.0,17.84,2.76,0.0
20230910:0503,1.89,78.85,3.98,14.04,19.09,2.62,0.0
20230910:0603,36.44,116.76,10.66,26.73,22.11,3.72,0.0
20230910:0703,101.78,91.25,17.49,38.58,25.04,4.34,0.0
20230910:0803,148.15,90.85,22.14,48.77,27.96,4.62,0.0
20230910:0903,176.94,89.81,24.93,55.75,30.74,4.83,0.0
20230910:1003,182.9,89.99,25.51,57.35,33.08,4.97,0.0
20230910:1103,168.98,85.99,24.08,52.87,34.75,4.97,0.0
20230910:1203,132.84,83.25,20.47,44.07,35.75,4.97,0.0
20230910:1303,83.85,74.87,15.32,32.93,36.03,4.9,0.0
20230910:1403,29.92,60.19,9.05,20.6,35.54,4.55,0.0
20230910:1503,0.0,34.91,1.32,7.67,34.02,3.66,0.0
20230910:1603,0.0,0.0,0.0,0.0,31.16,3.31,0.0
20230910:1703,0.0,0.0,0.0,0.0,28.81,3.24,0.0
20230910:1803,0.0,0.0,0.0,0.0,26.99,2.97,0.0
20230910:1903,0.0,0.0,0.0,0.0,25.59,2.69,0.0
20230910:2003,0.0,0.0,0.0,0.0,24.45,2.28,0.0
20230910:2103,0.0,0.0,0.0,0.0,23.37,2.14,0.0
20230910:2203,0.0,0.0,0.0,0.0,22.32,2.14,0.0
20230910:2303,0.0,0.0,0.0,0.0,21.42,2.21,0.0
20230911:0003,0.0,0.0,0.0,0.0,20.73,2.28,0.0
20230911:0103,0.0,0.0,0.0,0.0,20.15,2.21,0.0
20230911:0203,0.0,0.0,0.0,0.0,19.69,1.93,0.0
20230911:0303,0.0,0.0,0.0,0.0,20.54,1.03,0.0
20230911:0403,0.0,0.0,0.0,0.0,20.74,0.48,0.0
20230911:0503,2.37,81.07,3.84,14.31,19.37,1.93,0.0
20230911:0603,41.01,112.19,10.78,27.02,22.12,3.38,0.0
20230911:0703,94.71,113.74,16.87,38.9,23.63,3.52,0.0
20230911:0803,137.84,116.89,21.38,49.13,25.2,3.52,0.0
20230911:0903,161.9,121.58,23.9,56.14,26.38,3.66,0.0
20230911:1003,179.9,99.86,24.98,57.72,26.99,4.0,0.0
20230911:1103,168.67,92.05,23.7,53.16,26.88,4.41,0.0
20230911:1203,136.73,83.18,20.36,44.28,26.39,4.9,0.0
20230911:1303,80.33,88.56,14.76,33.08,25.07,5.86,0.0
20230911:1403,14.36,114.06,7.06,20.72,22.62,6.41,0.0
20230911:1503,0.0,39.56,1.49,7.77,21.15,6.21,0.0
20230911:1603,0.0,0.0,0.0,0.0,19.99,5.79,0.0
20230911:1703,0.0,0.0,0.0,0.0,19.16,6.07,0.0
20230911:1803,0.0,0.0,0.0,0.0,18.2,5.59,0.0
20230911:1903,0.0,0.0,0.0,0.0,17.54,6.07,0.0
20230911:2003,0.0,0.0,0.0,0.0,16.35,6.48,0.0
20230911:2103,0.0,0.0,0.0,0.0,15.42,6.28,0.0
20230911:2203,0.0,0.0,0.0,0.0,14.73,6.62,0.0
20230911:2303,0.0,0.0,0.0,0.0,13.76,6.48,0.0
20230912:0003,0.0,0.0,0.0,0.0,12.98,5.93,0.0
20230912:0103,0.0,0.0,0.0,0.0,12.75,5.72,0.0
20230912:0203,0.0,0.0,0.0,0.0,12.75,5.59,0.0
20230912:0303,0.0,0.0,0.0,0.0,12.79,5.38,0.0
20230912:0403,0.0,0.0,0.0,0.0,12.89,5.17,0.0
20230912:0503,0.0,22.17,0.76,14.58,13.25,5.03,0.0
20230912:0603,0.0,68.22,2.34,27.31,13.77,5.38,0.0
20230912:0703,0.0,111.71,3.84,39.22,14.67,5.66,0.0
20230912:0803,0.0,175.66,6.03,49.49,15.94,6.69,0.0
20230912:0903,0.0,133.88,4.6,56.53,16.85,6.9,0.0
20230912:1003,0.0,141.56,4.86,58.09,16.97,6.48,0.0
20230912:1103,0.0,210.63,7.23,53.45,17.66,6.28,0.0
20230912:1203,6.39,261.25,9.81,44.49,17.86,5.93,0.0
20230912:1303,2.32,183.87,6.65,33.24,17.46,5.38,0.0
20230912:1403,7.99,128.55,6.0,20.84,17.2,5.1,0.0
20230912:1503,0.0,26.38,1.0,7.87,16.63,4.34,0.0
20230912:1603,0.0,0.0,0.0,0.0,16.07,3.59,0.0
20230912:1703,0.0,0.0,0.0,0.0,15.58,3.17,0.0
20230912:1803,0.0,0.0,0.0,0.0,15.19,3.17,0.0
20230912:1903,0.0,0.0,0.0,0.0,14.83,2.69,0.0
20230912:2003,0.0,0.0,0.0,0.0,14.57,2.48,0.0
20230912:2103,0.0,0.0,0.0,0.0,14.1,2.21,0.0
20230912:2203,0.0,0.0,0.0,0.0,13.81,2.07,0.0
20230912:2303,0.0,0.0,0.0,0.0,13.67,1.93,0.0
20230913:0003,0.0,0.0,0.0,0.0,13.44,1.79,0.0
20230913:0103,0.0,0.0,0.0,0.0,13.54,1.72,0.0
20230913:0203,0.0,0.0,0.0,0.0,13.49,1.59,0.0
20230913:0303,0.0,0.0,0.0,0.0,13.37,1.45,0.0
20230913:0403,0.0,0.78,0.03,1.71,13.22,1.31,0.0
20230913:0503,0.65,76.09,2.78,14.85,14.15,1.24,0.0
20230913:0603,3.58,162.56,6.12,27.6,15.69,1.17,0.0
20230913:0703,30.64,246.19,12.54,39.54,18.18,0.83,0.0
20230913:0803,25.87,310.29,13.91,49.85,19.72,1.31,0.0
20230913:0903,13.23,334.18,13.09,56.92,19.75,1.52,0.0
20230913:1003,15.22,343.46,13.65,58.46,20.27,1.86,0.0
20230913:1103,2.73,277.77,9.87,53.74,20.3,2.34,0.0
20230913:1203,0.0,125.35,4.31,44.7,20.57,2.83,0.0
20230913:1303,43.09,182.9,12.3,33.39,20.59,3.24,0.0
20230913:1403,14.96,123.09,6.94,20.96,20.5,3.45,0.0
20230913:1503,0.0,38.79,1.46,7.97,19.95,3.31,0.0
20230913:1603,0.0,0.0,0.0,0.0,18.88,2.83,0.0
20230913:1703,0.0,0.0,0.0,0.0,17.86,2.97,0.0
20230913:1803,0.0,0.0,0.0,0.0,17.41,3.45,0.0
20230913:1903,0.0,0.0,0.0,0.0,16.77,3.38,0.0
20230913:2003,0.0,0.0,0.0,0.0,16.38,3.17,0.0
20230913:2103,0.0,0.0,0.0,0.0,15.87,3.03,0.0
20230913:2203,0.0,0.0,0.0,0.0,15.57,3.03,0.0
20230913:2303,0.0,0.0,0.0,0.0,15.39,3.1,0.0
20230914:0003,0.0,0.0,0.0,0.0,15.15,3.17,0.0
20230914:0103,0.0,0.0,0.0,0.0,14.96,3.31,0.0
20230914:0203,0.0,0.0,0.0,0.0,14.75,3.45,0.0
20230914:0303,0.0,0.0,0.0,0.0,14.6,3.52,0.0
20230914:0403,0.0,0.78,0.03,1.97,14.37,3.59,0.0
20230914:0503,17.53,58.64,5.83,15.12,15.46,3.31,0.0
20230914:0603,71.32,79.15,12.48,27.89,17.8,4.62,0.0
20230914:0703,133.43,79.48,18.72,39.86,20.62,4.76,0.0
20230914:0803,177.99,85.11,23.14,50.21,23.24,4.76,0.0
20230914:0903,203.27,89.54,25.66,57.31,25.56,4.62,0.0
20230914:1003,203.38,96.59,25.89,58.83,27.4,4.69,0.0
20230914:1103,186.49,95.7,24.28,54.03,28.76,4.76,0.0
20230914:1203,147.54,95.54,20.56,44.91,29.62,4.9,0.0
20230914:1303,98.32,84.53,15.41,33.55,29.93,4.83,0.0
20230914:1403,43.44,66.64,9.23,21.08,29.63,4.76,0.0
20230914:1503,0.0,37.24,1.41,8.07,28.24,4.14,0.0
20230914:1603,0.0,0.0,0.0,0.0,25.38,4.07,0.0
20230914:1703,0.0,0.0,0.0,0.0,23.05,4.14,0.0
20230914:1803,0.0,0.0,0.0,0.0,21.48,3.52,0.0
20230914:1903,0.0,0.0,0.0,0.0,20.79,2.83,0.0
20230914:2003,0.0,0.0,0.0,0.0,20.0,2.28,0.0
20230914:2103,0.0,0.0,0.0,0.0,19.1,1.79,0.0
20230914:2203,0.0,0.0,0.0,0.0,18.0,1.86,0.0
20230914:2303,0.0,0.0,0.0,0.0,17.08,1.93,0.0
20230915:0003,0.0,0.0,0.0,0.0,16.72,1.52,0.0
20230915:0103,0.0,0.0,0.0,0.0,18.0,0.69,0.0
20230915:0203,0.0,0.0,0.0,0.0,17.8,0.21,0.0
20230915:0303,0.0,0.0,0.0,0.0,17.13,0.69,0.0
20230915:0403,0.0,1.55,0.06,2.23,15.79,1.03,0.0
20230915:0503,5.84,90.79,4.25,15.4,16.74,0.83,0.0
20230915:0603,58.63,115.31,11.75,28.18,20.95,1.66,0.0
20230915:0703,139.5,81.15,18.95,40.18,24.7,2.07,0.0
20230915:0803,186.62,84.31,23.52,50.57,28.42,2.69,0.0
20230915:0903,212.33,88.08,26.04,57.71,31.69,3.38,0.0
20230915:1003,211.76,96.41,26.27,59.19,34.17,3.86,0.0
20230915:1103,194.45,95.56,24.63,54.32,35.81,4.07,0.0
20230915:1203,154.84,94.81,20.85,45.12,36.87,4.34,0.0
20230915:1303,99.58,92.76,15.41,33.7,37.28,4.62,0.0
20230915:1403,43.85,74.96,9.11,21.2,36.84,4.62,0.0
20230915:1503,1.73,33.42,2.84,8.16,35.09,4.34,0.0
20230915:1603,0.0,0.0,0.0,0.0,32.03,4.07,0.0
20230915:1703,0.0,0.0,0.0,0.0,29.92,3.86,0.0
20230915:1803,0.0,0.0,0.0,0.0,28.45,3.72,0.0
20230915:1903,0.0,0.0,0.0,0.0,27.94,3.86,0.0
20230915:2003,0.0,0.0,0.0,0.0,27.33,3.72,0.0
20230915:2103,0.0,0.0,0.0,0.0,26.44,3.45,0.0
20230915:2203,0.0,0.0,0.0,0.0,24.95,2.9,0.0
20230915:2303,0.0,0.0,0.0,0.0,23.08,2.62,0.0
20230916:0003,0.0,0.0,0.0,0.0,20.96,2.28,0.0
20230916:0103,0.0,0.0,0.0,0.0,18.78,2.07,0.0
20230916:0203,0.0,0.0,0.0,0.0,16.82,1.72,0.0
20230916:0303,0.0,0.0,0.0,0.0,16.2,2.55,0.0
20230916:0403,0.0,1.55,0.06,2.49,16.59,3.24,0.0
20230916:0503,23.75,63.31,6.12,15.67,17.96,3.66,0.0
20230916:0603,80.23,83.21,12.77,28.47,19.96,4.48,0.0
20230916:0703,141.4,87.84,18.92,40.5,22.62,4.28,0.0
20230916:0803,190.17,88.55,23.55,50.94,24.75,4.0,0.0
20230916:0903,215.35,93.0,26.04,58.1,26.26,3.86,0.0
20230916:1003,214.66,101.4,26.27,59.56,27.23,3.59,0.0
20230916:1103,194.03,104.56,24.46,54.6,27.43,3.72,0.0
20230916:1203,148.53,114.21,20.47,45.32,26.98,4.41,0.0
20230916:1303,65.0,162.95,13.53,33.85,25.32,5.03,0.0
20230916:1403,6.36,132.94,5.48,21.32,22.78,5.17,0.0
20230916:1503,0.0,28.14,0.97,8.26,20.96,4.76,0.0
20230916:1603,0.0,0.0,0.0,0.0,20.02,4.21,0.0
20230916:1703,0.0,0.0,0.0,0.0,19.46,4.14,0.0
20230916:1803,0.0,0.0,0.0,0.0,18.99,4.14,0.0
20230916:1903,0.0,0.0,0.0,0.0,19.32,3.79,0.0
20230916:2003,0.0,0.0,0.0,0.0,18.85,3.79,0.0
20230916:2103,0.0,0.0,0.0,0.0,18.59,3.59,0.0
20230916:2203,0.0,0.0,0.0,0.0,18.29,3.38,0.0
20230916:2303,0.0,0.0,0.0,0.0,17.76,3.45,0.0
20230917:0003,0.0,0.0,0.0,0.0,17.43,3.03,0.0
20230917:0103,0.0,0.0,0.0,0.0,17.32,2.55,0.0
20230917:0203,0.0,0.0,0.0,0.0,17.25,2.28,0.0
20230917:0303,0.0,0.0,0.0,0.0,17.13,2.21,0.0
20230917:0403,0.0,0.78,0.03,2.75,17.02,1.86,0.0
20230917:0503,0.0,37.52,1.29,15.94,17.23,2.0,0.0
20230917:0603,0.0,114.27,3.92,28.76,17.59,2.62,0.0
20230917:0703,0.58,184.02,6.39,40.82,18.32,2.9,0.0
20230917:0803,14.02,308.32,12.16,51.3,19.27,2.9,0.0
20230917:0903,24.75,349.05,14.73,58.5,19.6,2.83,0.0
20230917:1003,0.0,133.03,4.57,59.94,19.67,2.9,0.0
20230917:1103,4.8,292.54,10.57,54.89,19.25,3.03,0.0
20230917:1203,6.48,262.8,9.75,45.53,19.32,2.97,0.0
20230917:1303,0.0,85.27,2.93,34.0,18.88,2.9,0.0
20230917:1403,10.04,133.11,5.92,21.43,18.61,3.03,0.0
20230917:1503,0.0,27.29,0.94,8.36,18.08,3.52,0.0
20230917:1603,0.0,0.0,0.0,0.0,17.58,2.83,0.0
20230917:1703,0.0,0.0,0.0,0.0,17.4,2.21,0.0
20230917:1803,0.0,0.0,0.0,0.0,17.34,1.93,0.0
20230917:1903,0.0,0.0,0.0,0.0,17.36,2.41,0.0
20230917:2003,0.0,0.0,0.0,0.0,17.2,2.0,0.0
20230917:2103,0.0,0.0,0.0,0.0,17.05,1.86,0.0
20230917:2203,0.0,0.0,0.0,0.0,16.96,1.66,0.0
20230917:2303,0.0,0.0,0.0,0.0,16.83,1.45,0.0
20230918:0003,0.0,0.0,0.0,0.0,16.71,1.31,0.0
20230918:0103,0.0,0.0,0.0,0.0,16.62,1.24,0.0
20230918:0203,0.0,0.0,0.0,0.0,16.56,1.1,0.0
20230918:0303,0.0,0.0,0.0,0.0,16.5,0.97,0.0
20230918:0403,0.0,1.55,0.06,3.01,16.46,0.83,0.0
20230918:0503,0.0,37.52,1.29,16.21,16.63,0.55,0.0
20230918:0603,3.12,162.61,5.95,29.05,17.52,0.76,0.0
20230918:0703,10.16,250.31,9.72,41.14,19.23,2.41,0.0
20230918:0803,18.63,315.2,12.86,51.66,20.94,3.59,0.0
20230918:0903,16.65,344.25,13.62,58.9,22.07,3.79,0.0
20230918:1003,76.27,325.46,19.42,60.31,23.08,4.62,0.0
20230918:1103,0.31,225.9,7.79,55.17,23.46,4.55,0.0
20230918:1203,19.64,287.34,12.04,45.73,23.86,4.62,0.0
20230918:1303,97.11,117.64,14.79,34.15,23.84,4.34,0.0
20230918:1403,47.09,87.53,8.79,21.55,24.25,4.41,0.0
20230918:1503,6.36,39.87,2.75,8.46,23.64,4.21,0.0
20230918:1603,0.0,0.0,0.0,0.0,21.65,3.52,0.0
20230918:1703,0.0,0.0,0.0,0.0,20.19,3.45,0.0
20230918:1803,0.0,0.0,0.0,0.0,19.09,3.24,0.0
20230918:1903,0.0,0.0,0.0,0.0,18.62,3.03,0.0
20230918:2003,0.0,0.0,0.0,0.0,17.94,2.69,0.0
20230918:2103,0.0,0.0,0.0,0.0,17.42,2.48,0.0
20230918:2203,0.0,0.0,0.0,0.0,16.99,2.41,0.0
20230918:2303,0.0,0.0,0.0,0.0,16.64,2.34,0.0
20230919:0003,0.0,0.0,0.0,0.0,16.35,2.34,0.0
20230919:0103,0.0,0.0,0.0,0.0,16.13,2.28,0.0
20230919:0203,0.0,0.0,0.0,0.0,15.95,2.14,0.0
20230919:0303,0.0,0.0,0.0,0.0,15.76,2.07,0.0
20230919:0403,0.0,5.43,0.21,3.28,15.57,2.0,0.0
20230919:0503,26.32,78.24,5.98,16.48,17.04,2.07,0.0
20230919:0603,83.05,101.8,12.54,29.34,19.75,3.24,0.0
20230919:0703,149.88,96.52,18.72,41.46,23.35,4.48,0.0
20230919:0803,195.25,101.08,23.08,52.02,24.96,3.93,0.0
20230919:0903,222.18,103.08,25.63,59.29,26.63,3.93,0.0
20230919:1003,226.84,103.4,26.07,60.68,28.74,4.07,0.0
20230919:1103,208.86,102.61,24.4,55.45,30.27,4.21,0.0
20230919:1203,177.78,89.95,21.09,45.93,31.27,4.48,0.0
20230919:1303,120.54,87.27,15.67,34.3,31.62,4.76,0.0
20230919:1403,59.57,72.73,9.31,21.67,30.77,4.62,0.0
20230919:1503,2.9,46.74,2.11,8.56,28.56,4.0,0.0
20230919:1603,0.0,0.0,0.0,0.0,25.59,4.41,0.0
20230919:1703,0.0,0.0,0.0,0.0,23.45,3.79,0.0
20230919:1803,0.0,0.0,0.0,0.0,22.25,2.83,0.0
20230919:1903,0.0,0.0,0.0,0.0,21.5,2.28,0.0
20230919:2003,0.0,0.0,0.0,0.0,21.09,3.17,0.0
20230919:2103,0.0,0.0,0.0,0.0,20.62,4.0,0.0
20230919:2203,0.0,0.0,0.0,0.0,20.33,3.93,0.0
20230919:2303,0.0,0.0,0.0,0.0,20.11,3.79,0.0
20230920:0003,0.0,0.0,0.0,0.0,20.09,3.72,0.0
20230920:0103,0.0,0.0,0.0,0.0,20.08,3.52,0.0
20230920:0203,0.0,0.0,0.0,0.0,20.07,3.31,0.0
20230920:0303,0.0,0.0,0.0,0.0,19.97,2.97,0.0
20230920:0403,0.0,2.56,0.09,3.54,19.69,2.55,0.0
20230920:0503,20.1,93.73,5.56,16.75,20.85,2.28,0.0
20230920:0603,89.91,101.58,12.89,29.63,24.39,2.9,0.0
20230920:0703,171.91,79.55,19.77,41.78,28.59,3.17,0.0
20230920:0803,216.2,86.85,24.08,52.38,31.66,2.14,0.0
20230920:0903,241.76,90.66,26.54,59.69,34.19,1.52,0.0
20230920:1003,243.56,94.05,26.83,61.05,35.9,1.86,0.0
20230920:1103,224.47,93.95,25.1,55.74,36.58,3.03,0.0
20230920:1203,186.89,88.33,21.47,46.13,33.15,5.86,0.0
20230920:1303,128.15,86.39,15.99,34.44,28.24,6.76,0.0
20230920:1403,62.71,75.59,9.4,21.78,26.15,6.41,0.0
20230920:1503,11.09,40.02,2.96,8.66,24.01,5.59,0.0
20230920:1603,0.0,0.0,0.0,0.0,22.06,4.62,0.0
20230920:1703,0.0,0.0,0.0,0.0,20.6,4.34,0.0
20230920:1803,0.0,0.0,0.0,0.0,19.85,3.72,0.0
20230920:1903,0.0,0.0,0.0,0.0,19.71,4.0,0.0
20230920:2003,0.0,0.0,0.0,0.0,19.36,3.79,0.0
20230920:2103,0.0,0.0,0.0,0.0,18.94,3.45,0.0
20230920:2203,0.0,0.0,0.0,0.0,18.68,2.9,0.0
20230920:2303,0.0,0.0,0.0,0.0,18.48,2.48,0.0
20230921:0003,0.0,0.0,0.0,0.0,18.06,2.41,0.0
20230921:0103,0.0,0.0,0.0,0.0,17.51,2.0,0.0
20230921:0203,0.0,0.0,0.0,0.0,17.04,1.59,0.0
20230921:0303,0.0,0.0,0.0,0.0,16.74,1.31,0.0
20230921:0403,0.0,8.53,0.29,3.8,15.98,1.17,0.0
20230921:0503,32.36,81.21,6.27,17.02,17.83,1.03,0.0
20230921:0603,102.07,89.62,13.27,29.92,19.68,1.03,0.0
20230921:0703,162.15,97.98,19.13,42.1,22.21,1.79,0.0
20230921:0803,214.01,95.49,23.75,52.75,24.44,2.62,0.0
20230921:0903,238.65,100.63,26.18,60.09,26.49,3.24,0.0
20230921:1003,240.08,104.13,26.45,61.42,28.46,3.79,0.0
20230921:1103,224.51,99.57,24.87,56.02,30.06,4.14,0.0
20230921:1203,187.11,93.96,21.26,46.33,31.05,4.28,0.0
20230921:1303,130.83,88.24,15.9,34.59,31.32,4.28,0.0
20230921:1403,61.48,82.67,9.2,21.9,30.91,4.41,0.0
20230921:1503,13.92,39.36,3.05,8.76,29.62,3.79,0.0
20230921:1603,0.0,0.0,0.0,0.0,27.37,3.17,0.0
20230921:1703,0.0,0.0,0.0,0.0,25.51,2.83,0.0
20230921:1803,0.0,0.0,0.0,0.0,24.08,2.69,0.0
20230921:1903,0.0,0.0,0.0,0.0,22.68,2.55,0.0
20230921:2003,0.0,0.0,0.0,0.0,21.83,2.28,0.0
20230921:2103,0.0,0.0,0.0,0.0,21.15,2.21,0.0
20230921:2203,0.0,0.0,0.0,0.0,20.57,2.07,0.0
20230921:2303,0.0,0.0,0.0,0.0,20.05,1.79,0.0
20230922:0003,0.0,0.0,0.0,0.0,19.72,0.9,0.0
20230922:0103,0.0,0.0,0.0,0.0,19.41,0.83,0.0
20230922:0203,0.0,0.0,0.0,0.0,17.81,1.79,0.0
20230922:0303,0.0,0.0,0.0,0.0,17.6,1.86,0.0
20230922:0403,0.0,10.23,0.35,4.06,17.44,1.86,0.0
20230922:0503,42.08,74.34,6.77,17.29,19.55,1.93,0.0
20230922:0603,102.63,98.27,13.3,30.21,22.27,2.41,0.0
20230922:0703,164.89,103.84,19.21,42.42,24.36,1.79,0.0
20230922:0803,219.49,98.65,23.96,53.11,26.45,1.1,0.0
20230922:0903,250.56,96.18,26.65,60.49,28.44,0.97,0.0
20230922:1003,251.96,99.63,26.92,61.79,30.11,1.24,0.0
20230922:1103,229.67,102.74,25.04,56.29,31.32,1.79,0.0
20230922:1203,194.76,93.36,21.53,46.52,31.91,2.41,0.0
20230922:1303,133.74,92.64,15.96,34.73,31.61,3.24,0.0
20230922:1403,72.82,73.95,9.67,22.01,29.99,3.86,0.0
20230922:1503,13.06,43.84,2.9,8.87,27.14,3.66,0.0
20230922:1603,0.0,0.0,0.0,0.0,24.34,2.97,0.0
20230922:1703,0.0,0.0,0.0,0.0,22.58,2.41,0.0
20230922:1803,0.0,0.0,0.0,0.0,21.63,1.72,0.0
20230922:1903,0.0,0.0,0.0,0.0,20.98,1.24,0.0
20230922:2003,0.0,0.0,0.0,0.0,20.5,1.1,0.0
20230922:2103,0.0,0.0,0.0,0.0,19.96,0.97,0.0
20230922:2203,0.0,0.0,0.0,0.0,19.24,0.97,0.0
20230922:2303,0.0,0.0,0.0,0.0,18.79,0.9,0.0
20230923:0003,0.0,0.0,0.0,0.0,18.42,0.9,0.0
20230923:0103,0.0,0.0,0.0,0.0,18.36,0.76,0.0
20230923:0203,0.0,0.0,0.0,0.0,18.37,0.55,0.0
20230923:0303,0.0,0.0,0.0,0.0,18.52,0.0,0.0
20230923:0403,0.0,4.26,0.15,4.32,18.59,0.62,0.0
20230923:0503,2.72,94.02,3.49,17.56,19.24,1.03,0.0
20230923:0603,31.25,191.04,9.58,30.49,20.88,1.79,0.0
20230923:0703,124.36,168.91,17.57,42.73,23.56,2.76,0.0
20230923:0803,204.24,124.18,23.17,53.47,26.16,2.9,0.0
20230923:0903,242.66,110.43,26.07,60.88,28.87,3.31,0.0
20230923:1003,250.48,106.19,26.59,62.16,31.86,3.86,0.0
20230923:1103,234.5,101.66,24.98,56.57,34.0,4.28,0.0
20230923:1203,201.85,89.79,21.59,46.72,35.29,4.48,0.0
20230923:1303,141.33,87.9,16.08,34.88,35.68,4.41,0.0
20230923:1403,75.38,75.61,9.64,22.13,35.03,4.14,0.0
20230923:1503,18.29,41.78,3.16,8.97,33.34,3.52,0.0
20230923:1603,0.0,0.0,0.0,0.0,30.17,3.45,0.0
20230923:1703,0.0,0.0,0.0,0.0,27.64,3.31,0.0
20230923:1803,0.0,0.0,0.0,0.0,25.98,2.69,0.0
20230923:1903,0.0,0.0,0.0,0.0,24.28,2.07,0.0
20230923:2003,0.0,0.0,0.0,0.0,22.89,2.62,0.0
20230923:2103,0.0,0.0,0.0,0.0,21.89,2.62,0.0
20230923:2203,0.0,0.0,0.0,0.0,21.35,2.62,0.0
20230923:2303,0.0,0.0,0.0,0.0,20.87,2.48,0.0
20230924:0003,0.0,0.0,0.0,0.0,20.53,2.55,0.0
20230924:0103,0.0,0.0,0.0,0.0,20.5,2.55,0.0
20230924:0203,0.0,0.0,0.0,0.0,20.55,2.69,0.0
20230924:0303,0.0,0.0,0.0,0.0,20.7,2.62,0.0
20230924:0403,0.0,4.26,0.15,4.58,20.59,2.48,0.0
20230924:0503,12.86,106.9,4.83,17.83,21.43,3.1,0.0
20230924:0603,10.86,188.18,7.47,30.78,22.92,2.83,0.0
20230924:0703,14.6,263.69,10.43,43.05,24.77,2.62,0.0
20230924:0803,77.63,300.21,17.66,53.82,26.34,2.07,0.0
20230924:0903,55.02,354.82,17.43,61.28,27.74,1.93,0.0
20230924:1003,149.8,253.43,22.73,62.53,28.51,2.34,0.0
20230924:1103,51.95,337.13,16.52,56.85,28.8,2.83,0.0
20230924:1203,148.27,167.2,19.39,46.91,29.28,2.97,0.0
20230924:1303,99.17,149.84,14.26,35.02,28.53,3.59,0.0
20230924:1403,25.12,136.67,7.0,22.24,27.02,4.28,0.0
20230924:1503,10.82,49.01,2.61,9.07,25.18,4.14,0.0
20230924:1603,0.0,0.0,0.0,0.0,23.45,3.17,0.0
20230924:1703,0.0,0.0,0.0,0.0,22.31,2.76,0.0
20230924:1803,0.0,0.0,0.0,0.0,21.62,2.62,0.0
20230924:1903,0.0,0.0,0.0,0.0,21.14,2.76,0.0
20230924:2003,0.0,0.0,0.0,0.0,20.8,2.07,0.0
20230924:2103,0.0,0.0,0.0,0.0,20.59,0.97,0.0
20230924:2203,0.0,0.0,0.0,0.0,20.42,0.76,0.0
20230924:2303,0.0,0.0,0.0,0.0,20.35,0.62,0.0
20230925:0003,0.0,0.0,0.0,0.0,20.29,0.69,0.0
20230925:0103,0.0,0.0,0.0,0.0,20.29,0.62,0.0
20230925:0203,0.0,0.0,0.0,0.0,20.37,1.24,0.0
20230925:0303,0.0,0.0,0.0,0.0,20.11,1.31,0.0
20230925:0403,0.0,3.41,0.12,4.84,19.96,1.59,0.0
20230925:0503,20.96,107.13,5.48,18.09,20.65,2.34,0.0
20230925:0603,96.31,125.91,12.83,31.06,21.93,2.9,0.0
20230925:0703,58.32,259.24,14.26,43.36,23.5,3.38,0.0
20230925:0803,161.06,199.64,21.47,54.18,25.78,3.45,0.0
20230925:0903,207.78,173.83,24.69,61.68,27.72,3.93,0.0
20230925:1003,112.65,308.83,21.06,62.9,29.66,4.62,0.0
20230925:1103,77.25,321.27,18.22,57.12,31.19,5.52,0.0
20230925:1203,93.26,247.16,17.05,47.11,31.77,6.14,0.0
20230925:1303,3.59,191.08,6.88,35.16,31.78,6.41,0.0
20230925:1403,0.37,92.89,3.22,22.36,30.84,6.07,0.0
20230925:1503,0.0,16.2,0.56,9.17,28.58,4.69,0.0
20230925:1603,0.0,0.0,0.0,0.0,25.98,4.83,0.0
20230925:1703,0.0,0.0,0.0,0.0,24.25,4.41,0.0
20230925:1803,0.0,0.0,0.0,0.0,23.27,4.0,0.0
20230925:1903,0.0,0.0,0.0,0.0,22.52,3.66,0.0
20230925:2003,0.0,0.0,0.0,0.0,22.17,3.1,0.0
20230925:2103,0.0,0.0,0.0,0.0,22.15,2.48,0.0
20230925:2203,0.0,0.0,0.0,0.0,21.79,1.93,0.0
20230925:2303,0.0,0.0,0.0,0.0,21.41,1.72,0.0
20230926:0003,0.0,0.0,0.0,0.0,21.07,1.72,0.0
20230926:0103,0.0,0.0,0.0,0.0,20.73,1.79,0.0
20230926:0203,0.0,0.0,0.0,0.0,20.61,1.52,0.0
20230926:0303,0.0,0.0,0.0,0.0,20.04,1.31,0.0
20230926:0403,0.0,16.2,0.56,5.1,19.98,1.1,0.0
20230926:0503,3.13,100.09,3.69,18.36,21.74,0.83,0.0
20230926:0603,17.81,200.37,8.44,31.34,24.23,1.79,0.0
20230926:0703,195.84,96.36,20.09,43.67,26.14,3.52,0.0
20230926:0803,244.67,98.79,24.49,54.54,27.68,3.79,0.0
20230926:0903,272.64,100.14,27.0,62.08,28.73,3.93,0.0
20230926:1003,273.21,103.69,27.21,63.26,29.35,4.28,0.0
20230926:1103,224.11,140.77,24.46,57.39,29.39,4.9,0.0
20230926:1203,211.01,100.76,21.62,47.3,28.63,5.38,0.0
20230926:1303,152.3,95.21,16.23,35.3,27.53,5.38,0.0
20230926:1403,87.88,77.25,9.87,22.47,25.29,6.0,0.0
20230926:1503,24.62,43.96,3.25,9.27,23.27,5.45,0.0
20230926:1603,0.0,0.0,0.0,0.0,21.43,4.21,0.0
20230926:1703,0.0,0.0,0.0,0.0,20.36,3.59,0.0
20230926:1803,0.0,0.0,0.0,0.0,19.77,3.24,0.0
20230926:1903,0.0,0.0,0.0,0.0,19.78,3.24,0.0
20230926:2003,0.0,0.0,0.0,0.0,19.48,3.31,0.0
20230926:2103,0.0,0.0,0.0,0.0,19.31,3.45,0.0
20230926:2203,0.0,0.0,0.0,0.0,18.93,3.72,0.0
20230926:2303,0.0,0.0,0.0,0.0,18.6,3.72,0.0
20230927:0003,0.0,0.0,0.0,0.0,18.11,3.52,0.0
20230927:0103,0.0,0.0,0.0,0.0,17.63,3.31,0.0
20230927:0203,0.0,0.0,0.0,0.0,17.26,3.03,0.0
20230927:0303,0.0,0.0,0.0,0.0,16.79,2.62,0.0
20230927:0403,0.0,3.41,0.12,5.36,16.43,2.62,0.0
20230927:0503,1.63,91.87,3.28,18.62,16.95,2.34,0.0
20230927:0603,0.0,36.67,1.26,31.62,17.53,2.41,0.0
20230927:0703,0.0,142.41,4.89,43.98,17.13,1.79,0.0
20230927:0803,0.0,72.48,2.49,54.89,17.13,1.93,0.0
20230927:0903,0.0,214.04,7.35,62.47,17.97,2.48,0.0
20230927:1003,0.0,169.7,5.83,63.63,20.38,3.52,0.0
20230927:1103,0.0,142.41,4.89,57.66,21.81,2.97,0.0
20230927:1203,3.69,248.23,8.85,47.49,21.91,2.28,0.0
20230927:1303,0.0,74.19,2.55,35.45,21.17,1.86,0.0
20230927:1403,0.0,36.67,1.26,22.59,20.34,2.28,0.0
20230927:1503,0.47,38.34,1.35,9.37,19.15,2.0,0.0
20230927:1603,0.0,0.0,0.0,0.0,17.99,2.21,0.0
20230927:1703,0.0,0.0,0.0,0.0,17.13,2.07,0.0
20230927:1803,0.0,0.0,0.0,0.0,16.65,1.93,0.0
20230927:1903,0.0,0.0,0.0,0.0,16.53,2.34,0.0
20230927:2003,0.0,0.0,0.0,0.0,16.48,2.21,0.0
20230927:2103,0.0,0.0,0.0,0.0,16.43,2.14,0.0
20230927:2203,0.0,0.0,0.0,0.0,16.36,2.21,0.0
20230927:2303,0.0,0.0,0.0,0.0,16.3,2.21,0.0
20230928:0003,0.0,0.0,0.0,0.0,16.25,1.79,0.0
20230928:0103,0.0,0.0,0.0,0.0,16.24,1.59,0.0
20230928:0203,0.0,0.0,0.0,0.0,16.22,1.72,0.0
20230928:0303,0.0,0.0,0.0,0.0,16.15,1.86,0.0
20230928:0403,0.0,14.5,0.5,5.61,16.04,1.79,0.0
20230928:0503,0.0,19.61,0.67,18.88,16.42,1.52,0.0
20230928:0603,0.0,132.18,4.54,31.9,17.25,1.86,0.0
20230928:0703,19.31,276.04,11.13,44.29,18.52,2.0,0.0
20230928:0803,46.23,336.82,15.61,55.24,19.32,1.66,0.0
20230928:0903,181.82,233.19,23.72,62.87,19.93,1.03,0.0
20230928:1003,285.64,102.18,27.36,64.0,21.01,0.76,0.0
20230928:1103,186.28,203.93,22.96,57.93,21.87,0.69,0.0
20230928:1203,125.36,224.02,18.39,47.67,22.31,1.17,0.0
20230928:1303,0.39,158.55,5.48,35.58,22.14,1.79,0.0
20230928:1403,52.45,124.0,8.32,22.7,21.81,2.28,0.0
20230928:1503,0.0,32.4,1.11,9.48,20.98,2.76,0.0
20230928:1603,0.0,0.0,0.0,0.0,19.45,2.41,0.0
20230928:1703,0.0,0.0,0.0,0.0,18.28,1.93,0.0
20230928:1803,0.0,0.0,0.0,0.0,17.63,1.1,0.0
20230928:1903,0.0,0.0,0.0,0.0,17.65,0.55,0.0
20230928:2003,0.0,0.0,0.0,0.0,17.65,0.41,0.0
20230928:2103,0.0,0.0,0.0,0.0,17.02,0.76,0.0
20230928:2203,0.0,0.0,0.0,0.0,16.75,0.76,0.0
20230928:2303,0.0,0.0,0.0,0.0,15.72,1.1,0.0
20230929:0003,0.0,0.0,0.0,0.0,14.91,1.45,0.0
20230929:0103,0.0,0.0,0.0,0.0,14.77,1.66,0.0
20230929:0203,0.0,0.0,0.0,0.0,14.58,1.86,0.0
20230929:0303,0.0,0.0,0.0,0.0,14.45,1.93,0.0
20230929:0403,13.12,29.93,1.61,5.87,14.51,1.93,0.0
20230929:0503,82.89,69.29,8.23,19.14,17.4,2.28,0.0
20230929:0603,150.28,90.49,14.76,32.17,19.82,3.03,0.0
20230929:0703,210.42,101.91,20.41,44.59,22.39,3.38,0.0
20230929:0803,262.81,101.73,24.93,55.6,24.64,3.59,0.0
20230929:0903,294.98,97.9,27.53,63.27,26.63,3.79,0.0
20230929:1003,294.72,102.15,27.71,64.36,28.28,3.93,0.0
20230929:1103,277.52,97.67,26.01,58.2,29.4,3.93,0.0
20230929:1203,239.4,89.79,22.35,47.86,30.2,4.0,0.0
20230929:1303,173.58,89.57,16.69,35.72,30.52,4.0,0.0
20230929:1403,99.5,80.59,10.08,22.81,30.36,3.72,0.0
20230929:1503,32.05,46.86,3.43,9.58,29.02,3.03,0.0
20230929:1603,0.0,0.0,0.0,0.0,26.97,2.41,0.0
20230929:1703,0.0,0.0,0.0,0.0,25.43,2.21,0.0
20230929:1803,0.0,0.0,0.0,0.0,24.18,2.0,0.0
20230929:1903,0.0,0.0,0.0,0.0,22.91,1.59,0.0
20230929:2003,0.0,0.0,0.0,0.0,21.74,1.79,0.0
20230929:2103,0.0,0.0,0.0,0.0,21.07,2.21,0.0
20230929:2203,0.0,0.0,0.0,0.0,20.7,2.34,0.0
20230929:2303,0.0,0.0,0.0,0.0,20.49,2.34,0.0
20230930:0003,0.0,0.0,0.0,0.0,20.02,2.28,0.0
20230930:0103,0.0,0.0,0.0,0.0,19.46,2.14,0.0
20230930:0203,0.0,0.0,0.0,0.0,18.86,2.14,0.0
20230930:0303,0.0,0.0,0.0,0.0,18.27,2.14,0.0
20230930:0403,18.03,31.04,1.82,6.12,17.88,2.14,0.0
20230930:0503,90.27,69.41,8.52,19.4,20.32,2.07,0.0
20230930:0603,168.25,80.53,15.44,32.45,24.69,2.55,0.0
20230930:0703,223.51,98.45,20.97,44.9,28.81,3.38,0.0
20230930:0803,277.63,96.21,25.51,55.94,31.88,3.93,0.0
20230930:0903,302.67,100.69,27.88,63.66,34.23,4.14,0.0
20230930:1003,306.19,101.08,28.21,64.73,35.89,4.28,0.0
20230930:1103,280.94,104.42,26.18,58.46,36.82,4.41,0.0
20230930:1203,246.59,92.02,22.64,48.04,37.24,4.41,0.0
20230930:1303,170.68,100.6,16.58,35.86,37.01,4.48,0.0
20230930:1403,88.68,97.9,9.69,22.93,35.73,4.55,0.0
20230930:1503,34.98,47.27,3.49,9.69,33.46,4.62,0.0
20230930:1603,0.0,0.0,0.0,0.0,31.18,4.55,0.0
20230930:1703,0.0,0.0,0.0,0.0,29.73,4.28,0.0
20230930:1803,0.0,0.0,0.0,0.0,28.53,3.45,0.0
20230930:1903,0.0,0.0,0.0,0.0,24.88,5.72,0.0
20230930:2003,0.0,0.0,0.0,0.0,20.67,6.28,0.0
20230930:2103,0.0,0.0,0.0,0.0,20.03,4.97,0.0
20230930:2203,0.0,0.0,0.0,0.0,19.84,6.28,0.0
20230930:2303,0.0,0.0,0.0,0.0,19.55,6.14,0.0
20231001:0003,0.0,0.0,0.0,0.0,19.17,5.72,0.0
20231001:0103,0.0,0.0,0.0,0.0,18.93,3.93,0.0
20231001:0203,0.0,0.0,0.0,0.0,18.67,3.72,0.0
20231001:0303,0.0,0.0,0.0,0.0,18.31,4.14,0.0
20231001:0403,0.0,5.97,0.21,6.37,17.93,4.0,0.0
20231001:0503,0.0,28.99,1.0,19.66,17.94,4.9,0.0
20231001:0603,0.0,52.02,1.79,32.72,18.22,5.31,0.0
20231001:0703,0.0,176.52,6.06,45.2,18.13,4.69,0.0
20231001:0803,0.0,105.74,3.63,56.29,18.97,5.31,0.0
20231001:0903,8.92,334.17,12.21,64.06,19.46,5.31,0.0
20231001:1003,0.39,261.73,9.02,65.09,19.69,5.45,0.0
20231001:1103,0.0,133.03,4.57,58.72,19.68,5.45,0.0
20231001:1203,0.0,85.27,2.93,48.23,19.28,5.38,0.0
20231001:1303,0.0,93.8,3.22,36.0,18.76,5.31,0.0
20231001:1403,5.85,132.33,4.95,23.04,18.31,4.48,0.0
20231001:1503,7.12,55.29,2.26,9.79,18.0,3.86,0.0
20231001:1603,0.0,0.0,0.0,0.0,17.46,3.17,0.0
20231001:1703,0.0,0.0,0.0,0.0,16.77,2.83,0.0
20231001:1803,0.0,0.0,0.0,0.0,16.28,2.55,0.0
20231001:1903,0.0,0.0,0.0,0.0,15.86,2.34,0.0
20231001:2003,0.0,0.0,0.0,0.0,15.89,2.14,0.0
20231001:2103,0.0,0.0,0.0,0.0,15.88,2.0,0.0
20231001:2203,0.0,0.0,0.0,0.0,15.87,1.79,0.0
20231001:2303,0.0,0.0,0.0,0.0,16.02,1.72,0.0
20231002:0003,0.0,0.0,0.0,0.0,16.15,1.59,0.0
20231002:0103,0.0,0.0,0.0,0.0,16.11,1.72,0.0
20231002:0203,0.0,0.0,0.0,0.0,16.17,1.52,0.0
20231002:0303,0.0,0.0,0.0,0.0,15.84,1.1,0.0
20231002:0403,0.0,9.38,0.32,6.62,15.63,0.62,0.0
20231002:0503,0.0,40.93,1.41,19.91,16.65,0.48,0.0
20231002:0603,0.0,81.01,2.78,32.99,18.06,1.17,0.0
20231002:0703,0.82,212.22,7.35,45.49,19.37,0.83,0.0
20231002:0803,220.17,186.06,23.84,56.63,19.77,0.55,0.0
20231002:0903,261.9,169.94,26.71,64.45,20.17,0.69,0.0
20231002:1003,3.93,316.5,11.19,65.46,20.74,0.97,0.0
20231002:1103,37.68,364.19,15.58,58.98,21.41,1.31,0.0
20231002:1203,0.0,123.65,4.25,48.41,22.2,1.72,0.0
20231002:1303,23.65,238.82,9.99,36.14,22.59,2.28,0.0
20231002:1403,62.56,133.03,8.79,23.16,22.3,2.83,0.0
20231002:1503,42.31,49.78,3.72,9.9,21.33,2.97,0.0
20231002:1603,0.0,0.0,0.0,0.0,19.52,2.62,0.0
20231002:1703,0.0,0.0,0.0,0.0,17.97,2.62,0.0
20231002:1803,0.0,0.0,0.0,0.0,16.85,2.69,0.0
20231002:1903,0.0,0.0,0.0,0.0,16.38,2.62,0.0
20231002:2003,0.0,0.0,0.0,0.0,15.78,2.62,0.0
20231002:2103,0.0,0.0,0.0,0.0,15.32,2.62,0.0
20231002:2203,0.0,0.0,0.0,0.0,14.95,2.62,0.0
20231002:2303,0.0,0.0,0.0,0.0,14.78,2.62,0.0
20231003:0003,0.0,0.0,0.0,0.0,14.52,2.69,0.0
20231003:0103,0.0,0.0,0.0,0.0,14.43,2.69,0.0
20231003:0203,0.0,0.0,0.0,0.0,14.19,2.76,0.0
20231003:0303,0.0,0.0,0.0,0.0,14.12,2.9,0.0
20231003:0403,26.87,36.21,2.2,6.87,14.38,3.1,0.0
20231003:0503,102.25,76.6,8.93,20.16,16.27,3.45,0.0
20231003:0603,177.96,93.88,15.76,33.25,18.63,4.76,0.0
20231003:0703,238.35,108.08,21.47,45.79,20.84,5.38,0.0
20231003:0803,293.14,106.79,26.04,56.98,22.83,5.38,0.0
20231003:0903,318.08,111.2,28.38,64.84,24.61,5.31,0.0
20231003:1003,316.91,116.25,28.53,65.82,26.15,5.31,0.0
20231003:1103,298.86,111.26,26.74,59.24,27.27,5.31,0.0
20231003:1203,252.91,109.51,22.76,48.59,27.9,5.31,0.0
20231003:1303,189.27,103.2,17.13,36.27,27.98,5.24,0.0
20231003:1403,119.58,84.78,10.63,23.27,27.43,5.03,0.0
20231003:1503,44.21,51.12,3.75,10.0,26.17,4.14,0.0
20231003:1603,0.0,0.0,0.0,0.0,23.89,3.52,0.0
20231003:1703,0.0,0.0,0.0,0.0,22.1,3.24,0.0
20231003:1803,0.0,0.0,0.0,0.0,20.8,3.03,0.0
20231003:1903,0.0,0.0,0.0,0.0,20.01,2.69,0.0
20231003:2003,0.0,0.0,0.0,0.0,19.12,2.62,0.0
20231003:2103,0.0,0.0,0.0,0.0,18.45,2.62,0.0
20231003:2203,0.0,0.0,0.0,0.0,17.9,2.55,0.0
20231003:2303,0.0,0.0,0.0,0.0,17.4,2.41,0.0
20231004:0003,0.0,0.0,0.0,0.0,16.88,2.28,0.0
20231004:0103,0.0,0.0,0.0,0.0,16.31,2.14,0.0
20231004:0203,0.0,0.0,0.0,0.0,15.64,1.79,0.0
20231004:0303,0.0,0.0,0.0,0.0,16.7,0.83,0.0
20231004:0403,7.36,37.95,1.55,7.12,17.04,0.21,0.0
20231004:0503,54.05,119.28,7.35,20.41,18.41,0.14,0.0
20231004:0603,163.73,111.98,15.17,33.51,21.1,0.28,0.0
20231004:0703,237.76,113.18,21.29,46.08,23.91,0.14,0.0
20231004:0803,291.84,112.58,25.8,57.31,26.07,0.69,0.0
20231004:0903,320.2,113.76,28.26,65.23,27.95,1.31,0.0
20231004:1003,319.01,118.17,28.38,66.18,29.5,1.86,0.0
20231004:1103,300.9,113.16,26.59,59.5,30.63,2.34,0.0
20231004:1203,258.43,108.1,22.76,48.77,31.19,2.76,0.0
20231004:1303,193.55,103.23,17.13,36.41,31.18,3.24,0.0
20231004:1403,121.35,86.47,10.57,23.39,30.42,3.52,0.0
20231004:1503,46.06,52.45,3.78,10.11,28.68,3.38,0.0
20231004:1603,0.0,0.0,0.0,0.0,25.79,3.38,0.0
20231004:1703,0.0,0.0,0.0,0.0,23.53,3.24,0.0
20231004:1803,0.0,0.0,0.0,0.0,21.97,3.1,0.0
20231004:1903,0.0,0.0,0.0,0.0,21.15,2.9,0.0
20231004:2003,0.0,0.0,0.0,0.0,20.35,2.69,0.0
20231004:2103,0.0,0.0,0.0,0.0,19.71,2.55,0.0
20231004:2203,0.0,0.0,0.0,0.0,19.15,2.48,0.0
20231004:2303,0.0,0.0,0.0,0.0,18.65,2.41,0.0
20231005:0003,0.0,0.0,0.0,0.0,18.18,2.34,0.0
20231005:0103,0.0,0.0,0.0,0.0,17.76,2.41,0.0
20231005:0203,0.0,0.0,0.0,0.0,17.54,2.41,0.0
20231005:0303,0.0,0.0,0.0,0.0,17.37,2.48,0.0
20231005:0403,10.13,39.89,1.7,7.36,17.39,2.41,0.0
20231005:0503,57.55,120.41,7.5,20.66,19.15,2.76,0.0
20231005:0603,186.15,96.87,15.87,33.77,21.99,3.31,0.0
20231005:0703,224.1,135.3,20.85,46.36,24.47,3.38,0.0
20231005:0803,285.74,125.27,25.51,57.65,26.96,3.59,0.0
20231005:0903,321.8,119.01,28.23,65.62,29.13,3.79,0.0
20231005:1003,316.07,127.54,28.18,66.54,30.89,3.86,0.0
20231005:1103,298.27,122.49,26.42,59.75,32.15,4.0,0.0
20231005:1203,249.9,122.0,22.35,48.94,32.86,4.14,0.0
20231005:1303,195.56,106.45,17.1,36.54,32.85,4.28,0.0
20231005:1403,125.51,87.08,10.63,23.5,32.06,4.21,0.0
20231005:1503,47.87,52.91,3.78,10.22,30.41,3.59,0.0
20231005:1603,0.0,0.0,0.0,0.0,27.62,3.38,0.0
20231005:1703,0.0,0.0,0.0,0.0,25.33,3.1,0.0
20231005:1803,0.0,0.0,0.0,0.0,23.66,2.97,0.0
20231005:1903,0.0,0.0,0.0,0.0,22.53,3.03,0.0
20231005:2003,0.0,0.0,0.0,0.0,21.59,2.76,0.0
20231005:2103,0.0,0.0,0.0,0.0,20.87,2.62,0.0
20231005:2203,0.0,0.0,0.0,0.0,20.18,1.86,0.0
20231005:2303,0.0,0.0,0.0,0.0,19.33,1.59,0.0
20231006:0003,0.0,0.0,0.0,0.0,18.64,1.79,0.0
20231006:0103,0.0,0.0,0.0,0.0,18.52,1.93,0.0
20231006:0203,0.0,0.0,0.0,0.0,19.06,2.0,0.0
20231006:0303,0.0,0.0,0.0,0.0,19.8,2.0,0.0
20231006:0403,10.42,41.68,1.76,7.6,20.34,1.79,0.0
20231006:0503,9.11,124.85,4.8,20.9,21.95,2.41,0.0
20231006:0603,145.08,141.44,14.53,34.03,23.2,2.21,0.0
20231006:0703,162.71,207.78,18.86,46.65,24.61,0.76,0.0
20231006:0803,249.72,170.3,24.28,57.98,26.31,0.9,0.0
20231006:0903,279.13,169.87,26.71,66.01,28.42,2.0,0.0
20231006:1003,315.4,130.57,27.88,66.89,30.09,2.83,0.0
20231006:1103,301.72,120.76,26.24,60.0,31.23,3.45,0.0
20231006:1203,259.96,114.21,22.44,49.12,31.86,3.79,0.0
20231006:1303,195.19,109.28,16.9,36.68,31.92,3.93,0.0
20231006:1403,121.96,91.61,10.37,23.61,31.38,3.93,0.0
20231006:1503,43.79,55.86,3.63,10.33,29.88,3.59,0.0
20231006:1603,0.0,0.0,0.0,0.0,27.05,3.38,0.0
20231006:1703,0.0,0.0,0.0,0.0,24.71,3.52,0.0
20231006:1803,0.0,0.0,0.0,0.0,23.18,3.38,0.0
20231006:1903,0.0,0.0,0.0,0.0,22.35,3.52,0.0
20231006:2003,0.0,0.0,0.0,0.0,21.62,3.45,0.0
20231006:2103,0.0,0.0,0.0,0.0,21.18,3.17,0.0
20231006:2203,0.0,0.0,0.0,0.0,20.84,2.97,0.0
20231006:2303,0.0,0.0,0.0,0.0,20.64,2.9,0.0
20231007:0003,0.0,0.0,0.0,0.0,20.49,2.97,0.0
20231007:0103,0.0,0.0,0.0,0.0,20.2,3.1,0.0
20231007:0203,0.0,0.0,0.0,0.0,20.05,3.1,0.0
20231007:0303,0.0,0.0,0.0,0.0,19.96,2.97,0.0
20231007:0403,3.57,38.62,1.44,7.84,20.25,2.9,0.0
20231007:0503,78.46,111.04,8.14,21.14,22.68,3.31,0.0
20231007:0603,176.67,113.98,15.38,34.28,25.87,4.41,0.0
20231007:0703,242.36,123.87,21.12,46.93,28.95,5.03,0.0
20231007:0803,295.23,124.72,25.51,58.31,31.76,5.59,0.0
20231007:0903,322.55,126.65,27.88,66.39,34.07,5.93,0.0
20231007:1003,320.88,131.18,27.97,67.25,35.78,5.93,0.0
20231007:1103,302.98,125.43,26.18,60.25,36.92,5.86,0.0
20231007:1203,268.43,112.24,22.64,49.29,37.39,5.79,0.0
20231007:1303,194.64,114.3,16.78,36.81,37.27,5.79,0.0
20231007:1403,119.1,97.58,10.22,23.73,36.59,5.52,0.0
20231007:1503,49.09,56.34,3.78,10.44,35.06,4.34,0.0
20231007:1603,0.0,0.0,0.0,0.0,32.94,2.21,0.0
20231007:1703,0.0,0.0,0.0,0.0,29.96,3.24,0.0
20231007:1803,0.0,0.0,0.0,0.0,25.58,5.1,0.0
20231007:1903,0.0,0.0,0.0,0.0,22.89,5.1,0.0
20231007:2003,0.0,0.0,0.0,0.0,22.61,5.03,0.0
20231007:2103,0.0,0.0,0.0,0.0,22.5,4.83,0.0
20231007:2203,0.0,0.0,0.0,0.0,22.21,5.1,0.0
20231007:2303,0.0,0.0,0.0,0.0,21.65,4.83,0.0
20231008:0003,0.0,0.0,0.0,0.0,21.09,4.97,0.0
20231008:0103,0.0,0.0,0.0,0.0,20.45,4.62,0.0
20231008:0203,0.0,0.0,0.0,0.0,20.13,4.62,0.0
20231008:0303,0.0,0.0,0.0,0.0,19.77,4.28,0.0
20231008:0403,0.0,19.61,0.67,8.07,19.59,4.41,0.0
20231008:0503,0.0,62.25,2.14,21.38,20.16,5.93,0.0
20231008:0603,3.37,181.34,6.44,34.53,21.11,5.31,0.0
20231008:0703,1.8,228.34,7.97,47.2,21.82,4.97,0.0
20231008:0803,6.52,303.52,10.9,58.64,22.33,4.9,0.0
20231008:0903,27.37,377.33,15.0,66.77,22.69,4.97,0.0
20231008:1003,0.0,233.65,8.03,67.6,22.25,4.9,0.0
20231008:1103,0.0,124.5,4.28,60.5,21.96,4.83,0.0
20231008:1203,0.0,104.03,3.57,49.47,21.04,4.55,0.0
20231008:1303,0.0,81.86,2.81,36.94,20.5,4.28,0.0
20231008:1403,0.0,57.99,1.99,23.85,20.03,4.21,0.0
20231008:1503,0.78,40.96,1.44,10.55,19.59,4.14,0.0
20231008:1603,0.0,0.0,0.0,0.0,18.96,4.0,0.0
20231008:1703,0.0,0.0,0.0,0.0,18.58,3.38,0.0
20231008:1803,0.0,0.0,0.0,0.0,18.52,2.76,0.0
20231008:1903,0.0,0.0,0.0,0.0,18.58,2.48,0.0
20231008:2003,0.0,0.0,0.0,0.0,18.18,2.21,0.0
20231008:2103,0.0,0.0,0.0,0.0,17.96,2.07,0.0
20231008:2203,0.0,0.0,0.0,0.0,17.79,1.72,0.0
20231008:2303,0.0,0.0,0.0,0.0,17.75,1.52,0.0
20231009:0003,0.0,0.0,0.0,0.0,17.7,1.72,0.0
20231009:0103,0.0,0.0,0.0,0.0,17.56,1.66,0.0
20231009:0203,0.0,0.0,0.0,0.0,17.37,1.45,0.0
20231009:0303,0.0,0.0,0.0,0.0,17.19,1.31,0.0
20231009:0403,0.0,9.38,0.32,8.31,17.21,1.24,0.0
20231009:0503,0.0,45.2,1.55,21.61,17.85,1.72,0.0
20231009:0603,0.0,85.27,2.93,34.78,19.2,1.45,0.0
20231009:0703,1.37,217.32,7.56,47.48,19.81,0.9,0.0
20231009:0803,5.72,299.41,10.69,58.96,20.16,1.38,0.0
20231009:0903,7.36,332.37,11.95,67.15,21.04,2.0,0.0
20231009:1003,0.0,193.57,6.65,67.96,21.67,2.55,0.0
20231009:1103,0.0,160.32,5.51,60.75,21.83,2.83,0.0
20231009:1203,0.0,113.41,3.9,49.64,22.36,3.03,0.0
20231009:1303,0.0,75.89,2.61,37.08,22.6,3.03,0.0
20231009:1403,0.0,36.67,1.26,23.96,22.64,3.03,0.0
20231009:1503,0.8,46.08,1.61,10.67,22.32,3.31,0.0
20231009:1603,0.0,0.0,0.0,0.0,21.56,2.83,0.0
20231009:1703,0.0,0.0,0.0,0.0,20.9,2.9,0.0
20231009:1803,0.0,0.0,0.0,0.0,20.29,2.69,0.0
20231009:1903,0.0,0.0,0.0,0.0,19.85,2.76,0.0
20231009:2003,0.0,0.0,0.0,0.0,19.68,2.62,0.0
20231009:2103,0.0,0.0,0.0,0.0,19.54,2.14,0.0
20231009:2203,0.0,0.0,0.0,0.0,19.4,1.59,0.0
20231009:2303,0.0,0.0,0.0,0.0,19.23,1.31,0.0
20231010:0003,0.0,0.0,0.0,0.0,19.2,1.03,0.0
20231010:0103,0.0,0.0,0.0,0.0,19.15,0.83,0.0
20231010:0203,0.0,0.0,0.0,0.0,19.17,0.97,0.0
20231010:0303,0.0,0.0,0.0,0.0,19.17,1.03,0.0
20231010:0403,0.0,6.82,0.23,8.53,19.19,0.83,0.0
20231010:0503,0.0,23.02,0.79,21.84,19.64,0.55,0.0
20231010:0603,0.0,71.63,2.46,35.02,20.25,1.03,0.0
20231010:0703,1.85,228.36,7.97,47.75,22.34,2.83,0.0
20231010:0803,18.73,336.73,12.89,59.28,23.63,3.45,0.0
20231010:0903,0.0,226.83,7.79,67.53,24.99,3.79,0.0
20231010:1003,0.0,196.13,6.74,68.31,25.36,3.52,0.0
20231010:1103,0.0,220.86,7.59,60.99,25.76,3.24,0.0
20231010:1203,33.53,310.99,12.98,49.81,26.09,2.62,0.0
20231010:1303,0.0,151.79,5.21,37.21,26.26,2.28,0.0
20231010:1403,0.0,62.25,2.14,24.08,26.07,2.14,0.0
20231010:1503,0.0,9.38,0.32,10.78,25.41,2.34,0.0
20231010:1603,0.0,0.0,0.0,0.0,24.21,2.9,0.0
20231010:1703,0.0,0.0,0.0,0.0,23.13,3.1,0.0
20231010:1803,0.0,0.0,0.0,0.0,22.22,2.83,0.0
20231010:1903,0.0,0.0,0.0,0.0,21.79,2.9,0.0
20231010:2003,0.0,0.0,0.0,0.0,21.56,2.76,0.0
20231010:2103,0.0,0.0,0.0,0.0,21.37,2.76,0.0
20231010:2203,0.0,0.0,0.0,0.0,21.25,2.55,0.0
20231010:2303,0.0,0.0,0.0,0.0,21.12,2.97,0.0
20231011:0003,0.0,0.0,0.0,0.0,21.05,2.97,0.0
20231011:0103,0.0,0.0,0.0,0.0,20.97,3.72,0.0
20231011:0203,0.0,0.0,0.0,0.0,20.94,3.86,0.0
20231011:0303,0.0,0.0,0.0,0.0,20.89,4.07,0.0
20231011:0403,0.0,8.53,0.29,8.76,20.94,3.79,0.0
20231011:0503,0.0,23.88,0.82,22.07,21.27,4.76,0.0
20231011:0603,0.0,71.63,2.46,35.26,21.97,5.93,0.0
20231011:0703,3.29,240.16,8.46,48.01,22.28,6.0,0.0
20231011:0803,9.94,317.66,11.6,59.59,24.26,6.62,0.0
20231011:0903,114.11,361.54,20.56,67.91,26.69,6.69,0.0
20231011:1003,252.77,226.61,25.57,68.66,29.06,5.86,0.0
20231011:1103,286.15,161.11,25.16,61.23,30.83,5.66,0.0
20231011:1203,49.84,314.11,14.15,49.98,31.66,5.45,0.0
20231011:1303,27.93,239.58,9.96,37.34,32.46,5.31,0.0
20231011:1403,50.03,152.54,7.85,24.2,32.82,5.03,0.0
20231011:1503,4.25,55.7,2.05,10.89,32.25,3.59,0.0
20231011:1603,0.0,0.0,0.0,0.0,30.45,2.76,0.0
20231011:1703,0.0,0.0,0.0,0.0,28.72,2.62,0.0
20231011:1803,0.0,0.0,0.0,0.0,27.6,2.48,0.0
20231011:1903,0.0,0.0,0.0,0.0,25.55,1.86,0.0
20231011:2003,0.0,0.0,0.0,0.0,24.31,2.76,0.0
20231011:2103,0.0,0.0,0.0,0.0,23.32,3.66,0.0
20231011:2203,0.0,0.0,0.0,0.0,22.55,3.86,0.0
20231011:2303,0.0,0.0,0.0,0.0,22.02,3.79,0.0
20231012:0003,0.0,0.0,0.0,0.0,21.79,3.72,0.0
20231012:0103,0.0,0.0,0.0,0.0,21.61,3.17,0.0
20231012:0203,0.0,0.0,0.0,0.0,21.57,2.28,0.0
20231012:0303,0.0,0.0,0.0,0.0,21.46,2.55,0.0
20231012:0403,0.0,6.82,0.23,8.98,21.48,2.28,0.0
20231012:0503,0.0,33.26,1.14,22.29,21.89,2.69,0.0
20231012:0603,7.21,199.91,7.29,35.49,22.78,3.03,0.0
20231012:0703,0.95,215.67,7.47,48.27,22.99,2.69,0.0
20231012:0803,0.0,179.93,6.18,59.9,24.41,2.48,0.0
20231012:0903,0.0,144.97,4.98,68.28,25.73,1.93,0.0
20231012:1003,39.49,388.91,16.14,69.0,27.2,1.79,0.0
20231012:1103,238.28,219.56,23.81,61.47,28.85,2.21,0.0
20231012:1203,129.88,271.79,17.93,50.14,29.36,2.83,0.0
20231012:1303,0.0,154.35,5.3,37.47,28.21,2.76,0.0
20231012:1403,126.11,106.08,10.08,24.31,26.0,2.28,0.0
20231012:1503,0.0,9.38,0.32,11.01,24.73,2.62,0.0
20231012:1603,0.0,0.0,0.0,0.0,23.78,2.14,0.0
20231012:1703,0.0,0.0,0.0,0.0,23.24,1.72,0.0
20231012:1803,0.0,0.0,0.0,0.0,22.8,1.86,0.0
20231012:1903,0.0,0.0,0.0,0.0,21.98,1.86,0.0
20231012:2003,0.0,0.0,0.0,0.0,21.84,1.93,0.0
20231012:2103,0.0,0.0,0.0,0.0,21.79,2.21,0.0
20231012:2203,0.0,0.0,0.0,0.0,21.66,2.41,0.0
20231012:2303,0.0,0.0,0.0,0.0,21.68,1.86,0.0
20231013:0003,0.0,0.0,0.0,0.0,21.87,0.21,0.0
20231013:0103,0.0,0.0,0.0,0.0,21.12,1.72,0.0
20231013:0203,0.0,0.0,0.0,0.0,20.51,2.69,0.0
20231013:0303,0.0,0.0,0.0,0.0,19.25,3.24,0.0
20231013:0403,0.0,18.76,0.64,9.2,18.4,2.62,0.0
20231013:0503,0.0,30.7,1.05,22.51,18.65,2.69,0.0
20231013:0603,0.0,133.03,4.57,35.72,19.25,2.76,0.0
20231013:0703,0.0,127.06,4.36,48.52,19.87,3.17,0.0
20231013:0803,0.0,144.11,4.95,60.2,19.83,3.66,0.0
20231013:0903,0.0,162.87,5.59,68.65,20.46,3.93,0.0
20231013:1003,0.0,152.64,5.24,69.35,21.35,4.0,0.0
20231013:1103,2.31,281.17,9.81,61.71,21.72,4.0,0.0
20231013:1203,0.0,104.03,3.57,50.31,21.82,4.14,0.0
20231013:1303,0.0,78.45,2.69,37.61,21.99,4.21,0.0
20231013:1403,0.0,48.61,1.67,24.43,21.73,3.59,0.0
20231013:1503,0.0,41.78,1.44,11.13,21.31,2.9,0.0
20231013:1603,0.0,0.0,0.0,0.0,20.62,2.83,0.0
20231013:1703,0.0,0.0,0.0,0.0,20.12,2.69,0.0
20231013:1803,0.0,0.0,0.0,0.0,19.82,2.69,0.0
20231013:1903,0.0,0.0,0.0,0.0,19.65,2.28,0.0
20231013:2003,0.0,0.0,0.0,0.0,19.42,2.21,0.0
20231013:2103,0.0,0.0,0.0,0.0,19.25,2.14,0.0
20231013:2203,0.0,0.0,0.0,0.0,18.86,2.14,0.0
20231013:2303,0.0,0.0,0.0,0.0,18.44,2.14,0.0
20231014:0003,0.0,0.0,0.0,0.0,18.03,1.93,0.0
20231014:0103,0.0,0.0,0.0,0.0,17.64,1.59,0.0
20231014:0203,0.0,0.0,0.0,0.0,17.13,1.31,0.0
20231014:0303,0.0,0.0,0.0,0.0,16.24,1.17,0.0
20231014:0403,10.23,52.2,2.05,9.42,16.48,0.9,0.0
20231014:0503,40.29,149.07,7.0,22.73,18.99,0.76,0.0
20231014:0603,222.83,113.58,16.64,35.95,21.33,2.55,0.0
20231014:0703,252.19,161.03,21.38,48.77,22.9,4.07,0.0
20231014:0803,228.65,246.4,23.67,60.5,24.36,4.69,0.0
20231014:0903,179.8,328.41,23.58,69.02,25.33,4.34,0.0
20231014:1003,79.0,401.19,19.21,69.69,25.4,4.0,0.0
20231014:1103,0.93,268.53,9.28,61.94,25.17,3.72,0.0
20231014:1203,3.4,256.38,9.02,50.47,24.31,3.66,0.0
20231014:1303,84.69,239.78,13.21,37.74,23.56,4.0,0.0
20231014:1403,0.0,88.69,3.05,24.55,22.83,4.48,0.0
20231014:1503,0.0,28.99,1.0,11.24,21.89,4.41,0.0
20231014:1603,0.0,0.0,0.0,0.0,20.35,3.72,0.0
20231014:1703,0.0,0.0,0.0,0.0,19.16,3.31,0.0
20231014:1803,0.0,0.0,0.0,0.0,18.37,3.31,0.0
20231014:1903,0.0,0.0,0.0,0.0,18.11,4.0,0.0
20231014:2003,0.0,0.0,0.0,0.0,17.89,3.52,0.0
20231014:2103,0.0,0.0,0.0,0.0,17.44,3.79,0.0
20231014:2203,0.0,0.0,0.0,0.0,17.1,3.72,0.0
20231014:2303,0.0,0.0,0.0,0.0,17.04,3.45,0.0
20231015:0003,0.0,0.0,0.0,0.0,16.84,3.1,0.0
20231015:0103,0.0,0.0,0.0,0.0,16.77,2.9,0.0
20231015:0203,0.0,0.0,0.0,0.0,16.77,2.69,0.0
20231015:0303,0.0,0.0,0.0,0.0,16.71,2.62,0.0
20231015:0403,0.0,8.53,0.29,9.63,17.03,2.48,0.0
20231015:0503,11.52,138.18,5.27,22.94,18.51,2.97,0.0
20231015:0603,37.68,238.11,10.31,36.17,20.4,3.66,0.0
20231015:0703,177.69,237.01,19.24,49.02,22.21,3.66,0.0
20231015:0803,108.56,352.06,19.27,60.8,23.75,3.52,0.0
20231015:0903,12.09,355.87,13.03,69.39,25.16,3.24,0.0
20231015:1003,0.0,162.87,5.59,70.03,25.44,2.76,0.0
20231015:1103,0.0,69.92,2.4,62.17,24.84,2.9,0.0
20231015:1203,0.0,82.72,2.84,50.64,23.8,3.38,0.0
20231015:1303,0.0,52.87,1.82,37.87,22.9,3.59,0.0
20231015:1403,0.0,41.78,1.44,24.67,22.58,3.72,0.0
20231015:1503,0.0,25.58,0.88,11.36,21.92,3.45,0.0
20231015:1603,0.0,0.0,0.0,0.0,20.78,2.76,0.0
20231015:1703,0.0,0.0,0.0,0.0,19.96,2.41,0.0
20231015:1803,0.0,0.0,0.0,0.0,19.4,2.55,0.0
20231015:1903,0.0,0.0,0.0,0.0,19.2,1.72,0.0
20231015:2003,0.0,0.0,0.0,0.0,18.84,1.59,0.0
20231015:2103,0.0,0.0,0.0,0.0,18.26,1.45,0.0
20231015:2203,0.0,0.0,0.0,0.0,17.71,1.24,0.0
20231015:2303,0.0,0.0,0.0,0.0,17.19,1.45,0.0
20231016:0003,0.0,0.0,0.0,0.0,16.83,1.45,0.0
20231016:0103,0.0,0.0,0.0,0.0,16.59,1.52,0.0
20231016:0203,0.0,0.0,0.0,0.0,16.24,1.17,0.0
20231016:0303,0.0,0.0,0.0,0.0,15.95,1.03,0.0
20231016:0403,0.0,8.53,0.29,9.84,16.1,0.97,0.0
20231016:0503,0.0,25.58,0.88,23.14,17.86,0.83,0.0
20231016:0603,0.0,42.64,1.46,36.38,18.35,0.76,0.0
20231016:0703,0.0,57.13,1.96,49.26,18.3,0.62,0.0
20231016:0803,4.79,298.01,10.54,61.09,18.8,0.41,0.0
20231016:0903,0.0,127.06,4.36,69.75,19.36,0.62,0.0
20231016:1003,0.0,84.42,2.9,70.37,19.88,1.31,0.0
20231016:1103,3.82,296.4,10.43,62.4,19.72,0.9,0.0
20231016:1203,0.0,106.59,3.66,50.8,20.17,1.17,0.0
20231016:1303,0.0,44.34,1.52,38.0,20.74,1.72,0.0
20231016:1403,0.0,28.14,0.97,24.79,20.17,2.0,0.0
20231016:1503,0.0,19.61,0.67,11.48,19.64,1.79,0.0
20231016:1603,0.0,0.0,0.0,0.0,19.07,0.55,0.0
20231016:1703,0.0,0.0,0.0,0.0,18.62,0.48,0.0
20231016:1803,0.0,0.0,0.0,0.0,18.2,0.62,0.0
20231016:1903,0.0,0.0,0.0,0.0,18.37,0.21,0.0
20231016:2003,0.0,0.0,0.0,0.0,17.9,0.69,0.0
20231016:2103,0.0,0.0,0.0,0.0,17.45,1.03,0.0
20231016:2203,0.0,0.0,0.0,0.0,17.75,1.24,0.0
20231016:2303,0.0,0.0,0.0,0.0,17.9,1.93,0.0
20231017:0003,0.0,0.0,0.0,0.0,17.94,3.66,0.0
20231017:0103,0.0,0.0,0.0,0.0,17.62,4.41,0.0
20231017:0203,0.0,0.0,0.0,0.0,17.62,4.97,0.0
20231017:0303,0.0,0.0,0.0,0.0,17.75,5.31,0.0
20231017:0403,0.0,8.53,0.29,10.05,17.95,5.59,0.0
20231017:0503,0.0,25.58,0.88,23.35,18.56,6.34,0.0
20231017:0603,0.0,61.4,2.11,36.59,18.8,7.1,0.0
20231017:0703,0.0,95.51,3.28,49.49,18.3,6.21,0.0
20231017:0803,0.0,126.21,4.33,61.37,18.49,6.14,0.0
20231017:0903,0.0,92.1,3.16,70.11,18.64,6.48,0.0
20231017:1003,0.0,83.57,2.87,70.71,19.19,6.9,0.0
20231017:1103,0.0,69.92,2.4,62.63,19.16,6.69,0.0
20231017:1203,4.03,260.64,9.2,50.96,19.19,6.48,0.0
20231017:1303,0.0,152.64,5.24,38.13,19.32,6.55,0.0
20231017:1403,0.0,36.67,1.26,24.91,19.39,6.48,0.0
20231017:1503,0.0,28.99,1.0,11.6,19.01,6.62,0.0
20231017:1603,0.0,0.0,0.0,0.0,18.43,6.0,0.0
20231017:1703,0.0,0.0,0.0,0.0,17.99,5.86,0.0
20231017:1803,0.0,0.0,0.0,0.0,17.77,5.66,0.0
20231017:1903,0.0,0.0,0.0,0.0,16.98,5.38,0.0
20231017:2003,0.0,0.0,0.0,0.0,16.97,5.24,0.0
20231017:2103,0.0,0.0,0.0,0.0,16.95,5.1,0.0
20231017:2203,0.0,0.0,0.0,0.0,16.87,4.83,0.0
20231017:2303,0.0,0.0,0.0,0.0,16.82,4.69,0.0
20231018:0003,0.0,0.0,0.0,0.0,16.89,4.48,0.0
20231018:0103,0.0,0.0,0.0,0.0,16.93,4.21,0.0
20231018:0203,0.0,0.0,0.0,0.0,16.98,4.07,0.0
20231018:0303,0.0,0.0,0.0,0.0,17.01,3.72,0.0
20231018:0403,0.0,31.55,1.08,10.25,17.16,3.45,0.0
20231018:0503,26.16,153.1,6.39,23.55,17.57,2.97,0.0
20231018:0603,8.97,212.83,7.79,36.8,18.62,3.52,0.0
20231018:0703,4.11,256.4,9.05,49.72,19.38,3.72,0.0
20231018:0803,0.49,250.67,8.64,61.65,20.59,3.38,0.0
20231018:0903,119.58,385.35,21.03,70.46,22.05,3.17,0.0
20231018:1003,238.43,286.77,25.31,71.04,22.89,2.9,0.0
20231018:1103,19.54,356.16,13.47,62.85,23.59,2.62,0.0
20231018:1203,100.42,314.83,16.9,51.12,23.79,2.28,0.0
20231018:1303,122.29,224.36,14.41,38.26,23.95,1.86,0.0
20231018:1403,31.31,165.7,7.09,25.03,23.57,2.21,0.0
20231018:1503,55.43,71.92,3.92,11.73,22.96,2.41,0.0
20231018:1603,0.0,0.0,0.0,0.0,21.66,2.21,0.0
20231018:1703,0.0,0.0,0.0,0.0,20.08,1.66,0.0
20231018:1803,0.0,0.0,0.0,0.0,18.86,0.9,0.0
20231018:1903,0.0,0.0,0.0,0.0,19.24,0.28,0.0
20231018:2003,0.0,0.0,0.0,0.0,18.78,0.76,0.0
20231018:2103,0.0,0.0,0.0,0.0,18.03,0.83,0.0
20231018:2203,0.0,0.0,0.0,0.0,17.75,0.76,0.0
20231018:2303,0.0,0.0,0.0,0.0,17.42,0.83,0.0
20231019:0003,0.0,0.0,0.0,0.0,16.82,0.97,0.0
20231019:0103,0.0,0.0,0.0,0.0,16.01,1.17,0.0
20231019:0203,0.0,0.0,0.0,0.0,15.83,1.24,0.0
20231019:0303,0.0,0.0,0.0,0.0,15.63,1.31,0.0
20231019:0403,0.0,9.38,0.32,10.45,16.46,1.1,0.0
20231019:0503,17.69,150.47,5.92,23.74,19.39,1.31,0.0
20231019:0603,62.46,244.6,11.72,37.0,22.0,3.24,0.0
20231019:0703,4.15,254.71,8.99,49.95,23.1,3.38,0.0
20231019:0803,266.05,230.9,24.49,61.92,24.15,3.45,0.0
20231019:0903,12.62,362.86,13.27,70.81,24.97,3.24,0.0
20231019:1003,178.38,347.21,23.4,71.37,25.18,3.24,0.0
20231019:1103,42.47,379.3,15.7,63.07,25.31,3.31,0.0
20231019:1203,40.23,327.51,13.65,51.28,25.2,3.52,0.0
20231019:1303,10.65,228.1,8.41,38.39,24.36,3.79,0.0
20231019:1403,9.28,148.5,5.51,25.15,23.14,4.0,0.0
20231019:1503,0.0,34.96,1.2,11.85,22.05,3.72,0.0
20231019:1603,0.0,0.0,0.0,0.0,20.86,2.97,0.0
20231019:1703,0.0,0.0,0.0,0.0,20.0,2.14,0.0
20231019:1803,0.0,0.0,0.0,0.0,19.39,1.66,0.0
20231019:1903,0.0,0.0,0.0,0.0,19.3,1.24,0.0
20231019:2003,0.0,0.0,0.0,0.0,18.53,1.03,0.0
20231019:2103,0.0,0.0,0.0,0.0,18.02,0.9,0.0
20231019:2203,0.0,0.0,0.0,0.0,17.79,0.9,0.0
20231019:2303,0.0,0.0,0.0,0.0,18.01,0.62,0.0
20231020:0003,0.0,0.0,0.0,0.0,18.33,0.41,0.0
20231020:0103,0.0,0.0,0.0,0.0,18.32,0.41,0.0
20231020:0203,0.0,0.0,0.0,0.0,17.97,0.55,0.0
20231020:0303,0.0,0.0,0.0,0.0,17.77,0.83,0.0
20231020:0403,0.0,19.61,0.67,10.64,18.48,1.1,0.0
20231020:0503,5.52,131.45,4.74,23.93,19.79,2.41,0.0
20231020:0603,9.77,219.7,8.05,37.2,21.22,3.38,0.0
20231020:0703,111.3,306.77,17.05,50.17,22.25,3.72,0.0
20231020:0803,265.83,238.29,24.54,62.19,23.23,4.28,0.0
20231020:0903,176.94,351.54,23.31,71.16,24.71,4.62,0.0
20231020:1003,324.64,210.94,27.65,71.7,26.36,4.83,0.0
20231020:1103,398.24,113.54,28.09,63.29,27.66,4.83,0.0
20231020:1203,354.75,106.78,24.22,51.44,28.55,4.69,0.0
20231020:1303,278.92,106.75,18.42,38.53,28.68,4.41,0.0
20231020:1403,187.01,100.0,11.6,25.27,28.54,4.07,0.0
20231020:1503,88.1,68.43,4.6,11.98,27.66,3.31,0.0
20231020:1603,0.0,0.0,0.0,0.0,25.62,2.9,0.0
20231020:1703,0.0,0.0,0.0,0.0,23.62,3.03,0.0
20231020:1803,0.0,0.0,0.0,0.0,22.01,3.17,0.0
20231020:1903,0.0,0.0,0.0,0.0,21.3,3.31,0.0
20231020:2003,0.0,0.0,0.0,0.0,20.48,3.24,0.0
20231020:2103,0.0,0.0,0.0,0.0,19.89,3.17,0.0
20231020:2203,0.0,0.0,0.0,0.0,19.48,3.17,0.0
20231020:2303,0.0,0.0,0.0,0.0,19.2,3.31,0.0
20231021:0003,0.0,0.0,0.0,0.0,19.03,3.38,0.0
20231021:0103,0.0,0.0,0.0,0.0,18.93,3.45,0.0
20231021:0203,0.0,0.0,0.0,0.0,18.91,3.45,0.0
20231021:0303,0.0,0.0,0.0,0.0,18.85,3.45,0.0
20231021:0403,67.3,64.5,3.72,10.83,19.33,3.31,0.0
20231021:0503,165.1,105.37,10.49,24.12,21.21,4.07,0.0
20231021:0603,255.5,119.01,17.25,37.39,23.4,4.55,0.0
20231021:0703,329.62,123.45,23.02,50.38,25.78,4.55,0.0
20231021:0803,378.32,128.81,27.12,62.45,28.18,4.34,0.0
20231021:0903,412.33,124.46,29.55,71.5,30.22,3.86,0.0
20231021:1003,408.48,129.18,29.52,72.02,31.81,3.17,0.0
20231021:1103,387.75,124.29,27.59,63.51,32.76,2.34,0.0
20231021:1203,345.54,116.76,23.81,51.6,33.01,2.28,0.0
20231021:1303,271.52,114.47,18.1,38.66,32.9,2.34,0.0
20231021:1403,179.53,105.98,11.33,25.4,31.96,2.69,0.0
20231021:1503,83.26,71.07,4.51,12.1,29.56,3.45,0.0
20231021:1603,0.0,0.0,0.0,0.0,26.48,3.52,0.0
20231021:1703,0.0,0.0,0.0,0.0,24.3,3.31,0.0
20231021:1803,0.0,0.0,0.0,0.0,23.1,3.24,0.0
20231021:1903,0.0,0.0,0.0,0.0,22.51,3.93,0.0
20231021:2003,0.0,0.0,0.0,0.0,21.97,3.59,0.0
20231021:2103,0.0,0.0,0.0,0.0,21.52,3.38,0.0
20231021:2203,0.0,0.0,0.0,0.0,21.26,3.1,0.0
20231021:2303,0.0,0.0,0.0,0.0,21.1,3.03,0.0
20231022:0003,0.0,0.0,0.0,0.0,20.81,3.45,0.0
20231022:0103,0.0,0.0,0.0,0.0,20.43,3.17,0.0
20231022:0203,0.0,0.0,0.0,0.0,20.29,2.97,0.0
20231022:0303,0.0,0.0,0.0,0.0,20.31,2.9,0.0
20231022:0403,75.99,65.39,3.92,11.02,20.22,3.38,0.0
20231022:0503,0.0,32.4,1.11,24.3,19.88,3.86,0.0
20231022:0603,2.94,192.66,6.77,37.58,19.76,3.24,0.0
20231022:0703,0.0,114.27,3.92,50.59,19.88,2.69,0.0
20231022:0803,0.0,123.65,4.25,62.71,21.03,4.0,0.0
20231022:0903,0.0,125.35,4.31,71.84,21.8,4.55,0.0
20231022:1003,0.0,86.13,2.96,72.35,21.77,4.76,0.0
20231022:1103,0.51,246.41,8.49,63.73,21.49,4.83,0.0
20231022:1203,0.0,96.36,3.31,51.75,22.38,5.59,0.0
20231022:1303,11.65,229.92,8.49,38.79,22.16,5.52,0.0
20231022:1403,0.0,42.64,1.46,25.52,21.34,5.1,0.0
20231022:1503,0.0,12.79,0.44,12.23,20.85,4.97,0.0
20231022:1603,0.0,0.0,0.0,0.0,19.62,5.1,0.0
20231022:1703,0.0,0.0,0.0,0.0,18.7,4.76,0.0
20231022:1803,0.0,0.0,0.0,0.0,18.11,4.83,0.0
20231022:1903,0.0,0.0,0.0,0.0,17.48,4.62,0.0
20231022:2003,0.0,0.0,0.0,0.0,16.97,4.14,0.0
20231022:2103,0.0,0.0,0.0,0.0,16.52,3.66,0.0
20231022:2203,0.0,0.0,0.0,0.0,16.11,3.31,0.0
20231022:2303,0.0,0.0,0.0,0.0,15.77,3.03,0.0
20231023:0003,0.0,0.0,0.0,0.0,15.37,2.62,0.0
20231023:0103,0.0,0.0,0.0,0.0,15.06,2.34,0.0
20231023:0203,0.0,0.0,0.0,0.0,14.71,2.21,0.0
20231023:0303,0.0,0.0,0.0,0.0,14.44,2.07,0.0
20231023:0403,75.66,67.3,3.95,11.2,14.65,1.66,0.0
20231023:0503,185.25,102.67,11.01,24.48,17.94,1.93,0.0
20231023:0603,277.64,114.4,17.87,37.76,20.06,2.55,0.0
20231023:0703,350.78,119.72,23.64,50.79,21.76,2.14,0.0
20231023:0803,395.17,128.45,27.62,62.96,23.37,1.45,0.0
20231023:0903,423.83,128.94,29.9,72.17,24.67,0.76,0.0
20231023:1003,431.02,123.94,30.17,72.67,25.7,0.41,0.0
20231023:1103,409.97,119.78,28.23,63.94,26.5,1.31,0.0
20231023:1203,361.7,116.5,24.25,51.91,27.17,2.28,0.0
20231023:1303,286.41,114.35,18.48,38.92,26.88,2.55,0.0
20231023:1403,170.56,118.53,11.13,25.64,26.13,3.17,0.0
20231023:1503,97.52,72.58,4.83,12.36,24.14,3.45,0.0
20231023:1603,0.0,0.0,0.0,0.0,21.84,3.03,0.0
20231023:1703,0.0,0.0,0.0,0.0,20.11,2.48,0.0
20231023:1803,0.0,0.0,0.0,0.0,19.21,1.86,0.0
20231023:1903,0.0,0.0,0.0,0.0,18.86,1.24,0.0
20231023:2003,0.0,0.0,0.0,0.0,17.98,1.1,0.0
20231023:2103,0.0,0.0,0.0,0.0,17.26,1.38,0.0
20231023:2203,0.0,0.0,0.0,0.0,16.84,1.66,0.0
20231023:2303,0.0,0.0,0.0,0.0,16.55,1.79,0.0
20231024:0003,0.0,0.0,0.0,0.0,16.39,1.93,0.0
20231024:0103,0.0,0.0,0.0,0.0,16.29,2.0,0.0
20231024:0203,0.0,0.0,0.0,0.0,16.25,2.07,0.0
20231024:0303,0.0,0.0,0.0,0.0,16.24,2.21,0.0
20231024:0403,74.12,69.07,3.95,11.38,16.92,1.93,0.0
20231024:0503,178.11,108.5,10.81,24.65,19.75,2.97,0.0
20231024:0603,270.54,121.29,17.57,37.94,22.48,3.59,0.0
20231024:0703,341.25,129.09,23.23,50.99,24.84,3.52,0.0
20231024:0803,389.6,135.18,27.3,63.2,27.38,2.48,0.0
20231024:0903,418.11,135.64,29.55,72.5,29.34,0.07,0.0
20231024:1003,425.38,129.87,29.79,72.99,30.77,2.55,0.0
20231024:1103,404.6,125.69,27.88,64.15,30.91,4.34,0.0
20231024:1203,352.41,125.05,23.81,52.06,29.67,5.38,0.0
20231024:1303,264.12,131.87,17.78,39.05,27.64,5.72,0.0
20231024:1403,46.23,173.89,7.82,25.77,26.13,5.93,0.0
20231024:1503,29.33,79.52,3.4,12.49,24.61,6.14,0.0
20231024:1603,0.0,0.0,0.0,0.0,22.53,5.79,0.0
20231024:1703,0.0,0.0,0.0,0.0,21.05,5.45,0.0
20231024:1803,0.0,0.0,0.0,0.0,20.42,5.17,0.0
20231024:1903,0.0,0.0,0.0,0.0,20.29,5.03,0.0
20231024:2003,0.0,0.0,0.0,0.0,19.86,4.62,0.0
20231024:2103,0.0,0.0,0.0,0.0,19.63,4.14,0.0
20231024:2203,0.0,0.0,0.0,0.0,19.39,3.59,0.0
20231024:2303,0.0,0.0,0.0,0.0,19.01,3.45,0.0
20231025:0003,0.0,0.0,0.0,0.0,18.8,3.59,0.0
20231025:0103,0.0,0.0,0.0,0.0,18.49,3.24,0.0
20231025:0203,0.0,0.0,0.0,0.0,17.98,2.9,0.0
20231025:0303,0.0,0.0,0.0,0.0,17.56,2.76,0.0
20231025:0403,0.0,23.02,0.79,11.55,17.95,2.28,0.0
20231025:0503,3.68,128.9,4.57,24.81,19.58,3.31,0.0
20231025:0603,89.55,251.65,13.0,38.11,21.48,3.72,0.0
20231025:0703,22.13,314.41,12.01,51.17,23.04,4.14,0.0
20231025:0803,25.76,368.23,14.15,63.44,23.95,3.66,0.0
20231025:0903,1.54,296.66,10.28,72.83,24.99,3.24,0.0
20231025:1003,71.37,419.93,18.72,73.3,25.36,2.76,0.0
20231025:1103,0.52,252.39,8.7,64.36,25.56,2.76,0.0
20231025:1203,56.12,339.6,14.76,52.21,25.15,3.03,0.0
20231025:1303,97.68,255.35,13.59,39.18,24.17,3.45,0.0
20231025:1403,0.0,99.77,3.43,25.9,23.33,3.79,0.0
20231025:1503,38.51,82.48,3.69,12.62,22.38,3.86,0.0
20231025:1603,0.0,0.0,0.0,0.0,20.94,2.9,0.0
20231025:1703,0.0,0.0,0.0,0.0,19.86,2.07,0.0
20231025:1803,0.0,0.0,0.0,0.0,19.33,1.52,0.0
20231025:1903,0.0,0.0,0.0,0.0,18.94,0.97,0.0
20231025:2003,0.0,0.0,0.0,0.0,18.89,0.48,0.0
20231025:2103,0.0,0.0,0.0,0.0,18.91,0.14,0.0
20231025:2203,0.0,0.0,0.0,0.0,18.55,0.21,0.0
20231025:2303,0.0,0.0,0.0,0.0,18.41,0.41,0.0
20231026:0003,0.0,0.0,0.0,0.0,18.45,0.48,0.0
20231026:0103,0.0,0.0,0.0,0.0,18.42,0.48,0.0
20231026:0203,0.0,0.0,0.0,0.0,18.56,0.69,0.0
20231026:0303,0.0,0.0,0.0,0.0,18.66,0.97,0.0
20231026:0403,0.0,11.09,0.38,11.72,18.77,1.24,0.0
20231026:0503,0.74,111.73,3.87,24.98,19.95,2.07,0.0
20231026:0603,1.85,185.88,6.47,38.27,21.43,3.03,0.0
20231026:0703,17.88,308.74,11.57,51.36,23.14,3.66,0.0
20231026:0803,5.31,311.8,11.01,63.67,23.95,3.72,0.0
20231026:0903,42.0,411.83,16.64,73.15,25.16,3.79,0.0
20231026:1003,23.83,393.81,14.94,73.61,26.19,3.79,0.0
20231026:1103,286.81,252.46,25.25,64.56,27.58,3.79,0.0
20231026:1203,363.99,128.95,24.16,52.37,28.48,3.72,0.0
20231026:1303,290.78,123.75,18.48,39.31,29.17,3.72,0.0
20231026:1403,209.31,106.64,11.98,26.02,28.92,3.45,0.0
20231026:1503,108.02,74.83,5.04,12.75,28.1,3.1,0.0
20231026:1603,0.0,0.0,0.0,0.0,25.88,2.97,0.0
20231026:1703,0.0,0.0,0.0,0.0,23.35,3.24,0.0
20231026:1803,0.0,0.0,0.0,0.0,21.66,3.17,0.0
20231026:1903,0.0,0.0,0.0,0.0,20.71,3.03,0.0
20231026:2003,0.0,0.0,0.0,0.0,19.9,2.83,0.0
20231026:2103,0.0,0.0,0.0,0.0,19.31,2.76,0.0
20231026:2203,0.0,0.0,0.0,0.0,18.85,2.69,0.0
20231026:2303,0.0,0.0,0.0,0.0,18.49,2.55,0.0
20231027:0003,0.0,0.0,0.0,0.0,18.16,2.55,0.0
20231027:0103,0.0,0.0,0.0,0.0,17.9,2.48,0.0
20231027:0203,0.0,0.0,0.0,0.0,17.68,2.48,0.0
20231027:0303,0.0,0.0,0.0,0.0,17.53,2.55,0.0
20231027:0403,77.49,74.28,4.13,11.88,18.25,2.48,0.0
20231027:0503,182.23,114.3,10.87,25.13,20.77,3.72,0.0
20231027:0603,276.28,128.93,17.63,38.43,23.4,4.41,0.0
20231027:0703,350.29,134.9,23.31,51.53,25.86,4.83,0.0
20231027:0803,403.69,136.79,27.47,63.89,28.41,4.97,0.0
20231027:0903,432.03,138.01,29.73,73.46,30.72,5.1,0.0
20231027:1003,433.24,137.91,29.82,73.92,32.7,5.17,0.0
20231027:1103,418.1,128.8,28.06,64.77,34.1,5.31,0.0
20231027:1203,370.33,124.01,24.11,52.52,34.92,5.45,0.0
20231027:1303,306.84,113.12,18.72,39.44,35.03,5.45,0.0
20231027:1403,0.0,29.85,1.03,26.15,34.48,5.1,0.0
20231027:1503,0.0,12.79,0.44,12.89,32.97,3.59,0.0
20231027:1603,0.0,0.0,0.0,0.0,30.45,2.14,0.0
20231027:1703,0.0,0.0,0.0,0.0,27.87,2.07,0.0
20231027:1803,0.0,0.0,0.0,0.0,25.97,1.59,0.0
20231027:1903,0.0,0.0,0.0,0.0,24.12,4.28,0.0
20231027:2003,0.0,0.0,0.0,0.0,22.34,4.97,0.0
20231027:2103,0.0,0.0,0.0,0.0,21.32,4.07,0.0
20231027:2203,0.0,0.0,0.0,0.0,20.86,3.38,0.0
20231027:2303,0.0,0.0,0.0,0.0,20.61,3.03,0.0
20231028:0003,0.0,0.0,0.0,0.0,20.42,2.9,0.0
20231028:0103,0.0,0.0,0.0,0.0,20.39,3.03,0.0
20231028:0203,0.0,0.0,0.0,0.0,20.24,2.55,0.0
20231028:0303,0.0,0.0,0.0,0.0,20.02,2.0,0.0
20231028:0403,0.0,11.09,0.38,12.04,20.02,2.07,0.0
20231028:0503,0.0,40.08,1.38,25.28,20.78,2.48,0.0
20231028:0603,0.0,77.6,2.67,38.59,21.79,2.55,0.0
20231028:0703,0.0,144.97,4.98,51.71,24.21,2.21,0.0
20231028:0803,135.03,364.45,20.15,64.11,24.77,1.93,0.0
20231028:0903,0.0,115.97,3.98,73.77,25.06,2.0,0.0
20231028:1003,0.0,212.33,7.29,74.23,25.17,2.41,0.0
20231028:1103,61.95,388.18,16.84,64.97,25.08,2.83,0.0
20231028:1203,0.0,81.86,2.81,52.67,24.67,3.66,0.0
20231028:1303,0.0,73.34,2.52,39.58,23.6,4.34,0.0
20231028:1403,0.0,29.85,1.03,26.28,22.49,4.34,0.0
20231028:1503,0.0,17.91,0.62,13.02,21.54,4.07,0.0
20231028:1603,0.0,0.0,0.0,0.0,20.64,4.28,0.0
20231028:1703,0.0,0.0,0.0,0.0,19.61,4.34,0.0
20231028:1803,0.0,0.0,0.0,0.0,18.92,4.41,0.0
20231028:1903,0.0,0.0,0.0,0.0,18.46,4.97,0.0
20231028:2003,0.0,0.0,0.0,0.0,17.54,5.52,0.0
20231028:2103,0.0,0.0,0.0,0.0,16.73,5.66,0.0
20231028:2203,0.0,0.0,0.0,0.0,16.48,5.52,0.0
20231028:2303,0.0,0.0,0.0,0.0,16.12,4.97,0.0
20231029:0003,0.0,0.0,0.0,0.0,15.92,4.41,0.0
20231029:0103,0.0,0.0,0.0,0.0,15.95,3.93,0.0
20231029:0203,0.0,0.0,0.0,0.0,15.77,4.07,0.0
20231029:0303,0.0,0.0,0.0,0.0,15.52,4.34,0.0
20231029:0403,0.0,11.09,0.38,12.19,15.29,5.17,0.0
20231029:0503,0.0,64.81,2.23,25.43,15.23,5.17,0.0
20231029:0603,0.0,46.05,1.58,38.73,15.11,4.69,0.0
20231029:0703,0.0,60.54,2.08,51.87,15.03,5.24,0.0
20231029:0803,0.0,71.63,2.46,64.31,14.82,5.17,0.0
20231029:0903,0.0,77.6,2.67,74.07,15.0,6.28,0.0
20231029:1003,0.0,77.6,2.67,74.53,14.86,6.14,0.0
20231029:1103,0.0,72.48,2.49,65.17,14.92,6.41,0.0
20231029:1203,0.0,69.07,2.37,52.82,14.44,5.66,0.0
20231029:1303,0.0,47.75,1.64,39.71,14.18,5.1,0.0
20231029:1403,0.0,44.34,1.52,26.41,13.99,4.76,0.0
20231029:1503,0.0,46.9,1.61,13.16,13.64,4.55,0.0
20231029:1603,0.0,0.0,0.0,0.0,13.25,4.97,0.0
20231029:1703,0.0,0.0,0.0,0.0,13.1,4.55,0.0
20231029:1803,0.0,0.0,0.0,0.0,13.1,4.34,0.0
20231029:1903,0.0,0.0,0.0,0.0,13.25,4.0,0.0
20231029:2003,0.0,0.0,0.0,0.0,13.15,3.52,0.0
20231029:2103,0.0,0.0,0.0,0.0,13.23,3.59,0.0
20231029:2203,0.0,0.0,0.0,0.0,13.37,3.79,0.0
20231029:2303,0.0,0.0,0.0,0.0,13.31,3.79,0.0
20231030:0003,0.0,0.0,0.0,0.0,13.21,3.93,0.0
20231030:0103,0.0,0.0,0.0,0.0,13.03,3.45,0.0
20231030:0203,0.0,0.0,0.0,0.0,12.91,3.45,0.0
20231030:0303,0.0,0.0,0.0,0.0,12.88,3.52,0.0
20231030:0403,0.0,17.05,0.59,12.34,12.85,3.66,0.0
20231030:0503,0.0,28.99,1.0,25.57,13.36,3.93,0.0
20231030:0603,0.0,65.66,2.26,38.88,13.84,4.21,0.0
20231030:0703,0.0,135.59,4.66,52.03,15.05,5.17,0.0
20231030:0803,0.0,149.23,5.13,64.52,15.91,5.79,0.0
20231030:0903,0.0,133.88,4.6,74.37,16.58,5.72,0.0
20231030:1003,0.0,78.45,2.69,74.83,16.39,4.41,0.0
20231030:1103,0.0,99.77,3.43,65.36,17.56,5.1,0.0
20231030:1203,1.15,239.59,8.29,52.97,17.65,4.9,0.0
20231030:1303,0.0,62.25,2.14,39.84,17.21,4.07,0.0
20231030:1403,0.0,113.41,3.9,26.54,17.33,4.0,0.0
20231030:1503,17.43,80.74,3.13,13.29,16.45,2.55,0.0
20231030:1603,0.0,0.0,0.0,0.0,15.83,2.55,0.0
20231030:1703,0.0,0.0,0.0,0.0,15.12,2.69,0.0
20231030:1803,0.0,0.0,0.0,0.0,14.6,2.9,0.0
20231030:1903,0.0,0.0,0.0,0.0,14.07,2.21,0.0
20231030:2003,0.0,0.0,0.0,0.0,13.77,2.48,0.0
20231030:2103,0.0,0.0,0.0,0.0,13.63,2.48,0.0
20231030:2203,0.0,0.0,0.0,0.0,13.33,2.41,0.0
20231030:2303,0.0,0.0,0.0,0.0,13.57,2.48,0.0
20231031:0003,0.0,0.0,0.0,0.0,13.76,2.83,0.0
20231031:0103,0.0,0.0,0.0,0.0,13.85,2.76,0.0
20231031:0203,0.0,0.0,0.0,0.0,13.93,2.48,0.0
20231031:0303,0.0,0.0,0.0,0.0,13.99,2.41,0.0
20231031:0403,0.0,43.49,1.49,12.48,14.11,2.21,0.0
20231031:0503,0.0,28.99,1.0,25.71,14.39,2.28,0.0
20231031:0603,0.0,54.58,1.87,39.01,15.1,2.48,0.0
20231031:0703,0.0,98.07,3.37,52.18,14.9,2.14,0.0
20231031:0803,0.0,231.09,7.94,64.71,14.87,2.21,0.0
20231031:0903,3.78,322.15,11.28,74.66,15.05,2.21,0.0
20231031:1003,0.0,78.45,2.69,75.13,15.99,2.69,0.0
20231031:1103,0.0,100.62,3.46,65.56,16.08,2.76,0.0
20231031:1203,0.0,62.25,2.14,53.11,15.92,2.28,0.0
20231031:1303,0.0,105.74,3.63,39.97,15.91,2.21,0.0
20231031:1403,0.0,30.7,1.05,26.67,15.76,2.28,0.0
20231031:1503,0.0,34.11,1.17,13.43,15.55,2.55,0.0
20231031:1603,0.0,0.0,0.0,0.0,15.32,2.76,0.0
20231031:1703,0.0,0.0,0.0,0.0,15.21,3.1,0.0
20231031:1803,0.0,0.0,0.0,0.0,15.11,3.03,0.0
20231031:1903,0.0,0.0,0.0,0.0,14.92,3.66,0.0
20231031:2003,0.0,0.0,0.0,0.0,14.69,3.72,0.0
20231031:2103,0.0,0.0,0.0,0.0,14.41,3.52,0.0
20231031:2203,0.0,0.0,0.0,0.0,14.17,3.17,0.0
20231031:2303,0.0,0.0,0.0,0.0,13.96,2.76,0.0
20231101:0003,0.0,0.0,0.0,0.0,13.68,2.34,0.0
20231101:0103,0.0,0.0,0.0,0.0,13.75,2.21,0.0
20231101:0203,0.0,0.0,0.0,0.0,13.89,2.14,0.0
20231101:0303,0.0,0.0,0.0,0.0,13.93,2.07,0.0
20231101:0403,6.23,66.44,2.4,12.62,14.3,1.86,0.0
20231101:0503,173.04,137.66,10.87,25.84,15.13,1.93,0.0
20231101:0603,339.07,103.89,18.92,39.14,16.31,2.21,0.0
20231101:0703,243.64,251.37,21.03,52.32,18.81,2.62,0.0
20231101:0803,152.46,371.13,21.03,64.9,20.12,2.34,0.0
20231101:0903,31.06,406.65,15.7,74.95,20.25,2.0,0.0
20231101:1003,217.76,359.18,24.54,75.42,20.84,2.07,0.0
20231101:1103,8.35,334.77,11.95,65.75,21.04,2.41,0.0
20231101:1203,12.32,303.26,11.04,53.26,20.96,2.76,0.0
20231101:1303,87.35,270.7,13.24,40.1,20.82,2.9,0.0
20231101:1403,52.17,184.88,8.2,26.8,20.46,2.9,0.0
20231101:1503,95.82,87.73,4.98,13.57,19.62,2.76,0.0
20231101:1603,0.0,0.0,0.0,0.0,18.58,2.55,0.0
20231101:1703,0.0,0.0,0.0,0.0,17.3,1.52,0.0
20231101:1803,0.0,0.0,0.0,0.0,16.28,0.83,0.0
20231101:1903,0.0,0.0,0.0,0.0,16.41,0.83,0.0
20231101:2003,0.0,0.0,0.0,0.0,16.31,0.76,0.0
20231101:2103,0.0,0.0,0.0,0.0,15.29,1.03,0.0
20231101:2203,0.0,0.0,0.0,0.0,14.59,1.24,0.0
20231101:2303,0.0,0.0,0.0,0.0,14.7,1.03,0.0
20231102:0003,0.0,0.0,0.0,0.0,14.75,0.97,0.0
20231102:0103,0.0,0.0,0.0,0.0,15.02,0.76,0.0
20231102:0203,0.0,0.0,0.0,0.0,14.9,0.69,0.0
20231102:0303,0.0,0.0,0.0,0.0,14.8,0.69,0.0
20231102:0403,0.0,23.88,0.82,12.76,15.5,0.48,0.0
20231102:0503,229.24,107.17,11.83,25.97,17.81,0.28,0.0
20231102:0603,317.11,122.85,18.42,39.27,19.62,0.55,0.0
20231102:0703,205.23,283.39,20.06,52.46,20.72,0.62,0.0
20231102:0803,129.46,384.81,20.18,65.08,21.9,1.17,0.0
20231102:0903,266.28,322.13,25.83,75.22,22.43,1.24,0.0
20231102:1003,292.39,301.04,26.57,75.71,23.17,1.17,0.0
20231102:1103,392.38,182.22,27.36,65.94,23.71,1.38,0.0
20231102:1203,315.39,200.4,22.87,53.41,24.2,1.66,0.0
20231102:1303,242.22,187.51,17.37,40.24,24.25,2.0,0.0
20231102:1403,185.54,140.97,11.51,26.93,23.38,3.52,0.0
20231102:1503,25.05,87.95,3.51,13.71,21.75,3.93,0.0
20231102:1603,0.0,0.0,0.0,0.0,19.85,3.31,0.0
20231102:1703,0.0,0.0,0.0,0.0,18.47,2.28,0.0
20231102:1803,0.0,0.0,0.0,0.0,17.8,1.38,0.0
20231102:1903,0.0,0.0,0.0,0.0,17.94,0.62,0.0
20231102:2003,0.0,0.0,0.0,0.0,18.31,0.28,0.0
20231102:2103,0.0,0.0,0.0,0.0,18.37,0.28,0.0
20231102:2203,0.0,0.0,0.0,0.0,17.99,0.55,0.0
20231102:2303,0.0,0.0,0.0,0.0,17.94,0.9,0.0
20231103:0003,0.0,0.0,0.0,0.0,17.95,0.97,0.0
20231103:0103,0.0,0.0,0.0,0.0,17.91,0.97,0.0
20231103:0203,0.0,0.0,0.0,0.0,17.92,0.97,0.0
20231103:0303,0.0,0.0,0.0,0.0,17.89,0.97,0.0
20231103:0403,0.0,49.46,1.7,12.88,18.11,0.9,0.0
20231103:0503,29.13,172.61,6.91,26.09,18.69,1.1,0.0
20231103:0603,103.1,260.52,13.44,39.39,19.91,2.41,0.0
20231103:0703,58.78,341.53,14.64,52.6,21.84,3.31,0.0
20231103:0803,64.67,395.35,17.02,65.25,22.47,3.31,0.0
20231103:0903,289.86,300.55,26.24,75.5,22.75,3.31,0.0
20231103:1003,259.21,327.6,25.51,76.0,22.96,3.17,0.0
20231103:1103,196.29,347.53,22.44,66.13,23.64,3.31,0.0
20231103:1203,232.64,267.27,20.85,53.55,23.79,3.24,0.0
20231103:1303,177.16,231.43,15.82,40.37,24.26,3.59,0.0
20231103:1403,27.77,178.34,7.09,27.06,23.59,3.66,0.0
20231103:1503,9.62,78.84,2.9,13.85,22.6,3.79,0.0
20231103:1603,0.0,0.0,0.0,0.0,21.42,3.59,0.0
20231103:1703,0.0,0.0,0.0,0.0,20.18,3.17,0.0
20231103:1803,0.0,0.0,0.0,0.0,19.48,3.03,0.0
20231103:1903,0.0,0.0,0.0,0.0,19.21,3.03,0.0
20231103:2003,0.0,0.0,0.0,0.0,18.85,2.9,0.0
20231103:2103,0.0,0.0,0.0,0.0,18.55,2.69,0.0
20231103:2203,0.0,0.0,0.0,0.0,18.25,2.76,0.0
20231103:2303,0.0,0.0,0.0,0.0,18.11,2.83,0.0
20231104:0003,0.0,0.0,0.0,0.0,18.04,2.9,0.0
20231104:0103,0.0,0.0,0.0,0.0,17.92,2.97,0.0
20231104:0203,0.0,0.0,0.0,0.0,17.74,2.97,0.0
20231104:0303,0.0,0.0,0.0,0.0,17.67,3.17,0.0
20231104:0403,1.28,53.85,1.87,13.01,18.13,3.1,0.0
20231104:0503,15.52,162.24,6.09,26.2,19.44,4.0,0.0
20231104:0603,47.64,265.24,11.16,39.5,21.08,4.97,0.0
20231104:0703,229.14,265.07,20.41,52.72,23.15,6.48,0.0
20231104:0803,344.07,223.67,25.83,65.41,25.08,6.0,0.0
20231104:0903,419.59,181.18,28.94,75.76,26.26,5.38,0.0
20231104:1003,463.2,140.86,29.85,76.28,27.44,5.31,0.0
20231104:1103,360.75,211.83,26.36,66.31,28.22,5.24,0.0
20231104:1203,20.44,319.41,11.98,53.7,28.67,5.03,0.0
20231104:1303,1.99,200.42,6.97,40.5,28.77,4.83,0.0
20231104:1403,0.0,55.43,1.9,27.2,28.23,4.28,0.0
20231104:1503,3.63,68.63,2.43,13.99,26.64,3.59,0.0
20231104:1603,0.0,0.0,0.0,0.0,24.4,3.45,0.0
20231104:1703,0.0,0.0,0.0,0.0,22.82,3.72,0.0
20231104:1803,0.0,0.0,0.0,0.0,21.66,3.86,0.0
20231104:1903,0.0,0.0,0.0,0.0,20.51,3.59,0.0
20231104:2003,0.0,0.0,0.0,0.0,20.2,3.31,0.0
20231104:2103,0.0,0.0,0.0,0.0,19.91,3.24,0.0
20231104:2203,0.0,0.0,0.0,0.0,19.67,2.97,0.0
20231104:2303,0.0,0.0,0.0,0.0,19.38,2.83,0.0
20231105:0003,0.0,0.0,0.0,0.0,19.1,2.97,0.0
20231105:0103,0.0,0.0,0.0,0.0,18.79,2.97,0.0
20231105:0203,0.0,0.0,0.0,0.0,18.6,3.03,0.0
20231105:0303,0.0,0.0,0.0,0.0,18.48,2.97,0.0
20231105:0403,3.85,62.7,2.23,13.13,19.12,2.41,0.0
20231105:0503,183.8,137.54,10.95,26.31,20.87,3.45,0.0
20231105:0603,257.8,172.35,17.08,39.61,22.63,3.93,0.0
20231105:0703,363.78,156.9,23.2,52.84,24.63,4.07,0.0
20231105:0803,404.77,171.33,27.0,65.57,26.34,4.0,0.0
20231105:0903,447.85,158.1,29.44,76.02,27.8,3.86,0.0
20231105:1003,457.54,150.44,29.7,76.56,28.99,3.86,0.0
20231105:1103,448.36,133.89,28.0,66.5,29.75,4.0,0.0
20231105:1203,408.34,124.48,24.37,53.84,29.97,4.28,0.0
20231105:1303,0.0,74.19,2.55,40.63,29.41,4.41,0.0
20231105:1403,0.0,32.4,1.11,27.33,28.24,4.48,0.0
20231105:1503,130.42,83.42,5.51,14.13,26.81,3.79,0.0
20231105:1603,0.0,0.0,0.0,0.0,24.81,3.86,0.0
20231105:1703,0.0,0.0,0.0,0.0,23.08,3.45,0.0
20231105:1803,0.0,0.0,0.0,0.0,22.05,2.9,0.0
20231105:1903,0.0,0.0,0.0,0.0,21.52,2.41,0.0
20231105:2003,0.0,0.0,0.0,0.0,21.02,1.79,0.0
20231105:2103,0.0,0.0,0.0,0.0,20.48,1.66,0.0
20231105:2203,0.0,0.0,0.0,0.0,19.94,1.66,0.0
20231105:2303,0.0,0.0,0.0,0.0,19.62,1.79,0.0
20231106:0003,0.0,0.0,0.0,0.0,19.3,1.79,0.0
20231106:0103,0.0,0.0,0.0,0.0,19.19,1.79,0.0
20231106:0203,0.0,0.0,0.0,0.0,19.0,1.79,0.0
20231106:0303,0.0,0.0,0.0,0.0,19.06,1.79,0.0
20231106:0403,0.0,17.91,0.62,13.24,19.84,2.0,0.0
20231106:0503,0.0,98.07,3.37,26.41,21.74,3.93,0.0
20231106:0603,37.52,260.99,10.54,39.71,23.44,4.07,0.0
20231106:0703,124.65,328.91,17.31,52.95,24.94,4.62,0.0
20231106:0803,451.78,130.58,27.8,65.72,26.64,4.9,0.0
20231106:0903,399.57,205.62,28.38,76.27,28.41,4.48,0.0
20231106:1003,487.83,126.17,30.23,76.84,29.84,4.41,0.0
20231106:1103,461.39,126.04,28.21,66.68,31.09,4.48,0.0
20231106:1203,403.46,129.4,24.13,53.99,31.83,4.48,0.0
20231106:1303,313.83,136.69,18.36,40.77,32.05,4.48,0.0
20231106:1403,72.46,186.83,8.85,27.46,31.26,4.34,0.0
20231106:1503,0.0,23.88,0.82,14.28,29.72,3.79,0.0
20231106:1603,0.0,0.0,0.0,0.0,27.35,3.72,0.0
20231106:1703,0.0,0.0,0.0,0.0,25.24,3.59,0.0
20231106:1803,0.0,0.0,0.0,0.0,23.75,3.24,0.0
20231106:1903,0.0,0.0,0.0,0.0,23.44,3.1,0.0
20231106:2003,0.0,0.0,0.0,0.0,22.9,2.97,0.0
20231106:2103,0.0,0.0,0.0,0.0,22.47,2.9,0.0
20231106:2203,0.0,0.0,0.0,0.0,22.06,2.69,0.0
20231106:2303,0.0,0.0,0.0,0.0,21.6,2.55,0.0
20231107:0003,0.0,0.0,0.0,0.0,21.26,2.55,0.0
20231107:0103,0.0,0.0,0.0,0.0,20.95,2.55,0.0
20231107:0203,0.0,0.0,0.0,0.0,20.75,2.55,0.0
20231107:0303,0.0,0.0,0.0,0.0,20.62,2.41,0.0
20231107:0403,27.39,85.17,3.4,13.35,21.28,2.14,0.0
20231107:0503,0.84,113.46,3.92,26.51,22.63,2.83,0.0
20231107:0603,8.94,226.19,8.14,39.81,24.55,3.24,0.0
20231107:0703,29.08,323.8,12.51,53.06,25.77,3.59,0.0
20231107:0803,0.0,122.79,4.22,65.86,27.58,3.86,0.0
20231107:0903,0.0,92.1,3.16,76.51,28.33,3.86,0.0
20231107:1003,0.57,288.21,9.93,77.11,29.42,3.24,0.0
20231107:1103,0.0,168.84,5.8,66.86,29.14,2.21,0.0
20231107:1203,0.0,63.1,2.17,54.13,27.65,0.83,0.0
20231107:1303,0.0,58.84,2.02,40.9,26.3,1.24,0.0
20231107:1403,0.0,52.02,1.79,27.6,23.83,3.86,0.0
20231107:1503,0.0,27.29,0.94,14.42,21.0,5.59,0.0
20231107:1603,0.0,0.78,0.03,1.52,19.78,5.1,0.0
20231107:1703,0.0,0.0,0.0,0.0,19.41,4.0,0.0
20231107:1803,0.0,0.0,0.0,0.0,19.12,3.86,0.0
20231107:1903,0.0,0.0,0.0,0.0,18.91,3.66,0.0
20231107:2003,0.0,0.0,0.0,0.0,19.13,3.93,0.0
20231107:2103,0.0,0.0,0.0,0.0,19.02,4.0,0.0
20231107:2203,0.0,0.0,0.0,0.0,18.72,4.07,0.0
20231107:2303,0.0,0.0,0.0,0.0,18.49,3.86,0.0
20231108:0003,0.0,0.0,0.0,0.0,18.41,3.86,0.0
20231108:0103,0.0,0.0,0.0,0.0,18.32,3.59,0.0
20231108:0203,0.0,0.0,0.0,0.0,18.1,3.24,0.0
20231108:0303,0.0,0.0,0.0,0.0,17.99,3.17,0.0
20231108:0403,147.15,79.79,5.45,13.45,18.17,2.76,0.0
20231108:0503,0.0,66.51,2.28,26.61,18.95,3.24,0.0
20231108:0603,108.84,265.47,13.62,39.9,19.77,4.83,0.0
20231108:0703,229.95,277.5,20.47,53.16,20.96,4.48,0.0
20231108:0803,468.71,130.04,28.29,65.99,21.88,3.79,0.0
20231108:0903,473.74,150.71,29.99,76.74,22.77,2.97,0.0
20231108:1003,1.14,301.84,10.43,77.38,23.06,2.34,0.0
20231108:1103,29.31,381.2,14.59,67.03,23.24,2.21,0.0
20231108:1203,139.31,335.8,18.19,54.27,23.48,2.21,0.0
20231108:1303,195.96,231.82,16.26,41.03,23.22,2.48,0.0
20231108:1403,245.59,117.7,12.45,27.73,22.85,2.76,0.0
20231108:1503,145.2,85.86,5.83,14.56,22.42,2.62,0.0
20231108:1603,0.0,0.78,0.03,1.68,21.39,2.14,0.0
20231108:1703,0.0,0.0,0.0,0.0,20.43,1.93,0.0
20231108:1803,0.0,0.0,0.0,0.0,19.75,1.79,0.0
20231108:1903,0.0,0.0,0.0,0.0,19.02,1.59,0.0
20231108:2003,0.0,0.0,0.0,0.0,18.71,1.24,0.0
20231108:2103,0.0,0.0,0.0,0.0,18.49,1.03,0.0
20231108:2203,0.0,0.0,0.0,0.0,18.33,0.76,0.0
20231108:2303,0.0,0.0,0.0,0.0,18.55,0.62,0.0
20231109:0003,0.0,0.0,0.0,0.0,18.5,0.48,0.0
20231109:0103,0.0,0.0,0.0,0.0,18.57,0.55,0.0
20231109:0203,0.0,0.0,0.0,0.0,18.58,0.41,0.0
20231109:0303,0.0,0.0,0.0,0.0,18.56,0.41,0.0
20231109:0403,0.0,13.64,0.47,13.55,18.79,0.48,0.0
20231109:0503,0.0,31.55,1.08,26.69,19.2,0.76,0.0
20231109:0603,0.0,81.86,2.81,39.98,20.34,1.31,0.0
20231109:0703,0.0,159.46,5.48,53.25,20.73,1.38,0.0
20231109:0803,0.0,160.32,5.51,66.12,21.0,1.17,0.0
20231109:0903,0.0,159.46,5.48,76.97,21.4,1.38,0.0
20231109:1003,0.0,156.9,5.39,77.64,21.75,1.72,0.0
20231109:1103,0.0,132.18,4.54,67.21,22.01,2.34,0.0
20231109:1203,0.0,95.51,3.28,54.42,21.36,2.97,0.0
20231109:1303,0.0,98.07,3.37,41.17,20.83,3.1,0.0
20231109:1403,0.0,66.51,2.28,27.87,20.41,3.03,0.0
20231109:1503,0.0,59.69,2.05,14.71,19.96,2.76,0.0
20231109:1603,0.0,0.78,0.03,1.84,19.54,2.28,0.0
20231109:1703,0.0,0.0,0.0,0.0,19.3,1.79,0.0
20231109:1803,0.0,0.0,0.0,0.0,19.12,1.72,0.0
20231109:1903,0.0,0.0,0.0,0.0,18.97,1.38,0.0
20231109:2003,0.0,0.0,0.0,0.0,18.85,1.17,0.0
20231109:2103,0.0,0.0,0.0,0.0,18.77,1.03,0.0
20231109:2203,0.0,0.0,0.0,0.0,18.7,0.9,0.0
20231109:2303,0.0,0.0,0.0,0.0,18.66,0.76,0.0
20231110:0003,0.0,0.0,0.0,0.0,18.61,0.62,0.0
20231110:0103,0.0,0.0,0.0,0.0,18.43,0.62,0.0
20231110:0203,0.0,0.0,0.0,0.0,18.36,0.62,0.0
20231110:0303,0.0,0.0,0.0,0.0,18.29,0.9,0.0
20231110:0403,0.0,51.16,1.76,13.65,18.39,1.03,0.0
20231110:0503,122.11,177.53,9.93,26.78,19.21,1.45,0.0
20231110:0603,116.15,267.9,13.91,40.06,19.9,1.86,0.0
20231110:0703,341.3,200.86,22.93,53.33,22.03,2.62,0.0
20231110:0803,36.95,388.01,15.17,66.23,23.96,3.03,0.0
20231110:0903,317.4,302.08,26.86,77.19,25.05,3.24,0.0
20231110:1003,125.77,426.64,21.18,77.9,25.11,3.45,0.0
20231110:1103,245.24,332.93,23.81,67.38,25.71,3.52,0.0
20231110:1203,36.4,343.52,13.5,54.56,25.97,3.45,0.0
20231110:1303,16.68,252.89,9.37,41.3,26.25,3.59,0.0
20231110:1403,67.1,195.65,8.87,28.01,26.14,3.45,0.0
20231110:1503,33.85,99.84,4.04,14.85,25.76,3.03,0.0
20231110:1603,0.0,2.33,0.09,2.0,24.35,2.55,0.0
20231110:1703,0.0,0.0,0.0,0.0,22.59,2.62,0.0
20231110:1803,0.0,0.0,0.0,0.0,21.37,2.97,0.0
20231110:1903,0.0,0.0,0.0,0.0,20.48,2.97,0.0
20231110:2003,0.0,0.0,0.0,0.0,19.83,2.83,0.0
20231110:2103,0.0,0.0,0.0,0.0,19.29,2.83,0.0
20231110:2203,0.0,0.0,0.0,0.0,18.97,2.9,0.0
20231110:2303,0.0,0.0,0.0,0.0,18.78,3.03,0.0
20231111:0003,0.0,0.0,0.0,0.0,18.73,3.17,0.0
20231111:0103,0.0,0.0,0.0,0.0,19.05,3.38,0.0
20231111:0203,0.0,0.0,0.0,0.0,19.12,3.59,0.0
20231111:0303,0.0,0.0,0.0,0.0,19.2,3.66,0.0
20231111:0403,1.34,61.55,2.14,13.73,19.96,3.38,0.0
20231111:0503,84.94,187.39,9.05,26.85,21.55,5.03,0.0
20231111:0603,281.53,177.65,17.63,40.14,23.67,5.93,0.0
20231111:0703,423.19,134.07,24.34,53.41,26.05,5.86,0.0
20231111:0803,484.06,131.02,28.59,66.34,27.99,5.66,0.0
20231111:0903,527.23,120.78,31.13,77.4,29.7,5.59,0.0
20231111:1003,514.35,131.5,30.9,78.16,31.27,5.59,0.0
20231111:1103,494.73,126.37,29.06,67.55,32.42,5.52,0.0
20231111:1203,447.8,121.24,25.22,54.7,33.2,5.59,0.0
20231111:1303,375.68,116.9,19.77,41.43,33.45,5.52,0.0
20231111:1403,281.2,108.84,13.18,28.14,33.05,5.1,0.0
20231111:1503,158.66,88.09,6.12,15.0,31.94,4.28,0.0
20231111:1603,0.0,6.21,0.23,2.16,30.06,3.86,0.0
20231111:1703,0.0,0.0,0.0,0.0,28.39,3.66,0.0
20231111:1803,0.0,0.0,0.0,0.0,27.35,3.72,0.0
20231111:1903,0.0,0.0,0.0,0.0,26.7,3.38,0.0
20231111:2003,0.0,0.0,0.0,0.0,26.0,0.34,0.0
20231111:2103,0.0,0.0,0.0,0.0,24.13,3.24,0.0
20231111:2203,0.0,0.0,0.0,0.0,22.78,3.79,0.0
20231111:2303,0.0,0.0,0.0,0.0,21.63,3.24,0.0
20231112:0003,0.0,0.0,0.0,0.0,21.0,2.62,0.0
20231112:0103,0.0,0.0,0.0,0.0,20.66,2.28,0.0
20231112:0203,0.0,0.0,0.0,0.0,20.54,2.62,0.0
20231112:0303,0.0,0.0,0.0,0.0,20.43,3.1,0.0
20231112:0403,0.0,13.64,0.47,13.82,20.77,3.93,0.0
20231112:0503,0.0,34.96,1.2,26.93,21.39,4.83,0.0
20231112:0603,0.0,57.99,1.99,40.2,21.54,4.69,0.0
20231112:0703,0.0,144.97,4.98,53.49,23.01,4.48,0.0
20231112:0803,3.02,297.57,10.37,66.44,23.44,4.41,0.0
20231112:0903,0.0,179.08,6.15,77.6,23.93,4.34,0.0
20231112:1003,0.0,165.43,5.68,78.42,24.76,4.34,0.0
20231112:1103,0.0,175.66,6.03,67.72,24.47,4.14,0.0
20231112:1203,0.0,103.18,3.54,54.84,24.14,4.48,0.0
20231112:1303,0.0,97.21,3.34,41.57,23.69,5.03,0.0
20231112:1403,0.0,33.26,1.14,28.28,22.57,4.34,0.0
20231112:1503,0.0,27.29,0.94,15.15,21.17,4.0,0.0
20231112:1603,0.0,3.88,0.15,2.32,20.34,3.79,0.0
20231112:1703,0.0,0.0,0.0,0.0,19.74,3.59,0.0
20231112:1803,0.0,0.0,0.0,0.0,19.44,3.52,0.0
20231112:1903,0.0,0.0,0.0,0.0,19.52,3.86,0.0
20231112:2003,0.0,0.0,0.0,0.0,19.39,3.45,0.0
20231112:2103,0.0,0.0,0.0,0.0,19.07,3.1,0.0
20231112:2203,0.0,0.0,0.0,0.0,18.84,3.1,0.0
20231112:2303,0.0,0.0,0.0,0.0,18.4,2.9,0.0
20231113:0003,0.0,0.0,0.0,0.0,18.35,2.69,0.0
20231113:0103,0.0,0.0,0.0,0.0,18.2,2.62,0.0
20231113:0203,0.0,0.0,0.0,0.0,17.98,2.21,0.0
20231113:0303,0.0,0.0,0.0,0.0,17.88,1.93,0.0
20231113:0403,0.0,14.5,0.5,13.89,18.18,1.79,0.0
20231113:0503,0.0,40.08,1.38,26.99,18.78,2.62,0.0
20231113:0603,0.0,83.57,2.87,40.27,19.48,2.62,0.0
20231113:0703,0.0,172.25,5.92,53.55,19.71,2.55,0.0
20231113:0803,10.93,340.95,12.24,66.54,20.19,2.28,0.0
20231113:0903,6.5,346.93,12.24,77.79,20.88,2.0,0.0
20231113:1003,0.0,97.21,3.34,78.67,21.11,1.79,0.0
20231113:1103,0.0,121.94,4.19,67.89,21.2,1.79,0.0
20231113:1203,0.0,107.45,3.69,54.98,20.69,1.79,0.0
20231113:1303,0.0,114.27,3.92,41.7,20.52,2.21,0.0
20231113:1403,0.0,63.96,2.2,28.42,20.09,2.48,0.0
20231113:1503,2.54,71.06,2.49,15.29,19.71,2.62,0.0
20231113:1603,0.0,1.55,0.06,2.48,19.43,2.28,0.0
20231113:1703,0.0,0.0,0.0,0.0,19.02,1.72,0.0
20231113:1803,0.0,0.0,0.0,0.0,18.93,1.59,0.0
20231113:1903,0.0,0.0,0.0,0.0,18.57,1.86,0.0
20231113:2003,0.0,0.0,0.0,0.0,18.33,2.41,0.0
20231113:2103,0.0,0.0,0.0,0.0,18.0,2.76,0.0
20231113:2203,0.0,0.0,0.0,0.0,17.47,3.17,0.0
20231113:2303,0.0,0.0,0.0,0.0,17.04,3.17,0.0
20231114:0003,0.0,0.0,0.0,0.0,16.84,3.1,0.0
20231114:0103,0.0,0.0,0.0,0.0,16.77,2.97,0.0
20231114:0203,0.0,0.0,0.0,0.0,16.58,2.69,0.0
20231114:0303,0.0,0.0,0.0,0.0,16.48,2.76,0.0
20231114:0403,0.0,14.5,0.5,13.97,16.45,2.83,0.0
20231114:0503,0.0,42.64,1.46,27.05,16.58,2.07,0.0
20231114:0603,0.0,155.2,5.33,40.32,16.89,2.41,0.0
20231114:0703,11.68,300.25,10.84,53.61,17.27,2.48,0.0
20231114:0803,0.0,257.53,8.85,66.62,17.86,3.1,0.0
20231114:0903,0.0,167.14,5.74,77.97,18.56,3.72,0.0
20231114:1003,0.0,245.59,8.44,78.91,18.72,3.52,0.0
20231114:1103,0.0,127.06,4.36,68.05,18.78,3.38,0.0
20231114:1203,0.0,202.1,6.94,55.12,18.99,3.17,0.0
20231114:1303,0.0,75.89,2.61,41.84,19.08,2.97,0.0
20231114:1403,0.0,73.34,2.52,28.56,18.87,2.62,0.0
20231114:1503,0.0,55.43,1.9,15.44,18.58,2.07,0.0
20231114:1603,0.0,4.65,0.18,2.65,18.24,1.66,0.0
20231114:1703,0.0,0.0,0.0,0.0,17.89,1.38,0.0
20231114:1803,0.0,0.0,0.0,0.0,17.6,0.9,0.0
20231114:1903,0.0,0.0,0.0,0.0,17.32,0.48,0.0
20231114:2003,0.0,0.0,0.0,0.0,17.11,0.55,0.0
20231114:2103,0.0,0.0,0.0,0.0,16.86,0.69,0.0
20231114:2203,0.0,0.0,0.0,0.0,16.62,0.83,0.0
20231114:2303,0.0,0.0,0.0,0.0,16.38,0.97,0.0
20231115:0003,0.0,0.0,0.0,0.0,16.01,1.03,0.0
20231115:0103,0.0,0.0,0.0,0.0,15.55,1.03,0.0
20231115:0203,0.0,0.0,0.0,0.0,15.46,0.97,0.0
20231115:0303,0.0,0.0,0.0,0.0,15.33,0.9,0.0
20231115:0403,0.0,14.5,0.5,14.03,16.22,0.55,0.0
20231115:0503,0.0,54.58,1.87,27.11,18.12,0.55,0.0
20231115:0603,0.0,125.35,4.31,40.37,19.24,1.17,0.0
20231115:0703,65.95,351.97,15.03,53.67,20.94,2.62,0.0
20231115:0803,100.16,406.21,18.77,66.7,21.21,2.76,0.0
20231115:0903,125.5,430.78,21.06,78.15,21.55,3.03,0.0
20231115:1003,38.19,420.4,16.34,79.16,22.23,3.52,0.0
20231115:1103,8.56,339.3,12.07,68.22,22.11,3.66,0.0
20231115:1203,34.28,344.75,13.39,55.26,22.34,3.79,0.0
20231115:1303,0.0,129.62,4.45,41.97,21.93,3.93,0.0
20231115:1403,37.2,195.19,7.85,28.69,21.51,4.41,0.0
20231115:1503,40.89,106.18,4.36,15.59,21.05,4.14,0.0
20231115:1603,0.0,6.21,0.23,2.81,20.46,3.52,0.0
20231115:1703,0.0,0.0,0.0,0.0,19.63,3.31,0.0
20231115:1803,0.0,0.0,0.0,0.0,19.15,3.38,0.0
20231115:1903,0.0,0.0,0.0,0.0,18.98,3.31,0.0
20231115:2003,0.0,0.0,0.0,0.0,18.46,2.97,0.0
20231115:2103,0.0,0.0,0.0,0.0,18.21,2.83,0.0
20231115:2203,0.0,0.0,0.0,0.0,18.0,2.76,0.0
20231115:2303,0.0,0.0,0.0,0.0,17.84,2.83,0.0
20231116:0003,0.0,0.0,0.0,0.0,17.82,2.9,0.0
20231116:0103,0.0,0.0,0.0,0.0,17.79,2.9,0.0
20231116:0203,0.0,0.0,0.0,0.0,17.7,2.97,0.0
20231116:0303,0.0,0.0,0.0,0.0,17.73,3.17,0.0
20231116:0403,0.0,31.55,1.08,14.1,18.45,2.9,0.0
20231116:0503,185.31,161.03,11.1,27.16,20.01,4.41,0.0
20231116:0603,314.88,164.75,18.07,40.42,21.65,5.38,0.0
20231116:0703,245.68,283.73,20.71,53.71,23.36,6.97,0.0
20231116:0803,86.52,406.65,18.1,66.77,24.9,6.62,0.0
20231116:0903,328.08,306.98,26.89,78.31,26.42,6.28,0.0
20231116:1003,267.56,354.41,25.51,79.39,27.66,6.21,0.0
20231116:1103,11.07,347.81,12.48,68.38,28.58,5.93,0.0
20231116:1203,332.99,228.54,22.96,55.39,29.34,5.59,0.0
20231116:1303,266.04,207.82,17.78,42.1,29.73,5.38,0.0
20231116:1403,93.05,200.97,9.75,28.83,29.63,5.17,0.0
20231116:1503,1.28,70.07,2.43,15.74,28.85,4.14,0.0
20231116:1603,0.0,8.53,0.32,2.97,27.04,3.72,0.0
20231116:1703,0.0,0.0,0.0,0.0,24.99,3.72,0.0
20231116:1803,0.0,0.0,0.0,0.0,23.39,3.59,0.0
20231116:1903,0.0,0.0,0.0,0.0,22.16,3.03,0.0
20231116:2003,0.0,0.0,0.0,0.0,21.33,2.76,0.0
20231116:2103,0.0,0.0,0.0,0.0,20.79,2.55,0.0
20231116:2203,0.0,0.0,0.0,0.0,20.4,2.28,0.0
20231116:2303,0.0,0.0,0.0,0.0,20.11,2.07,0.0
20231117:0003,0.0,0.0,0.0,0.0,19.78,1.86,0.0
20231117:0103,0.0,0.0,0.0,0.0,19.54,1.79,0.0
20231117:0203,0.0,0.0,0.0,0.0,19.42,1.79,0.0
20231117:0303,0.0,0.0,0.0,0.0,19.39,1.79,0.0
20231117:0403,0.0,16.2,0.56,14.15,20.12,1.86,0.0
20231117:0503,0.91,118.59,4.1,27.2,21.6,3.1,0.0
20231117:0603,244.52,210.31,16.69,40.45,23.39,3.79,0.0
20231117:0703,297.36,245.39,21.64,53.76,24.8,4.0,0.0
20231117:0803,451.77,171.54,27.53,66.84,26.7,3.93,0.0
20231117:0903,530.37,131.02,30.67,78.47,28.49,3.86,0.0
20231117:1003,524.64,136.76,30.64,79.63,29.9,3.79,0.0
20231117:1103,505.53,131.53,28.85,68.54,30.88,3.86,0.0
20231117:1203,446.56,135.83,24.87,55.53,31.35,4.0,0.0
20231117:1303,397.22,116.32,20.0,42.24,31.4,4.14,0.0
20231117:1403,0.0,51.16,1.76,28.97,30.79,4.14,0.0
20231117:1503,0.0,23.02,0.79,15.89,29.78,3.59,0.0
20231117:1603,0.0,6.21,0.23,3.13,27.81,3.52,0.0
20231117:1703,0.0,0.0,0.0,0.0,25.77,3.52,0.0
20231117:1803,0.0,0.0,0.0,0.0,24.39,3.45,0.0
20231117:1903,0.0,0.0,0.0,0.0,23.56,3.52,0.0
20231117:2003,0.0,0.0,0.0,0.0,22.93,3.03,0.0
20231117:2103,0.0,0.0,0.0,0.0,22.37,2.83,0.0
20231117:2203,0.0,0.0,0.0,0.0,21.93,2.9,0.0
20231117:2303,0.0,0.0,0.0,0.0,21.62,2.69,0.0
20231118:0003,0.0,0.0,0.0,0.0,21.24,2.21,0.0
20231118:0103,0.0,0.0,0.0,0.0,20.92,1.52,0.0
20231118:0203,0.0,0.0,0.0,0.0,20.62,1.03,0.0
20231118:0303,0.0,0.85,0.03,1.52,20.53,0.76,0.0
20231118:0403,0.0,17.05,0.59,14.21,21.55,0.48,0.0
20231118:0503,0.0,63.96,2.2,27.24,23.38,1.03,0.0
20231118:0603,47.57,271.02,11.1,40.49,25.23,1.1,0.0
20231118:0703,171.47,323.95,18.63,53.79,27.49,2.34,0.0
20231118:0803,349.24,259.05,25.51,66.89,29.31,2.14,0.0
20231118:0903,469.96,183.44,29.41,78.62,31.0,2.0,0.0
20231118:1003,38.18,414.66,16.11,79.86,32.28,2.07,0.0
20231118:1103,130.44,400.22,19.95,68.7,33.2,2.14,0.0
20231118:1203,194.52,320.56,19.65,55.67,33.62,2.21,0.0
20231118:1303,9.47,239.99,8.61,42.37,33.89,2.14,0.0
20231118:1403,296.86,113.6,13.41,29.11,33.81,1.66,0.0
20231118:1503,176.46,93.48,6.56,16.03,32.82,1.66,0.0
20231118:1603,0.0,13.96,0.53,3.29,30.49,2.21,0.0
20231118:1703,0.0,0.0,0.0,0.0,28.02,2.34,0.0
20231118:1803,0.0,0.0,0.0,0.0,26.52,1.79,0.0
20231118:1903,0.0,0.0,0.0,0.0,24.5,1.59,0.0
20231118:2003,0.0,0.0,0.0,0.0,23.89,1.59,0.0
20231118:2103,0.0,0.0,0.0,0.0,23.43,1.31,0.0
20231118:2203,0.0,0.0,0.0,0.0,23.02,0.83,0.0
20231118:2303,0.0,0.0,0.0,0.0,22.56,0.55,0.0
20231119:0003,0.0,0.0,0.0,0.0,21.93,1.03,0.0
20231119:0103,0.0,0.0,0.0,0.0,21.55,0.97,0.0
20231119:0203,0.0,0.0,0.0,0.0,21.51,0.62,0.0
20231119:0303,0.0,0.85,0.03,1.59,21.58,0.55,0.0
20231119:0403,107.64,98.19,5.04,14.25,22.27,0.48,0.0
20231119:0503,256.17,126.43,12.04,27.28,24.53,1.1,0.0
20231119:0603,342.54,148.1,18.34,40.52,26.64,1.59,0.0
20231119:0703,431.74,145.38,24.05,53.82,28.43,2.21,0.0
20231119:0803,500.54,136.99,28.38,66.94,30.28,2.9,0.0
20231119:0903,544.93,126.53,30.93,78.75,31.86,3.31,0.0
20231119:1003,532.31,136.57,30.72,80.09,33.15,3.45,0.0
20231119:1103,321.44,290.58,25.28,68.85,34.16,3.52,0.0
20231119:1203,87.83,360.14,16.23,55.81,34.73,3.45,0.0
20231119:1303,129.6,280.02,14.62,42.51,34.81,3.45,0.0
20231119:1403,288.52,120.27,13.3,29.25,34.44,3.59,0.0
20231119:1503,175.54,95.42,6.59,16.18,33.45,3.45,0.0
20231119:1603,0.0,13.96,0.53,3.45,31.24,3.24,0.0
20231119:1703,0.0,0.0,0.0,0.0,28.75,3.24,0.0
20231119:1803,0.0,0.0,0.0,0.0,27.05,3.17,0.0
20231119:1903,0.0,0.0,0.0,0.0,25.9,3.17,0.0
20231119:2003,0.0,0.0,0.0,0.0,25.04,2.9,0.0
20231119:2103,0.0,0.0,0.0,0.0,24.33,2.83,0.0
20231119:2203,0.0,0.0,0.0,0.0,23.73,2.76,0.0
20231119:2303,0.0,0.0,0.0,0.0,23.3,2.62,0.0
20231120:0003,0.0,0.0,0.0,0.0,22.97,2.62,0.0
20231120:0103,0.0,0.0,0.0,0.0,22.69,2.55,0.0
20231120:0203,0.0,0.0,0.0,0.0,22.49,2.55,0.0
20231120:0303,0.0,0.85,0.03,1.65,22.29,2.55,0.0
20231120:0403,74.12,100.02,4.54,14.29,23.38,1.31,0.0
20231120:0503,200.55,156.38,11.22,27.31,25.58,0.76,0.0
20231120:0603,294.93,183.35,17.54,40.54,27.56,1.52,0.0
20231120:0703,425.36,152.79,23.9,53.84,29.07,1.86,0.0
20231120:0803,496.15,141.72,28.21,66.98,30.65,1.59,0.0
20231120:0903,547.58,126.87,30.93,78.88,31.99,1.59,0.0
20231120:1003,534.83,137.71,30.75,80.31,33.05,2.0,0.0
20231120:1103,516.11,132.44,29.0,69.01,33.74,2.48,0.0
20231120:1203,435.29,153.4,24.63,55.94,33.76,2.97,0.0
20231120:1303,370.78,139.73,19.45,42.64,33.06,3.38,0.0
20231120:1403,106.34,201.5,10.1,29.39,31.77,3.31,0.0
20231120:1503,5.17,83.37,2.96,16.33,30.31,2.97,0.0
20231120:1603,0.0,9.31,0.35,3.61,28.23,3.1,0.0
20231120:1703,0.0,0.0,0.0,0.0,26.53,1.93,0.0
20231120:1803,0.0,0.0,0.0,0.0,25.79,1.17,0.0
20231120:1903,0.0,0.0,0.0,0.0,25.73,1.24,0.0
20231120:2003,0.0,0.0,0.0,0.0,25.32,1.59,0.0
20231120:2103,0.0,0.0,0.0,0.0,25.04,1.86,0.0
20231120:2203,0.0,0.0,0.0,0.0,24.74,2.0,0.0
20231120:2303,0.0,0.0,0.0,0.0,24.5,2.07,0.0
20231121:0003,0.0,0.0,0.0,0.0,24.28,2.21,0.0
20231121:0103,0.0,0.0,0.0,0.0,24.15,2.21,0.0
20231121:0203,0.0,0.0,0.0,0.0,23.95,2.28,0.0
20231121:0303,0.0,0.85,0.03,1.7,23.77,2.34,0.0
20231121:0403,14.35,84.08,3.1,14.33,24.92,2.41,0.0
20231121:0503,14.88,166.86,6.15,27.33,27.51,3.31,0.0
20231121:0603,178.59,250.96,15.26,40.56,30.24,3.93,0.0
20231121:0703,395.87,179.6,23.4,53.86,32.87,3.93,0.0
20231121:0803,136.39,396.91,19.95,67.02,35.43,4.34,0.0
20231121:0903,471.92,192.21,29.44,79.0,37.53,4.48,0.0
20231121:1003,0.0,267.76,9.2,80.53,39.16,4.34,0.0
20231121:1103,0.0,186.75,6.41,69.16,40.1,4.14,0.0
20231121:1203,71.32,361.06,15.49,56.08,40.18,3.72,0.0
20231121:1303,135.24,281.43,14.82,42.77,40.04,3.59,0.0
20231121:1403,290.07,123.49,13.36,29.53,38.51,2.9,0.0
20231121:1503,195.58,93.88,6.94,16.48,36.37,2.28,0.0
20231121:1603,0.0,13.19,0.5,3.77,33.48,1.79,0.0
20231121:1703,0.0,0.0,0.0,0.0,31.58,2.07,0.0
20231121:1803,0.0,0.0,0.0,0.0,29.36,3.17,0.0
20231121:1903,0.0,0.0,0.0,0.0,26.83,2.07,0.0
20231121:2003,0.0,0.0,0.0,0.0,26.13,1.52,0.0
20231121:2103,0.0,0.0,0.0,0.0,25.41,1.03,0.0
20231121:2203,0.0,0.0,0.0,0.0,24.49,1.1,0.0
20231121:2303,0.0,0.0,0.0,0.0,23.68,1.1,0.0
20231122:0003,0.0,0.0,0.0,0.0,23.11,1.1,0.0
20231122:0103,0.0,0.0,0.0,0.0,22.89,0.97,0.0
20231122:0203,0.0,0.0,0.0,0.0,23.53,0.55,0.0
20231122:0303,0.0,0.85,0.03,1.75,23.38,0.21,0.0
20231122:0403,155.93,91.1,5.59,14.36,23.98,0.34,0.0
20231122:0503,271.43,122.97,12.21,27.35,26.79,0.69,0.0
20231122:0603,368.35,135.68,18.66,40.57,29.08,0.97,0.0
20231122:0703,458.35,132.36,24.43,53.87,31.04,1.17,0.0
20231122:0803,515.02,132.86,28.53,67.05,33.2,1.72,0.0
20231122:0903,560.1,122.43,31.11,79.1,35.07,2.28,0.0
20231122:1003,547.7,133.22,30.96,80.74,36.58,2.76,0.0
20231122:1103,522.01,133.04,29.06,69.31,37.67,3.17,0.0
20231122:1203,475.35,129.38,25.39,56.21,38.16,3.31,0.0
20231122:1303,398.57,127.59,20.0,42.91,37.86,3.31,0.0
20231122:1403,296.56,122.84,13.5,29.67,36.87,3.38,0.0
20231122:1503,167.31,101.62,6.59,16.63,34.96,3.52,0.0
20231122:1603,0.0,17.84,0.67,3.93,32.48,3.17,0.0
20231122:1703,0.0,0.0,0.0,0.0,30.42,2.34,0.0
20231122:1803,0.0,0.0,0.0,0.0,29.53,2.07,0.0
20231122:1903,0.0,0.0,0.0,0.0,28.29,1.86,0.0
20231122:2003,0.0,0.0,0.0,0.0,27.94,2.28,0.0
20231122:2103,0.0,0.0,0.0,0.0,27.51,2.41,0.0
20231122:2203,0.0,0.0,0.0,0.0,27.12,2.28,0.0
20231122:2303,0.0,0.0,0.0,0.0,26.92,2.07,0.0
20231123:0003,0.0,0.0,0.0,0.0,26.49,2.0,0.0
20231123:0103,0.0,0.0,0.0,0.0,26.0,2.07,0.0
20231123:0203,0.0,0.0,0.0,0.0,25.61,2.14,0.0
20231123:0303,0.0,0.85,0.03,1.79,25.45,2.14,0.0
20231123:0403,111.88,100.04,5.1,14.39,26.67,2.0,0.0
20231123:0503,260.85,130.57,12.07,27.37,29.42,2.97,0.0
20231123:0603,366.56,139.62,18.63,40.58,32.05,3.59,0.0
20231123:0703,462.7,133.45,24.54,53.88,34.77,3.93,0.0
20231123:0803,519.98,133.06,28.64,67.07,37.1,4.41,0.0
20231123:0903,565.68,122.56,31.25,79.2,38.75,4.48,0.0
20231123:1003,545.71,138.5,30.93,80.95,39.96,4.34,0.0
20231123:1103,520.4,138.35,29.06,69.46,40.69,4.21,0.0
20231123:1203,481.39,128.69,25.54,56.35,40.69,3.93,0.0
20231123:1303,398.73,130.53,20.03,43.04,40.48,3.72,0.0
20231123:1403,302.12,122.16,13.62,29.8,39.7,3.59,0.0
20231123:1503,188.27,98.32,6.91,16.77,37.97,3.52,0.0
20231123:1603,0.0,18.62,0.7,4.09,35.03,3.72,0.0
20231123:1703,0.0,0.0,0.0,0.0,32.16,3.86,0.0
20231123:1803,0.0,0.0,0.0,0.0,30.28,3.52,0.0
20231123:1903,0.0,0.0,0.0,0.0,29.12,3.1,0.0
20231123:2003,0.0,0.0,0.0,0.0,28.13,2.69,0.0
20231123:2103,0.0,0.0,0.0,0.0,27.35,2.28,0.0
20231123:2203,0.0,0.0,0.0,0.0,26.62,1.93,0.0
20231123:2303,0.0,0.0,0.0,0.0,25.91,1.72,0.0
20231124:0003,0.0,0.0,0.0,0.0,25.17,1.72,0.0
20231124:0103,0.0,0.0,0.0,0.0,24.45,1.72,0.0
20231124:0203,0.0,0.0,0.0,0.0,23.82,1.72,0.0
20231124:0303,0.0,0.85,0.03,1.83,23.34,1.79,0.0
20231124:0403,163.77,93.33,5.74,14.41,25.06,1.59,0.0
20231124:0503,298.42,117.57,12.74,27.38,28.43,2.34,0.0
20231124:0603,389.31,131.69,19.16,40.58,31.45,3.17,0.0
20231124:0703,475.24,131.7,24.93,53.88,33.77,3.72,0.0
20231124:0803,526.19,136.39,28.94,67.08,36.34,4.28,0.0
20231124:0903,571.85,125.78,31.54,79.29,38.38,5.03,0.0
20231124:1003,559.18,137.39,31.43,81.16,39.73,5.31,0.0
20231124:1103,533.37,137.3,29.52,69.61,40.55,5.38,0.0
20231124:1203,488.05,132.1,25.86,56.48,40.96,5.1,0.0
20231124:1303,405.53,133.32,20.33,43.17,40.91,4.69,0.0
20231124:1403,309.45,124.37,13.88,29.94,40.4,4.0,0.0
20231124:1503,200.14,98.26,7.15,16.92,39.36,3.17,0.0
20231124:1603,41.09,25.91,1.03,4.25,37.05,2.9,0.0
20231124:1703,0.0,0.0,0.0,0.0,33.97,3.17,0.0
20231124:1803,0.0,0.0,0.0,0.0,31.66,3.03,0.0
20231124:1903,0.0,0.0,0.0,0.0,29.83,2.07,0.0
20231124:2003,0.0,0.0,0.0,0.0,28.61,2.76,0.0
20231124:2103,0.0,0.0,0.0,0.0,26.4,4.28,0.0
20231124:2203,0.0,0.0,0.0,0.0,24.74,4.34,0.0
20231124:2303,0.0,0.0,0.0,0.0,24.1,3.72,0.0
20231125:0003,0.0,0.0,0.0,0.0,23.82,2.97,0.0
20231125:0103,0.0,0.0,0.0,0.0,23.72,2.55,0.0
20231125:0203,0.0,0.0,0.0,0.0,23.62,2.28,0.0
20231125:0303,0.0,0.85,0.03,1.86,23.63,1.79,0.0
20231125:0403,73.57,102.05,4.54,14.43,24.16,2.21,0.0
20231125:0503,238.24,144.48,11.72,27.38,25.63,2.28,0.0
20231125:0603,327.93,169.16,17.95,40.57,27.42,2.0,0.0
20231125:0703,359.67,214.89,22.64,53.88,29.31,2.14,0.0
20231125:0803,292.67,316.01,24.19,67.09,31.28,1.72,0.0
20231125:0903,471.4,203.17,29.35,79.37,33.13,1.38,0.0
20231125:1003,532.65,152.01,30.55,81.36,34.46,1.17,0.0
20231125:1103,523.28,139.84,29.03,69.76,35.2,1.66,0.0
20231125:1203,471.64,138.95,25.28,56.61,35.51,2.28,0.0
20231125:1303,391.27,138.27,19.86,43.31,35.04,3.1,0.0
20231125:1403,292.39,130.76,13.5,30.08,33.56,3.79,0.0
20231125:1503,206.78,96.55,7.23,17.07,31.34,3.86,0.0
20231125:1603,4.01,15.67,0.56,4.41,28.81,3.38,0.0
20231125:1703,0.0,0.0,0.0,0.0,26.85,2.62,0.0
20231125:1803,0.0,0.0,0.0,0.0,25.69,2.07,0.0
20231125:1903,0.0,0.0,0.0,0.0,24.97,2.34,0.0
20231125:2003,0.0,0.0,0.0,0.0,24.62,2.34,0.0
20231125:2103,0.0,0.0,0.0,0.0,24.3,1.93,0.0
20231125:2203,0.0,0.0,0.0,0.0,24.11,1.59,0.0
20231125:2303,0.0,0.0,0.0,0.0,24.07,2.0,0.0
20231126:0003,0.0,0.0,0.0,0.0,23.99,2.41,0.0
20231126:0103,0.0,0.0,0.0,0.0,24.02,2.62,0.0
20231126:0203,0.0,0.0,0.0,0.0,24.18,2.55,0.0
20231126:0303,0.0,0.85,0.03,1.89,24.06,1.93,0.0
20231126:0403,0.0,17.05,0.59,14.44,24.44,2.14,0.0
20231126:0503,0.0,66.51,2.28,27.38,25.62,2.41,0.0
20231126:0603,0.0,165.43,5.68,40.57,27.71,2.41,0.0
20231126:0703,51.22,343.46,13.91,53.87,28.58,2.21,0.0
20231126:0803,20.76,363.43,13.41,67.09,29.93,1.45,0.0
20231126:0903,45.94,420.28,16.58,79.43,30.58,1.17,0.0
20231126:1003,106.06,436.85,19.98,81.56,31.38,1.38,0.0
20231126:1103,145.29,403.52,20.47,69.9,31.71,1.66,0.0
20231126:1203,131.27,357.48,17.84,56.74,31.86,1.59,0.0
20231126:1303,214.79,253.2,16.75,43.44,31.52,2.55,0.0
20231126:1403,21.72,190.49,7.18,30.22,31.4,2.76,0.0
20231126:1503,140.52,113.47,6.41,17.21,30.34,3.24,0.0
20231126:1603,3.92,17.4,0.62,4.56,28.17,3.52,0.0
20231126:1703,0.0,0.0,0.0,0.0,25.89,3.17,0.0
20231126:1803,0.0,0.0,0.0,0.0,24.62,2.55,0.0
20231126:1903,0.0,0.0,0.0,0.0,24.07,2.21,0.0
20231126:2003,0.0,0.0,0.0,0.0,23.74,1.66,0.0
20231126:2103,0.0,0.0,0.0,0.0,23.57,1.17,0.0
20231126:2203,0.0,0.0,0.0,0.0,23.54,0.83,0.0
20231126:2303,0.0,0.0,0.0,0.0,23.49,0.62,0.0
20231127:0003,0.0,0.0,0.0,0.0,23.48,0.55,0.0
20231127:0103,0.0,0.0,0.0,0.0,23.57,0.48,0.0
20231127:0203,0.0,0.0,0.0,0.0,23.62,0.41,0.0
20231127:0303,0.0,0.85,0.03,1.91,23.74,0.55,0.0
20231127:0403,0.0,14.5,0.5,14.44,24.03,0.69,0.0
20231127:0503,0.0,46.05,1.58,27.38,25.12,0.69,0.0
20231127:0603,0.0,110.0,3.78,40.55,26.77,0.97,0.0
20231127:0703,1.39,239.65,8.29,53.85,28.18,1.31,0.0
20231127:0803,31.92,379.77,14.47,67.09,29.78,1.72,0.0
20231127:0903,147.84,424.78,21.47,79.49,31.02,2.07,0.0
20231127:1003,319.98,329.35,26.36,81.76,32.85,2.48,0.0
20231127:1103,211.63,374.89,22.49,70.05,34.33,2.83,0.0
20231127:1203,364.47,225.39,23.37,56.88,35.21,2.83,0.0
20231127:1303,399.27,136.89,20.0,43.57,35.29,2.97,0.0
20231127:1403,299.51,129.25,13.62,30.35,34.6,3.45,0.0
20231127:1503,183.51,103.68,6.97,17.36,32.59,3.86,0.0
20231127:1603,49.76,31.11,1.23,4.72,29.7,3.79,0.0
20231127:1703,0.0,0.0,0.0,0.0,26.94,3.59,0.0
20231127:1803,0.0,0.0,0.0,0.0,25.48,2.62,0.0
20231127:1903,0.0,0.0,0.0,0.0,25.14,1.59,0.0
20231127:2003,0.0,0.0,0.0,0.0,24.73,1.38,0.0
20231127:2103,0.0,0.0,0.0,0.0,24.35,1.52,0.0
20231127:2203,0.0,0.0,0.0,0.0,24.0,1.45,0.0
20231127:2303,0.0,0.0,0.0,0.0,23.76,1.38,0.0
20231128:0003,0.0,0.0,0.0,0.0,23.58,1.1,0.0
20231128:0103,0.0,0.0,0.0,0.0,23.58,0.83,0.0
20231128:0203,0.0,0.0,0.0,0.0,23.47,0.69,0.0
20231128:0303,0.0,0.85,0.03,1.93,23.33,0.62,0.0
20231128:0403,0.0,21.32,0.73,14.45,23.93,1.03,0.0
20231128:0503,0.0,32.4,1.11,27.37,25.39,1.93,0.0
20231128:0603,0.0,162.02,5.56,40.54,27.23,2.76,0.0
20231128:0703,0.0,191.87,6.59,53.83,27.57,2.48,0.0
20231128:0803,93.53,404.26,18.04,67.08,28.79,2.83,0.0
20231128:0903,109.7,433.83,19.98,79.54,30.15,3.38,0.0
20231128:1003,432.36,241.77,28.62,81.95,31.89,3.93,0.0
20231128:1103,472.62,185.07,27.97,70.19,33.65,4.41,0.0
20231128:1203,474.58,140.67,25.22,57.01,35.59,4.55,0.0
20231128:1303,399.77,138.01,20.0,43.7,36.51,4.34,0.0
20231128:1403,295.72,132.11,13.56,30.49,36.91,4.34,0.0
20231128:1503,197.84,101.75,7.21,17.5,36.47,3.93,0.0
20231128:1603,44.94,31.53,1.23,4.87,35.29,3.31,0.0
20231128:1703,0.0,0.0,0.0,0.0,33.49,3.17,0.0
20231128:1803,0.0,0.0,0.0,0.0,31.71,3.31,0.0
20231128:1903,0.0,0.0,0.0,0.0,28.79,4.28,0.0
20231128:2003,0.0,0.0,0.0,0.0,27.74,4.34,0.0
20231128:2103,0.0,0.0,0.0,0.0,27.04,4.34,0.0
20231128:2203,0.0,0.0,0.0,0.0,26.67,4.07,0.0
20231128:2303,0.0,0.0,0.0,0.0,26.56,3.38,0.0
20231129:0003,0.0,0.0,0.0,0.0,26.17,0.76,0.0
20231129:0103,0.0,0.0,0.0,0.0,25.79,4.07,0.0
20231129:0203,0.0,0.0,0.0,0.0,24.62,5.52,0.0
20231129:0303,0.0,6.82,0.23,1.94,23.38,5.03,0.0
20231129:0403,0.0,15.35,0.53,14.44,23.01,5.45,0.0
20231129:0503,0.0,32.4,1.11,27.35,23.5,6.21,0.0
20231129:0603,0.0,55.43,1.9,40.51,23.93,6.55,0.0
20231129:0703,3.51,261.03,9.11,53.81,25.2,6.76,0.0
20231129:0803,3.94,308.73,10.78,67.06,25.43,6.48,0.0
20231129:0903,0.0,175.66,6.03,79.58,25.43,6.62,0.0
20231129:1003,0.0,139.0,4.77,82.13,25.84,6.76,0.0
20231129:1103,0.0,110.0,3.78,70.33,25.34,6.83,0.0
20231129:1203,0.0,82.72,2.84,57.14,25.15,6.83,0.0
20231129:1303,0.0,52.87,1.82,43.83,24.17,6.62,0.0
20231129:1403,0.0,57.13,1.96,30.63,23.3,6.41,0.0
20231129:1503,0.0,35.82,1.23,17.64,22.37,6.14,0.0
20231129:1603,0.0,5.12,0.18,5.02,21.74,5.31,0.0
20231129:1703,0.0,0.0,0.0,0.0,21.29,4.62,0.0
20231129:1803,0.0,0.0,0.0,0.0,21.0,4.34,0.0
20231129:1903,0.0,0.0,0.0,0.0,19.79,4.34,0.0
20231129:2003,0.0,0.0,0.0,0.0,20.02,4.14,0.0
20231129:2103,0.0,0.0,0.0,0.0,20.01,3.93,0.0
20231129:2203,0.0,0.0,0.0,0.0,19.8,4.0,0.0
20231129:2303,0.0,0.0,0.0,0.0,19.58,3.72,0.0
20231130:0003,0.0,0.0,0.0,0.0,19.27,3.72,0.0
20231130:0103,0.0,0.0,0.0,0.0,18.97,3.79,0.0
20231130:0203,0.0,0.0,0.0,0.0,18.5,3.52,0.0
20231130:0303,0.0,1.71,0.06,1.95,18.35,3.45,0.0
20231130:0403,203.36,90.72,6.18,14.44,18.77,3.79,0.0
20231130:0503,332.03,113.21,13.24,27.33,19.86,4.55,0.0
20231130:0603,411.95,132.55,19.54,40.49,21.61,4.62,0.0
20231130:0703,306.93,273.04,22.0,53.78,22.58,3.72,0.0
20231130:0803,106.74,418.3,19.07,67.04,23.68,3.24,0.0
20231130:0903,204.97,418.65,23.81,79.62,24.55,2.69,0.0
20231130:1003,365.24,319.24,27.97,82.32,24.89,2.41,0.0
20231130:1103,398.11,270.94,27.36,70.47,25.56,2.55,0.0
20231130:1203,449.26,184.36,25.48,57.27,25.57,2.69,0.0
20231130:1303,389.86,165.2,20.41,43.97,26.01,2.48,0.0
20231130:1403,315.33,137.62,14.29,30.76,25.32,2.97,0.0
20231130:1503,206.87,107.75,7.56,17.79,23.82,4.07,0.0
20231130:1603,7.19,22.11,0.79,5.18,21.79,4.07,0.0
20231130:1703,0.0,0.0,0.0,0.0,20.22,3.03,0.0
20231130:1803,0.0,0.0,0.0,0.0,19.42,2.14,0.0
20231130:1903,0.0,0.0,0.0,0.0,19.11,1.52,0.0
20231130:2003,0.0,0.0,0.0,0.0,18.47,0.76,0.0
20231130:2103,0.0,0.0,0.0,0.0,18.88,0.34,0.0
20231130:2203,0.0,0.0,0.0,0.0,18.55,0.62,0.0
20231130:2303,0.0,0.0,0.0,0.0,17.8,0.83,0.0
20231201:0003,0.0,0.0,0.0,0.0,17.44,0.9,0.0
20231201:0103,0.0,0.0,0.0,0.0,17.25,0.9,0.0
20231201:0203,0.0,0.0,0.0,0.0,17.36,0.9,0.0
20231201:0303,0.0,0.85,0.03,1.95,17.38,0.97,0.0
20231201:0403,215.3,89.82,6.33,14.42,18.67,1.1,0.0
20231201:0503,324.87,116.25,13.06,27.31,20.76,2.28,0.0
20231201:0603,62.86,285.99,11.98,40.46,22.15,2.34,0.0
20231201:0703,219.08,327.22,20.12,53.74,24.62,2.34,0.0
20231201:0803,485.33,194.47,28.38,67.01,26.08,2.55,0.0
20231201:0903,611.14,119.27,32.39,79.64,27.75,2.76,0.0
20231201:1003,598.69,130.82,32.34,82.49,29.22,2.9,0.0
20231201:1103,573.77,130.62,30.49,70.6,30.23,3.17,0.0
20231201:1203,521.71,131.39,26.74,57.4,30.64,3.59,0.0
20231201:1303,445.95,128.14,21.32,44.1,30.35,4.0,0.0
20231201:1403,353.49,119.22,14.91,30.9,29.32,4.41,0.0
20231201:1503,235.38,101.47,7.97,17.93,27.43,4.69,0.0
20231201:1603,56.41,36.27,1.44,5.32,24.89,4.28,0.0
20231201:1703,0.0,0.0,0.0,0.0,22.79,4.07,0.0
20231201:1803,0.0,0.0,0.0,0.0,21.57,3.38,0.0
20231201:1903,0.0,0.0,0.0,0.0,20.96,3.03,0.0
20231201:2003,0.0,0.0,0.0,0.0,20.3,2.69,0.0
20231201:2103,0.0,0.0,0.0,0.0,19.73,2.55,0.0
20231201:2203,0.0,0.0,0.0,0.0,19.24,2.48,0.0
20231201:2303,0.0,0.0,0.0,0.0,18.82,2.48,0.0
20231202:0003,0.0,0.0,0.0,0.0,18.49,2.55,0.0
20231202:0103,0.0,0.0,0.0,0.0,18.27,2.62,0.0
20231202:0203,0.0,0.0,0.0,0.0,18.13,2.76,0.0
20231202:0303,0.0,1.71,0.06,1.95,18.05,2.83,0.0
20231202:0403,204.32,91.12,6.15,14.41,19.3,2.76,0.0
20231202:0503,329.46,115.64,13.12,27.28,21.66,4.14,0.0
20231202:0603,452.28,110.96,20.18,40.42,23.88,4.9,0.0
20231202:0703,518.52,122.07,25.66,53.7,25.99,4.9,0.0
20231202:0803,570.56,126.75,29.79,66.98,28.07,4.76,0.0
20231202:0903,611.76,120.34,32.36,79.65,30.02,4.62,0.0
20231202:1003,599.17,131.92,32.31,82.67,31.68,4.55,0.0
20231202:1103,574.73,131.68,30.49,70.74,32.87,4.55,0.0
20231202:1203,523.1,131.61,26.74,57.53,33.49,4.55,0.0
20231202:1303,447.02,129.2,21.35,44.23,33.38,4.76,0.0
20231202:1403,350.43,122.15,14.88,31.03,32.35,4.9,0.0
20231202:1503,233.93,102.27,7.97,18.07,30.47,4.83,0.0
20231202:1603,76.13,39.07,1.61,5.47,27.87,3.93,0.0
20231202:1703,0.0,0.0,0.0,0.0,25.31,4.14,0.0
20231202:1803,0.0,0.0,0.0,0.0,23.64,3.52,0.0
20231202:1903,0.0,0.0,0.0,0.0,22.78,2.9,0.0
20231202:2003,0.0,0.0,0.0,0.0,22.05,2.07,0.0
20231202:2103,0.0,0.0,0.0,0.0,21.43,1.45,0.0
20231202:2203,0.0,0.0,0.0,0.0,20.86,0.69,0.0
20231202:2303,0.0,0.0,0.0,0.0,21.06,0.34,0.0
20231203:0003,0.0,0.0,0.0,0.0,20.84,0.55,0.0
20231203:0103,0.0,0.0,0.0,0.0,20.51,0.69,0.0
20231203:0203,0.0,0.0,0.0,0.0,20.46,0.62,0.0
20231203:0303,0.0,0.85,0.03,1.94,20.57,0.41,0.0
20231203:0403,0.0,15.35,0.53,14.38,21.42,0.62,0.0
20231203:0503,9.94,159.65,5.74,27.25,22.57,2.41,0.0
20231203:0603,89.06,285.42,12.83,40.38,24.22,3.31,0.0
20231203:0703,74.04,358.51,15.26,53.66,25.58,4.14,0.0
20231203:0803,70.55,412.22,17.22,66.94,26.85,4.41,0.0
20231203:0903,212.05,412.45,23.81,79.66,28.29,4.83,0.0
20231203:1003,270.25,384.54,25.6,82.84,29.94,4.9,0.0
20231203:1103,559.17,139.19,29.96,70.88,31.41,4.97,0.0
20231203:1203,508.43,138.29,26.27,57.65,32.49,4.97,0.0
20231203:1303,427.27,139.5,20.88,44.35,33.07,4.9,0.0
20231203:1403,339.03,126.81,14.64,31.17,33.06,4.83,0.0
20231203:1503,222.05,104.31,7.79,18.21,32.32,4.55,0.0
20231203:1603,71.37,39.52,1.61,5.62,30.62,3.79,0.0
20231203:1703,0.0,0.0,0.0,0.0,27.87,3.93,0.0
20231203:1803,0.0,0.0,0.0,0.0,25.53,4.14,0.0
20231203:1903,0.0,0.0,0.0,0.0,24.25,3.38,0.0
20231203:2003,0.0,0.0,0.0,0.0,23.1,2.34,0.0
20231203:2103,0.0,0.0,0.0,0.0,22.32,2.14,0.0
20231203:2203,0.0,0.0,0.0,0.0,21.72,2.21,0.0
20231203:2303,0.0,0.0,0.0,0.0,21.35,1.93,0.0
20231204:0003,0.0,0.0,0.0,0.0,20.87,1.1,0.0
20231204:0103,0.0,0.0,0.0,0.0,21.07,0.28,0.0
20231204:0203,0.0,0.0,0.0,0.0,20.92,0.34,0.0
20231204:0303,0.0,0.85,0.03,1.93,19.92,0.9,0.0
20231204:0403,0.0,27.29,0.94,14.36,21.24,1.31,0.0
20231204:0503,0.0,59.69,2.05,27.21,23.54,3.17,0.0
20231204:0603,0.0,150.08,5.15,40.34,25.2,3.24,0.0
20231204:0703,81.43,355.44,15.44,53.61,26.28,2.76,0.0
20231204:0803,84.79,409.1,17.72,66.9,27.45,3.03,0.0
20231204:0903,528.06,175.88,30.26,79.66,29.1,3.24,0.0
20231204:1003,563.17,149.58,31.08,83.0,30.67,3.45,0.0
20231204:1103,556.61,136.35,29.67,71.01,32.2,3.52,0.0
20231204:1203,506.14,135.26,26.01,57.78,33.49,3.52,0.0
20231204:1303,418.14,141.58,20.56,44.48,34.04,3.52,0.0
20231204:1403,325.69,130.39,14.32,31.3,33.91,3.66,0.0
20231204:1503,50.59,127.54,5.24,18.35,32.83,4.0,0.0
20231204:1603,3.34,22.67,0.79,5.76,30.46,3.86,0.0
20231204:1703,0.0,0.0,0.0,0.0,27.52,4.21,0.0
20231204:1803,0.0,0.0,0.0,0.0,25.43,3.72,0.0
20231204:1903,0.0,0.0,0.0,0.0,24.48,3.45,0.0
20231204:2003,0.0,0.0,0.0,0.0,23.66,2.14,0.0
20231204:2103,0.0,0.0,0.0,0.0,23.09,1.66,0.0
20231204:2203,0.0,0.0,0.0,0.0,22.57,1.31,0.0
20231204:2303,0.0,0.0,0.0,0.0,22.23,0.97,0.0
20231205:0003,0.0,0.0,0.0,0.0,21.9,1.38,0.0
20231205:0103,0.0,0.0,0.0,0.0,21.6,0.97,0.0
20231205:0203,0.0,0.0,0.0,0.0,21.66,0.62,0.0
20231205:0303,0.0,0.85,0.03,1.91,21.93,0.48,0.0
20231205:0403,0.0,14.5,0.5,14.33,22.59,1.38,0.0
20231205:0503,15.05,166.25,6.09,27.17,22.64,3.45,0.0
20231205:0603,0.0,70.78,2.43,40.29,21.98,4.48,0.0
20231205:0703,0.0,113.41,3.9,53.56,21.92,4.07,0.0
20231205:0803,0.0,234.5,8.05,66.85,23.29,3.86,0.0
20231205:0903,3.89,330.04,11.51,79.65,24.29,3.52,0.0
20231205:1003,0.0,275.44,9.46,83.16,25.44,3.38,0.0
20231205:1103,2.64,307.02,10.66,71.14,25.74,3.24,0.0
20231205:1203,2.79,272.95,9.49,57.91,26.13,3.31,0.0
20231205:1303,0.0,71.63,2.46,44.61,25.96,3.17,0.0
20231205:1403,44.21,213.51,8.58,31.43,25.78,3.24,0.0
20231205:1503,103.66,130.0,6.27,18.48,25.09,3.52,0.0
20231205:1603,0.0,7.67,0.26,5.91,24.12,3.52,0.0
20231205:1703,0.0,0.0,0.0,0.0,23.22,3.38,0.0
20231205:1803,0.0,0.0,0.0,0.0,22.63,3.59,0.0
20231205:1903,0.0,0.0,0.0,0.0,21.75,3.86,0.0
20231205:2003,0.0,0.0,0.0,0.0,21.41,3.72,0.0
20231205:2103,0.0,0.0,0.0,0.0,21.14,3.79,0.0
20231205:2203,0.0,0.0,0.0,0.0,20.91,3.52,0.0
20231205:2303,0.0,0.0,0.0,0.0,20.72,3.86,0.0
20231206:0003,0.0,0.0,0.0,0.0,20.46,3.38,0.0
20231206:0103,0.0,0.0,0.0,0.0,20.46,3.66,0.0
20231206:0203,0.0,0.0,0.0,0.0,20.34,3.52,0.0
20231206:0303,0.0,0.85,0.03,1.89,20.2,3.17,0.0
20231206:0403,0.0,14.5,0.5,14.29,20.25,3.24,0.0
20231206:0503,0.0,32.4,1.11,27.13,20.57,3.45,0.0
20231206:0603,0.0,61.4,2.11,40.24,21.53,4.97,0.0
20231206:0703,0.0,121.09,4.16,53.51,22.88,4.14,0.0
20231206:0803,0.0,95.51,3.28,66.8,22.99,4.07,0.0
20231206:0903,0.0,103.18,3.54,79.63,23.07,4.41,0.0
20231206:1003,0.0,81.86,2.81,83.32,22.96,4.28,0.0
20231206:1103,0.0,116.83,4.01,71.27,22.89,4.07,0.0
20231206:1203,0.0,152.64,5.24,58.03,22.83,4.0,0.0
20231206:1303,0.0,81.86,2.81,44.74,22.77,3.86,0.0
20231206:1403,0.0,102.33,3.51,31.56,22.29,3.72,0.0
20231206:1503,0.0,25.58,0.88,18.62,21.89,3.24,0.0
20231206:1603,19.38,33.52,1.2,6.05,21.35,2.55,0.0
20231206:1703,0.0,0.0,0.0,0.0,20.9,2.0,0.0
20231206:1803,0.0,0.0,0.0,0.0,20.6,1.72,0.0
20231206:1903,0.0,0.0,0.0,0.0,20.07,0.9,0.0
20231206:2003,0.0,0.0,0.0,0.0,20.07,0.69,0.0
20231206:2103,0.0,0.0,0.0,0.0,20.07,0.14,0.0
20231206:2203,0.0,0.0,0.0,0.0,19.93,1.03,0.0
20231206:2303,0.0,0.0,0.0,0.0,20.01,1.03,0.0
20231207:0003,0.0,0.0,0.0,0.0,19.96,1.1,0.0
20231207:0103,0.0,0.0,0.0,0.0,19.84,1.17,0.0
20231207:0203,0.0,0.0,0.0,0.0,19.78,1.1,0.0
20231207:0303,0.0,0.85,0.03,1.86,19.81,1.1,0.0
20231207:0403,0.0,17.05,0.59,14.25,20.0,1.03,0.0
20231207:0503,0.0,32.4,1.11,27.08,20.61,1.17,0.0
20231207:0603,0.0,68.22,2.34,40.18,20.69,1.45,0.0
20231207:0703,0.0,92.95,3.19,53.45,21.8,1.79,0.0
20231207:0803,9.43,332.74,11.83,66.74,22.25,2.76,0.0
20231207:0903,0.0,263.5,9.05,79.61,23.13,3.38,0.0
20231207:1003,0.0,172.25,5.92,83.47,23.93,3.45,0.0
20231207:1103,0.0,173.11,5.95,71.4,24.11,3.17,0.0
20231207:1203,0.0,103.18,3.54,58.16,24.54,3.17,0.0
20231207:1303,0.0,62.25,2.14,44.86,24.38,3.03,0.0
20231207:1403,0.0,78.45,2.69,31.69,24.27,3.31,0.0
20231207:1503,2.58,88.99,3.1,18.75,24.0,3.24,0.0
20231207:1603,31.8,38.78,1.41,6.19,23.63,3.17,0.0
20231207:1703,0.0,0.0,0.0,0.0,22.99,2.97,0.0
20231207:1803,0.0,0.0,0.0,0.0,22.51,2.48,0.0
20231207:1903,0.0,0.0,0.0,0.0,21.38,2.48,0.0
20231207:2003,0.0,0.0,0.0,0.0,21.33,2.41,0.0
20231207:2103,0.0,0.0,0.0,0.0,21.24,2.34,0.0
20231207:2203,0.0,0.0,0.0,0.0,21.13,2.69,0.0
20231207:2303,0.0,0.0,0.0,0.0,21.02,3.79,0.0
20231208:0003,0.0,0.0,0.0,0.0,21.02,4.07,0.0
20231208:0103,0.0,0.0,0.0,0.0,21.05,2.55,0.0
20231208:0203,0.0,0.0,0.0,0.0,21.09,2.07,0.0
20231208:0303,0.0,0.85,0.03,1.83,21.21,2.28,0.0
20231208:0403,0.0,27.29,0.94,14.21,21.64,3.31,0.0
20231208:0503,0.0,59.69,2.05,27.02,22.38,4.28,0.0
20231208:0603,0.0,166.28,5.71,40.12,23.4,3.66,0.0
20231208:0703,0.0,172.25,5.92,53.38,24.63,3.45,0.0
20231208:0803,66.14,403.92,16.69,66.68,26.37,3.59,0.0
20231208:0903,5.87,342.85,12.04,79.58,27.16,3.72,0.0
20231208:1003,56.51,434.52,17.46,83.62,28.84,4.21,0.0
20231208:1103,38.53,400.55,15.44,71.53,29.49,4.21,0.0
20231208:1203,31.57,349.81,13.3,58.28,30.12,4.48,0.0
20231208:1303,28.68,284.0,10.78,44.99,30.76,4.21,0.0
20231208:1403,144.04,216.01,11.51,31.82,29.73,3.79,0.0
20231208:1503,23.22,119.5,4.51,18.88,28.5,3.45,0.0
20231208:1603,0.0,5.12,0.18,6.32,27.04,2.97,0.0
20231208:1703,0.0,0.0,0.0,0.0,25.78,2.41,0.0
20231208:1803,0.0,0.0,0.0,0.0,25.02,2.14,0.0
20231208:1903,0.0,0.0,0.0,0.0,23.74,2.07,0.0
20231208:2003,0.0,0.0,0.0,0.0,23.31,1.72,0.0
20231208:2103,0.0,0.0,0.0,0.0,22.86,1.52,0.0
20231208:2203,0.0,0.0,0.0,0.0,22.37,1.38,0.0
20231208:2303,0.0,0.0,0.0,0.0,22.05,1.31,0.0
20231209:0003,0.0,0.0,0.0,0.0,21.81,1.24,0.0
20231209:0103,0.0,0.0,0.0,0.0,22.04,1.03,0.0
20231209:0203,0.0,0.0,0.0,0.0,22.23,0.97,0.0
20231209:0303,0.0,0.85,0.03,1.8,22.47,1.24,0.0
20231209:0403,0.0,14.5,0.5,14.16,22.88,1.93,0.0
20231209:0503,0.0,44.34,1.52,26.97,23.99,3.1,0.0
20231209:0603,0.0,121.09,4.16,40.06,25.39,3.59,0.0
20231209:0703,3.63,259.36,9.05,53.32,26.43,2.97,0.0
20231209:0803,2.03,284.85,9.87,66.61,28.1,3.17,0.0
20231209:0903,76.53,436.56,18.39,79.54,28.79,3.1,0.0
20231209:1003,80.04,442.41,18.77,83.76,29.21,2.62,0.0
20231209:1103,19.96,373.82,13.71,71.65,30.66,2.69,0.0
20231209:1203,2.81,275.51,9.58,58.4,31.68,2.34,0.0
20231209:1303,65.18,304.33,12.77,45.11,31.57,2.48,0.0
20231209:1403,1.85,153.63,5.33,31.94,31.49,3.1,0.0
20231209:1503,1.29,81.15,2.81,19.01,30.21,3.52,0.0
20231209:1603,37.03,42.57,1.55,6.46,28.29,3.24,0.0
20231209:1703,0.0,0.0,0.0,0.0,26.35,2.69,0.0
20231209:1803,0.0,0.0,0.0,0.0,25.28,1.86,0.0
20231209:1903,0.0,0.0,0.0,0.0,24.69,2.0,0.0
20231209:2003,0.0,0.0,0.0,0.0,24.35,2.41,0.0
20231209:2103,0.0,0.0,0.0,0.0,23.76,2.69,0.0
20231209:2203,0.0,0.0,0.0,0.0,23.11,2.76,0.0
20231209:2303,0.0,0.0,0.0,0.0,22.48,2.83,0.0
20231210:0003,0.0,0.0,0.0,0.0,21.75,2.9,0.0
20231210:0103,0.0,0.0,0.0,0.0,21.07,2.69,0.0
20231210:0203,0.0,0.0,0.0,0.0,20.83,2.34,0.0
20231210:0303,0.0,0.85,0.03,1.75,20.68,2.28,0.0
20231210:0403,0.0,40.08,1.38,14.11,20.61,2.55,0.0
20231210:0503,0.0,75.04,2.58,26.91,20.75,2.62,0.0
20231210:0603,0.0,102.33,3.51,39.99,21.13,3.17,0.0
20231210:0703,0.0,124.5,4.28,53.25,21.58,3.38,0.0
20231210:0803,20.34,361.15,13.27,66.55,22.02,3.93,0.0
20231210:0903,0.0,178.22,6.12,79.5,22.05,3.66,0.0
20231210:1003,1.96,311.27,10.78,83.89,21.91,3.52,0.0
20231210:1103,0.0,146.67,5.04,71.78,21.32,2.83,0.0
20231210:1203,0.0,118.53,4.07,58.53,20.84,2.83,0.0
20231210:1303,0.0,95.51,3.28,45.23,20.53,2.55,0.0
20231210:1403,0.0,71.63,2.46,32.07,20.15,2.55,0.0
20231210:1503,0.0,40.93,1.41,19.14,19.83,3.03,0.0
20231210:1603,0.0,8.53,0.29,6.59,19.36,3.17,0.0
20231210:1703,0.0,0.0,0.0,0.0,19.13,3.03,0.0
20231210:1803,0.0,0.0,0.0,0.0,19.03,3.17,0.0
20231210:1903,0.0,0.0,0.0,0.0,19.16,3.45,0.0
20231210:2003,0.0,0.0,0.0,0.0,19.13,3.31,0.0
20231210:2103,0.0,0.0,0.0,0.0,19.04,3.17,0.0
20231210:2203,0.0,0.0,0.0,0.0,18.91,3.17,0.0
20231210:2303,0.0,0.0,0.0,0.0,18.77,3.1,0.0
20231211:0003,0.0,0.0,0.0,0.0,18.71,2.9,0.0
20231211:0103,0.0,0.0,0.0,0.0,18.68,2.62,0.0
20231211:0203,0.0,0.0,0.0,0.0,18.68,2.48,0.0
20231211:0303,0.0,0.85,0.03,1.71,18.66,2.41,0.0
20231211:0403,0.0,14.5,0.5,14.05,18.7,2.07,0.0
20231211:0503,0.0,31.55,1.08,26.84,19.08,2.0,0.0
20231211:0603,0.0,149.23,5.13,39.92,19.46,2.48,0.0
20231211:0703,1.46,241.37,8.35,53.17,19.88,3.03,0.0
20231211:0803,0.0,148.38,5.1,66.47,19.99,3.03,0.0
20231211:0903,0.0,172.25,5.92,79.45,20.39,2.97,0.0
20231211:1003,0.0,150.08,5.15,84.03,20.33,2.55,0.0
20231211:1103,0.0,191.01,6.56,71.9,20.41,2.0,0.0
20231211:1203,0.0,148.38,5.1,58.65,20.56,1.72,0.0
20231211:1303,7.0,241.69,8.55,45.36,20.72,1.38,0.0
20231211:1403,0.0,63.96,2.2,32.19,20.81,1.17,0.0
20231211:1503,0.0,34.11,1.17,19.27,20.87,0.83,0.0
20231211:1603,0.0,7.67,0.26,6.72,20.83,0.34,0.0
20231211:1703,0.0,0.0,0.0,0.0,20.53,0.28,0.0
20231211:1803,0.0,0.0,0.0,0.0,20.15,0.62,0.0
20231211:1903,0.0,0.0,0.0,0.0,19.97,0.9,0.0
20231211:2003,0.0,0.0,0.0,0.0,19.97,1.38,0.0
20231211:2103,0.0,0.0,0.0,0.0,19.83,1.79,0.0
20231211:2203,0.0,0.0,0.0,0.0,19.52,2.14,0.0
20231211:2303,0.0,0.0,0.0,0.0,19.32,2.21,0.0
20231212:0003,0.0,0.0,0.0,0.0,19.32,2.21,0.0
20231212:0103,0.0,0.0,0.0,0.0,19.31,2.34,0.0
20231212:0203,0.0,0.0,0.0,0.0,19.39,2.41,0.0
20231212:0303,0.0,0.85,0.03,1.66,19.55,2.21,0.0
20231212:0403,0.0,24.73,0.85,13.99,20.18,1.66,0.0
20231212:0503,98.14,193.28,8.99,26.77,22.07,1.59,0.0
20231212:0603,219.23,246.71,15.76,39.85,24.4,1.31,0.0
20231212:0703,524.48,119.1,25.1,53.1,26.8,0.97,0.0
20231212:0803,572.51,126.59,29.14,66.4,28.58,0.9,0.0
20231212:0903,615.59,119.27,31.78,79.39,29.64,1.86,0.0
20231212:1003,613.34,124.76,32.04,84.15,29.95,2.69,0.0
20231212:1103,566.69,141.56,29.9,72.03,29.33,3.24,0.0
20231212:1203,461.88,184.81,25.51,58.77,28.14,3.86,0.0
20231212:1303,367.96,191.98,20.12,45.48,27.53,4.34,0.0
20231212:1403,370.54,120.71,15.38,32.32,26.82,4.83,0.0
20231212:1503,216.34,116.14,8.11,19.39,25.76,4.83,0.0
20231212:1603,79.88,52.69,2.05,6.85,24.56,4.28,0.0
20231212:1703,0.0,0.0,0.0,0.0,23.38,3.52,0.0
20231212:1803,0.0,0.0,0.0,0.0,22.65,3.24,0.0
20231212:1903,0.0,0.0,0.0,0.0,22.39,3.17,0.0
20231212:2003,0.0,0.0,0.0,0.0,21.86,2.83,0.0
20231212:2103,0.0,0.0,0.0,0.0,21.59,2.9,0.0
20231212:2203,0.0,0.0,0.0,0.0,21.19,2.9,0.0
20231212:2303,0.0,0.0,0.0,0.0,21.02,3.03,0.0
20231213:0003,0.0,0.0,0.0,0.0,20.73,3.17,0.0
20231213:0103,0.0,0.0,0.0,0.0,20.55,2.83,0.0
20231213:0203,0.0,0.0,0.0,0.0,20.37,2.9,0.0
20231213:0303,0.0,0.85,0.03,1.6,20.22,2.76,0.0
20231213:0403,0.0,28.99,1.0,13.93,20.19,2.62,0.0
20231213:0503,0.0,82.72,2.84,26.7,20.54,3.24,0.0
20231213:0603,15.76,241.64,8.82,39.77,21.08,3.45,0.0
20231213:0703,43.92,341.47,13.41,53.01,21.81,3.66,0.0
20231213:0803,0.0,135.59,4.66,66.32,22.67,3.52,0.0
20231213:0903,0.0,171.4,5.89,79.33,23.3,3.45,0.0
20231213:1003,30.77,415.63,15.64,84.28,23.23,3.52,0.0
20231213:1103,14.05,363.51,13.09,72.15,23.27,3.66,0.0
20231213:1203,0.0,77.6,2.67,58.89,23.24,3.86,0.0
20231213:1303,0.0,175.66,6.03,45.6,22.64,3.72,0.0
20231213:1403,0.0,124.5,4.28,32.44,22.3,3.66,0.0
20231213:1503,10.22,110.55,3.98,19.52,21.94,2.97,0.0
20231213:1603,81.74,53.93,2.11,6.97,21.42,2.34,0.0
20231213:1703,0.0,0.0,0.0,0.0,21.09,2.21,0.0
20231213:1803,0.0,0.0,0.0,0.0,20.92,1.79,0.0
20231213:1903,0.0,0.0,0.0,0.0,20.71,1.52,0.0
20231213:2003,0.0,0.0,0.0,0.0,20.48,1.59,0.0
20231213:2103,0.0,0.0,0.0,0.0,20.39,1.93,0.0
20231213:2203,0.0,0.0,0.0,0.0,20.27,2.07,0.0
20231213:2303,0.0,0.0,0.0,0.0,20.18,2.07,0.0
20231214:0003,0.0,0.0,0.0,0.0,19.93,2.14,0.0
20231214:0103,0.0,0.0,0.0,0.0,19.7,2.21,0.0
20231214:0203,0.0,0.0,0.0,0.0,19.6,2.34,0.0
20231214:0303,0.0,0.85,0.03,1.55,19.29,2.34,0.0
20231214:0403,166.71,96.65,5.42,13.86,20.07,2.21,0.0
20231214:0503,319.44,118.85,12.39,26.63,21.62,3.1,0.0
20231214:0603,414.15,133.11,18.8,39.69,23.08,3.72,0.0
20231214:0703,490.71,141.02,24.37,52.93,24.91,3.93,0.0
20231214:0803,403.02,258.68,26.16,66.24,26.36,4.69,0.0
20231214:0903,583.74,142.79,31.08,79.27,27.71,5.1,0.0
20231214:1003,589.96,143.02,31.54,84.39,28.9,5.38,0.0
20231214:1103,567.87,142.58,29.93,72.26,29.77,5.45,0.0
20231214:1203,491.58,163.56,26.01,59.0,30.41,5.52,0.0
20231214:1303,431.34,149.51,21.12,45.71,30.71,5.45,0.0
20231214:1403,383.23,115.97,15.64,32.56,30.62,5.31,0.0
20231214:1503,179.65,129.65,7.79,19.64,29.9,4.55,0.0
20231214:1603,25.94,43.6,1.58,7.09,28.52,4.07,0.0
20231214:1703,0.0,0.0,0.0,0.0,27.01,4.0,0.0
20231214:1803,0.0,0.0,0.0,0.0,25.96,3.93,0.0
20231214:1903,0.0,0.0,0.0,0.0,25.44,3.79,0.0
20231214:2003,0.0,0.0,0.0,0.0,24.92,1.72,0.0
20231214:2103,0.0,0.0,0.0,0.0,24.03,2.83,0.0
20231214:2203,0.0,0.0,0.0,0.0,23.13,4.21,0.0
20231214:2303,0.0,0.0,0.0,0.0,21.99,4.14,0.0
20231215:0003,0.0,0.0,0.0,0.0,21.52,3.31,0.0
20231215:0103,0.0,0.0,0.0,0.0,21.32,2.76,0.0
20231215:0203,0.0,0.0,0.0,0.0,21.21,2.62,0.0
20231215:0303,0.0,0.85,0.03,1.48,21.06,2.41,0.0
20231215:0403,43.17,95.07,3.75,13.79,20.92,2.07,0.0
20231215:0503,2.09,131.52,4.57,26.55,20.96,2.48,0.0
20231215:0603,0.0,65.66,2.26,39.61,21.48,2.83,0.0
20231215:0703,0.0,108.3,3.72,52.85,22.6,2.69,0.0
20231215:0803,1.37,281.43,9.72,66.15,23.19,2.55,0.0
20231215:0903,91.14,439.56,19.1,79.2,23.72,2.48,0.0
20231215:1003,13.12,377.91,13.56,84.5,23.94,2.0,0.0
20231215:1103,69.7,421.74,17.49,72.38,24.56,1.45,0.0
20231215:1203,193.64,356.15,20.06,59.12,24.81,1.31,0.0
20231215:1303,10.12,257.24,9.2,45.83,24.85,1.59,0.0
20231215:1403,0.0,121.94,4.19,32.67,24.65,2.0,0.0
20231215:1503,3.81,100.24,3.51,19.76,24.1,2.41,0.0
20231215:1603,0.0,11.09,0.38,7.21,23.31,2.21,0.0
20231215:1703,0.0,0.0,0.0,0.0,22.67,2.76,0.0
20231215:1803,0.0,0.0,0.0,0.0,22.25,2.48,0.0
20231215:1903,0.0,0.0,0.0,0.0,22.02,2.76,0.0
20231215:2003,0.0,0.0,0.0,0.0,21.81,2.55,0.0
20231215:2103,0.0,0.0,0.0,0.0,21.61,2.21,0.0
20231215:2203,0.0,0.0,0.0,0.0,21.42,2.0,0.0
20231215:2303,0.0,0.0,0.0,0.0,21.27,2.0,0.0
20231216:0003,0.0,0.0,0.0,0.0,21.09,2.0,0.0
20231216:0103,0.0,0.0,0.0,0.0,20.88,2.21,0.0
20231216:0203,0.0,0.0,0.0,0.0,20.73,2.14,0.0
20231216:0303,0.0,0.85,0.03,1.41,20.59,2.21,0.0
20231216:0403,0.0,14.5,0.5,13.71,20.52,2.0,0.0
20231216:0503,0.0,56.28,1.93,26.47,20.63,2.55,0.0
20231216:0603,0.0,75.89,2.61,39.52,21.05,2.83,0.0
20231216:0703,0.0,95.51,3.28,52.76,21.2,1.86,0.0
20231216:0803,41.79,388.24,15.08,66.06,22.28,2.41,0.0
20231216:0903,7.93,353.99,12.51,79.12,22.58,2.62,0.0
20231216:1003,32.18,414.82,15.67,84.61,22.98,2.83,0.0
20231216:1103,22.8,382.45,14.12,72.5,23.59,2.76,0.0
20231216:1203,2.12,271.23,9.4,59.23,24.52,2.55,0.0
20231216:1303,28.81,290.02,10.98,45.95,24.78,2.28,0.0
20231216:1403,0.92,151.86,5.24,32.79,24.39,2.62,0.0
20231216:1503,3.8,101.95,3.57,19.87,23.63,2.76,0.0
20231216:1603,0.0,5.97,0.21,7.33,22.88,2.62,0.0
20231216:1703,0.0,0.0,0.0,0.0,22.31,2.07,0.0
20231216:1803,0.0,0.0,0.0,0.0,21.95,1.72,0.0
20231216:1903,0.0,0.0,0.0,0.0,21.51,1.24,0.0
20231216:2003,0.0,0.0,0.0,0.0,21.23,0.97,0.0
20231216:2103,0.0,0.0,0.0,0.0,20.77,1.03,0.0
20231216:2203,0.0,0.0,0.0,0.0,20.22,1.1,0.0
20231216:2303,0.0,0.0,0.0,0.0,19.67,0.9,0.0
20231217:0003,0.0,0.0,0.0,0.0,19.93,0.55,0.0
20231217:0103,0.0,0.0,0.0,0.0,19.92,0.34,0.0
20231217:0203,0.0,0.0,0.0,0.0,19.77,0.41,0.0
20231217:0303,0.0,0.0,0.0,0.0,19.54,0.48,0.0
20231217:0403,0.0,38.37,1.32,13.63,19.79,0.21,0.0
20231217:0503,67.25,191.55,8.14,26.38,21.91,0.28,0.0
20231217:0603,283.84,215.59,16.81,39.43,23.56,0.55,0.0
20231217:0703,378.95,226.64,22.61,52.66,25.0,0.69,0.0
20231217:0803,536.33,157.73,28.44,65.97,26.26,1.38,0.0
20231217:0903,598.88,135.92,31.43,79.04,27.33,1.93,0.0
20231217:1003,605.31,136.94,31.95,84.71,28.43,2.21,0.0
20231217:1103,591.82,131.16,30.55,72.61,29.44,2.41,0.0
20231217:1203,535.33,135.97,26.89,59.35,29.96,2.69,0.0
20231217:1303,422.81,162.17,21.21,46.06,30.07,2.9,0.0
20231217:1403,382.39,120.65,15.79,32.9,29.72,3.03,0.0
20231217:1503,252.8,109.8,8.79,19.99,28.73,2.9,0.0
20231217:1603,116.68,60.42,2.55,7.44,27.08,2.9,0.0
20231217:1703,0.0,0.0,0.0,0.0,24.99,2.9,0.0
20231217:1803,0.0,0.0,0.0,0.0,23.66,2.69,0.0
20231217:1903,0.0,0.0,0.0,0.0,23.37,2.21,0.0
20231217:2003,0.0,0.0,0.0,0.0,22.68,2.07,0.0
20231217:2103,0.0,0.0,0.0,0.0,22.1,2.07,0.0
20231217:2203,0.0,0.0,0.0,0.0,21.62,2.07,0.0
20231217:2303,0.0,0.0,0.0,0.0,21.22,2.07,0.0
20231218:0003,0.0,0.0,0.0,0.0,21.01,2.14,0.0
20231218:0103,0.0,0.0,0.0,0.0,20.94,2.28,0.0
20231218:0203,0.0,0.0,0.0,0.0,21.09,2.55,0.0
20231218:0303,0.0,0.0,0.0,0.0,21.37,2.69,0.0
20231218:0403,8.45,73.84,2.64,13.55,22.39,4.34,0.0
20231218:0503,299.33,126.79,11.95,26.29,23.54,4.48,0.0
20231218:0603,392.62,145.69,18.31,39.34,25.16,4.62,0.0
20231218:0703,503.51,132.52,24.46,52.57,27.96,4.76,0.0
20231218:0803,565.04,132.55,28.79,65.88,29.75,4.34,0.0
20231218:0903,600.68,131.87,31.34,78.96,31.26,4.14,0.0
20231218:1003,607.63,132.07,31.87,84.8,32.49,3.66,0.0
20231218:1103,594.05,127.05,30.49,72.72,33.39,2.97,0.0
20231218:1203,551.65,123.65,27.15,59.46,33.79,2.28,0.0
20231218:1303,475.62,124.79,22.0,46.17,33.73,2.21,0.0
20231218:1403,367.27,127.1,15.52,33.01,33.14,2.48,0.0
20231218:1503,7.56,111.0,3.95,20.1,31.76,2.62,0.0
20231218:1603,0.0,13.64,0.47,7.55,29.9,2.76,0.0
20231218:1703,0.0,0.0,0.0,0.0,27.97,2.48,0.0
20231218:1803,0.0,0.0,0.0,0.0,26.64,2.14,0.0
20231218:1903,0.0,0.0,0.0,0.0,25.5,2.48,0.0
20231218:2003,0.0,0.0,0.0,0.0,24.97,2.62,0.0
20231218:2103,0.0,0.0,0.0,0.0,24.04,2.69,0.0
20231218:2203,0.0,0.0,0.0,0.0,23.33,2.97,0.0
20231218:2303,0.0,0.0,0.0,0.0,22.77,3.17,0.0
20231219:0003,0.0,0.0,0.0,0.0,22.27,3.31,0.0
20231219:0103,0.0,0.0,0.0,0.0,22.14,3.31,0.0
20231219:0203,0.0,0.0,0.0,0.0,22.01,3.38,0.0
20231219:0303,0.0,0.0,0.0,0.0,21.9,3.45,0.0
20231219:0403,0.0,13.64,0.47,13.46,21.87,3.52,0.0
20231219:0503,0.0,36.67,1.26,26.2,22.03,3.1,0.0
20231219:0603,0.0,68.22,2.34,39.24,22.54,4.28,0.0
20231219:0703,0.0,194.43,6.68,52.47,24.12,4.55,0.0
20231219:0803,0.69,267.77,9.23,65.78,25.06,4.62,0.0
20231219:0903,0.0,185.9,6.39,78.87,25.26,4.41,0.0
20231219:1003,0.0,127.06,4.36,84.89,25.58,4.28,0.0
20231219:1103,0.0,176.52,6.06,72.83,25.67,4.07,0.0
20231219:1203,0.0,134.73,4.63,59.57,26.02,4.0,0.0
20231219:1303,3.11,230.39,8.03,46.28,25.85,3.79,0.0
20231219:1403,0.0,106.59,3.66,33.12,25.43,3.45,0.0
20231219:1503,2.51,96.65,3.37,20.21,24.94,2.9,0.0
20231219:1603,103.17,59.75,2.49,7.66,24.44,2.55,0.0
20231219:1703,0.0,0.0,0.0,0.0,23.79,2.34,0.0
20231219:1803,0.0,0.0,0.0,0.0,23.07,1.86,0.0
20231219:1903,0.0,0.0,0.0,0.0,22.55,1.72,0.0
20231219:2003,0.0,0.0,0.0,0.0,21.99,1.52,0.0
20231219:2103,0.0,0.0,0.0,0.0,21.58,1.24,0.0
20231219:2203,0.0,0.0,0.0,0.0,21.13,1.1,0.0
20231219:2303,0.0,0.0,0.0,0.0,20.64,0.97,0.0
20231220:0003,0.0,0.0,0.0,0.0,20.38,0.83,0.0
20231220:0103,0.0,0.0,0.0,0.0,20.76,0.41,0.0
20231220:0203,0.0,0.0,0.0,0.0,20.71,0.14,0.0
20231220:0303,0.0,0.0,0.0,0.0,20.14,0.62,0.0
20231220:0403,29.07,88.15,3.34,13.37,20.79,0.69,0.0
20231220:0503,287.25,131.57,11.72,26.11,22.64,1.03,0.0
20231220:0603,369.58,160.61,17.93,39.15,24.41,2.48,0.0
20231220:0703,462.52,161.52,23.72,52.38,26.24,3.24,0.0
20231220:0803,549.47,143.26,28.44,65.68,27.92,3.86,0.0
20231220:0903,264.55,384.19,24.84,78.78,29.15,4.14,0.0
20231220:1003,549.5,178.86,30.84,84.96,30.34,4.34,0.0
20231220:1103,586.84,133.13,30.37,72.94,31.24,4.34,0.0
20231220:1203,538.08,133.4,26.92,59.68,31.85,4.34,0.0
20231220:1303,471.22,128.38,21.97,46.39,32.06,4.34,0.0
20231220:1403,369.08,126.95,15.61,33.23,31.87,4.28,0.0
20231220:1503,253.02,110.29,8.87,20.31,31.21,3.79,0.0
20231220:1603,88.6,60.33,2.43,7.76,29.91,3.24,0.0
20231220:1703,0.0,0.0,0.0,0.0,28.18,3.1,0.0
20231220:1803,0.0,0.0,0.0,0.0,26.74,3.1,0.0
20231220:1903,0.0,0.0,0.0,0.0,25.54,3.52,0.0
20231220:2003,0.0,0.0,0.0,0.0,24.61,3.31,0.0
20231220:2103,0.0,0.0,0.0,0.0,23.89,3.03,0.0
20231220:2203,0.0,0.0,0.0,0.0,23.37,2.69,0.0
20231220:2303,0.0,0.0,0.0,0.0,23.03,2.34,0.0
20231221:0003,0.0,0.0,0.0,0.0,22.71,2.0,0.0
20231221:0103,0.0,0.0,0.0,0.0,22.36,1.59,0.0
20231221:0203,0.0,0.0,0.0,0.0,21.98,1.03,0.0
20231221:0303,0.0,0.0,0.0,0.0,22.02,0.62,0.0
20231221:0403,0.0,52.02,1.79,13.28,22.76,0.34,0.0
20231221:0503,60.58,183.77,7.7,26.01,24.48,1.66,0.0
20231221:0603,119.73,270.88,13.12,39.05,25.86,1.79,0.0
20231221:0703,11.85,292.16,10.49,52.27,27.14,1.45,0.0
20231221:0803,28.21,373.41,14.0,65.58,27.96,1.31,0.0
20231221:0903,248.06,389.54,24.28,78.68,28.74,1.31,0.0
20231221:1003,23.69,402.79,14.88,85.04,29.58,1.24,0.0
20231221:1103,0.0,270.32,9.28,73.05,30.32,0.62,0.0
20231221:1203,32.51,356.74,13.56,59.78,30.91,0.97,0.0
20231221:1303,1.55,219.23,7.59,46.49,30.59,2.69,0.0
20231221:1403,0.0,63.1,2.17,33.34,28.98,3.86,0.0
20231221:1503,0.0,57.99,1.99,20.42,27.09,3.93,0.0
20231221:1603,0.0,6.82,0.23,7.86,25.77,3.59,0.0
20231221:1703,0.0,0.0,0.0,0.0,24.86,2.97,0.0
20231221:1803,0.0,0.0,0.0,0.0,24.28,2.55,0.0
20231221:1903,0.0,0.0,0.0,0.0,23.87,3.1,0.0
20231221:2003,0.0,0.0,0.0,0.0,23.55,2.41,0.0
20231221:2103,0.0,0.0,0.0,0.0,23.34,2.21,0.0
20231221:2203,0.0,0.0,0.0,0.0,23.19,1.66,0.0
20231221:2303,0.0,0.0,0.0,0.0,22.96,2.14,0.0
20231222:0003,0.0,0.0,0.0,0.0,22.88,1.79,0.0
20231222:0103,0.0,0.0,0.0,0.0,22.84,1.38,0.0
20231222:0203,0.0,0.0,0.0,0.0,22.85,1.31,0.0
20231222:0303,0.0,0.0,0.0,0.0,22.86,1.24,0.0
20231222:0403,5.19,67.31,2.37,13.18,23.11,1.1,0.0
20231222:0503,70.32,185.12,7.97,25.91,23.83,1.38,0.0
20231222:0603,72.61,271.48,11.63,38.94,24.74,1.24,0.0
20231222:0703,29.65,322.94,12.21,52.17,26.46,1.03,0.0
20231222:0803,121.85,403.18,18.92,65.48,27.97,0.21,0.0
20231222:0903,121.4,436.62,20.3,78.59,29.28,1.31,0.0
20231222:1003,3.95,336.02,11.72,85.1,29.78,1.72,0.0
20231222:1103,281.24,357.58,24.49,73.15,29.87,2.07,0.0
20231222:1203,347.57,270.56,23.55,59.89,29.96,2.14,0.0
20231222:1303,287.22,246.59,18.92,46.6,30.12,2.55,0.0
20231222:1403,132.7,231.34,11.75,33.44,29.8,3.17,0.0
20231222:1503,135.63,142.79,7.44,20.52,29.49,3.59,0.0
20231222:1603,105.13,61.68,2.61,7.96,28.45,2.83,0.0
20231222:1703,0.0,0.0,0.0,0.0,27.07,2.41,0.0
20231222:1803,0.0,0.0,0.0,0.0,26.05,2.48,0.0
20231222:1903,0.0,0.0,0.0,0.0,24.92,3.1,0.0
20231222:2003,0.0,0.0,0.0,0.0,24.39,2.83,0.0
20231222:2103,0.0,0.0,0.0,0.0,23.91,2.0,0.0
20231222:2203,0.0,0.0,0.0,0.0,23.58,1.86,0.0
20231222:2303,0.0,0.0,0.0,0.0,23.4,1.93,0.0
20231223:0003,0.0,0.0,0.0,0.0,23.24,2.07,0.0
20231223:0103,0.0,0.0,0.0,0.0,22.99,1.93,0.0
20231223:0203,0.0,0.0,0.0,0.0,22.96,1.59,0.0
20231223:0303,0.0,0.0,0.0,0.0,22.75,0.9,0.0
20231223:0403,0.0,13.64,0.47,13.08,23.29,2.07,0.0
20231223:0503,0.0,30.7,1.05,25.8,24.38,4.48,0.0
20231223:0603,0.85,176.57,6.09,38.84,26.0,4.83,0.0
20231223:0703,11.87,290.46,10.43,52.06,27.34,4.55,0.0
20231223:0803,109.49,403.77,18.42,65.37,28.69,4.41,0.0
20231223:0903,565.25,152.34,30.4,78.48,30.49,4.55,0.0
20231223:1003,106.61,445.55,20.0,85.16,32.35,4.34,0.0
20231223:1103,254.3,373.26,23.84,73.25,33.63,4.14,0.0
20231223:1203,507.6,150.42,26.24,59.99,34.04,3.93,0.0
20231223:1303,211.7,286.19,17.46,46.7,34.06,3.66,0.0
20231223:1403,99.58,236.17,10.95,33.54,33.33,3.59,0.0
20231223:1503,233.12,116.6,8.7,20.61,32.08,3.38,0.0
20231223:1603,46.82,55.7,2.11,8.06,30.32,3.24,0.0
20231223:1703,0.0,0.0,0.0,0.0,28.36,3.52,0.0
20231223:1803,0.0,0.0,0.0,0.0,26.83,3.52,0.0
20231223:1903,0.0,0.0,0.0,0.0,25.99,3.31,0.0
20231223:2003,0.0,0.0,0.0,0.0,25.23,2.83,0.0
20231223:2103,0.0,0.0,0.0,0.0,24.73,2.28,0.0
20231223:2203,0.0,0.0,0.0,0.0,24.35,1.93,0.0
20231223:2303,0.0,0.0,0.0,0.0,24.13,1.79,0.0
20231224:0003,0.0,0.0,0.0,0.0,24.13,1.66,0.0
20231224:0103,0.0,0.0,0.0,0.0,24.0,1.52,0.0
20231224:0203,0.0,0.0,0.0,0.0,24.07,1.17,0.0
20231224:0303,0.0,0.0,0.0,0.0,23.91,1.1,0.0
20231224:0403,0.0,12.79,0.44,12.98,24.3,1.03,0.0
20231224:0503,0.0,33.26,1.14,25.7,24.97,2.55,0.0
20231224:0603,1.69,188.56,6.53,38.73,25.65,3.03,0.0
20231224:0703,134.34,340.79,16.78,51.96,27.18,3.24,0.0
20231224:0803,124.66,400.69,18.95,65.26,27.64,3.38,0.0
20231224:0903,203.66,408.67,22.96,78.38,28.63,3.59,0.0
20231224:1003,212.49,413.18,23.61,85.2,29.41,3.52,0.0
20231224:1103,293.73,347.9,24.72,73.35,30.23,3.38,0.0
20231224:1203,416.9,219.81,24.78,60.09,30.49,3.24,0.0
20231224:1303,171.16,301.18,16.49,46.8,30.84,3.17,0.0
20231224:1403,20.06,208.26,7.73,33.64,30.74,3.1,0.0
20231224:1503,7.41,111.8,3.98,20.71,30.08,3.24,0.0
20231224:1603,7.72,40.57,1.44,8.15,28.99,3.45,0.0
20231224:1703,0.0,0.0,0.0,0.0,27.34,3.45,0.0
20231224:1803,0.0,0.0,0.0,0.0,26.13,2.76,0.0
20231224:1903,0.0,0.0,0.0,0.0,25.3,2.62,0.0
20231224:2003,0.0,0.0,0.0,0.0,24.83,2.48,0.0
20231224:2103,0.0,0.0,0.0,0.0,24.44,2.21,0.0
20231224:2203,0.0,0.0,0.0,0.0,24.15,1.72,0.0
20231224:2303,0.0,0.0,0.0,0.0,23.85,1.38,0.0
20231225:0003,0.0,0.0,0.0,0.0,23.62,1.24,0.0
20231225:0103,0.0,0.0,0.0,0.0,23.13,0.97,0.0
20231225:0203,0.0,0.0,0.0,0.0,22.75,1.1,0.0
20231225:0303,0.0,0.0,0.0,0.0,22.5,1.79,0.0
20231225:0403,0.0,18.76,0.64,12.87,22.58,2.76,0.0
20231225:0503,0.0,35.82,1.23,25.59,22.77,2.55,0.0
20231225:0603,0.0,86.13,2.96,38.62,23.05,3.1,0.0
20231225:0703,0.0,98.92,3.4,51.85,23.65,2.62,0.0
20231225:0803,0.0,151.79,5.21,65.15,24.7,2.69,0.0
20231225:0903,0.0,216.6,7.44,78.27,24.6,2.0,0.0
20231225:1003,19.07,390.78,14.26,85.24,24.51,1.79,0.0
20231225:1103,134.03,420.11,20.21,73.44,24.48,1.86,0.0
20231225:1203,10.57,315.84,11.28,60.19,24.39,1.66,0.0
20231225:1303,7.73,251.96,8.93,46.9,24.34,1.38,0.0
20231225:1403,0.0,95.51,3.28,33.73,24.4,0.69,0.0
20231225:1503,0.0,63.1,2.17,20.8,24.16,0.55,0.0
20231225:1603,0.0,25.58,0.88,8.23,23.65,0.21,0.0
20231225:1703,0.0,0.0,0.0,0.0,23.25,0.83,0.0
20231225:1803,0.0,0.0,0.0,0.0,22.98,1.31,0.0
20231225:1903,0.0,0.0,0.0,0.0,22.5,1.66,0.0
20231225:2003,0.0,0.0,0.0,0.0,22.29,1.79,0.0
20231225:2103,0.0,0.0,0.0,0.0,22.11,1.86,0.0
20231225:2203,0.0,0.0,0.0,0.0,21.86,2.0,0.0
20231225:2303,0.0,0.0,0.0,0.0,21.7,2.34,0.0
20231226:0003,0.0,0.0,0.0,0.0,21.52,2.41,0.0
20231226:0103,0.0,0.0,0.0,0.0,21.4,2.76,0.0
20231226:0203,0.0,0.0,0.0,0.0,21.26,3.03,0.0
20231226:0303,0.0,0.0,0.0,0.0,21.05,3.52,0.0
20231226:0403,0.0,12.79,0.44,12.76,20.74,4.28,0.0
20231226:0503,0.0,37.52,1.29,25.48,20.27,4.41,0.0
20231226:0603,0.0,87.83,3.02,38.51,20.07,4.34,0.0
20231226:0703,0.0,143.26,4.92,51.74,20.25,4.28,0.0
20231226:0803,0.0,135.59,4.66,65.04,20.26,4.14,0.0
20231226:0903,0.0,148.38,5.1,78.16,20.29,4.55,0.0
20231226:1003,0.0,136.44,4.69,85.27,20.22,4.48,0.0
20231226:1103,0.0,160.32,5.51,73.54,20.57,5.31,0.0
20231226:1203,0.0,121.94,4.19,60.29,20.07,5.03,0.0
20231226:1303,0.0,81.86,2.81,46.99,19.92,5.31,0.0
20231226:1403,0.0,57.99,1.99,33.83,19.33,4.41,0.0
20231226:1503,0.0,52.87,1.82,20.89,19.1,4.28,0.0
20231226:1603,0.0,17.91,0.62,8.32,19.04,4.48,0.0
20231226:1703,0.0,0.0,0.0,0.0,19.01,3.86,0.0
20231226:1803,0.0,0.0,0.0,0.0,18.89,3.52,0.0
20231226:1903,0.0,0.0,0.0,0.0,18.95,3.38,0.0
20231226:2003,0.0,0.0,0.0,0.0,18.96,3.1,0.0
20231226:2103,0.0,0.0,0.0,0.0,18.94,3.03,0.0
20231226:2203,0.0,0.0,0.0,0.0,18.91,2.97,0.0
20231226:2303,0.0,0.0,0.0,0.0,18.99,2.9,0.0
20231227:0003,0.0,0.0,0.0,0.0,18.96,2.9,0.0
20231227:0103,0.0,0.0,0.0,0.0,19.0,3.59,0.0
20231227:0203,0.0,0.0,0.0,0.0,18.95,3.59,0.0
20231227:0303,0.0,0.0,0.0,0.0,18.98,3.52,0.0
20231227:0403,0.0,26.44,0.91,12.65,19.08,3.1,0.0
20231227:0503,0.0,60.54,2.08,25.37,19.4,2.97,0.0
20231227:0603,0.0,78.45,2.69,38.4,19.62,3.1,0.0
20231227:0703,0.0,104.89,3.6,51.62,19.86,4.07,0.0
20231227:0803,0.0,101.48,3.49,64.93,19.85,4.0,0.0
20231227:0903,0.0,156.9,5.39,78.05,19.93,3.66,0.0
20231227:1003,0.0,154.35,5.3,85.29,20.47,4.0,0.0
20231227:1103,0.0,126.21,4.33,73.63,20.58,4.07,0.0
20231227:1203,0.0,136.44,4.69,60.38,20.48,3.72,0.0
20231227:1303,0.0,148.38,5.1,47.09,20.7,3.86,0.0
20231227:1403,0.0,90.39,3.1,33.92,20.68,3.59,0.0
20231227:1503,0.0,42.64,1.46,20.97,20.51,3.31,0.0
20231227:1603,7.5,40.48,1.44,8.39,20.17,2.83,0.0
20231227:1703,0.0,0.0,0.0,0.0,19.59,2.34,0.0
20231227:1803,0.0,0.0,0.0,0.0,19.09,2.21,0.0
20231227:1903,0.0,0.0,0.0,0.0,18.97,2.28,0.0
20231227:2003,0.0,0.0,0.0,0.0,18.96,2.41,0.0
20231227:2103,0.0,0.0,0.0,0.0,18.77,2.41,0.0
20231227:2203,0.0,0.0,0.0,0.0,18.38,2.28,0.0
20231227:2303,0.0,0.0,0.0,0.0,18.23,2.07,0.0
20231228:0003,0.0,0.0,0.0,0.0,17.82,2.07,0.0
20231228:0103,0.0,0.0,0.0,0.0,17.88,2.0,0.0
20231228:0203,0.0,0.0,0.0,0.0,17.84,2.0,0.0
20231228:0303,0.0,0.0,0.0,0.0,18.16,2.0,0.0
20231228:0403,0.0,16.2,0.56,12.53,18.6,1.72,0.0
20231228:0503,0.0,76.75,2.64,25.25,19.59,1.86,0.0
20231228:0603,2.55,192.03,6.68,38.28,20.33,2.34,0.0
20231228:0703,1.48,236.26,8.17,51.51,21.51,2.76,0.0
20231228:0803,0.0,233.65,8.03,64.81,22.13,3.1,0.0
20231228:0903,6.62,348.0,12.24,77.93,22.22,3.24,0.0
20231228:1003,124.66,448.97,20.94,85.3,21.64,3.52,0.0
20231228:1103,0.0,210.63,7.23,73.71,21.7,4.0,0.0
20231228:1203,2.81,282.33,9.81,60.47,21.22,3.72,0.0
20231228:1303,0.0,159.46,5.48,47.18,21.09,3.45,0.0
20231228:1403,0.0,66.51,2.28,34.0,21.1,2.83,0.0
20231228:1503,1.22,98.2,3.4,21.06,21.05,2.34,0.0
20231228:1603,0.0,17.05,0.59,8.47,21.07,1.93,0.0
20231228:1703,0.0,0.0,0.0,0.0,20.88,1.59,0.0
20231228:1803,0.0,0.0,0.0,0.0,20.72,1.52,0.0
20231228:1903,0.0,0.0,0.0,0.0,20.67,1.86,0.0
20231228:2003,0.0,0.0,0.0,0.0,20.39,2.0,0.0
20231228:2103,0.0,0.0,0.0,0.0,20.19,1.93,0.0
20231228:2203,0.0,0.0,0.0,0.0,19.84,2.07,0.0
20231228:2303,0.0,0.0,0.0,0.0,19.45,2.14,0.0
20231229:0003,0.0,0.0,0.0,0.0,19.18,1.93,0.0
20231229:0103,0.0,0.0,0.0,0.0,18.99,1.79,0.0
20231229:0203,0.0,0.0,0.0,0.0,19.05,1.66,0.0
20231229:0303,0.0,0.0,0.0,0.0,19.01,1.86,0.0
20231229:0403,0.0,12.79,0.44,12.41,19.32,1.79,0.0
20231229:0503,0.0,63.1,2.17,25.13,20.21,1.93,0.0
20231229:0603,209.63,242.52,15.05,38.17,21.37,2.97,0.0
20231229:0703,136.58,343.55,16.96,51.39,22.66,3.72,0.0
20231229:0803,0.0,184.19,6.33,64.7,23.19,3.93,0.0
20231229:0903,36.39,416.68,15.9,77.81,23.82,3.93,0.0
20231229:1003,7.87,359.94,12.71,85.3,24.17,3.86,0.0
20231229:1103,112.79,433.38,19.77,73.8,24.24,3.66,0.0
20231229:1203,144.4,383.99,19.07,60.56,24.45,3.31,0.0
20231229:1303,350.2,216.0,20.44,47.26,24.38,2.97,0.0
20231229:1403,298.19,172.51,15.03,34.09,24.45,2.9,0.0
20231229:1503,104.21,153.77,7.26,21.14,24.17,2.83,0.0
20231229:1603,112.98,66.24,2.9,8.54,23.27,2.34,0.0
20231229:1703,0.0,0.0,0.0,0.0,21.95,1.79,0.0
20231229:1803,0.0,0.0,0.0,0.0,20.86,1.38,0.0
20231229:1903,0.0,0.0,0.0,0.0,19.85,1.24,0.0
20231229:2003,0.0,0.0,0.0,0.0,19.97,0.9,0.0
20231229:2103,0.0,0.0,0.0,0.0,20.16,0.83,0.0
20231229:2203,0.0,0.0,0.0,0.0,18.95,1.17,0.0
20231229:2303,0.0,0.0,0.0,0.0,18.37,1.24,0.0
20231230:0003,0.0,0.0,0.0,0.0,18.02,1.31,0.0
20231230:0103,0.0,0.0,0.0,0.0,18.23,1.24,0.0
20231230:0203,0.0,0.0,0.0,0.0,17.95,1.31,0.0
20231230:0303,0.0,0.0,0.0,0.0,17.65,1.31,0.0
20231230:0403,175.85,87.0,4.92,12.29,18.26,1.1,0.0
20231230:0503,312.57,115.88,11.72,25.01,21.04,1.1,0.0
20231230:0603,422.69,123.28,18.45,38.05,22.67,0.97,0.0
20231230:0703,450.36,166.24,23.34,51.27,24.01,0.41,0.0
20231230:0803,508.53,173.92,27.74,64.58,25.23,0.76,0.0
20231230:0903,592.9,136.79,31.22,77.69,26.01,1.52,0.0
20231230:1003,611.46,130.69,32.13,85.29,26.62,2.14,0.0
20231230:1103,583.8,137.58,30.61,73.88,27.18,2.62,0.0
20231230:1203,560.53,121.84,27.74,60.65,27.3,3.03,0.0
20231230:1303,444.49,150.94,21.97,47.35,27.2,3.31,0.0
20231230:1403,175.17,229.49,13.06,34.17,26.64,3.45,0.0
20231230:1503,265.45,111.37,9.46,21.21,25.52,3.59,0.0
20231230:1603,4.87,40.88,1.44,8.61,24.44,3.31,0.0
20231230:1703,0.0,0.0,0.0,0.0,23.22,2.83,0.0
20231230:1803,0.0,0.0,0.0,0.0,22.34,2.21,0.0
20231230:1903,0.0,0.0,0.0,0.0,22.02,2.0,0.0
20231230:2003,0.0,0.0,0.0,0.0,21.51,1.72,0.0
20231230:2103,0.0,0.0,0.0,0.0,21.01,1.59,0.0
20231230:2203,0.0,0.0,0.0,0.0,20.77,1.59,0.0
20231230:2303,0.0,0.0,0.0,0.0,20.52,1.66,0.0
20231231:0003,0.0,0.0,0.0,0.0,20.35,1.66,0.0
20231231:0103,0.0,0.0,0.0,0.0,20.31,1.66,0.0
20231231:0203,0.0,0.0,0.0,0.0,20.22,1.59,0.0
20231231:0303,0.0,0.0,0.0,0.0,20.5,1.45,0.0
20231231:0403,0.0,17.91,0.62,12.17,21.03,1.45,0.0
20231231:0503,0.0,52.02,1.79,24.89,22.93,3.03,0.0
20231231:0603,0.0,160.32,5.51,37.93,24.48,3.52,0.0
20231231:0703,32.63,321.39,12.27,51.16,25.8,3.93,0.0
20231231:0803,229.32,360.49,22.03,64.46,26.56,3.86,0.0
20231231:0903,73.29,434.22,18.13,77.57,27.36,3.72,0.0
20231231:1003,154.3,437.75,21.91,85.27,28.02,3.66,0.0
20231231:1103,378.61,292.17,26.74,73.95,28.27,3.66,0.0
20231231:1203,189.29,363.95,20.27,60.73,28.94,3.72,0.0
20231231:1303,0.0,81.01,2.78,47.43,28.67,3.52,0.0
20231231:1403,30.45,224.62,8.61,34.24,28.12,3.52,0.0
20231231:1503,126.15,149.88,7.62,21.28,27.25,2.97,0.0
20231231:1603,0.0,8.53,0.29,8.67,26.4,2.83,0.0
20231231:1703,0.0,0.0,0.0,0.0,25.23,2.55,0.0
20231231:1803,0.0,0.0,0.0,0.0,24.29,2.48,0.0
20231231:1903,0.0,0.0,0.0,0.0,23.84,1.86,0.0
20231231:2003,0.0,0.0,0.0,0.0,23.18,1.72,0.0
20231231:2103,0.0,0.0,0.0,0.0,22.55,1.45,0.0
20231231:2203,0.0,0.0,0.0,0.0,22.03,1.1,0.0
20231231:2303,0.0,0.0,0.0,0.0,22.11,0.62,0.0

Gb(i): Beam (direct) irradiance on the inclined plane (plane of the array) (W/m2)
Gd(i): Diffuse irradiance on the inclined plane (plane of the array) (W/m2)
Gr(i): Reflected irradiance on the inclined plane (plane of the array) (W/m2)
H_sun: Sun height (degree)
T2m: 2-m air temperature (degree Celsius)
WS10m: 10-m total wind speed (m/s)
Int: 1 means solar radiation values are reconstructed



PVGIS (c) European Union, 2001-2026